text,label
期待 光临 共赏 美好 声音,1
只 失真 左声道 右声道 倍 左右 超出 官方 规格 参数 范围 看来 坏,-1
达音科   周年   倒 数据 最 好看 便宜,1
消費者 根本 不 知道 有曲線 存在,0
不错 数据,1
觉得 任何人 都 明确 分别 高端 耳机 之间 区别 不用 出声 都 毕竟 佩戴 感不 还 没法 做到 盲听,0
听 出 区别 听 出 高低 层次 要求 更 高,0
有没有 人能 从条 电源线 里 听 出 最贵 哪条,0
二级 银 耳朵 对号入座 下,0
一般来说 所谓 发烧友 起步 应该 铜 耳朵 级别 达 不到 就别 上 浪费 钱 入门级 产品 玩玩,0
觉得 器材 一定 级别 搭配 好 达到 听 出来 线材 区别 一件 非常容易 事情,1
不知 老大 级别,0
自我 定位 一下 算个 铜 耳朵,0
不是 还要 分辩 水电 火电 核电   分辨 耳朵,0
看 下 最 一级 银 耳朵 顶天     无损 不 一定 听 出来,1
银耳 飘过,0
正在 测试 希望 论坛 帖子 回复 提醒 功能 整合 里面,0
网页 手机 版 总是 无法 退到 上 一层 希望 做好,-1
移动 表示 速度 还 可能 同时在线 人数 比较 会 稍慢,0
版块 名称 显示 不全 问题 已经 提交 软件 开发商 估计 改 好 还要 点 时间,1
请求 版 加速 上线,0
消息 不 互通 设定 难以 理解,0
太棒了   期待 版本,0
,0
版 啥时候,0
看少 问 看 很多 问题 免问,0
搜索 很 有效,0
晕 几乎 一半 都 问题,0
入门 贴子 几个 不太 系统 建议 很 好 近期 去 整理 一下 再 找些 资料,1
搜索 很 方便,0
看不懂,1
论坛 搜索 很快 很爽 经常,0
不会 发 有钱 没用,-1
支持 斑竹 标题 不明 根本 懒得 进去 看 起码 别人 不 知道 呵呵,-1
没有 人 进去 看 问题 得不到 解决 不是,0
近期 出现 少数 人 破坏 论坛 规则 乱发 贴 现象 特 参照 网站 制定 更为 详细 论坛 规则 网站 声明 放在 首页 请 网友 自觉遵守 建议 补充 欢迎 提出,0
沙发,0
,0
学习,0
新手 好 东西,1
温故 可知 新   好 贴,1
不错,1
,1
好 贴 支持,1
好 顶一下,1
谢谢,0
醍醐灌顶,1
学习 一下,0
,1
谢谢 老鸟们,0
感谢 烧,0
好 东西,1
欢迎 上海 烧友 试听,0
离得 远 精神 支持,1
动态 爆棚,0
看下,0
,0
符合 预算,0
二手 五万 看看 原价 近 十万 那堆,0
安定 感 基本上 看 时钟 电源,0
觉得 安定 感是 难以捉摸 概念 细化 音乐 三 元素 应该 定义 扩大 声场 空气 感 概念 设备 说起,0
树莓 派 能响 不要 想出 好声,1
百万,0
来说 简单 易用 觉 聆,0
比较 好 升级 直接 加个 行,1
应该 够 冷,0
铁三角,0
,0
请问 升级 插排 第一根 电源线 第二根 电源线 提升 数字 量化 大概,0
之前 买过 一条 一开 声 实在 接受 不了 完全 打不开 缩成一团 糊 立马 卖 可能 老叶 线 太 需要 煲 不 电源线 有煲 空间 不至于 一开 声 有点 听 不 下去,0
个人 感受 解码 前级 分别 使用 解码 细节 拉满 声部 互无 关联 干 干 放到 前级 不 知道 前级 声音 影响 比较 小 刚好 比较 搭 反正 声音 听 起来 润 耳 很多 目前 解码 以前 买 机器 时 店家 送 所谓 国产 发烧 线,1
看 个人 喜好 低端 耳机 不 建议 买 太 多早晚 走老路,1
关键 国产 器材 参数 打脸 不是 第一次 看 参数 知道 厂家 参数 一定 真的,0
参数 听 感有 很大 关系 是否 好听 不是 绝对 关系 很多 高价 名机 参数 都 其实 去 尾 就行了 参数 太低 不要 考虑 参数 前排 不 一定 好听 参数 前排 好听 我用 歌 诗德 声音 不错 当然 个人 喜好,1
现在 看起来 其实 挺 简单 买 器材 听 好不好 听 感觉 出来 不能 听 出 参数 好坏 算了 最近 鼓吹 高 参数 却 绝口不提 听 起来 搞乱 思路 其实 挺 怀疑 这种 参数 党 图个 器材 到底 听 不 听 离开 测试 仪器 没 分辨 能力,-1
人 家里 零火 反接 最好 电笔 插 插,1
买个 电源 极性 检测器 十几块 钱 检查 火零 接地 问题,0
之前 段时间 很 着迷 电源 才 补习 一下 电源 相位 知识 插头 都 仔细检查 安置 好,1
关键 里面 变压器 绕线 不 一定 相位 机器 相位 不 敏感,0
插尾 都,0
相位 没反 国标 注意 审题,0
电源 相位 这事 百思不解 市电 早来 晚来 百分之一秒 反相 意义,0
震惊 发烧友 戴 耳机 小时 后 晕倒,0
治好 多年 颈椎病,1
戴上 口罩 信心 满满 配 上 墨镜 无法无天,0
都 买 使用 报告 发上来,0
金 声音 厚实 最 便宜,1
铑,0
不用 原装,0
推好 低音 下潜 极深 类似 进口 寸 以上 喇叭 箱 那种 低音 暗流 涌动 极其 凶狠 非常 过瘾 音场 宽 深 人声 还 远 觉得 人声 近 声场 不够 宽深 应该 推力 不够 还 没有 声场 推开,1
请教 二代 换 一代 耳罩 听说 换 一代 耳罩 听 感会 提升,0
早说 初 烧直 推 建立 听音 观 神器,0
好 强烈 二狗 气质 中国 人 牌子 中国 人 产品 英文名 没 中文名 巴不得 消费者 白皮 私生子 百多年 前 西崽 气质 下贱 港灿绿蛙 引以为荣 大陆 死 不 绝真 久居 鲍鱼之肆 不觉 其臭,1
歆 闇   森 闇   松 闇,0
外国 沉默 天使 对应 中国 神话 十分 有限 女娲 制造 乐器 默乐,0
寂音 静乐   寂音   寂音静,0
睡懒觉,0
夜莺 静籁,0
音圣 圣音,0
去 垄断 某宝 搜,0
插 上面 夏天 空调 咋整,0
感觉 白绿 之间 区别 不 大 橙红 之间 区别 不大 两组 之间 区别 挺 明显,0
白灯 监听 模式 解析 最好 不 一定 耐听 绿灯 模式 一定 乐感 黄灯 暖糊 模式 人声 颗粒感 红灯 甜润 模式 人声 润喉 糖 味道 四种 模式 高频 依次 削减 越 本来 高频 偏 最后 觉得 红灯 模式 最耐 听,1
本身 区别 不 大都 高频 满天飞 长时间 熟悉 一种 模式 再 更换 听得出来 才 拿到 手 换来换去 都 没 感觉 特别 闭 眼睛 盲 猜灯 很 考验 听力,0
后面 两个 明显 糊,0
听不出 区别 反正 统统 绿灯,0
见到 实物 不 纠结,0
选,0
买 隔离 牛不香 出 难看 点,-1
随便 找 知名品牌 都行 机不 适合 再 投入,0
,0
先 研究 转盘 解码器 基础知识 再 慢慢 淘货 捡漏,0
傲立,0
意大利 雅乐 二手 副牌 二手 意大利 声韵 二手 以内 随便 买 没 压力,0
参数 用来 对线 对不起 选择 听歌,1
正在 反思 参数 党 看 完 参数 最后 耳朵 去 听 练成 只 看 不 听 大法 看 参数 耳朵 回 响起 音乐,0
听感 还 理论,0
原道 耳机 串 起来 提 走,0
没有 拜亚 差评,-1
一只 值得 保留,1
出 列 谢谢 老板 祝您 玩得 愉快,0
原道 性价比 秒杀 里面,0
胆机 正常 欧隔 绝大部分 底噪 换成 欧 更 明显,0
的确 素质 韵味 俱佳 人穷志短 选择 可耻,1
顶多,1
算法 人耳 基本 不可 闻 明显 闻 大概 介于 人耳 可闻 不可 闻 之间,0
看来 没有 必要 上 界面 提升 太小 意义 不 大,0
上 界面 当然 更好 值不值 看 个人,1
看 解码 自带 界面 水平 不能 一概而论,0
都 直连 音源 质量 堪忧 建议 加 隔离 界面 效果 明显 毕竟 自带 界面 不差 转盘 先天 问题 很大 上 隔离 大幅度 提升 音源 纯净度 降低 抖动,-1
加个 界面 船 考虑,0
蛋疼,-1
期待 拆解 上次 看站 拆解 真的 压缩 成本 极点,0
相当 成功,0
玩 四年 不得不 承认 低频 调音 确实 走上 魔 改 道路,0
声音 闷,0
喜欢,1
张学友 夕阳 醉,0
李克勤 仍 老 地方,0
男儿 当自强 林子祥,1
歌颂   陈奕迅,0
万水千山 总是 情 汪明荃,0
第一 只大 耳机 不 知道 真货 声 买 仿货 仿货 低频 混沌 魔幻 风格 包围 感 仿货 喇叭 差劲 腔体 喇叭 口径 比起 真货 有点 类似 味,-1
图里 应该 仿 爱华 东西 不至于 字 都 不 整齐,-1
还好 平板 好听 自然 高敏 失真 不 低 失真 低 难 推 难听 厂家 间 早就 不是 秘密 只 剩 烧友 还 割 韭菜 故障率 高品 控差 更是 老生常谈 只能 说 烧友 早就 忍受着 还要 捧 平板 不 这么回事 别人 明白 很 深思,-1
平板 单元 老化 速度 很快 不 知道 是不是 结构 关系,0
一分钟 时间 平均 一首歌 都 假,-1
看不到,0
真的 好事 真实性 需要 验证,1
三个 耳机 小 编制 没 行 有点 难受,0
前段时间 上 一波 蹭 听 感觉 交响 换 直接 起飞,0
老铁 耳放 看来 不错 外观 质感 最 喜欢 明显 精工细作 感觉 档次 很 高,1
听过 忘 反正 大 编制 确实 强 流行 摇滚 不行 很 想 听听 大乌,1
倒角 太大 看起来 胖胖的,-1
买买 买,0
好文 支持 看来 官放才 归宿 不 知道 官放 音色,1
古典 算是 高配 可惜 流行 小不点,0
针对 调音,0
承认 标题 骗 进来 扫 一遍 感觉 提到 篇幅 少于,-1
好想断 货挺 严重 本来 已经 打算 入 没货 不 知道 声音 会 不会 翻车 现在 不太能 受得了 刺激 声音,1
全新 值得 入 不知 对比,1
不 知道 会 跳水 价格 跳 好 暂时 好像 不太可能 缺货 厉害,1
低频 流行 人声 烘托 氛围 完全 够 摇滚 不 合适,1
新 西装 没 听 上 真的 甜润 放 听 七八年 不得不 说 这放 对付 低阻 耳机 尤其 铁家 木碗 真的 一套 之前 中频 后 没 味道 插上 中频 立马 补 上来 味道 不错 推 手上 木碗 没 翻车 不 知道 推,1
先 界面 时钟 高级 系统 需要 东西,1
加界 面前 再 加 一台 隔离 界面 更 前 效果 更 明显,0
最近 只能 说 听 特定 曲目 好 些 听 曲目 纯 副作用,1
解码,0
不是 人能 玩 这种 懒人 适合 买 现成,0
更 贵,0
学习,0
想起 外号 耳放 试金石 推 风生水 那可真 很 厉害,1
十几年 前 没 玩 耳机 没耳放 短暂 拥有 推不开 出 可惜 点 现在 买不起 经典 好 监听 耳机,1
现在 新版 是不是 不,0
到家 翻出 吃 灰 已久 细细 听 真是 不错 以前 觉得 不 出彩 似乎 音量 开得 太 保守,1
其实 所有 曲目 耳机 要求 低 失真 当然 大 动态 音乐 交响曲 再 增加 要求 耳机 动态 大 语言 类 人声 类 动态 比较 小,-1
三代 这种 精致 声场 风格 醉,1
只 说 声场 开放式 干 封闭式 持 怀疑 态度,0
一代 横向 声音 都 相对 较为 窄 纵深 比较 好,1
现在 都 新 耳机   煲 一下 再 评价,0
声场 无边无际 对此 表示 无 语,-1
三代 印象 不得不 说 一句 搭配 组合 本身 太 偏向 天龙 耳机 三代 不是 太 友好 马兰士 配 天龙 耳机 一家亲,1
古典 动态 大   高潮 不削 顶   部分 电平 低   流行歌曲 动态 小   整体 电平 高   下个 音频 软件   对比 下 波形 很 明显,1
三代 现在 没 看到 失真 瀑布 图 测量 很 好奇,-1
想 升级 没货,0
  这位 大佬 设备 看起来 有点 眼熟,0
建议 购买 一台   前级 老牌子 前级 放大器 耳机 口 插 老 耳机 都 相当 水准 音源 当然 建议 传统,1
這麼 多款 上個 雜食 石放,0
加老机 讨论 群,0
不解 最 低级 器材 组合 出来 声音 并未 减少 听者 获得 愉悦 满足感 这种 感觉 收获 远远 大于 现在 高音质 器材 产品,0
年 家里 偷钱 买 第一幅 换来 爸妈 混合双打 现在 都 记忆犹新 耳光 扇    ,0
道理 很 简单 新 流行 文化 消费 需求 更 紧迫 更 在乎 听到 新 音乐 歌词 说 故事 凯丽金 出 新 萨克斯 磁带 能先 听到 最 开心 而用 设备 听 没 紧迫 便携 磁带机 便携机 价格 差异 极大 升级 硬件 花费 很 高,-1
年 国外 已经 大奥 显然 外国人 早已 觉得 垃圾 音质 影响 听歌,-1
确实 梗 同样 磁带 磁带机 上 听听 歌 感觉 差距 不大 去 听 声音 区别,-1
不能 脱离 时代背景 讨论 问题,0
农村 弄 复读机 原配 耳塞 买点 元 盗版 磁带 听得 很 舒服 初中 去 县城 上学 有个 同学 家庭 条件 好 当时 应该 玩 那种 比较 好 磁带机 森海 可能 当时 说 几百 一套 都 惊 说白了 那句话 没有 对比 没有 伤害 不 知道 坐井观天 没 了解 心里 痒,1
中学 都 巨款 好 不 上学 那会 大耳 觉得 超级 贵 好几千 还 买 耳放 一笔 大钱,1
买 两次 路过 帮顶,1
用家 帮顶 赞同 楼主 听感 真的 人 吃惊 耳机 封闭 耳机 居然 自然 开阔 声场 听 古典 大 编制 音乐 时有 辉煌 堂 音真 堪称 古典音乐 神器 性价比 真是 挺强 价位 内 唯一 槽 点 重量 想 试一试 重量轻,1
楼主 辛苦 现在 手持 本来 打算 价位 二手 看 楼主 文章 心动 不 知道 比难 推 不,0
楼主 这毒 放得够 狠 不 知道 三频 均衡 度,1
水军 一点 不虚,0
看来 疫情 过后 收 一只 玩玩,0
封闭式 声音 估计 会 暖 中频 厚度 那种 人声 试试 相对 均衡 风格 大部分 人 更 容易接受,0
入 便携 推 相当 不错,1
先顶 贴 看帖,1
台 原创 胆放 有空 去 玩玩,0
牌子 还 活着 他家 声音 干冷 硬 非常 难听,-1
流云 兄好文 支持 下,1
玩过 一段时间 感觉 特色 态度 还 诚恳 审美 品位 审美 相对 平庸 国货 总体 说得过去 相比 更 高级 差距 还 挺 大 现在 还 见到 还 真是 不 容易 耳罩 保养 挺 好 其实 使用 习惯 器材 声音 都 不会 差 呵呵 帮顶,-1
帮顶,1
光纤 只会 放大 相位 噪声,0
同意 凤凰 观点 界面 很 好 光纤 理论 上 高度 实际效果 呵呵,-1
配文青线,0
太傅 乐,0
老实 说 原线 拖后腿 太糊,0
盒子 打开 看到 绒布 垫子 知道 不是 近期 版 现在 都 海棉 垫子,0
现在 好像 都 楼主 钱 拿下,1
最牛 应该 号 附近 过度 时代   全送,1
实践 为主,0
现在 人 听歌 有没有 感情 都 看 器材,0
,0
歌德,0
低频 确实 很 厚度 结像 没 纤细 现在 推 低频 不错 类型 相比之下 生硬 不够 柔和 底气 没 足 动态 很 夸张 有点 用力 过头 感觉,1
耳放 很 强 单个 推 没 问题 追求 极致 双,1
基本 都 买 安心 听 音乐     冲新 应该 不 后悔,0
万元 内 不错 买 后来 咸鱼 出 嫌弃 巨大 出 声底 清晰 微暖   强,1
胆机 容易 出底 噪套 算是 胆结石 估计 胆前级 出 问题 几率 不 低,0
有没有 试 拔掉,0
前 用户 说 一下 意思 低 输出阻抗 用来 接高阻 耳机 意思 高 输出阻抗 粗浅 理解 相当于 串联 电阻 用来 接低 阻高敏 确实 功率 大,0
买 新 不 买 旧 肯定 没错 凯音 淘汰 一手 买 天窗 版 都 出手 很多年,0
买 大师 版,0
教训 告诉 千万 不要 轻易 买 国产 产品,0
好奇 凯音 二代 芯片 不是 唯芯论 都 没见 家 有人,1
这种 情况 先 检查 家里 接地 不 清楚 全部 上墙 透明胶 带 贴 插 头上 断开 地线 再 试试,0
耐 听 细节 上 取得 平衡,1
感觉 耳机 音乐 听 带入 感 细节 太 有时候 不好 听 细节 没多 爆炸 异常 自然 好比 音频 中 鸟叫声 惊到 戴 耳机 去 找 下世纪 格雷 解码 信息量 爆棚 很多 信息量 解码 却 更好 听 对比 音箱 来讲 音箱 想做到 这种 沉浸 式 听 感 最少 需要 单独 听音 室 做到 隔音 合理布局 起码 一步 几万 下不来 箱子 低频 想 推好 需要 下 一定 功夫 几个 钉子 都 影响 效果 当然 话 不 绝对 耳机 应用 场景 或许 更广 只不过 耳机 水准 提升 较为 困难,-1
没有 人 知道,0
改 线 电加   线电用 加 播放 盘 里面 音乐 对比 万元 以内 玩 个数 播 全部 秒杀 注意 秒杀 万元 以上 不好 说 没 听 确实 方便 手机 控制 界面 非常 赏心悦目 懂 人 不太多,-1
补图,0
去 配置 准备 下单 解码器 比较 中,0
解码 钱,0
支持 国货,1
款 泉 一架,0
挺不错 预算 足 建议 直接 终结者 提升 很大,1
耳房 实在 得换 麻烦 推荐 新 耳房 耳机 预算 二手 不 超过 当然 能少点 更好,-1
大耳 低音 只会 更好 更 震撼 会 身上 每个 细胞 都 跃动 起来 几百元 入耳 战悚 感觉 说明 耳朵 太 容易 满足,1
入耳 不 低频 做 过量 情况 下 还 保持 低频 力度 质感 塞子 很少 低频 量 小 四 相当 大耳 却 低频 做到 拳拳 肉 细节 丰富 残响 自然,0
东西 都 人 做 无论是 类型 设备 想 都 做 低音 很多 手段 高音 去掉 即可 问题 没有 肯定 答案,0
箱子 低频 身体 震动 起来 大耳 低频 脑浆 震动 起来 塞子 低频 耳膜 震动 起来,0
站楼,0
耳罩 厚 可怕,0
耳放,0
鎏金,0
创始人 搞 东西 看上去 气动 高音 做 耳罩 里,0
老哥   请教 下 是从 海淘 大概 算下来 钱 多久,0
以前 关注 系 气动 单元 箱子 听 起来 很闷 觉得 声音 打问号 耳机 通透 度 细节 解析 分离,0
恭喜 值得 保有,1
真是 不花 一分钱,0
内蒙古 马奶酒,0
来看 真的 太 好听,1
口水,0
羡慕 值得 拥有,1
恐龙  ,0
神器   赶快 出 旗舰   对抗    ,0
预算 不够 搞 果断 不要 试听 机会 不试 听听 以后 口水 不能 入手 实在 太苦 逼,0
草 放毒 恐龙,1
  雷总给 分数 少 点,1
楼主 运气 不错,1
电源线 声音 影响 往往 信号线 大 讨论 线材 找死,0
目测 一大堆 绿檀 高中 物理学家 正在 赶来 喷 路上,0
器材 本来 电 发声 线材 自然 重要,0
内部 太素 脑 放开 不 起来,0
已经 购物车 看 拆机 图 果断 不买,0
请问 楼主 机器,0
老实 遥控 不 方便 都 假,-1
顶,1
我用   低頻 還強   溫潤 耳機   加乘 效果,0
用过     一两个 更 早 型号 都 挺不错,1
克和克要 不要 继续 研究 先问 脖子,0
脖子 告别 所有 以上 平板,0
重量 很 看 人 人戴克 舒适 人克 受不了,1
个人感觉,0
选轻 重 平板 会 颈椎 痛不欲生,0
大佬 推荐 原创,0
颜色 不错,1
铁三角 原来 飞翼 护垫 舒服   现在 这种 舒服,1
电脑 电磁干扰 不止 会 影响 电脑 内部 传输 线路 离得 近 应该 还会 直接 影响 解码器 耳放 直接 单单 只 关注,-1
国货 好 国外 照样 代工 贴牌 垃圾 货 没 好 说 很多 看起来 很火 东西 不 一定 好 男人,-1
换成   乌克兰   都 不会 有人 黑,0
吹 少 自然 黑 少国 外国货 没黑,0
问 大哥 买 不 买,0
国产 文案 都 好 期望值 高,1
确实 应该 降低标准 毕竟 自研 芯片 还 没有,0
捧 只 铁碗 陶瓷 碗 吃饭 区别,0
纸上 得来 终觉 浅   绝知 此事 躬行,0
楼 说 很 详尽 准确,0
平板 应该 强于 动圈 习惯 动圈 耳朵 能否 接受 不 声音,1
平板 低音 不太好 有量 没质 下潜 不够 深 低音 比较 混和糊 缺乏 低音 精确 描绘,1
速度 力量感 都 差强 柔顺,-1
都 会 发热,0
说 同一个 线 不同 人 做 差异 俩个 不同 线 区别 几个 老烧 听 说 线材 调音 真的 全面 超越 尤其 一部分 高价 线 注意 一部分 线材 市场 水分 太 鱼龙混杂,-1
很 好 帖子,1
非常 调理 分析 想必 懂 欣赏 音乐 玩家,1
一点 器材 为先 器材 没 搭配 线材 调音 思想 其实 错误 拆东墙补西墙 上面 说 线 听 真的 调音 线 不是 真的 素质 好 线 这种 线 很 贵 领悟 去 始终 觉得 器材 好 再 去 搭配 好 线材 提升 很大 实际,1
看 展会 商家 普通 线中 端线 弄,0
可惜 美国 兰迪 基金会 悬赏 已经 取消 老婆 名利双收,0
请问 楼主 甲乙 两条 纯铜 线 甲线 描述 高频 延伸度 很 好 达到 空间感 中 细节 还原 很 好 现在 资历 可否 解释一下 甲线 物理 化学 结构 工艺 达到 状态 而乙线 却 不能,1
建议 买 那种 人 二手 还少 线 至少 证明 一定 水平,0
强文 实实在在 烧友 不 懂线 喷子 义和团 众 已经 路上,1
音乐 心理学,0
肉肉   屁屁   痘痘,0
广东 烧友 交流 长三角 烧友 闭门 偷着乐,0
玩 最初 是从 香港 传到 广东,0
靠近 氛围 最先 香港 带 起来,0
近年 江浙沪 比较,0
上海 服不服,0
主要 电子零件 加工 都 很 成熟,0
提 一下 目前 台 左右 预订,0
消息 耳塞 区 发 一下 关注 人会 更,0
私 以为 越 越 容易 同质化 越 同质化 越 没有 竞争力 便携式 产品 走 简单 好声 价格 不贵 路线 个人 想法 不 同意 没 说,1
轻便   不 占地 操作 方便 适应性 好 声音 不 拖后腿 觉得 足够,1
支持 支持,1
性价比 太猛 厂家 低价位 耳放,1
每次 看到 这家 就要 吐槽 产品 命名 真 搞不懂 规律,1
插 充电 宝能 不能 带 跑,0
双十 已经 撸 两件套 之前 听过     千元 小 解码 耳放 声音 都 已经 喜出望外 系列 闭着 眼睛 买 还 撸 咨询 行家 说 充电 宝 诱骗 线 两个 方案 声音 差不多 等到 试试看 价格 有点 小贵 酱油 贵过 鸡 感觉 先放 一放 下次 再 考虑,-1
问 客服 说 系列 使用 电源 买 家里 转盘 兼容 使用 反正 烧鸡 客服 说 保,0
值回 票价,1
看 导向 孔是 向下 环境 容忍度 应该 不错,1
没 对比   凑合,0
考虑 加点   箱子 中频 包 满意 少女 编号 里 特大号 手办,0
正在 出   性价比 很 高 关注 一下,0
真力 不错,1
建议 装备 栏 一套 综合 表现 超越 低音 管理 想象 中 简单,0
真力 不错,1
最近 想入 有源 监听 想             中选     感兴趣 求 推荐,0
箱子 预算 入 即可 没什么 区别,0
纠结 中 准备 考虑 入手,0
大奥,0
价格 无所谓 那选 最贵 一定 没错,0
人声 电影 不错,1
只 想 说 有人 告诉   标点符号 不要 信,0
推荐 金 平面 目前 上台 机听 交响 古典 三星   直 推当 随身听 起码 觉得 很 好,1
感觉 经历 战火,0
短暂 玩过 金属 的确 不错 极致 线 值得 玩,1
陪 年 成色 好 一点 有限 耳罩 换头 垫 已经 换 圈 依旧 屹立 鼓 边上,1
真的 好文,1
好文先 顶 后 看,1
看 完 没有 毒性,1
推,0
楼主 辛苦 理解 深刻 文笔 南京 百家 湖 一带 风景 宜人 听音 好 地方,1
不爽   比差 不少   流行 人声  ,-1
不好,-1
以下 档次 古典 最好 德国 大师,1
直 推 肯定 不错,1
玩 多年 箱子 耳机 两 牌子 真 没听说过,0
他家 中端 电源线 挺 好,1
试过 搞 一只 再 退烧 不 迟 狗头,-1
都 好 耳机 可惜 前端 太 差 耳机 真正 实力 基本 都 没有 发挥 出来,-1
总结 不错 黑标 不是 定位 之间 单纯 调音 改版,1
德国 机 不 推荐 尤其 听 古典,0
肯定 选 嗓子 不 考虑,0
红 参考 声音 非常 好 光头 读不出 碟 估计 那台 机器 事 和弦 都 差不多 市面上 最贵 最 稳定 转盘 还 读 不出 碟,-1
,0
四 螺丝 版苏 斯瓦拉,0
香格里拉,0
,0
这种 线 电脑 集成声卡 音箱 动态 范围 直接 减少,0
问题 平衡 转单 端的 问题 举个 例子 草医 兼容 平衡 单 端的 两极 单端 三极 平衡 有个 输入 源 切换 功能 平衡 输入 下 接入 转 平衡 头子 效果 切换 成单 端 基本 射耳放 没有 设计 单端 输入 可能 会 不 效果,0
原理 上 没有 问题   无所谓   需求,0
确定 是不是,0
建议 楼主 解码 一体机 型号 报下 至少 拍个 后面 接口 照片 大家 看 一眼 明白,0
小不点,0
丽特 再生 电源 功能,0
日本 电压 市面上 转 那种 千万 不要,0
三五天 不 关 夸张 屋子 人 接力 听,0
没有 机器 规定 每次 使用 时间 合理 使用 范围 内 都 应该 不 需要 担心 机器 本身 问题,0
需要 听 开机 先烧 几分钟 听 闭关 机就行,0
价格 便宜,0
声音 較 寬 松線 不同 條線 推力 要求 一樣,0
比较 绵软 宽松 暖厚 声 有点 怪怪的 相对 紧 一点 选择,1
其实 有点 玩表 差不多 几千 快 几十万 分辨 出 走时 精准度 肯定 不能 表芯 结构 工艺 镶嵌   外壳 确实 很大 差异 体现 一种 智慧 个人 觉得 天价 线有 一半 价值 都 不是 声音 上 方面 多数 人 来说 不值 有钱人 来说 不在意 跟表 表 还 不是 想 买 想 买,-1
我用 最 特别 线 原来 一条 纳米 金 电源线 第一次 感觉 电源 区别 大 换上去 以后 整个 声音 都 抹 奶油 如丝 般 顺滑 顺滑 以后 淘太 难听 最 不值 一条 木内 夫   左右 一条 电源线   觉得 没有 区别 闲置 半年 以后 换 设备 出来 一下 发现 还 不错 一个月 以后 卖 不值,-1
两年 前 刚入 到处 找耳放 后来 阴差阳错 入手 现在 耳放 自我感觉 良好 从此 不 不再 关注 安心 听歌,-1
精彩   可能 会有 底噪 问题 很 严重 不 确定 是否 每台 都 那台 问题 声音 方面 值多 价格 染色 很 好听 不 确定 是否 高文 风格 高文 毒文 描述 接近,1
超鼠 铁三角 搭配 听 感 都 还 不错,1
好 其实 当时 盲 狙 意外 还 挺不错,1
,0
问问 不要 买 为啥 二手 不好 出 他家 不 重视 国内 市场 没 枪手 关注度 不高 东西 还 行 不是 那种 玩玩 出 心态 安心 搞 搞,-1
他家 耳放强 以前 听过 他家 档 一体机 解码 拉 跨 送 后来 当纯 耳放用,1
很 适合 古曲 弦乐 声音 比较 模拟 我用 一年,0
蓝宝石 金 画眉 明显 高 档次,0
出台 老何 解码 挺不错,1
学习,0
楼主 住 窑洞 里,0
以为 木碗 公布 恭喜 楼主 喜提 皮碗,1
随便 选,0
输出阻抗 欧 排除 欧 以下 低阻 耳机,0
推系 有点 浪费,0
,1
赞   杰 长老,1
,1
几张 专辑 听 一下 确实 不错 收藏,1
国内 商家 美的 理解 真的 一言难尽,-1
推 明显 效果 中频 终于 不 凹 人声 饱满 圆润 齿音 不 刺激 低频 不肥 依然 保持 深沉 有力 有形 低频 高频 依然 华丽 贵气 立体感 出来 只不过 横向 声场 变化 不 大,1
自带 解码 耳放 新版 直接 平衡 口 耳机 插上 就行了,0
东西 周边 挺 敏感 线 换 一下 用个 好点 数播 机线 换掉 搞个 两位 电处 都 会 提升 明显,1
太傅 乐,0
已经 很 好 再 升级 万 以上 解码 才 有意思,1
有钱 好 玩意 不 便宜,1
必经之路,0
听 年 飘过,0
耳机 发烧友 必入 型号,0
烧友 必经之路 基本上 退烧 货 上限 很 高 耳机,-1
感觉 听 感上 稍微 讨好 耳朵 点耐 听度 都 差不多,-1
六百 性价比 完成度 调音 完整性 都 堪称一绝 素质 一堆 吊打 来说 永远 最讨 耳朵 字 舒服,1
,0
易 推不出 恶声 适合 流行 已经 推动 有模有样,0
佩戴 素质 都 强高阻 开放式 高 低频 表现 都 很 出色 后续 提升 空间,1
玩意 准备 卖年,0
听说 挺 流行 不错 听 古典 没 人 使用,1
梦回 年 喜欢 调音 机子 现在 实在 没 优势,1
马兰士 无关 当作 几年 前 组合音响 范畴,0
不是 开口 十万 人,0
没 玄乎 规模 感是 自带 不是 耳放 阻抗 欧 灵敏度 不 低 插 上 照样 恢弘 大气,1
实体店 体验 感觉 直接 问 实体店 里面 一套 搭配 钱 不 完事,0
同意 楼上 实体店 体验 觉得 不错 参考 实体店 搭配,1
天使 人间,0
为啥 看 别人 说 实际 万元 内 一体机 推 照样 听,0
口 嗨 不 代表 实践,0
实体店 卖 耳机 设备 不是 土豪 压根 不要 想 说 推荐 上万 没有 万元 投入 最后 想 买 只能 盲 狙 租 器材 试听 再 买 展会 倒 试听 低中 高 设备 耳机 环境 吵杂 影响 一点点,0
没钱,0
消费 降级 玩不起,-1
买光,0
听过 白金 垃圾 中 战斗机,-1
接 视频 不当 挺不错,1
正在 这款 线 挺 好,1
设备 对线 敏感 程度 没有 模拟 线大,0
交换机 每个 端口 性质 都 会 略微 区别 不同 信号线 之间 互感 互容会 引起 线上 噪声 东西 学术 上 叫做 串扰 隔开 必要 数字 讯号 间隔 越 远 干扰 降到 越低,-1
不值 价格 补品 价格 等于 耳放 价位 才能 出好声,1
逛 一年 论坛 准备 买 必须 橙红色,0
搜下 适应性 蛮广 耳放 喜欢 买 二手 出,1
必须 色,0
完爆,0
虽好 貌似 不 适合 听歌 风格,1
女声 男声 要选 系列,0
收原线 还 做条 黑 参考 价格便宜 声音 原线 明显 好些 必须 上 平衡 单端 太拉 胯,1
咔嚓 剪掉 原线 改四芯 平衡 声音 会 以前 四芯 平衡机 配暖润 还 预留 原线 方便 接听 单端 收根 以前 机配 四芯 平衡,0
喜欢 天马 流星 拳,1
经常 吕思清 梁祝 王菲 天空 试音 特别 梁祝 一段 基本 一听 明,0
胆机 木纹 面板 挺 好看,1
木头 面板 骚,1
都 高 阻耳放 不 太 适合 推 平板 特别 缺 低频 明显 阻抗 不 匹配,0
放 推 用功 放国行   期送 蛋糕 看,0
美元 没看 错,0
论坛 大佬 刚刚 批银彩 晶彩 帖子 刚过 说 才 真材实料 诚信 厂家 银彩 不敢 开腔,0
对比 手上 线材 发现 银彩 高频 很 好 分析 力 背景 好 自带 密度 高 宽松 音染 尤其 人声 听 起来 有种 慵懒 感觉 不 建议,-1
银彩 他家 低端 产品 性能 不 银彩       信号线 倒 同一 级别 声音 风格 不同,0
铜彩 铍 铜 镀银 信号线 闲鱼 收过 刚 觉得 解析 提升 直呼 爽 听 半天 发现 极端 刺耳 不耐 听 亏出 感觉 铍 钯 走 偏风 金属 少 碰为 妙 金银铜 稳妥 点,-1
苏默 信号线 基本 不会 翻车 话筒 线 双子座 那类 没法 翻译 英文名字 线基 感觉 中频 频段 能量 有点 拥堵 感觉 一条 绳上 结,0
买 欧亚 德 原装 线 二手 多收 划算 声音 素 高端 线 确实 不足 好 日本 人 用料 毕竟 纯银 线 二手 分析家 声音 确实 少 点 宽松 素 点 素质 高点 解析 高点 我用 机加 解码 解码 偏 宽松 下盘 好 素点 刚好 搭配 正好 收 一点点,1
手里 更 香,0
官网 没有   旗舰店,0
问题 不是 没有 推开 没有 同场 对比,0
经常 听 古典 人 听 知道 选 经常 听 人声 人 听 知道 选,0
做 插件 儿 线 选 别家,0
听 起来 打算 入,0
,0
咸鱼 蹲个 胆放 原创 估计 差不多 能收 一台 放 没 解码 再 加点 配台 内 算 分体 不香,-1
搭配 经典 好像 见过 五个 烧友,1
感觉 大师 解析 没有 达到 所谓 超 旗舰 水准 比差 等级 恐怕 差 两个 等级 大师 长处 在于 声场 动态 调音 双三 平衡 先 到底 鬼 设备 支持,-1
很 显然 喇叭线 拖 后腿 本身 系统 银彩 喇叭线 再加 可能 喇叭线 不 建议 买 低端 银彩,0
蹲 比贵 不了 素质 高 一头 刚刚 出,0
百老汇 是不是 都 试听 建议 楼主 不要 盲 狙,0
百老汇 申请 押金 试听 听 才 买,0
摇滚 完全 足够 周杰伦 这种 流行 稍 差点 点 味道 觉得 录音 本身 关系 更大,-1
听过 百老汇,0
这次 盲 狙 还 算 成功   放 明显 感觉     清晰度 好 声音 特征 高频 空气 感 极为 强烈 听 起来 非常 舒服 屏头 清晰 声场 大 没有 特别 偏向 有点像 我用   加上 比较 大 声场 感觉 声音 一听 上去 感觉 比较 高级 特点 不是 突出 并管 还 真是 挺 好 设计,1
做 转接线 音箱 耳机 阻抗 不同 推个 小意思 原来 输出 变压器   玩意 不能 推低 阻高敏 耳机 噪音 太大 做 耳放 好,-1
太傅 乐,0
解码器 驱动 有没有 安装 好,1
解码器 驱动,0
下载 新版,0
解码 驱动 没装,0
解码器 驱动 没装,0
解码 下 确实 不 需要 装 驱动 仅仅 想 搞 需要 装 驱动,0
没有 声音 输出,0
没有 声音 有人 回复,0
显示 支持 没有 声音,1
善用 论坛 搜索 功能 很多 帖子,0
机器 接 耳机 喇叭 拍 张照,0
没 遇到 麻烦,-1
必须 输出,0
是不是 声卡 升级 没有 必要 感觉 听不出来 区别,0
没有 人聊 运放,0
额   已经 快到   运放   主要 电影 音乐   上面 那位 老大 说 改变 音色 还 真的   这块 卡换 不换 运放 都 无所谓,0
刚买 买 运放来 搭配 调音 很 不错 建议 开 游戏 音效 听歌 别有 风味 组合 好像 以前 官方 推荐 试过 还行,1
现在 搭配,0
光纤 输出 换运放 不会 变化,0
金丰 那种 八爪   焊接 功放 座 上面   不 知道 焊接 会 不会 影响 音色,0
没 用别 折腾,-1
黑金 配 好评,1
看起来 不错,1
钱 百灵鸟 上市 左右 素质 有点 不够 定价 五六千 可能 挺 竞争力,0
电位器 质量 电源 变压器 貌似 牛 挺 好,1
终于 上市 上次 展会 听过 工程 机吧,0
张扬 线材,0
张扬 线 唯一 问题 太 便宜 导致 听 上去 没有 高级 感,-1
无氧 铜   无氧 铜 镀银   单晶 铜   单晶 铜 镀银   纯银   金银 合金   单晶 银 大致 依次 顺序,0
太 厚粉,0
直 推 以上 塞子 都 明显 伺候 不好 细节 缺失 控制力 不足 声音 粗糙 万 价位 塞子 前端 要求 不会 低 用来 配 恐怕 正确 声音 都 出不来 更 不要 提 细节 规模 最后 不能 打过 都 不 一定,-1
极致 家 看看,0
提醒 一下 发错 区 大 耳机 区 塞子 隔壁,0
一万五 日元 比较 好 推荐 耳塞 某宝 随手 都,1
数据 好点   价格 贵,1
貌似 价格 很 亲民,1
楼主 真快,0
价格 配上 数据 很 心动,0
听说 耳放 都 完全 没有 声场,0
期待 后续 听感,0
顶顶,1
手头 有个 液态 碳 说实话 听 液态 碳 底噪 稍 高 好听 楼主 当初 感觉 基本一致 估计 不 喜欢,-1
身体 一阵 抖动   都 索然无味,0
真正 数据 不   失真   电流   输出电阻   三个 实际上 失真 输出电阻 标出来 电流 还要 去 看 芯片   有点 钱 家里 版 上 再 看看 有没有 提升   供电 换成 才行,-1
买 几十米 长 导线 楼上 放到 地面 地面 挖米 深坑 线头 焊上 铜块 埋入 地底 填土 后 浇 上升 盐水 搞定,0
做个 地盒 体积 大 人 听不出来,0
沙发         支持 楼主 听感,1
强势 抽插,1
楼上   头像 盗 梦,0
谢谢 分享   其实 比较 兴趣 知道 听感,0
看来 不是 烧友 喜欢 类型,1
,0
聽 完           后出 掉 留,0
说 不错 楼主 意见 差不多 觉得 四不像 东西 早 知道 当时 买 歌德,-1
,0
不用 比来比去   一条 独苗 香火 暂时 无法 延续 只好 先供,1
鼠莓 派 推送 好,1
个人 推荐 升频 推送 鼠莓 派 推送 强,1
国产 耳罩 原装 区别 大 有没有 比较 好 国产 替代 推荐,1
还 原装 最好 拆卸 国产 开模 粗糙,-1
安装 教程 不错 不 漏音 低频 滚降 是不是 耳罩 单元 背面 金属网 堵死,1
线材 肯定 有用 上次 有人 做 实验 听 铜线 钨线 声音 区别 太大,0
明确 咸菜 目的 信号 电流 无损 这头 传递 那头 完成度 高 咸菜 听感 应该 相似 一致 区别 更 一方 失 真的 表现,-1
线 的确 水太深,-1
绿坛 都 快 年 还 纠结,0
有用 改变 风格 所谓 风格 不 耳朵 好听 不好 听 存在,-1
专业 论坛 必要 讨论 外行 人才 会 思考 问题,0
找个 科学 放 试听 至少 翻车 概率 不会 很大,0
,0
中端 产品,0
用心 支持 一下,1
感兴趣 看 一眼 设计者 论坛 设计者 正在 开发 二代 改进 头梁 原材料 中国 进口 段时间 形势 国内 不 开工 材料 不到,1
比较 期待 代 很 平庸 对不起 噱头,0
玩 耳机 原配 皮 耳罩 烧友 换绒 耳罩 玩玩,0
材质 看着 有点像 麂皮 绒,0
楼主 看 私信 要个 绒 耳套 店铺 链接   谢谢,0
楼主 想求 链接 找 很久没 找到 材质 非常感谢,0
玩玩 御 三家 都 上台,0
王者 之战 只 旗舰 耳机 决战 中有 耳机 评价 音乐 类型 推荐 当然 十年 前 旗舰 很多 耳机 现在 产,0
目前 未见 听感,0
手机 做 音源 算了 都 重 采样 问题 音质 好 不 到哪去,1
线 软文 绿联 耳朵 差别 声染 一定 超重,-1
潜力 帖 留名,0
感觉 用不着 后级,0
某宝 传 声音 响       指标 很 好 推 平板 没有 底噪 性价比 高 音色 看 个人 喜欢,1
试试 金嗓子  ,0
目前,0
推 已经 很 好 推 确实 软 点 传声 后级 不 推荐 高频 太亮 听感 不好 声音 比较 怪异 底噪 倒 不大用 男人家 功放 适配器 接 轻微 沙沙声 接受 推 没有 可闻 底噪 算是 我用 功放 里 非常 小 买 退 多公斤 搬 上 搬 下 累个 半死,-1
强烈推荐 听过 知道 原来 耳放 功放 全是 渣,1
,0
应该 类 放大器 应该 偏 解析 觉得 不是 改善 路子,0
推过 感觉 还行,0
凡是 拿来 耳机 缺点 一律 研究 极其 透彻 以前 帖子 找 不到 同类 问题 估计 情况 比较 特殊,0
楼主 不 急 年 后 老窖 会出 新品 价格 应该 不到 应该 下放 版,-1
不是 很 合适,1
不 知道 宝华 牌子,0
原道 天下第一 一原 战森海 三原 秒 五原 破 天际 十 原创 世纪,0
坛 里 普遍 听感 喜好 来看 多数 人 估计 会 耳朵 闷糊 摘 类型 耳机 耳塞 不煲 耳朵 再细 耳朵 听感 很 吃亏 加上 现在 假货 遍地 只能 走 论坛 中介 收,-1
耳机 放 一边 不谈 解码 耳放比 手机 直输 貌似 有点,0
连续 几年 五星 推荐,0
帖子 解释,0
确实 国内 卖 商家 好少 帖子 都 看看 好 确实 喜欢 声音 买 行货 未必 不可 话 说 傲立 行货 卖,1
傲立 产品 问题 不 在于 质量 在于 电路设计 蒙人 精简 成本 已经 令人 错愕 地步,0
价位 上 马兰士 机嘛 好,1
电路设计 蒙人 一说     看来 那帮人 都 瞎 几年,0
除开 之前 谣传 质量 问题 声音 好像 大家 都 不 质疑 产品,1
看看 行货 没有 问题 换,0
想 快 曝光 一记,0
看来 外国 月亮 不是 圆嘛,0
大神 顺带 鉴定 下 电路,0
一路 没 问题,0
还 见 过头 梁都 掉色 状态 很 好,1
老实 分体,0
大部分 动圈 够用   解码 部分 不错,1
推力 不错 输出阻抗 略 高,1
属实   大昌 要凉,0
个人 音响 这种 小 产值 圈子 代理 不 信任 买 外国货 就算 还 保修期 内 直接 找 淘宝 师傅 修 反正 芯片 精密 零件 不 容易 坏坏 更 电位器 电容 这种 东西,1
完全 没 看到,0
直接 找 淘宝 投诉,0
昌业,0
寄过去 现在 已经 整整 五个 月 连个 影子 都 没有 大昌 疯狂 装 死,0
感谢 分享   避雷,0
赵鹏,0
碰到 问题 换个 就行了 乾龙盛 官网 有个 打包 好 试试,1
应该 不 支持 现在 解码 基本 没有 支持 楼主 听感,1
硬解 个人 觉得   嗒 嗒 嗒 卡顿声 觉得 是不是 机械 硬盘 锅 读写 跟不上 串行总线 占用率 高 导致 总线 数据 不 流畅,0
突然 想起 一款 软件 不 知道 木有 大神 用过 内存 做 虚拟存储 盘 以上 文件 拷 进去 试试 会 不会 卡顿 哒 哒 哒 声,0
估计 缺 插件 目前 很多 网上 软件包 版本 安装 说明 里 都 没 提到 插件 需要 下 再 安装 安 插件 顿时 硬解,0
播放 以上 问题 本身 问题 装   插件 去 下 最新 插件 里 选择,0
录线 好长 一套 公斤,1
应该 不会 满足,0
会 玩,0
楼主 一路 高烧 羡慕 羡慕,1
当年   翻车 偏音 有人 说 没有 下决心 买,0
输出 光纤 换成 会 惊喜,1
恭喜 打开 新世界 大门 到手 对比 立即 出 掉 视频 视频 区别,1
戴 住 人 幸福,0
恭喜 升级 买 豪华版 普通 版,1
版好 东西 二手 确实 很少 见到,1
送 这线 线身 长得,0
古河,0
不 推荐 线 声音 很迷,0
考虑,0
二楼 正 解 耳机线 正确处理 方式,0
国产 奥产 各有 一支,0
还 需要 入   推,0
助听器 真的,0
三十年 后 估计 理财产品,1
寿命 问题 理论 实践 不 做 很 贵气 声音 做 很 暖糊 当然 国产 某机 做到 超高 解析 刮出 耳血 只 看 管子 芯片 不能 说明,0
先帮顶 再 慢慢 看,1
卧草 看 傻,0
森 海里 找 听 民谣 型号 不 熟悉 猜测 可能 很 好,1
保证 不是 出   复刻 还 行,0
不信 有人 看 完,0
学习,0
配   澄会 不会   黑 参考 好些,1
谢谢,0
路由器 里 看,0
船耳放,0
建议,0
上胆 原创 咸鱼 入手,0
弄个 二手 一体机 改 平衡 卖掉 两千元 左右 足够,-1
,0
系列 性价比 不错,1
顶起,1
系列 中 最 喜欢,1
这是 专业 录音室 监听 系列,0
下 价格   谢谢,0
帮 顶一下 极致,1
指标,0
断货 已久   已 到货,0
支持 一下 系列 极致 中 最 值得 买 系列,1
顶起,1
系列 性价比 真高,0
顶起,1
顶起,1
外观 真心 毒到 好价 准备 入,1
顶起,1
蹭 听 调包,0
这种 拒收 走 小 法庭 事先 都 所有 情况 说明 清楚 运费 对方 出没 问题,0
还好 从来不 玩 咸鱼 换下来 器材 都 磨改 玩,1
证据确凿 建议 曝光,0
耳机 展会 听过 不 好听 感觉 坑,1
真爱粉,0
看着 评价 配上 小 胆机 管子 换成 吹喇叭 洛伦茨 之辈 听 女声 还 不得 爽 上天,0
这套 前端 控制力 比较 好,1
很多 人用 棉被 系 搭配 高频 亮   低频 少   重心 偏上 盘   前端 系统 直接 来接 耳朵 齿音 毛刺 没 低频 阴间 耳机 言论 由此而来 系统 相反 要压 齿音 减 毛刺 偏下 盘 系统 推才 好听 不 需要 前端 提高 亮度 提升 解析 本身 偏 解析 风格 个人 调音 缺点 差不多 次 高频 偏暗 调音 不够 鲜活 通透 偏素 偏暗,-1
主要 问题 残响 太多 声音 比较 混浊 对比 听 很 清楚 声音 干净 很多 残响 不 懂 人会 误认为 泛音 细节 认为 解析 好 其实 不是 森海 以上 最 失败 副耳机,-1
相信 耳朵 耳朵 不会 骗人,-1
官升线,0
听 摇滚 金属 朋克 适合 极致 比较,0
请问 接 电脑,0
最 适合 西电 电源线,0
小不点 家才 出 一个多 单元 大耳,0
搞 上,0
搞 单元,0
廠家 足夠 技術 儲備 控制 住振膜 盆 分裂 狀況 弄 單體 自找 麻煩,0
产大耳 松下 旗下 单元,0
没有 试听 活动,0
正在 关注 期待 后续 情况,0
习惯 断电 前   切,0
从不 关机 每次 热机 好久,1
开   关后 前   基本常识,0
有人 提到 关机 从后 往前 关 开机 从前 往后 开,0
官网 买 买 德国 生产,0
换上 国产 非官方 耳罩 声音 变 尖锐 时间 长 感觉 好 一点,1
头梁 副 厂 耳罩 滤 棉官 网 钱 不要 省,0
耳罩 越久越 好听 再烂 都 不要 换,1
官网 现在 头梁 耳罩 棉卖,0
酒精 擦换 套子 不用 讲究 随意 买,0
买 一组 声必飞 还 不错,1
地铁 上 降噪 蛮 明显,0
曲线救国,0
我类 后级 前级 怼 没事,0
最好 偏 温暖 功放 推 声音 太冷 不耐 听,-1
人声 比好 推过 不 可能 不是 功放 不错 左右 二手 收到 女声 弦乐 都 很 毒,1
歌德 几个 三千块 包括 二手   应该 很 符合 楼主 口味,0
双 叒 叕 金 赏 洋 奖 专业户 阿米 罗有 感情 人 最 爱,0
展会 上 听 挺不错 物有所值,1
仿 潘多拉,-1
三代 挺 好 买 确实 流行 调音 听 古典 不 太行,1
经典 系列 佩戴 有点 奇葩,0
然鹅再 经典 没用 会 坏掉 夏普 已 沦为 显示器 插口 游戏 耳机,-1
只 玩 平头 声音 确实 说 几乎 都 反 冷声 人声 很 好听 甜甜的 没有 低音 高频 亮锐 声场 横向 还行 没 纵向 声音 性格   森海 耳塞 系列 成熟度 高 整体 立体 系列 听 情怀,1
磨砂 不是 放 搞定,0
本来 想 说 看到 预算 额 蛮 推荐,0
条 耳塞 接 苹果 听 索尼 精选 效果 非常 好 回来 后接 平衡   试试 效果,1
淘宝网 上 电池 买 索尼 芯 换 好,1
真心 推荐   神塞,0
第一 反应 先看 一下 发帖 日期 差不多 年前 听过 印象 很 不错 挺 喜欢 续航 太 差,-1
二手 挺 值得,1
开个 百度网 盘 会员 解决 问题 还省 放架 碟子 空间,0
咸鱼 淘宝 小心 一张 块 元 都 买 假货 爆音 印刷 做工 都 粗糙,-1
最近 湖人 销量 有点 好 重装 驱动 再 装个,1
第一 要装 解码器 官方 驱动 完整 安装 播放器 才 插件 支持 输出 播放 第三 播放器 参数 设置,1
,0
安装 插件,0
同样 电路 用料 硬 素质 平衡 肯定 高于 单端 有人 说 味道 理解 素质 难求 味道 好调 几条 线 解决问题 平衡 架构 缺点 成本 几乎 单 端的 一倍 阻容 元件 配对 要求 高,1
里面 类 平衡 真 平衡 区别 问题,0
胆机 平衡 肯定 不是 甲类 单端,0
平衡 结构 平衡 口 两回事 胆机 很少 平衡 结构,0
关键 输出 牛 次级 绕线 方式 输出 牛 都 仿着 功放 输出 牛 制作 次级 没有 反 相 输出 接头 接 平衡 口 没太大 意义 专门 定制 输出 牛 次级 有同 相地 反相 输出 接头,-1
胆机 没 必要 追求 平衡,-1
老 叶家 胆机 外观 挺 好看,1
机器 体积 超大 看着 蛮 炫,0
确实 牛耳 放到 顶 顶级 耳放 几乎 都 胆机 推原 道 应该 不错,1
挺 漂亮 过年 后 考虑 玩玩 胆机,1
还好 管子 换 起来 都 那种 便宜,1
胆机 够不够 班 看用 牛 知道 老叶 机子 真的 好,1
最 适合 西电 电源线,0
小不点 家才 出 一个多 单元 大耳,0
搞 上,0
搞 单元,0
廠家 足夠 技術 儲備 控制 住振膜 盆 分裂 狀況 弄 單體 自找 麻煩,0
产大耳 松下 旗下 单元,0
没有 试听 活动,0
正在 关注 期待 后续 情况,0
习惯 断电 前   切,0
从不 关机 每次 热机 好久,1
开   关后 前   基本常识,0
有人 提到 关机 从后 往前 关 开机 从前 往后 开,0
官网 买 买 德国 生产,0
换上 国产 非官方 耳罩 声音 变 尖锐 时间 长 感觉 好 一点,1
头梁 副 厂 耳罩 滤 棉官 网 钱 不要 省,0
耳罩 越久越 好听 再烂 都 不要 换,1
官网 现在 头梁 耳罩 棉卖,0
酒精 擦换 套子 不用 讲究 随意 买,0
买 一组 声必飞 还 不错,1
地铁 上 降噪 蛮 明显,0
曲线救国,0
我类 后级 前级 怼 没事,0
最好 偏 温暖 功放 推 声音 太冷 不耐 听,-1
人声 比好 推过 不 可能 不是 功放 不错 左右 二手 收到 女声 弦乐 都 很 毒,1
歌德 几个 三千块 包括 二手   应该 很 符合 楼主 口味,0
双 叒 叕 金 赏 洋 奖 专业户 阿米 罗有 感情 人 最 爱,0
展会 上 听 挺不错 物有所值,1
仿 潘多拉,-1
三代 挺 好 买 确实 流行 调音 听 古典 不 太行,1
经典 系列 佩戴 有点 奇葩,0
然鹅再 经典 没用 会 坏掉 夏普 已 沦为 显示器 插口 游戏 耳机,-1
只 玩 平头 声音 确实 说 几乎 都 反 冷声 人声 很 好听 甜甜的 没有 低音 高频 亮锐 声场 横向 还行 没 纵向 声音 性格   森海 耳塞 系列 成熟度 高 整体 立体 系列 听 情怀,1
磨砂 不是 放 搞定,0
本来 想 说 看到 预算 额 蛮 推荐,0
条 耳塞 接 苹果 听 索尼 精选 效果 非常 好 回来 后接 平衡   试试 效果,1
淘宝网 上 电池 买 索尼 芯 换 好,1
真心 推荐   神塞,0
第一 反应 先看 一下 发帖 日期 差不多 年前 听过 印象 很 不错 挺 喜欢 续航 太 差,-1
二手 挺 值得,1
开个 百度网 盘 会员 解决 问题 还省 放架 碟子 空间,0
咸鱼 淘宝 小心 一张 块 元 都 买 假货 爆音 印刷 做工 都 粗糙,-1
最近 湖人 销量 有点 好 重装 驱动 再 装个,1
第一 要装 解码器 官方 驱动 完整 安装 播放器 才 插件 支持 输出 播放 第三 播放器 参数 设置,1
,0
安装 插件,0
同样 电路 用料 硬 素质 平衡 肯定 高于 单端 有人 说 味道 理解 素质 难求 味道 好调 几条 线 解决问题 平衡 架构 缺点 成本 几乎 单 端的 一倍 阻容 元件 配对 要求 高,1
里面 类 平衡 真 平衡 区别 问题,0
胆机 平衡 肯定 不是 甲类 单端,0
平衡 结构 平衡 口 两回事 胆机 很少 平衡 结构,0
关键 输出 牛 次级 绕线 方式 输出 牛 都 仿着 功放 输出 牛 制作 次级 没有 反 相 输出 接头 接 平衡 口 没太大 意义 专门 定制 输出 牛 次级 有同 相地 反相 输出 接头,-1
咸鱼 上 看到 一款 号称 真 平衡 胆机 两边 各配 胆 整体 重量 标示 左右 售价 不 便宜 估计 全 平衡 线路 制作 声音 不得而知,0
胆机 没 必要 追求 平衡,-1
老 叶家 胆机 外观 挺 好看,1
机器 体积 超大 看着 蛮 炫,0
确实 牛耳 放到 顶 顶级 耳放 几乎 都 胆机 推原 道 应该 不错,1
挺 漂亮 过年 后 考虑 玩玩 胆机,1
还好 管子 换 起来 都 那种 便宜,1
胆机 够不够 班 看用 牛 知道 老叶 机子 真的 好,1
太 垃圾 可能性 最大,-1
音源 问题,0
没 必要 很难 推动 价格 虚 高,-1
期待 何庆华,0
楼上 接 无法 使用 设计 随时 断 输出 放歌 一首歌 前面 拖 后面 直接 回重 锁 所有 界面 没有 出现 高精度 重锁 秒 倒 何庆华 机器 很感兴趣,0
顶个 贴 相较 传统 芯片 处理 方式,1
应该 直接 发 录音 文件 百度 云,0
很多年 前 切换 二代 耳朵 发现 耳机 齿音 太重 当时 随手 发了 帖子 当时 一种 感觉 泛音 不太 自然 收 太快 后来 出 掉,0
玩   推好 人声 刺激 不 可能 农夫山泉 有点 甜 味道 耐 听 不 刮 耳 丁点 金属 感 声底 塑料 声底 好听,1
主听 流行 人声 够 为难 楼主,0
梁 阿姨 那种 齿音 弄 没 还 听,0
发烧 无止境 不 知道 人 玩机 机玩人,0
语出惊人,0
语出惊人,0
众人皆醉 独醒 开心 好 没 必要 特别 发 帖子 阴阳怪气,-1
美女 射,0
换线 会 不会 影响 声音 去 实验 说会 不会 影响 声音 没 说 换线 一定 会 声音 变好论 改变 程度 耳机线 解码 耳放 之间 线 数据线 电源线,1
降级 预算 选项 可惜 主 都 不是 省油的灯 耳放 都 超 解码 另算,0
不想 折腾,-1
看 有人 推荐  ,0
一万 以内 肯,0
钰龙   价位 功能 最 齐全,0
建议 纯耳放纯 解码 分开 购买 一体机 推荐 沐声 和歌 诗德,0
线,0
几个 好友 私聊 都 说 达 不到 预期 效果 降点 预期 好 没 必要 秒 超平 之前 试 几个 低端 型号 声音 表现 正常 价位 带内 性价比 没 特别 高 真的 建议 宣传 时 降点 预期 过犹不及,-1
反正 不 赞成 拉 耳机 写文 正常 哪有 东西 写 一件 设备 顶多 五百 字够 总结 稀稀拉拉 写 一大堆 还 搞 对比 看着 都 烦 正常人 会 写 精确 唱片 唱片 写 一大堆 描述 都 当枪文 看待,-1
喜欢 音色,1
欣赏 音乐 不是 分辨 音乐,0
最近 考虑 旷世 铁三角 套装 不 知道 选择 宣了 铁三角 西装 怕 以后 买 耳机 推 不好 怕 现在 推 铁三角 套装,-1
尽量少 接插件 多年 经验,0
阉割 时钟 事 有点 恶心 人,0
配 时钟 容易 上 手,0
电源 分体 同一个 底板 这项 独创 技术 点赞 目前 咸鱼 上 挂 不 价格 很 坚挺,1
我用 不是 很 喜欢 属于 暖厚声 搭配 起来 应该 还 不错 最后 买 请 找价,1
比好 太多,1
钟 配 走 同轴 用不着 钟有 界面 同轴,0
今天 已经 入 坐等 到货,0
好太多 楼主 明智,1
,0
没 啥意思 完,0
很 不错 没 听,1
我试 电源线 高频 会 噪音 背景 很 黑 没有 建议 先 试试 电源线 显示器 电饭锅 电磁炉 线 都 拿来 试试,-1
主板 直 插   换 都 没用 中 高端 换,-1
楼上 都 正解 信号线 半 毛钱 关系 没有,0
试过 数播 直出 背景 黑,0
搞 个数 播,0
加过 一千多 扩展卡 卡加 线性 电源 换 小 几千 线加 净化器 得出 结论 不要 用做 音源 太 折腾,-1
先 试试 便宜 树莓 派,0
信号线 对底 噪 影响 没有 大 正经 屏蔽线 不太长 都 不会 问题,0
不 换 硬件 只换线 白金 线 都 能加 黑白 金是 速度 激情 速度 偏慢 亲身 体验,0
同款 耳机 架 最好 不要 挂 皮筋 都 挂 坏,1
耳机 架 其实 不好 买 换 两个 型 耳机 架,-1
不要 使用 那种 奇怪 电源线 机线 声音 很多 不要 耳朵 音效 唬住,1
楼主 排插 毁掉 系统 最少 一半 效果,0
感觉 真的 桌子 限制 道路,0
还 不错 推力 不能 台 面上 接 线性 电源 听 电池 短板,1
这要 看 评断 标准 耳朵 睁 眼睛 没有 遮掩 物来 看到 听 那人 胆 结论 不靠 谱,0
同价位 专业 声卡 算了吧 听   别人 搞个 解码 加个 吹 秒 天 秒,0
认为 同价位 一体机 专职 素质 会 声卡 击败,0
不好 说 好多年     刚 买来 现在 二手 左右   一张   万多   贵在 极其 稳定 驱动程序 支持 近年 更新 统一 外部 时钟 毫秒 延迟 硬指标,-1
棉被 卖 后 很多 人 没有 听森海 去年 入 最新版 煲 几个 月 才 感觉 调音 磁性 往甜软 糯 方向,0
很 忏愧,0
手持 爱产 帮顶 太能,1
人 新 耳机 出来 第一 时间 买 好听 留 不好 听 直接 砸 多年 买过 耳机 都 数 不 过来 现在 手里 单只 剩下 最新版,-1
跪 看 完,0
需要 加 适合 哥特 黑死 交响 黑死汝爱 之罪 这类 场面 大 天龙 适合 国内 黑死 类似 黑麒 民族 乐 老派 碾 核类 非 现代 死核 至今 没 找到 合适 耳机 可能 本来 非正常 人 音乐,1
顶 大佬 文章 本人 比较 喜欢 重 摇滚音乐 喜欢 曼森 涅槃 楼主 说 耳机 都 太 高端 玩 不起 本人 觉得 隔得 挺 好,-1
看 完 想 买 耳机 选择性 困难,0
感觉 挺不错 机子 当网播 很 方便,1
感觉 真 加点 钱收 二手  ,0
上   前级 模拟 前级 数字,0
本来 性价比 很 高 东西,0
二手 都 买不起,0
全新 没 看到,0
觉得 原配 贴片 缓冲 这种 转换 板 个局 是不是 再 并联 一组 多组 扩流,0
请问 一下 双运放 是否 不用 弯 针脚 装 两个,0
比较 喜欢 古河 超低温 冷冻,1
偏科 女声 论音染 对手 不 推好 潜力 不错,-1
声音 更加 中性   透明,0
女声 都 不好 听听 女声 还 没有 出色 目前 听过 女声 最好 听 薄 暖 毒 耳机 包括 产 高端 型号 都 做 不到,-1
一代 都 见 出 误解,0
展会 看到 矩声 人 耳放接 后面 推,0
多纽 崔克   还算行,0
矩声 解码 当年 一听 觉得 那种 风格,0
论堆 猛料 老 刘 第一,1
堆料 声音 不伦不类,0
低端 机 的确 不用 堆料 线路 搞 明白 原件 配对 到位 声音 过得去 好 声音 没有 好 阻容 原件 不 可能,1
至少 数字 方面 有质 飞跃 不 够,0
想 知道 系统 搭配,0
正常 不是 张图 老外 戴上 耳机 泪流满面,0
打了个 冷颤,0
都 索然无味,0
真有 特别 乐器 齐奏,0
看看 有没有 搭配,0
打开 机盖 买 欲望 灭 里面 到处 飞线,0
苹果 硬件 一代 一代 强高 配比 低配 强 具体 听得出来 才 有用,1
猜想     是不是 闪电 口 内置 输出 电平 大小 机型 关系   细微 差别 导致 音质 天差地别 很 难 理解   为啥 比差 毕竟 大   可能 不同 代   分析 应该 最好 没试 不 知道 真实情况 搞不好 变化   难说 手机 这种 很 难 借来 玩 登陆 账号   试  ,-1
,0
前排 位置 不好 弄,-1
电脑,0
占 一楼 说 系列,0
占 一楼 催 更,0
还 没全 卸完 先帮捞 一波,0
电源 外 更新 完毕,0
捞 一波 期待 部分 更新,0
用户 支持 一下 高 总 小玩意 很 好,1
这根 旗舰 线 蓝水   相比 档次 上 提升 同档次 风格 不同,0
说 区别 三频 密度 两端 延伸 解析 暴力 些 我排 插 总线 铜 彩索菲 电源线 该线 特点 中频 能量 比较 人声 厚润用 上 人声 刚刚 好 更 柔 更 软 更 美用 上 中频 能量 有点 臃肿 密度 没厚 人声 显得 空灵 婉转 点 人 一点 遐想 空间 人声 充实 些 语速 快些 感觉 歌手 唱得 没 悠闲 说明 线越 升级 现代感 调音 气息 越 浓 英国 儒雅 绅士 风越 淡 人声 柔软 变得 越来越 硬朗,1
羡慕 天天开心,1
快别 吹 推低 阻底 噪 爆炸,0
,0
没 明白 区别,0
好 路过,1
古典 不去 尝试   周年 口碑 不错,1
写 真 好,1
正确,0
屏蔽 层 信号 输入 端接 负极 一端 悬空,0
靠近 信号源 一端 屏蔽 层 接负,0
好 耳机 上台 才能 发挥 实力,1
听 还行,0
,0
三修 互补 均衡点 选,0
音乐 主机 外有 内 七彩虹 都 尝试 放弃,0
主机 搞头,0
学习 数播 网播 应该 未来 两个 主流 方向,0
找 站 修 耳机 蓝蓝 海洋,0
单元 损坏 很难 完全 修复 便宜 再 买,0
新 耳机 听,0
再 摔 一次 摔 好 直接 听 摔坏 不 心痛 换 新 耳机,1
亚马逊   请,0
试试 安装 插件 调整 左右 声道 平衡 度先 调整 试听 耳机 是否 左右 声道 音量 大小 区别 声调 正常 声音 调整 平衡 后 声调 区别 扔,0
都 玩大耳 何必 折腾 便携 钱 砸 台 机上 收货 更大,-1
觉得       推得 还行,0
大菠萝 价格,0
原来 说 传统 厂家 做 消费 耳机 手机 厂家 地上 摩擦 还 不信 现在 森海玩脱,0
已经 逐步 取代 传统 耳机,0
帮 明盘,0
这线 看着 音神,0
刘明,0
觉得   版 速度感 动态 更 接近 大开大合 风格 不 漫不经心 味道,0
买 偏偏 漏 只 个人 认为 泪滴 系列 声音 最好 最 平衡 一只 耳机 早期 透明 防尘 网 声音 接近,1
耳机 确实 好听 现在 推 半死不活 感觉 好听,1
木壳 版 都 很 久 不 讲究 其实 出 掉 原因 怕 坏 凑合 玩森海,0
学习,0
早 说 这版 非常 好,1
版 相当 强 比好 推 不少   觉得 基本 够,1
版 佩戴 重不重,0
不行   换,0
只能 说 黑标 挺软 感觉 可能 上台 未必 明显改善,0
听 感觉 是因为 器乐 结象 小 才 感觉 声场 特别 大大 乌则 绝对值 差距 似乎 没多大,-1
编制 越 大声 部越 优势 越 明显 很多 耳机 都 没 舒展 华丽 贵气 磅礴 声音 歌德 大碗 都 不,0
,0
,0
不 换 美标 墙 插 没什么 折腾 必要 墙 插 很 重要 一环,-1
换 不了 美标 墙 插 建议 买 便宜 铜彩 美标 排插 电源线 就够 他家 多元 单晶 铜 镀金 美标 排插 多元 电源线 感觉 还,0
墙 插 必换 电源线 直接 上墙 最好 插 不下 音源 插排 插耳放 功放 直接 上墙,1
五百 一千左右 排 插 推荐,0
学习,0
听 频响 最准   一大群 人 参考   可能 总体 认知 偏差 大得多   个体差异 太 大   假 人头 补偿曲线 意义 不 在于 每个 人 都 觉得 很准   总体 公差 相对 最小,-1
直接 拿全 指向 测量 麦克风 扫 曲线 人工 耳扫 曲线 对比 不,0
耳朵 耳科 大夫 看 都 说准,0
高手 民间,0
声场 耳罩 个体 官网 买 新 耳罩 大 概率 爱 会 消失,0
无论怎样 设置 都 只能 输出,0
不能 输出,0
差 好 远,-1
买过 不少 享声 产品 第一代 便携 还算 好 产品 性价比 都 比较 低 产品 越卖 越贵,1
现在 晶体管 耳放 随随便便 都 欧 以上 挑 一台,0
不是 有个 做工 有点 太 低调,0
享声 推个 成 以上 推成 以上 个人观点,0
入耳 塞子 真 硬 黑 电脑 直 推 都 不会 入耳 塞子 大小,0
上面 黄色 材质,0
耳放 其实 做 推力 大 失真 小 挺,-1
后来 好像 官方 不 卖,1
头 一次 听说 学习,0
开放 都 漏音 宿舍 看 动作 电影 很快 会 吸引 观众,0
序曲 的确 很 好听 降到 万元 以下 感觉 很 好 卖,1
有没有 同时对比 船,0
搭配 乂 度 完全 推开,0
链接 播放器 开 模式,0
学习,0
健伍 那台 型号 解码 感觉 好像 家 以前 样子 确实 味道 好 现在 主流 认为 没 素质,1
系统 解析 越高越 通透 反应 越 灵敏,0
数字 线材 转盘 越好 越 灵敏,1
系统 里 数字 线 变化 模拟 线 十倍 最大 电源线,0
顺便 发 一下 静电 耳机 功放 照片 拓品 照片,0
玩意 真能 万元 分体,0
吹 出 天际 现在 看来,0
小 吴挂   看来 坛子 里 不少 马甲   哈哈哈,1
东西 样子 比较 加分,0
问 楼主 序曲 接 播放,0
后级 功放 序曲 前 级 能否 遥控 显示 数字 音量 大小,0
明年 收 一台,0
封闭 降噪 开放 隔 不了 发动机 噪音 二是 漏音 影响 旁边 人,-1
耳机 送 飞机 转接头,0
飞机 起飞 降落 过程 中 气压 变化 会 很大 带 耳机 可能 会 伤害 耳朵 空姐 会 要求 不要 戴 耳机 硬 戴 受苦,0
坐飞机 时 只 带 入耳 耳塞 飞机 上太吵,0
听 大佬 说法 建议 插 接线柱 接触 面积 更大 拧紧 之后 更稳 隔壁 有人 拆 头子 裸线 直接 连接 功放 反映 声音 更好 看 需求,1
感觉 解码 问题   西装 套 有没有 试,0
低频 已经 比多太多,0
上 科学 放 低频 绝壁 不行 森 海原 厂 都 加 输出阻抗 提 低频 路数,0
看 主听 古典 属于 低频 过量 最 恰当 流行 差些 氛围 选择 平板 互补,-1
没假 放心 声音 包围 感挺强 听 蔡琴 歌 很 好听,-1
找 假 反而 值钱,-1
必要 入手 老 罗版 很 好 图片 版本 很 喜欢 大理石 花纹,1
系列   没假,-1
没假,-1
觉得 拜亚 缺乏 趣味 次 旗舰 往往 应该 做 鲜活 贵气 素质 差一点 无所谓,-1
拥有 已经 非常 满足 装备 配 一台 一体机 安心 听 音乐 穷人 要求,0
一个顶 不好 听 还行,-1
不错 耳机 听感 简单 易懂 赞,1
试听     确实 不错   中规中矩   价位 耳机   没有 失望 没有 惊喜 手里 耳机   差距 确实 有点   没发 对比 听感,-1
听 人声,0
原创 换 光头 仔前级 管越 听 越 喜欢 越来越 好听,1
同样 没底 噪,0
二进宫 坐等 换 管子 后能 不能 改善 粗糙 高频 细节 糊 问题,-1
玩具 真,0
试试 声场 没 大 空间感 比好 一家之言,1
男人家 闲鱼 看看 有没有 一代,0
到货 平衡 推比 单端 好 不少 胆机 推 一对 惠普 小 旋风 落地箱 有气无力 估计 只能 推推 书架 楼主 中间 变压器 会 很 烫,1
整体 都 很 烫   推 书架,0
中毒 推 屈才 抓紧 升级 耳机,1
全是 坑   成本 太贵,-1
貌似 这耳放 用来 推 更 倾向 于家,0
推 需要 电流 输出,0
准备 工作 没 做好 兄弟 下手 狠 佩服,1
收根 淘宝 买条 平方 高分 就行,0
铜彩 芬尼,0
换 买 根同 试试 不能 听得出来 再换 五颜六色 厂家 线,0
国标 上 声韵 线 好听 还 不贵,1
换 国标 没 意义,0
幾乎 所有 機器 換電源線 都 沒 有意 義的 行為,0
高芬 很 软,0
很 不错 清晰 明,1
傻 吧唧 不 应该 套 马甲 直接 双木三林 正面 刚拓品,0
以前 千元 机 时 天天 听 玩   次 旗舰 时 一周 听 四五天 现在 玩 旗舰 三五天 听 一次 怕 磕怕 碰 不 舍得 摆 好看 懒得 出来,1
缺少 新鲜感,0
箱子 肯定 会 懒得 戴 耳机,0
锻炼 颈部 肌肉,0
平头 塞 在家 听 最 轻松 不 讲究 插 蓝牙 耳放,0
听 箱子,0
住院治疗 骨折 前 最 喜欢 地铁 公交 手机 最大 音量 外放 枪花,1
头戴 款   路过 确实 事情 忙   经常 会 忘 听 音乐 这件 事儿 毕竟 诱惑力 活动 比较,0
真的 随便 折腾 耐造 都 造不烂,-1
起步 早 国际 知名 大厂 都 外国 品牌 自然 都 做 美标 电源线 不会 专门 照顾 中国 人 国内 知名 接插件 大厂,0
想 买 几次 都 忍住,0
人声 还行 觉得 陈慧娴 一类,0
不同 耳放 推 听感 来看 楼主 可能 没 推好 推好 线条 感极强 应该 不至于 倒退,-1
歌德 硬 素质 同价位 不行,0
速度 真 快 电光 火石,0
搞个 谱 纯 转盘,0
万 起步 年 二手 换 零件 机 价格 起步 一分钱 一分货 加价 想想 都,0
副牌 二手 左右,0
买 不要 太老怕 光头 状态 不行   随便 一台 经典 万元 机 不输给 数万元 数播,0
碟片 买 没有 就算 现在 买 很多 高品质 文件 资源 上个 好点 播放器,1
平时   听大 编制 改,0
高增益 理论 上 失真 会大 高阻 耳机 不用 开 高增益,-1
平衡 高增益,0
能开 低 不 开高,0
还 差个,-1
曾 问过 时间 引进,0
来个 好价 晶彩 现在 晶彩 太贵,-1
楼主 烧友 都 不 差钱 真的 代理 品牌 脑 残粉 招聘 比较 难,-1
现在 耳放 推力 以前 大多 现在 难 推 平板,0
万元 以下 听个 响,0
楼上 纯耳放版,0
遭遇 玩 几只 都 没事,0
没 听 不是 很 适合 说 这类 音乐风格,0
暖厚 清亮 速度,0
素质 更 高 更 清丽 微暖,0
人声 比近 声场 小,0
电音 去 找 系列 便宜 行,0
感觉 不算 暖厚算 中性 森海 通透 很多 适合 直 插 带 功能 手机 上台 声音 会 锐化 导致 不耐 听,-1
沙发 报名,0
暴民,0
更 高级 可能 风格 更 明显 没 听,1
认为 这款 高端 音质 无关,0
,0
都 品牌 不是 一成不变,0
投一票 不到 拿下 很 性价比 佩戴 舒服 耐操 掉 地上 几次 都 没事 调音 耐听 均衡 音乐性 好,1
基本 确定 想 问问 舒尔 奥利 没 人 讨论 很 差 文章 几篇 毒文,-1
一体机 颜值 高刀 价位 希望 有人 对比 下 机器,1
尼夫 机器 功力 一流 新小耳放 配套 电源 太弱 开关电源 试 听不出 水平 估计 换个 线 电 大 一下,0
闲鱼 搞定,0
以为 球鞋 额,0
记得 去年 最 便宜 时 不到,0
老 现在 卖价 应该 挺 高 随便 便宜 收个 版本 找 比较 好 改装 店家 检查 更换 一下 机 内线   皮筋   改成 可换线   耳罩 换换 非常 超值,1
支持 验证 正品 价格 差距 很大 看到 表面 价格 都 官网 推荐 价格 耳机 东西 跌价 太快 都 打包票 验证 货 肯定 没 问题 便宜 可能 急于 清货 或许 店铺 不干 收回 卖 觉得 行情 价在 卖 应该 不会 七天 无 理由 退货 封后 卖 推荐 买 二手 省 煲机,-1
上个月 淘宝 看 九百多,0
绿色版 豪华版 好像 国外 普通 版,1
完全 不 搭,0
确定 这种 货色 推,0
都 觉得 刺猬 比较 谱 嘞,0
阿波罗 配 效果 凑合 听个 声 之前 稍 提升 不 喜欢 声音 具体 咋样 没 感觉 说实话 几乎 差不多,-1
超 线性 钻石版 这货 只 推 合适,1
大哥 看 下 之前 说,0
买 钻石版 以前 所有 版本 驱动力 都 问题 输出 管子 功率 太小 驱动 低阻 音量 大 都 会 削顶 失真 最新 钻石 已经 改用 输出功率 大 不少,-1
楼上 妹子 蛮 可爱 岛国,0
都 四针 全 平衡 推全 平衡 连接,0
换 条线,0
同意 楼,0
为啥 跪,0
说 玩 箱子 最 重要 其实 房子,0
总 试试 全频 静电 箱子,0
祝 身体健康 生活 愉快,0
楼主 类似 经历 箱子 环境 真的 匹配 很多 箱子 可能 名气 没有 大 其实 非常 好听 走过 不少 弯路 最终 找到 非常 满意 系统,1
不说 换线 黑 参考 高频,0
老 韩 设备 太强 几十万 推 耳机 都 不错,1
老 韩 评测 点 爵士 老歌,0
建议 楼主 听 一下 铝带 耳机 原来 耳放 后面 加台 类 功放 就行 全面 超越,0
准备 明天 都 买回来 玩,0
楼主 写得 辛苦 觉得 目前 几乎 性价比 之王 期待 更 全面 更 成熟 版本,0
不 考虑,0
实体店,0
其实 不错,1
两个 声音 不伦不类   大乌像 正常 耳机,0
,0
,0
其实 预算 不妨 出门 旅游 一次 去 大城市 找 耳机 都 齐全 店铺 实际 听 一下 更 喜欢,1
高手 指导,0
想 知道,0
元 以下 一体机 以上 搞 分体,0
预算 够 肯定 上 可惜 只能 奔 使劲,0
枪手 水平 不行,0
飞利浦 耳机 最 感兴趣 跳水,0
上海 展听 依旧 没什么 风格 取向 耳机 声音 人 记不住 做工 质感 非常 平庸,0
正在 声音 做工 都 没 说 个人 非常 喜欢 机会 详细 说 说,1
网上 有租 大概,0
先买 解码器 从无到有 提升 最大 难道 万元 级 解码器 还 干 集成声卡,0
闲鱼 三千多 推力 比较 大,0
看看 穷邦 推力 大 电脑 声卡 很 不错,1
感觉 没 推好 感觉 软绵绵,1
住 商品房 听 音乐 心理压力 太 大 玩 耳机,0
音箱 白天 还好 耳机 晚上 替补,1
音箱 铝带 耳机 白天 机会 听 音箱 晚上 人 铝带 不要 太爽,0
没 人 遇到,0
达菲 安装 数播 上,0
达菲,0
没 遇到 问题 不行 重装   很快,0
谢谢 大家 内置 硬盘分区 删除 完全 重装 一次 好,1
原来 多人 不 认识,0
现在 唯一 随身 塞 年 首发 版,0
问题   不是 国行 代购,0
价格 挺 会 税,0
所有 旗舰机 都 才 好 不 收购价格 不降,1
有人 买 想 买 不会 海淘 有没有 团购,0
还 想 补充 下用 听 古典 非常 奇特 体验 真 听 完 觉得 耳机 都 薄 分离 度 高超 大声 场 似乎 一种 错误,0
标记 更,0
毒文 一篇,1
阿狗 收个 好 成色 愿意 割爱 出,1
多重,0
发 一遍,0
喜欢 流行 摇滚 电音 竟然 还 喜欢 那种 温吞水 风格 有点 扭曲,1
,0
限量版 没 必要     价格 贵 没多 好听,1
现在 必要 入,0
想 问 一下 现在 还 会 动不动 暴毙,0
起来 咋样,0
价位,0
有点 好奇 对比 应该 风格 类似 路子 不,1
接   解码 正常,0
相机 套件 套件 不行 电脑 好听,1
空调 专用 插头 插座,0
非 空调 季 确定 这条线 总线 不会 楼管 拉掉,0
先接个 插板 试试 宿舍 里 电 不 一定 很 好,1
听 感仅 代表 个人观点 欢迎 金 平面 用家来 讨论,0
感觉 每人 器材 不同 听音 不同 喜好 不同 评价 都 不同,1
原来 大佬 测评,0
今天 收到 试听 信息 平衡 版要 半个 月 后 才 准备 用个 不同 档次 耳放 伺候,0
很 好 尝试,1
很 厉害 其实 控制 接口 都 公开 想 搞 软件 很 容易 集成 控制 播放 功能,1
拼 一把 湖人 基本 到位,0
楼主 加一点 弄 巴适,0
器材 进步 速度 远 没有 快,0
没 两把刷子 地位,0
参数 上 来说 确实,0
搞   七天   手里 好听   三观 不 改变,1
楼主 都 舍得 便携 干脆 耳机 全买,0
推荐 中间 两个 旁边 两个 便携 基本 推 不 出来 效果 可能 最 适合 楼主 场景 说不定 推 外出 听,0
肯定 手机 信号源 强多 主要 高素质 播放器 带来 更 安定 更 纯净 声音 效果,1
帮顶 刀 耳机 刀 相比 不好 说 性价比,-1
加 提升,0
群晖 配置 迷你 电脑 装上 数播 系统 卖 万多,0
歌德 冷门,0
手持 眼馋,0
楼主 改 平衡 试试 提升 很大,0
没有 圆片 不 带感 奶油味,0
算版里 唯一 一副 比版 好,1
没 听 不 知道 是不是 那种 风格,0
无图 无 真相 看看 哪家 店 到底 沟通,0
分析 毛线 咸鱼 扔,0
觉得 应该 开苞 费 算算 很 优惠 上 闲鱼 开箱 八折,0
重 为啥 戴 两个 小时 都 没事 别退 会 后悔,-1
好像 记得 阻抗 理论 上 比较 高 过滤 掉 杂讯 一转 没有 作用 当然 传递 信号,1
意义 舞台 上 台 笔记本 要播 音频 应该 就近 接入 音分 百米 跑 控台 意义 避免 信号 干扰,-1
不能 去 换,0
觉得 耳机 最大 优点 随便 找个 前端 推 不错 非要 台机 大耳 旗舰 相比 真是 难为,1
已 种草 几个 耳机 后来 索性 都 收过来 不 可能 气势 水灵 那种,1
气势 为啥 买 铁三角,0
气势 系列 适合 黑 砖 上 推出 喜欢 声音,1
小巧 方便 办公室 弄 太 好 影响 工作,1
加个 二手 一代,0
钰龙 不 占 地方,0
上台 区别 不大 可能 听不出 区别,0
刚 到手 还 以为 包裹 木架 大 沉,0
还 以为 东西 应该 挺 小,0
坐等,0
好久,1
很 好 奇功 放口 推 小家伙 真是 全能王,1
期待 楼主 长时间 使用 评测,0
小白 一枚 过段时间 耳放煲 一段时间 再 测评 一下 没有 专业 设备 只能 评 个人 听感,0
元件 电路 不同 肯定 差别 都 跑不了 动态 压缩,-1
比较 几款 滤波 产品 好 滤波器 比起 不用   音质 提高 非常 不 明显 差 滤波 比起 都 不用 声音 大打折扣   反正 现在 稍微 好点 家用 插座,-1
没有 胆机 弄 浪费 钱,0
能干 翻,0
大菠萝,0
需要 煲机 越煲 越 好听,1
建议 楼主 继续 上   会 更加 好     确实 确实 不错 尤其 耳放 给力,1
直 推 中小 编制 很 好听 大 编制 的确 差点 点 直 推 控制力 不足 基本 不 听 交响 很 满足 想 这种 驱动 要求 低 耳机 今后 考虑 第一 因素 不 追求 绝对 素质 安心 欣赏 音乐 音色,-1
不是 主打 声场 解析 还 秒,0
确实 不错 太重 戴 累,1
耳放 加 电位器 那款 配合 平衡 增益 听 总 感觉 低音 有点 尤其 贝斯 一类 心脏 压 难受 增益 频都 很 好 声音 清澈 温暖 年 已经 秒 只 剩渣 看看 手 价格 多年 还 卖个 楼主 听感 一致 假大空 声音 太薄 没法 听要 想 厚 音源 耳 放线 都 厚 弄 投入 太 真力 实在 家 好 开发 耳机,-1
大耳 财力 允许 情况 下 基本 都 有所 接触 极致 家 算是 用过 比较     持有 时间 都 不算 很长 很 喜欢 极致 易 推 精致 做工 最 喜欢 确实 压头 综合 考虑 下 出掉 现在 刚 入手 不到 一个月 没什么 好 前端 伺候   有时候 懒得 折腾 直接 插 电脑 现在 完全 确定 不会 出掉 这种 懒人 手里 不会 表现 好 价格 佩戴 上 还略输 一筹 相信 会 陪 很久很久,-1
直 推 没 问题 上耳放 声音 很 温暖,0
求 楼主 私信 一下 镀银 平衡 线 购买 渠道,0
好 耳机 历史 源远流长 前有 后 蓝色 可惜 后来 出 抢 风头,1
耳机 差点 买 听说 人声 打住,-1
正好 两个 都 不好 听 中频 薄,-1
打开,0
网播 走 协议 纠错 没有 影响,0
看 纠结 好 几天 劝 玩吧 简单 直接,1
小乌 听 人声 还,0
发烧 人声 赵鹏 童丽,0
想 出 掉 成色 不错 价格 会 正常 价低 感兴趣 回复,1
智商 税 这种 还 直接 蓝牙 传输 实在 这线 材质 调音 都 没法 保证,0
苹果 官方 相机 套件 比较 谱 正版 芯片,0
智商 税,0
不是 普通 线 可能 内置 转 同轴 那种 芯片,0
忘记 说 参加 本次 活动 还 参加 抽奖 活动 礼品 不错,1
不是 素质 没有 乐感,0
狗哥 一下,0
官网 还   商家 已经 到手,0
先 顶顶,1
难过 马飞,-1
楼主 千万 不要 轻视 问题 小不点 有点 强大 很耐操 解码 插 后 坏 次 都 没坏,1
睿志 器材 插 小不点 相安无事 和谐 共生 世界 奇妙,0
收 二手 麻烦 一手 赶紧 找 代理 保修 去,-1
返厂 之前 再试 一种 可能性 看看 新派 界面 有没有 坏用 普通 插口 听歌 随机 听个 小时 试试 歌曲 码率 都 上,0
好 安心 投入 耳放 推出 区别,1
呆萌 楼主 感觉 打广告 京东 货快 买,0
大耳 不 支持 天无 理由 厂家 客服 进来 说 说 东 是不是 霸王 条款,1
几年 前 猛男 好像 买 真的 退假 无数次 京东 发现 抓 之后 没天 无 理由 退货,-1
退 不了 安心 买 功放,-1
还 写 月 日   秒 杀价 块钱 秒杀,0
耳机 功率 放大器 上 平衡 线,0
两千 收个 挺 好,1
谷津 二手 块钱 推 很 好,1
换个 低 阻易 推 耳机,0
上市 很久 估计 一手 下去 淘宝 砍价,0
放 绝对 合适 价格便宜 外形 讨巧 耳机 适配 广,1
树莓 派 还 听 流媒体 国产 数播 这方面 比较 拉 胯 矩声 声韵 少数几个,0
一大 号安卓 手机,0
音特美 变成 威士顿 秒 懂,1
同问 下 二代 三代 分别 三代 好像 风评 不错,1
三代 低频 增加 更 靠近 极 低频 部分 其实 频段 清晰度 没什么 影响 弹性 下潜 不错 三代 饱满 富有 氛围 感 声底 中频 比较 中正 高频 一段 的确 抹 去 导致 高 频段 乐器 缺少 一部分 泛音 线条 感 亮度 应该 传统 拜亚 用户 来说 最 减分 一项 得益于 变化 三代 录音 宽容度 增加 很多 除去 传统 拜亚 声 期待 其实 三代 挺 好听 耳机 黑 人 觉得 是因为 无法 接受 拜亚 不 平衡 耳机 旗舰 推测 拜亚 搞 应该 迎合 更 广泛 普通用户 喜好 调音 角度 来说 目的 应该 达到 拜亚 口碑 之前 很 大部分 都 古典 乐乐 爱好者 撑起来 调音 确实 有点 崩人 设会 影响 原先 这部分 人 拜亚 支持 缺少 一部分 原先 受众 三代 必须 走出 古典 圈子 才能 获得 期望 更 广泛 支持 三代 大家 必要 客服 拜亚 固有 印象 老粉们 不要 期待 原有 冷静 严肃 风格 流行 烧油 现在 不妨 尝试 下 现在 这种 更 热情 动感 拜亚,1
对比 主要 台式 系统 上 完成 前提 直 推 感受 下 拜亚 达 没 达到 三代 直 推 目的 觉得 效果 真的 还 不错 台式 系统 表现 更佳 这点 毫无疑问,1
反正 设备 推出 三代 不错 二代 全能 使用 三代 还 需要 买 类似 双修 区别 低频 完全 没有 掩盖 频段 听 乐器 确实 二代 相对 人声 没有 刺耳 感觉,1
听 哪种 人声 发烧 那种,0
人声 套装 加 解码  ,0
单纯 人声 歌德 以前 不 非官方 搭配 西装 套,0
第一个 解码 机器 平衡 直 推 退烧 风格 互补 楼主 期望 太高 机器 解码 上限,-1
一分钱 一分货 很多 都 家装 级别 美标 墙 插 都 工程 医疗 级别 差距 挺大 价格 不 现在 很多 美标 插座 都 国内 代工 很多 高端 线 万隆 定制 回来 加工,-1
没事 拔来 拔 去 玩 事,0
女声 不难 听 说 好 听听 时间 短 天 很 难 把握 点 胆结石 流行 人声 加持 要说 缺点 可能 高音 高衰 倾向   仅用 芯片 可能 套装 动态 略显 不足,-1
搭车 预出,0
吊锤乐图 小尾巴 耳朵 差点 意思 相反 改进版 觉得 相当 意外 流行 乐感 出色 简直 找 不到 影子 搭配 相得益彰,-1
多谢 楼主 光临 展位 问题 欢迎 加入 群 大家 一起 讨论 交流,0
很 好听   暖声 没 听,1
好多 玩 乐器 买 上次 挂 咸鱼 好几个 玩 乐器 当时 拜亚 推 声音 很 好,1
好 东西 买 不会 失望 耳机,1
进 出   出 进 人声 非常 好 一支 拜亚 流连忘返 咸鱼 库存 全新 性价比 超值 没 听,1
以前 玩过 一副 已经 坏 觉得 拜亚 高频 刮耳 买 觉得 不 刮 耳 不足以 显示 解析 强 买,1
认为 典型 新世纪 风格 空灵 飘逸 风格 老卡 音乐 符合     宗教 神秘主义 灵修 主题 下 背景音乐 风格,0
人声 无 千日 流行 年 民乐 承虚微 古典 永 流传,0
推荐 一张 觉得 最好  ,1
,0
现在 人 听   古典音乐 魅力 类型 无法 企及 至少 目前,0
介绍 一下,0
牛 逼 试试,1
去 有点 复杂 好久没 搞 电脑,1
太 复杂 觉得 声场 解析 已经 很 好 试试,1
国外 下载 已经 安装 成功 谢谢 楼主,0
上 声音 确实 提升 表现 两端 延伸 结实 些 最 中要 一点 切歌 很 丝 滑 驱动 不 区别,0
好 复杂 好 聊 普通 消费者 不 适用,1
版本 不想 深太黑,-1
,0
解析 够 味道 不足   估计 不太 搭,0
,0
欧然德   基本 款,0
同轴 不 友好 不用,1
顶 下 睡觉 去,1
播放器 直 推 即可,0
足以 上 不 值得 原线 不错 还成 一定 提升,1
低阻 高敏 上台   相反 觉得 比高 阻低敏   还 不 容易 发挥 好,1
都 很 好 搞定,1
稍微 推力 大点 便携 播放器 直 推 就行了 上台 弄个 够,0
目前 正 打算 入个 真的 不错 称之为 低阻 耳机 福音 对比 推 推 有模有样 真的 打不开,1
推过 都 还 不错,1
戴着 舒服 阿思翠 天琴座 戴 硌 耳朵 想换 看 阴阳师 尺寸 差不多,-1
解码 型号,0
包邮,0
好看,1
不用 群晖 自带       群晖 支持 外接 蓝牙 声卡 近距离 连接 蓝牙 耳机 支持 局域网 可用 外网     软件,1
需要 性能 性能 影响 体验,0
请问 楼主 可闻 底噪,0
换 飞利浦 金标管 英国 大盾 估计 会 更好 这是 以前 玩 音箱 心得,1
应该 先换 整流管 效果 更大 原装 整流管 太糊,0
欧博 现在 目标 鬼 版 吹喇叭,0
请问 楼主 推个 两 单元 书架箱 可行 否欧,0
打算 换 一对 考虑 今后 更换 后级,0
感觉 后来 发现 台机 推 声音 会 饱满 些 氛围 低音 质感 都 不同 播放器 增加 音量 高音 发刺 出不来,0
解码 信息量 会 区别 听不出来 喜 退烧,-1
播放器 装 没装 驱动 播放器 拉 垮 没 设置 好 都 会 影响 音质,1
台鸡 主要 用来 接 实体 盘 转盘 设备 本身 声卡 系统 不好 接 都 提升 并非 一定 台鸡,-1
手中 已经 最好 互补 并小有 升级 恐怕 换个 风格,1
帮顶,1
考虑 出 全真 楼 主要 请,0
多谢 帮顶,1
整流管 上大盾 不要 上 炒 太贵 个人 觉得 不要 折腾 上 天梭 用个 转成,-1
,0
电源 主机 买台 二嫂 听行 不,0
试用,0
大佬 不用 写光 图片 都 毒 倒 一片,1
当时 上海 展会 上 官方 搭配,0
厉害 德国 官网 都 没有 款 机器 介绍,1
图片 好毒,1
天写 一段话 一个月 写 完,0
一周 再来 瞅 瞅,0
跟着 转 一圈,1
这次 覆盖面 好 小 大部分 都 便携,1
听 双 推 传神   只 听 有限 曲目 低频 一定 箱子 感觉 不知 曲目 感觉 深 表示 怀疑,0
这种 级别 评测 分享 只能 说明 真 爱,0
买 还 路上 看到 专业 介绍 非常感谢,0
等待 多年 终于 等到 替代品,0
感觉 虚拟 多声道 技术 游戏 中 听 声辩 位 作用 不够 明显 我用 森海 普通 耳机 感觉 不到 显著 差异 可能 单机 发挥 不 出 效果 多人 联机 才 明显,-1
新派 线电 型号 一种 电压 输出 规格,0
背景 会 更 黑,0
杂食 都 听,0
飞利浦 飞利浦 森海塞尔   拜亚 动力   德国 大师,0
谢谢,0
三代,0
很多 设备 调音 都 参考 用来 推会 问题 其实 好 耳机 时间 会 证明 当年 刚 出来 不 黑,1
确实 低估 升级版 黑成 阉割 版喜 旧厌 新 常态,0
说 推爆 森海 系列 非常 对味 相对 高端 昂贵 难免 不是 每个 音响 爱好者 都 收入 囊中 其实 低价位 一体机 当中 驱动 声音 效果 蛮 不错 比较 搭 基于 平衡 口 自带 线 不谋而合 大家 想 知道 哪款,1
平衡 口 会 提升 很多 认为 换个 镀银 线 应该 会 更 大 提升 听 之间 感觉 更 澎湃 好像 动力 更强,1
一套 官价 有点 黑 二手 都 直接 上套 不 太 喜欢 声音,-1
糖水 味 指像 那种 感觉 配系 耳放 接近 一下,0
没 听 建议 入手 入门 款 感受一下 喜欢 直接 上 以上 型号 中间 不 需要 考虑,1
建议,0
耳机 只能 买     放得 话 系列 胆放 直接 推 还 蛮 好听 水平 其实 本身 直接 推都 不怎么 好听 需要 加前级 加前级 话 买 便宜 性价比 极低 不 推荐 第三方 得耳放 建议 老叶 用会 声音,1
只 听 女声 何不,0
木碗 系列 千万别 装 空气 动圈 系列 耳罩 声音 会 变怪 装 装上去,0
打电话 发邮件 官方 问下 换 替代 好 买 绝版 耳罩 没货 都 会 替代品 型号 问问,1
手办   挺 想 买 做工   觉得   太,0
古董 真的 听 一对 少 一对,0
恭喜 灵 总 系统 完成,1
没看 懂 到底 改 数字滤波,1
前 几天 某宝 下单 这款 复刻 界面 一个月 收到 货 试听 看看 水平 到底,0
去 测测 看 是不是 变化,0
就算 不能 提高素质 副作用 太 大,0
真 好看,1
刚好 想入 滤波器 上市 没,1
电处 黑色 版 没白 新派 不 都 黑白 两色款,0
耳塞 退坑 留下,-1
搞个,0
高频 亮 真的 个人感觉 更 接近 人声 高音 部分 不 自然,0
感觉 新铁 封闭式 木碗 钛 碗 都 偏 冷亮 空气 动圈 相比 起来 暖暗 一点 老 铁三角 更 暖 甜音 染 重 素质 差,-1
相比 现在 新旗舰 绝对 偏暗 偏暖 听 明亮 女声 明显 有点 朦胧 鼻音 更重 感觉 当然 搭配 才 完 整体,0
环境 上 音响   耳机 毕竟 妥协 方法   大乌 不好 伺候   真想 弄 一套 推好 大 乌   不少 钱,-1
音箱 玩好 不想 玩 耳机,1
干嘛 买 真力 这种 监听,0
现在 配置 看 不要 看 配置 便宜 买,0
那还用说 听感 肯定 不是 很 牛 监听 音箱 很多 人 梦寐以求 家庭 小箱子 新 大概 出头 真是 成交 价格 二手 卖个 咸鱼 看 出来 乌托邦 耳机 好 耳机 听感 音箱 听感 不 总体 来说 前端 箱子 听感 更 大气 监听 箱子 耳机 耳塞 都 玩 以后 感觉 合理 后 搭配 后 箱子 听感 好 很多,1
界面 感觉 加 等于 没加 系列,0
精音 傻傻 分不清楚,0
感谢 楼主 分享,0
坚定 搞 决心,0
才 不到 半个 手机 成本 东西 不用 过度 敏感,0
楼主 说 说 经历   偏音 联系 售后 换 单元 回来 听 偏得 更 厉害 联系 客服 果断 换 耳机 换 两个 单元 换 新,1
准备 三代 三代 里 选 墨菊 推纯 便携 不想 上耳放 增加 负担,0
不敢 碰   解码 耳放   破万,0
三代 旗舰 都 不是 随身听 搞定 不 一定 难听,-1
三代 调音 稳 三代 最好 试听 声音 好 佩戴 高能 预警,1
旗舰 动 圈里 推 起来 最 不 折腾 最 容易 出 效果 没有,-1
我选 性价比 最高 旗舰,1
三个 应该,0
推,0
平衡 足够,0
大 歌德,0
,0
换根 黑 参考 线 基本 满足 全部 要求 不算 太高敏,0
老烧 推荐 想 参考 下 意见 准备 入手,0
顶级 石机 几个 好像 力士 新机 上,1
好像 没听到过 推大乌 好听 石机,1
完全 收到   不 一定 适合 推大乌,0
楼主 起点 好 高 望尘莫及 序曲 里 选 跟着 大 部队 走 翻车 几率 低,1
预算 够 应该,0
万元 机 解码 耳放 应对 初步 够用 直 插 大部分 不够,0
一台 机对 几个 耳机 不 可能 所有 耳机 都 满足 满足 只 已经 很 好 机器 耳机 匹配 一说,1
听 类型 音乐 耳机 素质 差 难听 不至于,-1
厦门 电 没 不堪,0
好 顶赞,1
确实 漂亮,1
漂亮,1
拍 不错 参加 正在 进行 摄影 比赛,1
漂亮,1
楼主 南瓜 一起 拍 肯定 好看,1
毒图 毒图,1
真是 毒到,1
考 一下 第张 图中支 管子 为啥 一层 蓝色 光晕,0
求 原图 壁纸,0
擦 眼睛 看到 好看,1
广角 稍微 裁剪 像素 密度 损失 加上 拍摄 场景 黑暗 对焦 难题 换个 标准 焦段 镜头 再 试试,0
漂亮 梦幻,1
漂亮,1
优点 恐怖 感觉 最近 恐怖片 看多,0
土豪,0
  不错,1
天籁,0
这是 本人 第一贴 出乎意料 短时间 内 收到 大量 回复 很 感激 谢谢 评论 大佬 谢谢,0
乂 度   我接   换 平衡 后   新世界 大门 开启,0
我用 金丝雀 放 床头 接 手机 好不好 听 先别 讨论 起码 造型 体积 挺 满意,-1
,0
金丝雀,0
楼上 说 真的 性价比 很 高 很 好听 更 便宜 现在 孙强 新出 解码 耳放 功能 不到 一千块 芯片 性价比 很 高订 一台 路上 声音 应该 不会 太 差 支持 天 试听 试试,-1
我用 苏 墨黑 参考 线 感觉 还 不错 文青 线 没 问题 制作 比较慢,1
收到 线 祝贺 一下 上 张图,0
这台 机器 极其 优异 性能 比较 合理 售价 打碎 不少 使用 质次价高 洋 器材 烧友 那颗 玻璃心 破坏 坛子 里 商家 忽悠 环境 有意无意 淡化 存在 感是 必然,0
卡 比较 感兴趣 好像 玩 人 不,1
买 机器 人 估计 不屑于 打架 坛 吹牛,1
耳放 推力 小得多,0
真的 吊 才 真正 做好 产品 厂家,1
贵   没有 成交量,0
性价比 极低 体积 宽度 太大 不 适合 放 桌面 放 桌面 一体机 宽度 一定 控制 以内 为佳 大部分 人 桌面 都 没 宽大 现在 很多 解码 耳放 一体机 最大 问题 体积 超标 设计者 偷懒 画 一张 板子 上 导致 体积 宽度 超标 不少 都 达到 宽度 严重 不 符合 桌面 使用 需要 配 器材 架 大部分 人 家里 空间 没 大 一体机 应该 采用 多板 堆叠 分层 设计 才能 小 体积 容纳 高性能 才 市场 成本 控制 毕竟 说句实话 卖贵 其实 业内 比好点 笔记本 直 推好 费 老大 劲 提升 不 大 消费者 会 很 失望,1
机器 挺不错 可惜 买不起,1
中下盘 比较 多一些 平衡 接线 不错 选择 确定 后面 设备 平衡 比较 偏中 下盘 高频 表现 价位 买好 线 去 调 觉得 不是 很 划算 来说 个人 不 推荐 系统 使用 做 音源 不太 合适 万出头 水货 价位 推荐   更 合适 些,1
文豪   出 个人 不 评价 请 楼下 了解 说 说,0
双叶 听过 器材 真幸福,0
能力 办 事情 上 一级 机器 更 全面 选择 余地 更 广 不 代表 非 超出 能力 所及 去 实现 提到 海印 应该 大部分 都 找到 先 万出头 听 听 不要 急 去 听 万 万 听 完 印象 再 听些 更 高些 机器 对比 一下 看看 兜里 钱 下手 力所能及 预算内 真的 达 不到 大部分 要求 只能 再 熬 一下 上 更好,-1
有意   正好 准备 出 一手 购于 汕头 新天 不到 一年 通电 不到 小时 近乎 全新 长期 外地 平均 一个月 回去 一次 处于 闲置 状态 下次 回去 国庆 时间 出,1
网络 问题 发重 编辑 掉,0
用过 半个 月 撸 个人感觉 东西 点点 国宝 素质 提升 版 意思,0
进来 学 一下,0
楼主 这线 花 钱,0
不是 星 绞 没有 屏蔽,0
帮顶 家 几个 过滤 很 好,1
聪明 厂家 一根 天线 顺丰 运费 换来 好 口碑 论坛 帖子 里 自吹自擂 颠来 复去 说 车轱辘话 效果 好 上 倍,1
厚道,0
东西 不错 元 买     做工 扎实 质感 不错 声音 很 好听 功率 不小,1
国内 厂家 其实 绝大部分 售后 都 很 好 以前 谷津 有点 小 问题 二手 当时 应该 都 过保 联系 售后 都 没要 发 过去 免费 修好 世纪 格雷 这种 只 知道 甩锅 厂家 毕竟 少数,1
售后 金子 总会 发光,0
前 几年 总有 喷子 喷要 难听 难听 商场 真 黑暗,-1
是不是 试听 样机 这微 距 拍 做工 有点 糙,0
很 中意 箱子,0
小不点   表示 很草,0
看到 顶,1
玩意 厂家 后面 没 更新 驱动,0
试试 飞想 解码 模拟 味,0
搭配   绝配 不好 找,-1
,0
不是 比高 级别,0
一大 优势 日版 原生 不 需要 变压器 价格 不 高 声音 不错 很 特点,1
君子 不错 换唱 臂线 不难 换 品牌 唱臂 太 麻烦 开孔,-1
索尼 机子 退烧 算了 机子 太贵,-1
解码 太大,0
解码 耳放 看 心潮澎湃 鼻血 狂流 好 大 买 顶,1
买 解码 送 女朋友,0
看起来 不错 以后 找 机会 试听 一下,1
想 听,0
感觉 每一 本书 都 翻 无数遍,0
碟影 东西,0
旧 电器 毫无 收藏 价值 清理 掉,1
字体 小,0
嚯   帮顶   不 知道 楼主 还 记得 不,1
多久 没见,0
董壕 出现,0
认真 听,0
刷 积分 威望,0
激光 鼠 真的 大 玩家 感觉 很 聪明 样子,0
好久不见 董壕 顶 美图 好文,1
顶同 回来 激情 顶 贴,1
音响 架子 品位 万 架子 拼,1
耳放放 上面 耳 放热 放 上面 方便 散热,0
普通 确实 适合 推 塞子,0
这套 性价比 颜值 都 很,1
看 楼主 问下 这套 推,0
天天 去 静电 耳机 试听 地方 蹭 还 不用 花钱,0
耳放能 插 静电 耳机,0
块钱 买 静电,0
预算 买 都 有点 难,0
老古董 试试 初心 之声 静电 据说 很 厉害,1
预算 组 退烧 静电 系统 感觉 不是 少 问题 少 俩个,-1
兄台 认真 人,0
喜欢 看 这种 带字 文章 过瘾 说 精彩,1
占领 神帖 第一 楼,0
真是太 用心 沙发,1
加精,0
思叔 一部 耳机 测评 大作,0
厉害 集齐 版本,1
好 帖,1
思爷 巨作 真实 古典 入门 佳品,0
真爱 支持 一下,1
支持 折腾 玩家 顶 大作,-1
声卡 技术含量 显卡 差不太多 快 去 屯,-1
其实 抛开 效率 讲 具有 设备 都 挖 前段时间 有个 新闻 说 地狱   掌机 改造 后 挖矿,0
很 想法 娃哈哈,1
换 电源线 挖 更 千万别 知道,0
上 大功率 线电 效率 翻倍,0
必须 水电 大浪淘沙 才 得到 金粒 挖矿 水电 加成 显卡 声卡 都 买 问题,0
都 挖矿 声卡 编个程 不是 分 分钟,0
币 每天 放 音乐 时间 产出 币,0
声卡 点算 力 开玩笑 树莓 派 挖 还 谱 点,0
国产品牌,0
关注 一下,0
重庆 近得 很 撒来 重庆 搞个 试听,0
木耳 总 箱子 很 不错 过年 期间 听 阵子 专题 来说 说,1
期待 近期 计划 组 书架箱 系统 深圳 搞 一次 试听 广州,0
沒 實際 拆機 內里 圖 看看,0
福建 居然 一座 城市 都 没有 试听 点 木耳 总 地域 插 小红旗 意思,0
,0
真的 每次 听 完 摘下 耳机 都 有种 错置 感 音量 太 大哭,-1
兴趣 去 测测 看 感觉 声压 保证 听清 情况 下 越小越 好,1
,0
开放式 耳机 最起码 底线 别人 身边 大声 说话 听见 真的 有损 听力 我试 小声 说话 都 听见 音量 音乐 细节 会 听 不好 最后 一句 话 听力 条件 上 箱子,-1
箱子 没 条件,0
其实 肾虚,0
提高 声压 能够 提升 听音 清晰度 同感 解析 力 提升 不少 问题 耳朵 受不了,1
    家里 用不着 降噪,0
声压 专门 仪器 没有 手机 凑合 软件 测 值 不 一定 准确 同样 条件 下 两个 耳机 比比 大小 应该,1
挺 在意 现在 基本 晚上 听 比较 声音 小 听 不爽 大 挺 爽 时间 久 有点累 完全 找 不到 平衡点,0
保护 耳朵 才能 长久 欣赏 音乐,0
解析 力 不是 提高 声压 提高,0
合适 声压 才能 表现 更好 效果 太小太 大都 不行,1
开 大 声音 确实 感觉 会 清晰 些 肯定 耳机 好些 声压 同样 感觉 情况 下低 感觉,1
看 已经 搞出 调音 版 众筹能 达到 一定 数量 原版 未必 搞 不 出来,0
倒 更 希望 能出,0
复刻 销量 登顶 老板 成 福布斯 首富 森海 肯定 复刻 实际上 古典 党会 买 后期 销量 可能 还 呼声 再 高 拉倒 车友 天天 嘴上 说 两厢 溜 背出 买 爆真到 买 还 不是 都 去 买 三厢 老烧们 天天 刷 咸鱼 淘着 二手 多久 没买过 一手 货 就算 复刻 价 打折 照样 不买 全新 拉低 二手 价 继续 低价 接盘,1
森海 下个 新 产品 可能 旗舰 专业 耳机 森海 已经 纽曼 牌子 出 一只 四千多 封闭 耳机 不怎么 受欢迎 森海 专业 耳机 市场 学业 荒废 想 重拾 旧日 风光 还 抓紧 认真 点 不能 光 挂羊头卖狗肉 专业 耳机 里 缩 混 耳机 舞台 返听 塞子 希望 卖 五千 以上 高价 类型 消费 人群 都 比较 算计 不能 太贵 录音棚 返听 基本 耗材 主流 几百块 一千多 烧包,-1
硬 素质 更高,0
歌德,0
不 听 选 很 稳,0
推 不好   我用,-1
机器 好 价格 祝贺,1
对线 敏感,0
两个 版本 买 早期 版本 声音 还 挺 温和 后期 调音 变 不 知道 风格,1
现在 全新 价格 真 便宜 之前 出 二手,0
主要 听 人声 民乐,0
耳放 记得 选低 阻放,0
不 支持,1
金波家 产品 功能 很全 工业 设计 很 好 调音 水平 始终 很大 提升 空间 千 价位 更 推荐,1
上,0
楼上 正 解 解码器 这货 买 新 不 买 旧 老 现在 才能 退骚,-1
太贵,-1
,0
接上 之后 海贝 上边 下载 平衡 插件 播放 起来 简直 太 好听 厅 窗户 关上 之后 效果 更好 现在 蓝牙 连接 等线 上 看看,1
不要 神化 箱子 箱子 没有 声学环境 校准 听 两个 单元 出声 耳机 不戴 耳罩 不 存在 定位 声场 当然 感受 上会 更 震撼 不,0
买个 便宜 脚架 艺特 声音 提高 一大 档 对劲 浪   多媒体 小 音箱 刚好 前段时间 搞 一对 锐牌 柱 无聊 放上去 试 下 简直 换 箱子 毫不 夸张 上 脚架 声音 值 没 脚架 差别 大,-1
好 感谢 楼上 大 兄弟 宝贵意见 最近 考虑 入个 架子 先 搞好 输入 口 解码 再 搞 架子,1
看起来 很强 这耳放 效果,1
没有 听过 第一次 购买 草医 产品 不是 大佬 都 很 普通 产品,0
菊普加 黄鹤楼 好 心境,1
感谢 关注 一是 应 商家 恳请 发个 开箱 贴 无 特别 要求 答应 事要 完成 偷懒 一下 二个 合并 一起 发了 二 刚 开箱 不便 声音 产品 做过 主观 评价 采用 比较 方式 表达 感觉 更 直观 一点 没有 高大 上 东西 做 直观 比较 感受 供 烧友 参考 以防 误导 别人 总结 一下 耳机 草 医耳 放下 听得出来 以前 系统 好金 平面 气动式 平板 以前 系统 上 根本 不行 草 医耳 放下 感觉 耳机 都 好听 感觉 草医耳放 推金 平面 耳机 最低 门槛 真正 推好 没有 比较 不 知道,1
正戴 听歌 看帖 路过 公正 评价 每个 人 喜欢 风格 不同 开 脑放 不 之前 很多 不 喜欢 说 一无是处 这种 人 基本 选择 无视,-1
帮顶 挺 全面,1
强行 相似 不 觉得 追求 都 听 明显 古典 耳机 差得多,-1
觉得 应该 音源 换,0
上 功放,0
恭喜 楼主 条件 升级 下 音源 会 很大 提升,1
看 银色 这套 觉得 黑色 套颜值 更 高,1
人 认为 这是 监听 监听,0
有人 说 拜亚 监听 味 对比 过森海 更 监听 感觉 以后 发现 一定 糊化,0
感觉 金 画眉 声音 透明 一点 柔和 一点 我用 直接 听 现在 金 画眉 好像 代 声音 代 没有 更 顺滑 一点,1
流行 人声 便携 组合 神器,0
我用 小尾巴 直 推,0
听 流行 心理 价位 看 销量 目前 听 流行 人 多数,0
现在 床头 搞 平衡 线 回来 接挺 流行 图 听感 舒服 换个 人声 味道 真的 不错,1
不 支持 支持 还 真不错,1
问题 不是 胆管 问题   不 适合 推 歌德 低阻 耳机 问题,0
欧博 东西 偏下 盘 说实话 不,0
更换 传说 中牛 逼 哄哄 贵族 仿西电 贵族 整流管 后 声音 还 我块 买   是不是 不 适合 机器 歌 管子 不 适合 推,-1
只能 说明 买 假 管子,-1
加周工 绑定,0
建议 原来 升级 后 音质 提升 很 明显 功能 反应 快,0
直接 买,0
圈子 小 闲鱼 淘时 遇到 卖主 很 牛 没 说 句 句 去 别家 不送 去 站 科普 时 关注 很多 博主看 撕 逼 大战 时 发现 有个 博主 居然 闲鱼 卖家 整了 半天 界 几个 人,1
嫌 刺激 换 耳机 高频 量大且 过亮 特色 刻意 压制 高频 好比 霸王龙 改 去 吃素 换个 耳机,1
  欧在 买到 全新,0
即可 非 出门 得瑟,0
喜欢 听 好像 歌德 耳机 强项,1
一体机 好 电路板 上 放大 线路 逊色 独立 放大器 推荐 使用 电子管 放大器   不是 小巧 一体机,1
一分钱 一分货 两 毛钱 两分 货,0
耳机 决定 耳朵 好不好 听 音源 放大器 决定 听 多久,-1
放心 千元 内 耳放 推 不到 六七成 老三样,0
多此一举,0
不 信不信 机 内 时钟 始终 会 走 加 界面 加钟 转 同轴 这条 道 上,0
请问 已经 玩 万元 线 不 考虑 数播 专机 不 可能 普通,0
学习,0
强烈建议 剪 一条 看看 到底 何方神圣,1
穷烧 瑟瑟 发抖,0
学习 喉宝 家 碟机 界面 未必 会 用得上,0
还 没有 听过 一万块,0
,0
打游戏 监听 耳机 声音 粗,0
关注 塞尔 看 糊里糊涂 音源 搞 四五个 东东 不 晓得 到底 回事,0
关注 只播 本地 资源 同价位 下 传统 数播 这类 网播   哪种 强,1
个人感觉 赛耳之声 更 谱 两个 老总 都 华为 出来 技术 大佬,0
歌德 没有 棉被 味儿 低端 一点点,0
降噪 很 一手,0
家 蓝牙 耳机 专用 硅胶 耳塞 套 很 好,1
买         低阻 低敏 声音 耐听 推开 低音 很 强 小尾巴 听听 人声 不错 音量 调大,1
价格 有点 高 之外 都 挺 好,1
目前 推个 成 声音 偏暖 素质 一分钱 一分货 佩戴 无敌 非常 舒适,1
不 懂 帮顶 个人感觉 耳放底 噪 调整 电 没用 耳放 本身 设计 问题,-1
市场 饱和 市场 大,0
轻度 谷津 用户 报,0
是不是 应该 躲 角落 静静 听歌,0
谷津 嘿嘿,0
其实 没 必要 看 有没有 文章 没有 文章 销量 正好 说明 东西 不错 都 懂,-1
推 还 蛮 不错 低 阻口接 还 挺 好 推 完全 不行 不耐 听,-1
信号 损耗 功率管 小 多用 几十年 大有人在,0
预热 分钟 左右 就够 开听 半小时 后 声音 基本 没什么 差别,-1
苹果电脑 款,0
贵点 看看 鸡线 二手 以内,0
楼主 可否 谈谈 木声 差异 坛子 里 品牌 讨论 比较 少 涉及,-1
整个 系统 搭配 升级 过程 中 玩过 人才 深有体会 某坛 一线 定 生死 大佬 结论 着实 初烧 高山仰止 其实 论调 却 背离 烧友 追求 简单 务实 音乐 初衷 简单 快捷 出好声 结合 听音 观 总体 系统 搭配 大方向 无误 即可 发烧 没 玄乎,1
整个 系统 搭配 上 遵循 木桶 效应 搞清楚 系统 上限 下限 推 搭配 一体机 只能 打脸 有没有 做好 升级 独立 解码 预算 徒劳 解码 系统 权重 最大,1
晶彩 批发 回来,0
线材 厉害,1
发烧 过程 经验 积累 过程 应当 享受 过程 保持 学习 态度 该交 学费 总是 要交,0
主要 只能 听过 才 悟,0
这种 身体 不 方便 人   不要 说 展会   想 去一趟 外省 都 费劲   发烧 真的 太难,-1
要求 平衡 输出,0
二手,0
青真 解码 耳放得 赶快 下手 晚 没 闲鱼 里,0
丹娜,0
,0
羡慕 有钱人 买买 买 按排 一下,1
集齐 木碗 节奏,0
好 推 不 容易 出 恶声,1
无脑 推荐 二手,0
不满,0
推力 搞不定,0
听 流行 不 适合 听 流行 金 平面 比较 谱 灵敏度 低 应该 找个 欧 推力 有个 以上 一体机,0
没说 价位 真 男人 新出 一台 估计,0
搞个 解码 加个 灵音 一体机 推好 还 挺 难,1
搞套 有染 耳放 声音 比较 偏 白开水 胆机 不错 很 开心 补补 低频,1
感觉 可能 重量 会 影响 振动 方面 影响 不会 很大 听 看 没 太大 效果,0
挖 铝 一体 外壳 巨大 环牛 两个 重 都 不用,1
机器 电源 散热 部分 想 做 好 真得 有点 重量 才行 部件 重量 关乎 寿命 上限 极端 条件 稳定性 单纯 从用 测 看不出 区别,1
重点 好 同样 用料 重 避震 效果 会 好 一点 声音 稳定性 好 主要 看 设计,1
重量 唯一 优点 上 粗 电源线 不会 翘头,0
开心 好,1
黑人 问号,0
压环取 下,0
修 不了 淘宝 官网 买 新 换上 就行 记得 一定 买 原装 取下 耳罩 东西 撬下 取 下压 环 滤音 棉取 下来,0
压环 内圈 指甲钳 上 片 后部 插进去 拧 开 话 说 会破 平时 没事 不要 动它 根本 不会 脏,0
基本 做人 道理 人 第一位 一事 当前 恶意 物质化 东西 放在 第一位 还 人 老 长衫 孔乙己 不是 很 好 什都烂 还 不 懂 打开 还要 求助 等于 宣告 白玩 多年 宣扬 出来 好听,1
七楼 傻 语无伦次 难道 这是 常常 轰 交响 后果,-1
乘积 鬼,0
推低 阻高敏 耳机 的确 明显 电流 声 铁三角 插上 电流 声 差不多 算是 专用 耳放,-1
不 懂 恰好 发现 同一个 耳放 不同 耳机 电阻 电压 值 基本 越 高级 耳放 值越 大 认为 值 体现 推力 以后 不用 听 店家 大神 瞎掰 耳放能 推动 推不动 参数 说话,1
数值 淘宝 上面 商家 产品 参数 越好 产品 数值 越大,1
支持 一下 新手 来说 参考,1
支持 一下 杰大 真是 入门 利器,1
比奥 莱尔 略 好些 奥 莱尔 声音 平庸 推 不错 声音 力度 不 毛躁 整体 算是 不失 细节 轻松感 买 时 一千 出头 现在 已经 降到 现在 全新 才 不到,1
大众 商品 小众 整个 市场 运动 品 市场 零头,0
消费者 产品品质 优先 国货 做 好 市场 自然 会 自发 支持,1
体育用品 属于 大宗 消耗品 三年 坏 小众 耐用品 没有 可比性 整体 研发 能力 乃是 有限 不 可能 一步登天 踏踏实实 过日子 才 正道,0
慕洋 心态 很 严重 国产 不好 块钱 鞋 质量 竟然 差   那块 鞋 非要 比块 洋鞋 说 块 鞋 不值,-1
火个 屁 信息 渠道 闭塞 产生 幻觉,0
耳塞 只 听 不 炒,0
其实 仔细 看 李宁   安踏   鸿星 尔克 国货 都 会 发现 仿 耐克 勾子   当年 注册 实际上 都 刻意 擦边球,-1
毛子 耳机 多重,0
新版 太丑,0
新版 头戴 看来 缩水 豪华 木盒 没,0
戴过 一次 老 版本 一瞬间 感到 非 脖子 承受 之重 摘下来 一看 发现 头梁 两块 铁块,0
楼主 这代 推低 阻 耳机 感觉 会 不会 太 大力 音量 开到,0
价格 做到 还好 性价比 太高 性价比 已经 很 高,1
可能 潜力 更大 更 极端 平庸 方向 调 调,0
正在 三代 听贝五 感觉 还 不错,1
办公室 听 交响 满足,0
欣赏 不是 监听 交响 日系 封闭 比较完善 声学 设计,0
感觉 小 音量 下 封闭式 听 更 清楚 尤其 听 独奏 小品 感觉 比较 静谧,0
先换线 喽 按理说 不至于 这种 听感 会 暗 厚 不至于 背景 不够 黑脏 联系 一起,0
不用 平衡 这耳放 平衡设计 推 平板 要开 高增益,0
平衡 效果 真的 不好,-1
平衡 这放 很 力 说 没 感觉   再贵 没用过 反正 目前 用来,-1
    解码 试试 听 感会 好 很多,1
之前   推都 推不开 换 后   都 不在话下,0
好文 收益,1
两个 都 买 没货 很 好,1
顶帖 占楼,1
影响 巨大 玩 音源 玩 去掉 还 玩个 毛,0
解码 驱动 觉得 不 听 硬解 更 稳定,0
音量 开 不是 常规 操作 调 音量 比调 系统 里 音量 强多,1
高登 钰龙 很多 机器 都 不配 遥控 麻烦,-1
台机 主要 用来 接机 一类 硬件 转盘 性价比 差 操作 渣 一大帮 斯德哥尔摩 无脑 吹 整天 拼命 起哄,-1
编号 螺旋 锉 手刻 牛,1
本人 朋友 两只 这三只 声音 都 不小 差别 相近 号段 说 不是 粉 建议 看看 牌子 比较 谱 眼睛 版 基本 两种 调音,-1
手上 描述 这支 情况 很,0
人声 散 说明 单元 老化,0
拜亚 家 能少,0
怒 酱油,0
喜 低频 那天 听震 死,0
可能 好点,1
引用 第楼   发表   耳放 选择 小 刺猬,0
引用 第楼   发表   耳放 选择 小 刺猬,0
多谢 楼上 帮顶,1
素质 三者 中 最高,0
请 买,0
太贵 话 说 网上 说 声音 过于 直白 回事 适合 推 耳机 对底 频有 要求,-1
比较 好,1
引用 第楼 鱼 买醉   发表   耳放 选择 小 刺猬,0
小 刺猬 应该 价值 不菲,1
三个 都 听 能够 调 增益 比较 好玩 小 刺猬 下 乐感 都 非常 不错 路子 比较 不错 搭配 中高音 刺耳 选择 小 刺猬 声音 对比 上 两个 有点 薄 冷 不是 路子 没什么 感觉,1
稳,0
交响 选森海 小 编制 独奏 选   拜亚,0
古典 大 编制 森海 的确 最 理想 选择 音源 过硬 增加 点 预算 上 音源 上,0
不 合适 宇多田光 欧美 流行 还 行,1
贵 东西 不要 盲 狙,0
不会 翻车 人声 没有 问题,0
东西 地板 很 高 天花板 很 高 不 容易 出 恶声 要出 很 好 声音 好好 伺候,1
听 楼主 曲目 顶多 侧翻 不会 全翻,1
好听 不 折腾 不会 翻 折腾 没有 太 大 意义,-1
之前     不好 听,-1
只谈 声音 最,0
实际上 域名 自有 论坛 系统 建立 年月日 现有 用户 帖子 数据 都 是从 留存 月 日 月初 免费 论坛 系统 别人 二级域名 换 一次 很 不 稳定,0
仅 管理员 晚天 膜拜 论坛 元老,0
玩 十几年 随身 元老 很 熊猫,1
膜拜 大佬,0
号,0
厉害,1
长期 失踪人口,0
本来 更 早 注册 记得 以前 游客 身份 看帖 游客 很久 才 注册,0
年 注册,0
看看,0
十几年,0
没 做到 位 声音 好不好 听 应该 没 关系 不 到位 不 出声 接触不良 属于 质量 问题 线 都 老老实实 焊上 不 存在 没 到位 现象 不要 被害 妄想症 单纯 做 慢,-1
楼 主脑 补 能力 真的 强,1
担心 买 产品 去 定制 美国 线材 几个 月 都 很 正常,0
预告 看,0
校长 回复 说 人民 功放 调音,0
翻箱倒柜 找 出来 听 听   说实话 真的 很 压回 箱底   只能 说 价位 上 不错 声音 均衡 干净 平面,1
本来 着重 关注 后来 看 很多 测评 说 氛围 感 好像 故意 加 混响 咬咬牙 加钱 上 矩声 不 知道 多加 几千块 是不是 冤枉钱,1
解析 大气 非常 特点,1
草医 热度 够 听 草医 一体 和歌 诗德 没 听 老 黄 鸽 一天 一天,0
动态 最大 低频 速度 快 更 干净,1
买台 直接 推大 耳机   至少 少 走 很多 弯路 声音 还 不错 起点,1
选择 放弃 台式 大耳,0
玩 传统 机加 耳放加 耳机 声音 最好,1
先用 搭 不好 台式 系统 很 难听 台式 系统对 周边 要求 二是 手里 塞子 夏天 塞子 听 起来 舒服 考虑 换 平头 塞有 老烧 嘴 臭 耳朵 聋 推荐 冷门 玩意 觉得 难听 还 不好 出 二手市场 硬通货 好 收好 卖 不 喜欢 出 乾龙盛 售后 非常 好 服务态度 默秒 全前 玩家,-1
有个 兴趣 没,0
其实 不是 大力 出 奇迹 反而 需要 一定 力 歌德 不要 面子,0
意思 鼓励 大家 拖 等待 系统 确认 收货,0
顶顶,1
推好 需要,1
元 左右 转盘 左右 独立 解码 左右 数字 转盘 剩下 线材 电源 就行了,0
玩 银子 程度 都 没有 主动 辨别 能力 废 先 搜索 好,1
真的 很强,1
乐圣 线 不错,1
独占 好事儿,1
其实     解码 不是 越贵 越 好   反观 国外 雷货 更   解码 整套 系统 比重 不是 首要   个人感觉 不是 专业     解码 满足 使用   不喜 勿 喷,1
不是 有个 参数 吊炸天,0
哪有什么 最佳 最 喜欢 问 这种 问题 永远 没有 统一 答案 只能 去 试听 买来 试,1
感谢 楼主,0
几天 正 研究 研究 完 一起 入手,0
正在 研究,0
非常感谢,0
感谢 再有 中文 输入法 无敌,0
非常感谢 直接 去 网站 下 俩 文件,0
谢谢 楼主 存在 乱码 问题 已 保存 格式 直接 转 修改 后 好多 不能 播放,1
运行 老 提示 超时,0
这是 神马,0
无限   中 等待 明天 达 人 上线 答疑 解惑,0
想起   欧 帖子,0
发烧 设备 听歌 本来 不是 必须 发烧友 玩 器材,0
好像 开 声场 杜比 音效,1
手上 好几 台 音质 剧本 都 垃圾 轻薄 工作站,-1
恩 多谢 建议 下 一步 决定 先 搭建 像样   现有 设备 条件 下 舒适 听音 操作 环境 更 重要 不必 急于 升级 解码,-1
接触 片 关键,0
直接 找 国家电网 要根 电缆,0
光 隔离 滤波 好用,1
卖贵,0
谢谢 频响 帝,0
测试 仪器,0
实际 听感 有时候 数据 不 代表 听感,0
苹果 经典 充电 头 表示 不服,0
牛 逼,1
楼主 老兄 看上去 很 专业 学习 谢谢,0
话 放在 级别 算 不错 起码 马头 好多,1
稳定 天下第一   用来 编曲 必须     羚羊 驱动 蛋疼 音质 毋庸置疑,-1
人声 很 好听 中正 流畅 搭配 不 打算 升级 耳机 花 退烧,-1
印象 中 没卡过 同门 师兄弟 应该 不差,-1
到处 不同 品牌 价格 耳机 做 评测 人 最 清楚 估计 人 说不出,0
简单 一句 话   贵 耳机 不 一定 好好 耳机 一定 贵,1
银彩晶彩 主要 优势,0
说 咸菜 上 投入 倍 价格 听 感上 最多 提升,-1
楼主 还少 写 一条 加 电池 盒,0
导电 特性 不同,0
漏音 严重,0
变成 开放式 中频 密度 一定 会 提升 毕竟 段 频率 能量 波受 空气阻力 影响 非常明显,0
笔记本 支架 亮 返璞归真 便携 蕴含 丰富 知识,0
感觉 普通 版 味道,0
楼主 有没有 感受 原站 站长 提到 频响 不符 高频 问题,0
专业 好文 用功 放 怼 听边 逛 论坛 看 楼主 好文,1
都 月末 一点 影子 都 没有 很 期待,0
早期 美国 产新 包装 越南 产 越南 产有 两个 灵敏度 版本 后面 版本 频响 坐标 切掉,0
新版 都 切掉 看来 卖掉 后 调音,-1
价位 数 播音 质 差别 不大觉 聆 相对来说 操控 更 方便 用数播 很 重要,-1
工业 线材 线材 区别,0
同样 产品 沾边 价格 都 翻 几番,0
不 发热 内阻 低空 载 负载 电压 差值 小 好 牛,-1
工业 洋垃圾 摇身一变 隔离 牛 价格 翻 几倍,-1
医用 工业,0
工业 特定 使用 场景 设计,0
好奇 能否 一战 手头 唯一 次 旗舰,1
基本 以内 无敌手,0
曾经 马兰士 用户 听 古典 必须 换掉 会 惊喜 预算 不足 选 二手 系列 吃 音源,1
艺雅小七,0
了解 一下,0
顶 群主,1
帮顶 外观 显示 界面 矩声家 一贯 高 水准,1
试听 作业 交,1
国产货 里 真的 做 不错 声音 产业 必须 努力 永远 追求,1
分享 链接 已经   失效   麻烦   重 放 一下,-1
看 唱片 类型 玩 数码 下载 不要 追 土豪 硬件,0
没有 便携 需求 建议 出掉 买 台 二手 一体机 提升 很 好   都 玩大耳 不要 高价 便携,1
飞傲 新 机器   不要 期待 下线 芯 电源   用料 不 知道 调音,0
一千多 搞个 国产,0
一体机 里面 一代 二手 收个 成色 好 一点,1
目前 音源 电脑 树莓 派,0
,0
国产,0
树莓 派 装个 不 不用 开 电脑,0
树莓 派 爽歪歪,0
搞组 电动车 蓄电池,0
排 插 不 太 建议 估计 插座 镀 铑 接 上面 听 声音 有点 薄 方面 没 问题,0
欧 推好 不好 听欧 推 不太好 听,-1
雀 劲 很大 不 代表 推得开   固定 价位   没得 选择,0
放个 于魁智 试试,0
童丽 属于 电子 乐   那压限 激励 高 要命,0
年 不敢 听   童丽 感觉 设备 听 童丽像   铁锤 砸 蚂蚁  ,1
听童丽 像是 逛 青楼,0
听童丽   妖 上加 妖腻 都 吐,0
可能 听 童丽 印象 不深 听 地方戏 以为 适合 原因 写 帖子 说,0
人声 没有 这种 圆润 听 起来 生硬 不 属于 甜美 娇媚 那种 说不上 苍白 有点 过于 严肃 正经 听 人声 感觉 有点 端 感觉 习惯 好,1
价位 都,0
黑椒 玩意儿 调教 很 重要 有点 类似 摄影 器材 档次 基准值 有用 牛头 拍 出渣 片,1
现在 都 好 唱片 时代 选唱头 宝石 针 针头 形状 应该 讲究,1
设计 都 太 新潮 这种 人 喜欢 老古董,1
淡定 新 产品 大都 支持 玩,1
通用 音频 驱动 很强 适配,1
亲测     接 解码 没有 音质 好 前提 不要 接 乱七八糟 外设,1
录音   混完 听 知道 为啥 贵   号称 录音棚 标杆   绝对 不是 浪得虚名,0
名气 大,0
东西 好 还 缺货 能不贵,1
建议 换,0
其实 直 推 差不多,-1
欢迎 加入 大军,0
恭喜   笔记本 直 推 安心 退烧 即可,-1
零 回复 惨案,0
想 声音 好 灯 音量 一定 要调 最大,1
反驳 别人   试图 站 角度 想 问题   矛盾 会少 很多,0
界面 很 好,1
当年 老烧 认可 好 搭配 不是 不无道理 早出,1
某家 客服 说 他家   一体机 驱动 好   看个 热闹,1
淘宝 看看,0
最 便宜 德行 国行 一般来说 德行 国行,0
谢谢 楼上 几位,0
谢谢 德行 便宜 些 不 知道 可不 可靠 售后 有无 问题,0
现在 不 知道 之前 单线 版 貌似 便宜 一根 线差 一千多,-1
实体店 刚 收入,0
拆 耳罩 编号 里面,0
编号 耳罩 内侧 包住 楼主 收藏 盒 外包装 纸盒子 上面 贴 粘纸 上,0
能用 太贵 一百块 考虑 换 凑合着 塌陷,-1
一对 罩 够买 副 网吧 耳机,0
淘宝 花 换 一对 挺 好,1
就算 手机 没有 耳机 孔 家里 没个 笔记本,0
请 插 号 平衡 中间 插 单端,0
德国 机子 重 保守 中正 大气 稳健 英国 机子 重 中频 耐听 韵味,1
国别 开脑 放 不 可取 各家 各家 特色 瑞士 机 说 说 高文 天琴 达 萧 共同 取向 这是 没意思,0
日本 重,0
我国 听 出 数字信号 不同 线材 上 传播 区别,0
评价 根本 不着 没有 听过 不要 云,0
喜欢 德系,1
官方 升级 风险 非必要 灯 增益 音量 调 最大 声音 最 通透,0
论坛 翻翻     记得 进 设置 界面 后   拔 插头   按住 大小 旋钮   进入 升级 界面,0
翻   没有   百度 里 没有  ,0
耳机 本来 多元化 东西   不要 不同 品牌 不同 价格 去 对比 非要 去 对比 走 路 太远,0
怀念 刚 还 折腾 换 运放,-1
听 两天 发现   套用 听 小提琴 独奏 钢琴 独奏 超赞   听 超烂 改明 收个 听听看 会 不会 惊喜,1
占楼 更新,0
知道 中低端   拆开 看 真 解毒,1
老外 高端 机器 都 不经 看 以前    ,0
老外 卖 设计 调音 喜欢 堆料 国产,1
帮 顶楼 主 热心人,1
帮 顶楼 主 热心人,1
差距 大,-1
这种 嫖个 一段时间 基本 不亏 出 真 不,0
看 人要 交税,0
看来 小 误解 机器 是不是 单端 平衡,0
同款 机同款 机架,0
最 重要 高频 丰富 偶次 谐波   人声 女声 空灵   语言 难以形容   最 觉得 胆机 有点 意义 仍 一点 留恋 地方   不 需要 贵   胆机 本来 素质 不高   不用 夸   低频 不猛 特点   说   用处 声音 空灵,1
初烧 萌新 觉得 下 好听 耳机 留下,1
最近 买 初 入门 跟着 别人 学着 换,0
还管 音频 转换,0
手机 请 随意 不 影响,0
三条 暂时 还 没有 出现 问题,0
有个 手机 音质 测评 区多 看看 好多 手机 型号 都 问题,1
选 支持  ,1
往上升,0
神雕 调节 版 适合,0
试试 敏力 星 铜线 不糊敏力 很多 牌子 代工 做工 挺 好,1
白 金星 类似 价位 线 试试,0
白 金星 密度 极高 认为 线 不行 系统 上 找 找 原因 可解,0
不必 非得 线 得到 想要 声音 整个 系统 还 调整 多试试,0
富佬来 看 基本上 说 没差 白 金星 会不耐 听,-1
不 知道 没用过 正经 电处 至少 标注 不同 频率 降噪 能力 没有 参考 电源 情况 下 折腾 线材 很 容易 抓瞎 觉得 线 问题 大部分 情况 电 问题,-1
喜欢 肉桂 调音 想要 更高得 素质 预算 最 直观 想法 上 钻石,1
牌子 收腰,0
还 鸽要 月,0
这两台 选 推荐 红芯 之前 用糊狗 谷津 数字 同轴 到糊狗 手机 到糊狗 简直 两台 机器 感觉,0
红芯 感觉 更新 下 尺寸 做 小点 不好,-1
上个月 才 入 成溪 闲鱼 上入 全新 代理 入 成溪 总部 发 货该 卖家 老骚 闲鱼 上 卖 黑胶 唱片 碟 建议 我入 普通 晶振般 版本 不 建议 入 蓝牙 考虑 蓝牙 方便 加 蓝牙 到手 相当 满意 后面 接 李工 英国 之宝   解码 都 很 好听 机器 灯光 晚上 很漂亮 声音 不错 师旷 不 说   块钱 闲鱼 处理 别人 红心 没用过 不 知道 红心 贵 很多,-1
听 古典 买森海   三代 适合 流行,0
需求 直 推比 好多 斗胆 说 一句 直 推能 入耳,1
拜亚 已经 式微 单 乐器 试试 二手 保小 乌换 大 乌 耳罩 小 乌 一起 出 条件 再换 根好线 会 发现 小乌 调音 耽误 好 器乐 耳机 别买 一手 亏死,1
不 选择,0
人云亦云 评论 简直 荒唐 不是 坏 傻,0
试试 极致 声音 中正 自然 听 古典 很棒,0
已经 出 第三代 现在 代在 玩,0
海飛茲 別談 音質 不 存在,0
请问 北京 去 试听,0
王   皇   宗   这种 港台 人 特别 喜欢 称呼   声音 好不好 不见得   价格 大大的 好,-1
机子 很漂亮 照片 拍得 很 糟糕 评测 不错,1
入手 一台 黑色 声音 不错 推大乌 不再 石机 胆机,1
去年 北京 音乐节 听过 印象 很 好,1
想 知道 不能 推,0
灵敏度 单位根 品牌 不 换算 成 灵敏度 小 推力 下 声音 不差,-1
当年 收 听 两个 月 出 掉,0
帮顶 一套 能留 年 人 挺 厉害 认识 人 中见 人 中高级 系统 完整 年 以上 不动 人凤毛 菱角 不会 凋零 所谓 曾经沧海,1
十年 才 憋 出 几个 字 只能 说 帖 不火 是因为 字数 问题 主题 很棒 帮 大佬 顶,1
耳机,0
十年 不 坏   好机,1
帮顶 牌子 讨论 非常少,1
家庭影院 买个 一体 功放 凑合 就行了,0
新版 重,0
算是 极致 人声 耳机 里 性价比 选择 价格比 便宜 几千 大乌 一半 吃 推力 几个 国产 万元 放 都 推得 还 建议 搭配 高 透明度 中性 耳放,0
克 以内 绝对 棒棒,0
新版 算不算 官方 打脸 还 坚挺 销售 基本 销声匿迹,0
平板 归零 风险   便宜 试试,0
都 已经 版本,0
拥有 木盒 初版 没 必要 入版,-1
没 必要 直接 上,-1
拆开 瞧瞧,0
宝碟 解码 打得,0
最好 完结,1
楼 说,0
大家 觉得 金丝雀 奥 莱尔 更 适合,0
楼 说,0
一体机 推 二手 一代 推 很 不错,1
用过 天籁 仿推 声音 还 不错,-1
需要 上 低阻 歌德 加都 提升,0
超一 超能 搞定     最近 准备 整台 机器 专门 跑,0
到底 好 好,1
声音 走向 蓝牙 界面 千 数播 对比 说实话 不怎么 信,0
联动 印象 开 电脑 城里 店面 不 大 略微 有点 吵 台式机 可能 放不下 太 耳机 倒 不少,0
挺 小 店森海 那家 试听 整体 环境 好 很多 都 森海 东西,1
楼主 耳机,0
发帖 时间 都 去 尝试 一下,0
人能 随机 挑选 二组 实验 老鼠 中 发现 一组 另一组 聪明,0
,0
,0
没,0
中老年 人士 先报,0
韩国 日本 萌音 嘈杂 可怕,0
调音 老成持重 动态 气势 不输,0
热血男儿 从小 应该 听   葫芦娃 黑猫 警长 喀秋莎 神圣 战争 大刀 进行曲 歌曲 里 经历 血与火 洗礼 不 应该 听浮 糜 奢华 流行音乐 这是 弱志 行为 减弱 意志力 越 听 越娘,0
森海 调音 御 三 家里 最 成熟,0
之前 现在 听 古典 中老年 人士 报到,0
同一 首歌曲 下 不同 歌曲 下 感受,0
发烧 折腾 抽烟 还 说 穷 穷 都 戒烟,-1
家有 熊孩,0
原创 胆机 都 做 蛮 不错,1
请问 换管 后 人声 听感,0
这么晚 还 写 抢个 沙发,0
感觉 白色 橙色 都 挺 好看 黑色 看起来 没什么 感觉,1
前 级 功能 还 没试 前级 功能 不错 算是 能用 前 级 声音 听 解码 自带 都 强 不 知道 前 级 功能,1
大佬 说 说,0
打算 换 一条 银线 好好 调教 下 这支 耳机 身上 看到 越级 打怪 潜力,1
佩戴 舒适度 秒杀 老三样,1
推好 声音 相当 辉煌,1
楼主 收到 几天 找 二手,0
不是 还魂,0
放 晚上 音乐 早上 起来 插 耳机 口 听 听 声音 柔润,0
刚 到手 会 觉得 有破音 特别 推力 不怎么样 机器 直 推,0
西装 加 升级 线 听 真的 很 不错 价格 上 水平 需要 投入,1
佩戴 确实 超级 棒,0
倒 挺 配国 砖 推得 很 好听,1
听 确实 很 平庸 耳机 耳朵 听 完 差点 直接 退货 去 索尼 信仰 忍 持续 煲机 小时候 才 发现 这货 绝对 好 声音 性价比 低 点 前端 低频 下潜 不深 很 力度 听 大鼓 很 感觉 声场 半封闭 开放式 耳机 很大 差距 器乐 位置 感 定位 很 准确 款 耳机 不失为 旗舰级 多煲 随身 便携 很 好,-1
煲 煲     变成   真是 划算,0
大 早上 见鬼,0
几天 要愁 死 准备 上 顶多 上 随身 放 搞定 说 低频 很惨 中频 薄得 很 看 上 想想 以后 上台 也许 周年纪念 版 不错 卡 达斯 平衡 线多值 厚声 流行 应该 应付 关键 欧 不 上台 没法 听,-1
说实话 听 流行 之前 有过 三年 入 白牙 坑后 有点 心理 阴影 说真的 味道 没有 一丁点 留恋 留下 都 不好 印象 年前 南京东路 听过 耳朵 带 直 推 满格 才 出声 有点 无 语 没有 一点点 感觉 字 闷声 场窄 估计 没 推好 反正 没 毒 还 第一 耳朵 现在 发现 只能 听听 小 编制 电影 原声带 起码 比好 太多 流行 不好 听 听 流行 最 日 韩 国语 女声 都 听 啥时候 时间 真想 去 试听 下,-1
第一批 用户 明确 告诉 不保 小时 以上 听 不到 真正,0
撸 主 玩法 来看   只 发挥 潜力   忠告   不 舍得 花 几万 投资 功放 数字 转盘 级别 咸菜 就别 浪费 精力 评价,-1
推力 不够,0
套 非常适合 听 流行 基本 够用 要求 高 老老实实 上 大家伙,0
高登 这套 声音 真不错 都 当场 掏钱 冲动,1
这次 带 去 试 耳放 听到 金 平面 铝带 惊艳 声场 气势 比强 声音 密度 细腻 度 世纪 格雷 那套 推 不算 好,1
试听 耳机 耳罩 都 掉皮 成,0
当时 觉得 推不动惠威 大耳惠威 人员 亲口 承认 大耳 完成度 仅 左右,0
楼主 听 梵 对比,0
图 基本 看 不了 大佬 看图 地址,0
逛 展会 写 这种 文章 很 累 大佬 点赞,1
早就 发现 相信 线材 改变 声音 发烧友 都 会 相信 这种 改变 手机 录音 体现,0
固定 钢圈 还 调整 不是 不能 调,0
可能 不 需要 区分 两边 线 都 输出 立体声 信号 耳机 腔体 内部 可能 都 只 需要 声道,0
耳机 单元 之分 线 没有,0
树莓 派用 牌子 网线,0
收藏 起来,0
现在 问题 都 找 不到 鼠莓 派 反而 虚拟机 随便 找到,0
收藏,0
支持,1
收藏,0
收藏 多谢 楼主   上,0
听 下来 感觉   原线 更 保留 米饭 味换 线   味道 挺 大 可能 保不住 我换 垃圾 宝 侍魂   中频 顺滑   相应 味道 少 不少,-1
原线 没 容易 折,0
小白 没有 动手 能力 不 知道 能换线,0
转接 完 单端 不同 是因为 脑放,0
转接 会 不会 存在 短路 问题 不会 耳机 耳放烧,0
觉得 不是 脑放 耳机 插 单端 上 感觉 没有 口 好听 不是 很 科学,1
看 帖子 终于 相信 脑放 确实 存在,0
,0
好像 不 搭配 推力 大点 试试,1
好听 一批,1
竟然 上 放 后面 转 平衡 上面 放 都 强,1
基本 很难 搭 好 耳放 感觉 推 不错 来个   小 胆机,1
配   完美,0
请教 楼主 支架 红 圈圈 出 出处 最大 竖 放多厚 设备 方便 支架 购买 链接 发个 私聊 发公频 都 谢谢 最近 想着 竖放 耳放,0
同轴 带 隔离 信号 要求 极高 必须 大厂 信号 比较 好 锁定 同轴 不带 隔离 信号 要求 低 声音 素质 低 试试 带 隔离 信号 容忍度 低,1
银乌 真的 一副 偏暗 耳机 很 不 理解 评测 说亮 声,0
不是 好 推 随便 插 都 不会 太 恶声 建议 试试 大 电流 耳放 会 发现 豁然开朗 单元 限制,1
听 感蛮 通透 佩戴 非常 舒适 舒适度 感觉 二代 差不多 很 轻 很 轻 永远 不会 感觉 夹耳 可能 耳罩 塌 人声 比近 比较 贴耳因 工作 关系 每天 上班 使用 耳机 差不多 七八 小时 工作 专用,-1
广告位 出租,0
厉害 支持 下,1
强帖 留名 顶 起来,1
感谢 分享 改动 类似 去掉 相比 添加 的亥姆 霍兹 共振 腔,0
厉害,1
目前 手头 没有 二代 没 办法 做 测试 建议 楼主 对比 下 高频 是不是 原来 更暗 低频 量感 更,0
谢谢 大家 帮顶 不 回复,1
人声 大 乌 级别 价位 非常 恐怖 存在,0
推 三百 欧 还 六百 难,0
建议 胆机 真的 以前 不 适合 石机 推过 不 合适 石机 推出 悲剧,1
玩 笔记本 过硬 万元 听响 千元 到位,0
打广告,0
楼上 音乐 不好   不 支持 串流 播放 机器 蓝牙 似乎 问题 手机 上 死活 不 出 声音,-1
推好 再 谈 低频,1
包邮,0
我用 加 乂 度 推 打开 增益 低频 感觉 还 不错 整体 声音 没有 那种 通透 感觉 听 流行 还 听 交响 拉稀,1
低音   飞机 轰鸣声 火车 地动山摇,-1
记得 低频 不多 才 低频 轰炸机,-1
低频 量 感 偏少   弹性 特别 好   干净,1
硬件 版   有点 意思 出 软件版,0
压缩器   用不着,0
前排 靠近 鼠 老板 请问 静电 味 浓 黑豹 推好 不,1
黑豹 一点点 动心,0
黑豹 出 街 使用 很 方便,0
帮顶 极致,1
应该 发 随身 区,0
印象 中 静电 耳塞 极致 最早 推出,0
谈 推力 都 不谈 推 歌 流行 爵士 歌 不 需要 太 大 推力 便携 推得 很 好 摇滚 交响 推 很多 拉二用 便携 根本 推不出 上 台机 力度 出来 歌 根本 不 需要 太 大 推力,1
推开 容易 推好 难 曾经 价位 奥 莱尔 平衡 口 推推 很 开 声音 粗 难听 同样 平衡 推 非常 精致 电流 太大 推 这种 中高阻 会 推 小提琴 柔美 声音 没有 韵味,-1
电源 反向   不是 滤波 问题 影响 很大 负面,0
日常     耳机 口直 推 耳机 口 不是 解码 重点 姑且 算个 一体机,0
声音 偏冷 声场 不算 大耳放 部分 比较 出彩 打开   玩 相当 不错 唯一 郁闷   模式 下 不 支持 平衡 耳机,1
几百块 钱 功放 口 用来 推 保证 推力 够 够,0
颜色 还 算 和谐,0
魔雷 单元 喇叭 声音 很 力度,0
没 铝带,0
其实 潮汕 佬 跑 去 英国 开 公司 国产 控股 拉,0
手里 套装 体积 小巧 声音 不赖 楼主 有点 得意忘形 好 器材 很多 没有 天差地别 声音,-1
编号 不错 成色 好像 不行 头梁 绒 都 掉 完,1
恭喜 恭喜,1
唔 知 讲 咩,0
感谢 老烧 指导 受教,0
看着 香港 人瞎写 玩意,0
很多年 前 东西 现在 很多 家 最新 方案 不,0
的确 笔者 标注 器材 年份 版本 更好,1
高价 都 买 软件 非 硬件 没 山寨,0
老版 好像 没 亮 老版 哑光感 感觉 新版 好 浮夸 感觉,1
曝光 拉长 一点 木纹 明显,0
显然 铁三角 消费者 都 不是 傻子 产量 不高 一个月 百来 长卖 这么久 真 觉得 没 两把 圈粉 刷子 坟头 草 都 三米 高 还 坚挺 现在,0
顺便 问问 有没有 大佬 知道 玩意 木壳 保养 保鲜膜 伺候 不,0
版 调音 老版 区别 不 看 淘宝 卖 日行 比国行 便宜 几百 不 知道 是不是 年版,0
比起 低端 更 接近,0
兴趣 当年 入烧 系系 耳放直 推 一发,0
不是 有个 充电 盒子,0
楼上 正 解,0
掉 问题 问题 赖 耳机,0
掏对 耳套 戴上 防 掉落,0
打个 耳朵眼 栓上 红绳,0
开 最 大声 放片,0
挽,0
直接 进 一体机 肯定 不 太行 尤其 这种 万元 级别 设备 解码 耳放 都 级 仅仅 接入 元 二手 小船 界面 都 有质 变化 还 都 机线 音源 部分 确实 很 重要,0
正常   价位 基本 都 没 大 区别 不 折腾 西装 想 玩玩 乐趣 选,-1
看 半天 楼主 似乎 店里 做 对比 很难 靠得住,0
确确实实 痛觉 一定 引起 高度 注意   建议 找 医生 看看   做个 听力 检测,0
是不是 漏电,0
刺痛 换个 器材 试试看 也许 真的 器材 漏电,0
觉得 痛 不要 勉强 去 医院 检查一下 耳朵,1
自激 没 遇见 设备 经常 会 提到 自激 这词 不 知道 滋味,0
树莓 派 电源 不要 走 口,0
树莓 派 买块 接线 电,0
人声 结像 看 录音 当然 想 歌德 平板 比是 不 可能,0
至少 一万 以上 级别 解码 人声 很 不错,1
总体 来看 器乐 耳机 结像 呈现 方式 更 擅长 表现 乐器 听 一年   认为 人声 表现 上 好 实际 这是 营造 氛围 人声 味道 染色 导致 错觉 最近 才 发觉 好 录音 下 人声 耍 半个 头 没 问题 听 不到 人声 气息 纹理 感,1
解码 数据流 必须 硬解 直通 滤波 一次 解码器 二次 滤波 声音 会变,0
偏好 少核 高频 牙膏   党 劝退,-1
放 确实 好听,1
电脑 不 下来,0
看 头型 佩戴 感 挺 好 拜亚 系列 系列 试试,1
系 夹头 最好 解决 两边 铁皮 掰 掰 行 松紧 由君,1
,0
顶头 面积 够 大 分散 一下 压力 会 感觉 比较 好,1
去 看看 森海 拜亚 网站 产品 分类 会 发现 厂商 角度 来看 监听 录音室 专业 场合 使用 家庭 使用,0
不是 同一个 系列 厂家 定 产品 体系 定位 不同,0
监听 设备 都 专业 录音室 声音 中性 直白 没 味道 东西 都 不 太 适合 长时间 欣赏 音乐家 传统 设备 比较 好,1
其实 这是 欧洲人 管用 伎俩 欧洲人 充分 榨取 一类 商品 利润 常常 这类 商品 分类 分得 很 细 很 细 消费者 理由 重复 购买 其实 耳机 耳机 好坏 之分 听 音乐 觉得 好听 用来 听 音乐 没 必要 计较 欧洲 佬 定义 类别 相似 情况 还 发生 手表 上 同一个 机芯 做 表 欧洲人 擅长 定义 潜水表 飞行 表 登山 表 时装 表 正装表 休闲 表 本质 上 都 手表 没有 规定 说 潜水表 一定 下水 才能 带正 装表 一定 穿 西装 才能 带 都 擅长 营销 欧洲人 下 套,-1
方丈 人 经常 出没 大家 谈里 耳塞 随身听 论坛 擅长 玩 塞子 论坛 人头像 穿着 袈裟 背对 动物 不 知道 拼 不 去 耳塞 随身听 板块 翻翻 帖子 肯定 看到 方丈 身影,0
应该 商家 出货 没 听 听 素质 声场 分离 度 都 至少 大 几百 水准 音乐性 不行 无法忍受 听 几十块 音可若瓦,1
每隔 一段时间 会 炒 一次 看清 规律 不会 跟风,0
没 听 推开 羡慕 中,1
高频 还 刮 耳 不怎么 解决 知道 换 三代,0
这种 耳机 其实 反而 容易 推 特斯拉 驱动 门槛 低 找 一台 解码 完事,0
輕 鬆 大 氣 柔 潤   對,0
顶帖 同问 转盘 听 还行 犹豫 有没有 上 数播 必要性,1
没 区别 不 正好 省钱,1
转到 网播 感觉 提升 很大 太 过于 折腾 直接 满足 最好,-1
体验 听 完成度 高 数播 立马 干 应该 干 事情,0
先 试试 优化 一下 笔记本 体验 一下,0
电脑 笔记本 费事 多贵 理念 去化 听 音乐,0
反正 提升 挺 明显 没 优化 电脑 就算 苹果 不,0
正经 数播 都 会 音频 优化 时钟 数字 音源 最后 声场 准确 声音 定位 都 至关重要 普通 不 可能 做到 一点,0
买 两套 估计 不 三宝 应该 不少 声场 小 可能 精音 线电,0
朋友 说 精音 山寨 山寨 精音 属实 应当 精音 都 母版 底子,0
孤单 背影,0
林子祥   敢 爱敢 做,0
奔 未來 日子,0
粤语歌 喜欢 陈慧娴 歌 好听 音色 优美 听,1
赶快 试听 看看 机器 能热到 多少度,0
顶出 新 产品 电位器 旋钮 换 机器 外形 不符,1
手机 要求 别太高 无线 便捷 优先 线材 音质 极致   加 原厂 蓝牙 模块 折腾 还 拔掉 蓝牙 插 上线 只不过 原厂 线 比较 坑,-1
直连 耳塞 好些,1
没有 说 难 推,0
推好 太 难说 毕竟 级别 耳机 前端 提升 带来 声音 提升 很 明显 只能 说 推动 要求 不高 用来 听 音乐,1
喜欢 特点 不要 想着 推成 适合 不 折腾 次 旗舰 其实 千元 一体机 解码 往往 现在 电脑 集成声卡   家专 推低 阻 耳放 玩 效果 好,-1
一句 话 铁三角 耳机 下限 上限 都 很 高 很多 大家 下限 当成 上限,0
限定版 聽 感有 以前 華麗味 嗎 感覺 限定版 應該 敢 放手去做 出強烈 風格 才,0
上 变压器 动态 会 压缩,0
很感兴趣 限量版 不 限量 提升,0
不贵 试试 知道 询电 分离 两层 铝箔 事情,0
会 改变 更 安静,0
好 贴现 高端 线 两款 实在 无法 满足 日益 增大 市场,1
楼主 购买 渠道 不能 一下 谢谢,0
好线 数字 线买厂 翻车 一次 以后 只 相信 提供   专业厂,1
高登尚 最好 线 入手 以后   出掉,1
祖传 蓝 水皮 终于 继 喇叭线 信号线 之后 进军 都 价位 选择 白 金星,0
不是 说 画面 线 世界 声音 线圣,0
,0
耳放 试金石,0
榨干 绝配,0
个人 觉得 不能 没有 实际 试 不好 说 死,-1
有损 音质 再 好 解码 只能 放 好 存在 部分 损失 掉 细节 不 可能 放 出来,1
好奇 开放式 耳机 法律 限制,1
前端 精音 手上 听感 相似 十分 好奇 到底 大 区别,1
耳放口 觉得 不行 至少 直接 听 不 下去 觉得 都 应当 找个 优秀 低 阻放 伺候,1
不好 听 中频 凹,-1
发 帖子 时不晒 设备 图片 也许 真的 音乐 追求,1
退烧 留 歌德,-1
家里 没 地方 摆 音箱,0
运气 要求 比较 高,0
的确 大 电流 纯甲 其实 类 功放 推 不错,1
品控 真的 差到 这种 程度,-1
没 入手,0
大奥 外观 好看 耳机 都 容易 中毒   好不好 听到 无所谓   外观 决定 买 不 买,-1
大奥,0
现在 再 听 不会 觉得 惊喜,1
从没 听过 好听 震撼 人声,1
占楼 编辑,0
手持 帮顶,1
支持 试听 厂家 必须 顶一下,1
都 分体 歌诗德 不 打算 再出 一体机,0
心动 心 水 太贵,-1
配置 竞争对手 新品 价格优势 挺 明显,0
改进,0
大佬 对比 以后 再 考虑 入手 现在 很能,0
估计 参考 限量版 声音,0
貌似 不错,1
国行 其实 不算 贵先 不 说 声音 这耳放 大 重 做工 好 内部 原件 极其 复杂,1
挺 好 一波 降价,1
听说 不错 身边 没 几个 人用 机子 不 清楚 据说 价格 确实 高 点,1
还 挺 想 买,0
万 搞   还 不 支持 只能 说 贫穷 限制 购买力,1
支持 一下 老黄,1
支持   想 参与   希望 机会,1
支持 老黄 改款 大卖,1
数播 出,0
看到 全 分立,0
估计 最贵 里面 找 选择 应该 不,0
开都 有时 卡顿 不 流畅 笔记本 六核 没试 不 知道 能开 不,0
软件 升频 声音 都 有点 怪怪的 不 觉得,0
台式机,0
刀,0
显卡   轻松 跑   百分之 占用,0
一起 买 不 冲突   解码   耳放,0
去 听听 湖人 感觉 风格 很配,0
咸鱼 淘 二手 一代 就行 旧版 出头 后期 去 热燥 版 左右,0
单独 万元 解码 加 应该 一体机 好,1
个人感觉 调音 钰龙 老 样子 偏软 不大 适合 听 古典,0
好 耳机 想 听 更好 声音 建议 上耳放 上 平衡,1
对比 直 推 确实,0
耳朵 不错 听会 发现 缺陷,1
直 推 确实   比好 上 台式 差距 拉开 些,-1
平淡无奇 昏昏欲睡 声音,0
调音 非常 好 硬 素质 差一点 不是 全方位 总体 很值,-1
,0
的确 不错,1
走,0
还好 老 天龙   都,1
实践 检验 真理 唯一标准,0
最后 一米 比较 重要,0
买个 带 直通 滤波 排插 不好,-1
钰龙 天鹰座,0
推荐 操作 起来 有点 麻烦 耳机 口 前级 输出 工作 听 音箱 需要 拔掉 耳机 这方面 比较 人性化 纯 解码 模式 纯前级 模式 纯耳放 模式 三个 模式 面板 旋钮 直接 切换 耳机 插 上面 都 不用 拔 插 省事 还 减少 插头 磨损,-1
上 谷津 二手,0
很 专业 文章 意义 上,0
大神 写 好 详细 他家 系列 比较 一下   芯片 玩 出花,1
  改 一下,0
屌丝 怒 跪,0
见 思神 大作 拜,0
思叔 新文顶,1
直接 上 明显 人声 机,0
台机 直 推 均衡 些 声厚些 听 感个 差不多 便宜 买 没错,-1
佩戴 听说 耳罩 浅 耳朵 不 舒服,-1
谢谢 楼上 位,0
前段 够用 声场   大 不少 横纵   解析度   高,0
年 之前 老版 之后 新版 之分 收 二手 注意,0
听听 人声 不错   冲新 性价比 有点 低,1
易用性 连好 区别 不太大 以后 升级 上 网桥 就行了 数播 更新 太快 不 值得,1
没有 底噪 万 解码 一万 不到 耳放加 耳机 线材 肯定 超万用 台式 电脑,0
使用 光 隔离 不 需要 考虑 底噪 问题,0
需求 背景 安逸 平静 国产 不 考虑,0
微机 听歌 前端 飞秒 果断 上 界面,0
是不是   比强 很多,1
欧 难 推,0
素质 碾压 不成问题 大约 压 两个 档,0
欧 振膜   才振膜 几万 几万 前端 推 好歹 花元 耳机 想 容易 搞定 不是 妖艳 贱货,1
看来 我要 搞 国产 大 推力 耳放,0
看 飞傲 平衡 口下,0
升级 都 打爆,0
相比 提升 朋友 来说 说,0
大哥 相比 强,1
素质 太高 确实 不耐 听 解析 变强 挖掘 信息 元素 越多越 难 信息 元素 串联 成 一段 和谐 乐感 信息 元素 好比 珍珠 珍珠 越多要 做成 一串 项链 是不是 难度 越 大人 耳 耐受力 仪器 买 设备 买 线材 乐感 好 才能 使人 听感 轻松 才能 久 听 下去 空有 素质 毫无 乐感 只会 人 耳朵 惊艳 二 耳朵 难受 不耐 听,-1
说 不 欧,0
失真 才 会 素质 越高 应该 越 真实 自然,-1
耳机 没 喂饱,0
不耐 听 原因 一定 不是 解析 高 失真 高,-1
别用 耳放 推,0
浪 晴 买块 浪琴 手表,0
去 试听 一下 玩法 推力 还行,0
这要 看 楼主 好 字 理解,1
没听 过耳放 总司令 本质 纯 甲类 功放,0
好几万 都 选择 适合 好,1
现在 觉得 千 以上 放 才 放,0
发觉 好 头子 都 美 标的   很久没 升级 电源线,1
线材 玩意 只能 说 觉得 提升 那就好 毕竟 花钱 不能 说 没用 我试 电源线 反正 没多大 提升 倒 耳机线 换 觉得 真心 不错 或许 设备 低端 真的 听不出 几十块 线 区别 省钱,-1
下 一步 万能 排插 换,0
机线 升级 风格 觉得 铜彩 德尔塔 电源线 价格 更 低 三频 相比 机线 都 正面 提升 很 平均,0
老叶 线 不错 不能 声音 会 很 偏向 那种 老 流行 味道,1
墙 插 美标,0
建议 先 搞 买个 好看 行,1
更 有效 开启 脑放,0
先 随便 买个 铝 面板 就行了,0
影响   换 几块 有点 不同 宁静 度 区别   现在 静神 面板 买 二手,0
哈哈哈,1
感觉 主要 好看,1
东西 只能 网播 没有 硬盘 硬盘 避震 供电 功夫 通通 都 省,0
搭配 好,1
拿来 推高阻 系统 推力 大会 压缩 结像 显得 薄 减少 氛围 感直 推 反而 内味,0
没录 好 有点 薄刺 听 有点像 一代,1
顶楼 主 福利,1
胆机 器件 太贵,-1
,0
谷津 推 效果,0
两天 老哥 贴 里 表格 不到 推 不及格,0
狗哥 不 收个 蓝 感觉 更 特色 性格 相对 中庸 点,0
喜好 强行 加 别人 头上 认为 东西 天下第一 确实 挺 脑瘫,1
先顶,1
千元 以下 隔离 牛,1
比较 再生 电源,0
一步到位 咸鱼 买 全新 万元 以下,0
推得 不错,1
官配 纯耳放,0
推荐 都 没有 人 提大 莱曼   看来 真的 过气,0
收个 二手 出头 全新 想当年 推 御用 耳放 现在 收 二手 性价比 超高,0
,0
买 二手 老胡 听 挺 好   欧,1
已经 饥渴 难耐 想换 更好 管子 现在 光头 仔 原厂 贵族 想 换掉,1
曙光 胆机 不 知道 音质,0
台式 解码,0
新无糖 甜点,0
昆山 长 看 都 昆仑山,0
要出 手机,0
意力 年 左右 认识 牌子 当时 还 知道 乐 富豪 当时 极而峰,0
某宝 卖 铝带 大概 一千多 有人 试过,0
好像 有个 牌子 做过 气动 单元 动圈 单元 混合 大 耳机,1
家 铝带 更 感兴趣 啥时候,0
看 重量 已经 直接 劝退,-1
满意 外 气动 细节 上 声音 还原 确实 给力 果断 下手 价格 来说 国内 性价比 高,0
准备 写 发现 换 耳罩 会 改变 部分 走向 对比,0
厚度 应该 找到 收藏 烧友 手上 一只 海绵 还行 量 厚度 估计 坍塌 猜测 原来 厚度 大概 是因为 面盖 长度 有点 椭圆形,0
辛苦,0
大师 耳机 都 普遍 问题 质感 偏向 一点 塑料 味 当然 味道 最小 喜欢 室内乐 尝试 气质 很 不错 声音 轻巧 精致 还 并未 完全 超值 表现 只能 说 性价比 不错 人声 适合 小女生,1
试试 湖人 放大器 应该 合拍 性价比 挺 高 声音 正经,0
台机 肯定 想 便携 推,0
好多年 没见 人 聊过 牌子 怀念,1
监听 耳机 还原 真实 拜亚 类似,0
建议 换个 线 换线 原线 大 编制 直接 手头 黑线 铜环 不 落下风,0
玩 年 歌德 现在 脱坑 联系 楼主 组合 轻易 不要 碰,0
借问 一下 声音 上 区别,0
款 应该 没有 假 以前 灰盒 版 一批 假,-1
转盘 以前 公司 美国 疫情 大家 都 改成 居家 办公 机器 闲置 声音 觉得 中规中矩 机器 稳定性 很 好 大厂 出品 不用 担心 毛病 总体 来说 推荐,1
电烙铁 焊台,0
不 懂 还 升级,1
这种 不让 换 保险管 直接 折腾 电源线,-1
开关电源 升级 保险丝 意义 不 大,0
折腾 换掉 电源线 玩线 电 实在 点,-1
定价 高 卖得 出去 说明 有人 觉得 有用 值 价 其实 玩 挺 可悲 大坑,1
只能 骗骗 小白,-1
淘宝 上 看到 商铺 再 卖家 线 不 知道 效果,0
宋泉 定义 骗子 那线 出来 证据 美国 店里 神器 神棍 国内 线 太 好玩 水太深 正品 都 说 单晶 铜 单晶 铜 价格 我怕 万隆 都 做 不 出来 反正 造假 成本 太低 钱 太 好赚 线材 相信 大厂 纯银 线 老老实实 纯银 没 说 单晶 银,-1
显而易见 智商 税 蛋糕 做大后 没人敢 说 智商 税 改变 没有,0
本事,0
紫坛 人 吹 线 当时 没通 说   点 进去 一看 差点 尿 太   敢 骗,-1
纯放能 上 平衡 更好 不能 上 平衡 省钱   一体机   上 平衡 考虑,1
谢谢,0
搞台 小不点 前胆 后 甲 石机 千 出头,0
呵呵 声音 没有 区别 不用 找 安慰,-1
感觉 没什么 区别,0
说 国产 做工 好,1
区别 不是 直接 砸 牌子,0
我用 国产 便宜 音质 差别 很大 不信,-1
振膜 产 差别 不会 大,-1
,0
看着 爽 就行了 区别 不 大,0
奥产 做工 稍 好 声音 没 区别,1
没什么 区别,0
国内 代工 水准 已经 很 高 都 走 流水线 车间 出来 产品 不会 区别 监管 不会 傻到 砸 牌子 更 感情 问题   洋奴 思想 作崇,1
音量 调节 问题 按住 调节器 再 转会 调得 更 快 不 需要 转 很多圈 达到 声压,0
想 请教 一下 接是 相机 套件,0
做工 真的 好   可惜 内置 不能 做 便携 播放器   续航 短 点,1
价格 没 办法 挑剔,0
刚 修 电脑 档 口里 元收 台 二手 更换 电池 试机 正常,0
捆绑 解码器 放包 出街,0
看上去 产品 很 诚意 唯一 吐槽 一下 尖尖 边角 磕到 缺 没 磕 本身 碍事,0
当年 咸鱼,0
多谢 推荐 准备 老老实实 存够 钱 再 搞 谱 监听 控制器,0
驱动 条件 应该 手里 高阻 不 太,0
配色 风骚 法兰西 血统 标杆 估计 俘获 很多 外貌 粉,1
劲浪 耳机 看起来 奢侈品 不像 森海 塑料 不 上档次,0
看 参数 有点 可怜,0
儿子 一套,0
看 介绍 不错 支持,1
不错,1
买个   专机 区别,0
看看,0
文化 人 真 可怕 说 说 好像 都 好 道理 样子,1
现在 还 听 辛纳屈 都 不是 人帮顶,1
认为   耳机 不 适合 听 流行 典型 偏食 耳机     销量 说明 耳机 编号 看出     国外 国内 销量 不好 老百姓 眼睛 雪亮,-1
最后 推,0
功率 上 看 刚刚 推的动 配套 下 反而 更 吃 推力,0
慢慢 玩 这种 极端 调音 值得 古典 党 永远 收藏,1
恭喜 烧友,1
欧 其实 非常 好 推 不怎么 吃 功率 设备 输出 压摆 需要 比较 大 电压 型 耳机 相反 需要 电流 大 耳机 才 不好 搞,-1
百度搜,-1
毫无疑问,0
胆机 再 考虑,0
欧比 更 难 推 单端 做好 心理准备,1
音源 下 感觉 不怎么样 还 靠谱点,0
两款 其实 都 很 体现 拜亚 高 解析 特性 更 极端 当然 素质 更好 些 个人 觉得 两 都 小 编制 器乐 独奏 利器 不 太 适合 听 流行 人声 尤其 流行 人声 非常 纤细 极 远 碰到 大量 合成器 电子乐器 伴奏 还 可能 会 非常 尖锐,1
推荐,0
刚好 都 推荐 补充 非常 中正 声音 低频 响应 更好 回 放出 震撼 低频 相比之下 声音 比较 凌厉 低频 响应 感觉 好,1
直接 买,0
新人 写 评测 很 用心 支持,1
发烧友 很多 种类 本末倒置 说法 个人 以为 不 存在 摄影 十五年 左右 好 作品 没有 不 妨碍 喜欢 买 镜头 机身 周边 器材 音乐 发烧友 来说 非常 泛 一种 说法 有人 播放 设备 一般般 喜欢 收藏 很多 头版 碟子 稀有 录音 有人 喜欢 单纯 额 享受 设备 乐趣 全然不顾 花 重金 之后 回报率 有人 喜欢 折腾 乐器 写 一写 简单 朋友 分享 人 喜欢 唱 改编,-1
中频 凸 凸 不 细腻 不 柔美 不森海 凸 无脑,0
画幅 对焦 追 角速度 像素 宽容度 明白 相机 里 评判 方法 貌似 没有 找 声音 评判 方法 觉得 没法 量化 其实 道理 有人 听音 经验 总结 评价 客观 有人 听音 经验 少 总结 少 评价 玄学,0
很 好 很 客观 帖子 理性 态度,1
双修   感觉   称得上 音乐 全面 通吃,0
芯片 目前 最强 耳放 芯片,1
尺寸 很 小巧,1
输出功率 不是 线性 更好   下   下,1
这得 卖 钱,0
耳放 功放 口 推 平板 很 不错,1
写 真切 好文 适合 入门,1
推 自然 声 瓦 不 知道 几欧母,0
可乐 大家 谈 做 视频 去 看看,0
内部 放 出来 看看 比较 好,1
三天 不够 高增益 声音 使劲 轰 一周 高频 不润 好像 没什么 办法 低音 会 改善 不少,-1
强烈推荐 收音机 煲 耳机 插 调频 收音机 调 音乐频道 开 足 音量 保证 耳机 音量 整个 屋子 都 听 清楚 程度 不要 出现 破音 功率 大概 毫瓦 左右 耳机 极限 还 很 远 白天 收音机 音乐 晚上 没 信号 时 白 噪声 连续 煲 礼拜 保证 温柔 可人,1
包邮,0
欧是 好 耳机 不算 高低音 澎湃 中音 清晰 高音 雄浑 动态 雄猛 比起 贵价 耳机 解析 力 差一点 不至于 所说 耳机 阻抗 欧 需要 电压 比较 大 灵敏度 需要 比较 大 电流 我用 甲类 功放 推 之后 感觉 换 副耳机 楼主 需要 换 一下 前端 设备 查询 一下 设备 参数 欧 阻抗 下 功率 大 电压 输出 幅值 大,-1
先 确保 正确 安装 驱动 之后 再 排查 播放 软件 设置 问题,0
选择 推送 码率 会 相应 跟着 变化,0
好像 出 新版       二打 看 都 输 局,1
搞 动心,0
加 勉强 算档,1
真的 非常 不错 两个 没有 听过,1
无感 更 喜欢,1
,0
听 人声 确实   好 建议 入 男人家 耳机 最好 买 三年 保,1
提示 一下 佩戴 方面 歌德 这种 大 海绵 耳罩 听 需要 摘掉 眼镜 耳罩 会 眼镜 腿 撑开 无法 贴合 导致 漏音 低频 密度 都 会 掉 一大块,0
看来 需要 响度 补偿,0
听到 推 声音   认为 推力 不够 导致 低频 不够 放 出来,0
更 可能 耳罩 漏音,0
玩意儿 有人 上 发过 视频 有效 解决 明显 噪音 问题 本身 没有 噪音 没什么 效果 买 系统 里 听不出 区别 退掉,-1
看 家里 供电 环境 本来 没 噪音 作用 不 大,-1
趁双 十二 买   有源音箱 插 插座   听 耳朵 我家 插座 位置 太 不好 插拔   插上去 懒得 再动   好像 耳朵 觉得 有源音箱 声音 变 平面 变僵 当然 耳朵 双休日 白天 听   用电 听音 环境 都 不好   不能 确定 是不是 听错   求有 经验 用家 解惑   确实 箱子 不 友好 劣化   可能 拔下来 去 家里 液晶电视 算了,-1
斑波 山寨 斑波 还 便宜 点 好像,1
  纯音乐 鬼佬 讲故事,0
好 东西 可惜 没 全新 人声 封闭式 声场 自然 舒展,1
高频 不刺,0
国产 很 差,-1
极致 英文 读,0
极致 感觉 有点像 德国 歌德 做工 秒杀 后者,0
德国 老爷子 胡子 好 腔调,1
谢谢 大家 支持,1
推力 简单 淘宝 上 数字 功放 几百块 推 落地箱 都 不是 事,0
只 知道 推力 单位 牛顿,1
二手 耳机 随意 理解 应该 不会 上 大耳,0
觉得 搭配 听 流行 人声,0
放心 没有 问题,0
没 啥事 倍 以内 基本 安全,0
电压 高 声音 燥,0
打击 中国 业 继 华为 手机 战 新疆 棉花 战 之后 美帝 阻止 阿中 崛起 战略,0
讯息 阻塞 多久 一把 大火 已经 导致 芯片 彻底 沦陷,0
何止 芯片 现在 型号 运放 都 不好 买,-1
几十万 汽车 都 缺芯 还 顾得上 小众,0
楼主 好像 事情 先后 因果 搞反 火灾 芯片 短缺 发生 全球 芯片 短缺 之前,1
芯片 厂 着火 搞 老 芯片    ,0
直接 说 玩 阻碍 中国 发展,0
觉得 低频 有点,0
低音 下潜 深 弹性 好 低音 精准 质量 低音 描绘 性 非常 好 分清 低音 结像 大小 形态 区分 不同 鼓 类型 大小 鼓棒 粗细 鼓棒 敲鼓时 整个 鼓皮 震动 过程 详细 描绘出来 听 起来 非常 舒服 过瘾 动圈 低音 其实 最好 相 比较 平板 低音 量感 不错 低音 下潜 不深 浮 上面 低音 模糊 描绘 性 很 差 根本 感受 不到 鼓棒 敲鼓时 鼓皮 整个 变化 过程 静电 耳机 低音 最差 下潜 不够 深 缺乏 弹性 低音 硬邦邦 听 非常 难受,-1
对准 大力 按下,0
听说 两个 人 四只 手 比较 好 楼主 试试 听说 没有 按过,1
看来 楼主 年代 改 耳罩 很 久 之前 事,0
先 塑料薄膜 勒出 形状 看 一下 原来 耳罩 那层 薄膜 拉伸 变形,0
听音 喜好 静电 真心,1
二嫂 加前级 更 建议 上个 胆前 胆机 配合 不错,1
背后 双   转接,0
针 冷端 短接 合并 成 极 音箱 侧 两只 过来 条线 正好 接,1
金 画眉 总成 炮灰,0
这台 音质 没 听 不好 说 这家 产品 很 不 愉快 购物 经历 建议 大家 三思 慎行,-1
类 只 买 大法 无视,0
平衡 输出,0
珀璞师 旷 看来 小 吴 推荐,1
刚入 烧入 过换 以上 三款 运放原 运放耐 听 声场 小 糊 声音 中性 偏 古典 声场 大   延申 好   冷声 高频 音染重 适合 人声 高频 延申差 声场 小暖声,-1
入坑 都 是从 烧运放 凑齐 扩流 召唤 神龙 建议 直接 上 东芝 场管 全 分立 运放 个人 觉得 扩流 战,0
不要 信 假洋鬼子 欧洲 澳洲 美洲 听 都 没 听 牌子 搞不好 打开 铁壳 普普通通 磨片 一百 以下 踏踏实实 选 扩流 百元 以上 直接 东芝 全 分立,-1
说 起来 其实 简单 理解 透彻 看看 模电 最好,1
当年 试图 逼侧 竞争 产物 没有 逼侧 火,0
古典 很棒,0
上次 听 都 年前 怀念,0
如此说来 值得 尝试,1
感觉 七 系列 留 一支 就够 差别 不 大 不用 优先 考虑,-1
换 耳机线 好,1
奇怪 手机 网页 上传 不了 图片 电脑 才能 上传,0
机太火 二手 都 买不到,0
恭喜 恭喜 步步高 烧,1
价位 一体机 推森海 耳机 自然 西装 最好,1
换能器,0
阻尼 系数,0
耳机 耳机 某种程度 上 永远 无法 挑战 落地箱 系统,0
我刚 买 耳罩 应该 颜色 以外 一代 耳罩 二代 套 上 声音 确实 很大 变化 声音 变 清瘦 应该 中 低频 吸收 很多 一代 二代 单元 不知 耳罩 是否是 一代 二代 区别 主要 来源,0
新版 高登 二手 一千多 点,0
金丝雀 电源 小 台机 义度 电池 便携 看 喜好,1
谢谢 大家,0
,0
最近 几天 听   确实 差距 很大,-1
老 甩开,0
到手 钱 税,0
,0
不 需要 功放 推,0
版 差别 挺大换 单元,-1
玄学 太多 想要 省钱 还 实践 思考 检验,0
太长,0
存在 感 算是 刷 到位,0
写 很 好 很 实在 一篇 感受 武汉 加油,1
一晃 十年,0
一晃 十多年 爱好 不 发烧,1
还 想 继续 烧烧 楼主 说 感悟,1
深度 好文,1
兴冲冲 跑 起来 发现 只 玩 创新 匿,0
没有,0
选项 尴尬,0
爱丽丝 森海,0
应该 添加 热门 新 耳机 试水,0
投了 好多年   真心 喜欢 耳机,1
价位 很能,0
森海塞尔 价位,0
古琴 中 陈雷激 养 录音 很 不错,1
元 淘 创新 声卡 改造 后装 上 威力 强大 驱动 耳机 年前 元 买 不知 进口 山寨 耳塞 喜欢 听 高水平 制作 上万 码率 音乐,1
进口 国产 山寨 耳塞 可能 进口 单元 国内 加工 出来,0
解码 没 失真 没 噪声,-1
买 完事 不要 问越 问越 糊涂,0
国产 少 砰,0
万元 左右 现在 咸鱼 上 好多   升级 出 换好 管子 不 知道 推能 满地找牙,1
别买 国产,0
国产 石机 比较 强悍 当属 金耳   分体 电源 高中低 阻 高中低 增益 选,1
没 听   推   古典 中毒 中,1
方程式 平板 动圈 都 推 了解 下,0
最初 年 南京 读 大学 还 没 完全 入大耳坑 那会 去 南京 买 耳塞 刚好 听过 三个 耳机   还 不 懂 瞬态 声场 专业术语 当时 结论 大于 大于 后来 玩 一圈 老烧 来看 肯定 都 没有 推好 结论 没有 变化 觉得 级别 上中下 分段 还 没差 档次 之分,-1
去年 去 一家 音响 店 试听 一代 竟然 新货 卖多 没 看 编号,0
热熔胶 固定,0
吸引 人 标题 嘿嘿嘿 越来越少,0
完全 够,0
更好 失真 指标 强太多 最大 问题 目前 买不到,-1
参数 暴 打听 感 因人而异,0
解决 不少 痛点,0
折扣 貌似 已经 过期 本来 有点 想 再 买 一副 备着,0
比较 感兴趣 版 不 知道 孰强 孰弱 单看 颜值 比强 点,1
觉得 倒 不 一定 来自 金 平面 压力 来自 奥帝 兹 压力 同样 平板 耳机 两个 声音 差异 巨大,-1
送 芝士 蛋糕,0
首版 声音 难忘,0
当年 硬通货 块 买 二手 两年 卖出去 现在 耳机 基本 不 听 没 折腾 心情,-1
跳到 入 一台 分,0
新款 保修 多久 提升 竞争力 售后 这款 提升 下,0
话 说 适合 流行,0
飞傲,0
歌德 性价比 第一 听个 味儿,0
最 省钱 买个 二手 联想 乐檬 手机   大洋   大洋 买个 电池   直 推,0
前排 帮顶 同款,1
日本 听碟 人 占 比较 高 日本 买碟 可能 最 经济 实惠 一种 音源 入手 方式 顺便 真的 元 买 一首 好,1
下载 看看 都 国家 人 下,0
北欧 国外 北非 国外,0
知道 迄今为止 大部分 盗版 技术 方案 都 国外 搞 出来,0
老外 普遍 发烧友 比较 真正 老烧 都 玩 黑胶 没 人 折腾 数位 音源,-1
没人 说 去 音乐厅 唱片 翻版 音乐会,0
国外 抓 比较 严听 盗版 都 比较 低调 偷偷 玩 好 太 高调 容易 盯上,1
国外 发烧友 不 流媒体 足够,0
请 大家 直接 推荐         平衡 线     价位 本来 想 奔     去 可惜 搞 没戏,0
咋样,0
有用     当时 配 提升 相当 明显 主要 中 高频 改善 上,0
问题 纽 崔克头线 倒 不是 问题,0
改 一下 不难,0
楼 主要 不 考虑 升级 线出 二手 问题 考虑 升级 线 改下 一小 段 保证 转接线 升级 线 材质,0
谢谢 大家 找到   一条   转接线 谱 不,0
自顶,1
狐狸 家有 纽 崔克 芯公头   没母头,0
转双 三芯母 奇葩 应该 双三芯公,0
有四芯 楼主 考虑 银彩 有四芯 代理 说 四 芯,0
黑神,0
新版 旧版   听说 换 代工 厂商 区别,0
分 期 应该 还行,0
老板 相当于 买 一条 平衡 线 血亏,0
歌德   银乌   不难 推   安润   以前 都 拿来 谷津 配     争议 有点 大,0
旷世 票,0
巴托克 档 增益,0
国内 矩声 旷世 国外     个人 听过,0
好 机子 只能 吹出来 做 做 不 出来,1
建议 使用 森海塞尔 搭配   声音 很 好 算是 一种 唯美 解释,1
小 胆机 耳放 这种 调调 柔美 风格 没 力量感 不 适合 听 钢琴 不是 歌德 问题,0
欧,0
出 换 火力 会大 很多,0
忽悠 买 旗舰 人,0
关注 下 国外 论坛 不少 人 推荐 何庆华 一套 两个 何庆华 机子 是不是 上 平衡 口,0
乐队 指 乐队 指 时代,0
上 谷津,0
大     学校 查 电子产品,0
查 严都 逼 孩子 没地 藏 鞋子 里 太 危险 以后 藏 裤裆 里,0
纯前级 会 比耳放加 前级 好,1
官方 账号 发 推广 文 不好,-1
三月 已尽,0
请问 当时 试听 感觉 背景 很 黑 究竟 功劳 网上 说 入手 发现 没有 明显 应该 另有 原因,0
不错,1
直接 乔普乔普 几元 钱,0
其实 大部分 电源线 相比 机线 打湿 水 毛巾 拧紧 后 状态 声音 更 凝聚 收 高频 层次感 泛音 听久 最后 换回 机线 几百元 预算 机线 算了       都 不错 系统 很 高级 才能 听 出 机线 区别 盯紧 台系 机线 买准 没错,1
蓝水 这种 不用 系统 各项 达标 情况 下 基本 都 没 区别 直接 买 几根 带 屏蔽 美 标线 好用 很,1
倒卖,0
没有 一代 原厂 平衡 版太 遗憾,0
楼主 玩家 才 真 烧油 人 肃然起敬 帮顶 好 帖,1
大作 膜拜,0
看 帖子 觉得 现在 买 直接 买 比较 好 做工 不用 在意 没有 注意 差别 日系 旗舰 不会 差到 去,-1
昨天 展会 听   无不 知道 非常 通透 感觉 蛮 好听 种草 流行 齿音 很 严重 后悔 春节 前 清仓 时 万出头 价格 没 入手 当时 差点 入,-1
前端 没 准备 好时 先 试试      ,1
,0
数字 唱片 能玩出 这种 调调 太 可贵 最近 沟通 问题 提升 改进 意识 完全 没法 相提并论 市场 只能 一家独大,0
社区化 产品软件 更新 迭代 快,0
,0
请问 不能 仅 用于 管理 家庭 局域网 内 音乐文件,0
刚入 终身 版,0
这次 更新 不 知道 有没有 修改 内置 算法 以前 没法 听 必须 搭配 音质 才行,0
音乐 实在 不想 看到     密集 恐惧症     老实   觉得 直接 蛮 好,1
不 同意 听 古典 去 鄙视 听 流行 是因为 听 高清 流行音乐 玩 耳机 系统 却是 系统 解析 力 大幅 提升 后 忽然 发现 古典音乐 非常 好听 听 古典,1
弟弟 设备 快乐 听音,0
楼主 音源 音乐 之旅 型号,0
听不出 解码 耳放 差距 真的 省钱 买个 播放器 直 推 就行了,-1
其实 不少 金耳朵 不是 天生 听 听 久 积累 出来 没 区别 没 区别 有点 吓人 播放器 直 推和加 染色 耳放 推 没 区别 不信 没有 百灵鸟 金 画眉 没 听 对比 电脑 直 推 三圈 电脑 一体机 没加 界面 直接 电脑 耳朵 区别 区别 特别 大 换 耳机,0
三款 耳机 三圈 算是 重染 耳机 算是 均衡 其实 很 单薄 中正 容易 听 出 器材 染色 三款 不同 走向 耳机 都 听 出 差别,-1
理论 相当 正确 听听 好 会 发现 区别 区别 大 区别 小,1
感觉 现在 电脑 很 厉害 没 听 出来 笔记本 直 推 加耳放 推 区别 没试 以上 耳放 推 反正 内 暂时 试过 几个 没 听 出来 笔记本 直 推 区别 推 只 需要 打开 音量 会 很 震,1
同意 楼主 说 影响 最大 应该 音源 耳机 渣 录音 会 很 渣 玩玩 惊喜 耳放 解码 东西 差不多,-1
主要 音源 耳机 说 没 毛病,0
楼主 之前 听 平衡 感觉,0
平衡 头 转接卡 农 平衡 头 音质 影响,0
深海 类人 一类 觉得 平衡 声音 更好 更 清晰 细腻 一类 觉得 平衡 假 声音 单端 才 更 接近 真实 自然界 声音 竟然 口碑 里 牌子 单端 差 坑定 大部分 买 人 冲着 平衡 去 单端 体验 只会 少数,-1
正规 合格 住宅 一双 金耳朵 夜深人静 心潮 平定 听出 差别,-1
转盘,0
单独 插 有点 奢侈,0
看 再生 功耗 大 功放 插 墙 插 不 清楚 前级 耳放 再生 除以 倍 左右 使用 功放 类 开机 瞬间 充电 功耗 很 恐怖,0
转盘 解码 这类 小 电流 前端 一路 前 级 功放 这类 吃 电流 直接 上 墙会 更好,1
问问 修 耳机 师傅 明白 答案 最起码 耳机 内部 都 或多或少 有滤音 材质   会 老化   掉 渣   振膜 上面 掉 细碎 不少,0
不会 所有 海绵 东西 都 变形 碎,0
  年     单元 前面 过滤 海绵 破 没什么 变化,0
调音 棉 会 掉 渣 振膜 上 耳罩 老化 贴合 度 下降 低频 会 漏音 衰减 掉 听 起来 低频 越来越 无力,0
主要 部件 没 出 问题 情况 下会 变得 更 顺滑 宽松 以上 基于 两个 年,0
奥产 已经 多年 老当益壮,0
看 帖子 推荐 乾龙盛 现有 前端 山灵 感觉 推不开 不 换 前端 上耳放 行,0
别沉,0
听 古典   小 墨菊,0
光看 数据 不 知道 具体 听感 记下 以后 有空 听听,0
其实 平板 低频 失真 更 低 很 早就 证明,-1
放弃   主要 原因 太重 容易 坏 声音 很 不错 现在 很 好,1
楼主 观点 很 清晰 理性,1
享声 平衡 驱动 下单 端 输入 对比 下 沉稳 有力 轻快 明亮 打开 一扇 明亮 窗户 般 迎面 夹杂着 凉爽 风,0
后 涉世未深 骄横 跋扈 毛头 小伙 后 精干 凝练 事业有成 青年 砥柱,0
昨晚 听 阿桑 范晓萱 感动 稀里哗啦 重拾 岁月 美好记忆 感动 说 森海 不能 听 人声,1
金银线,0
建议 换 平衡 高解晰 耳机   不 建议       直接   万隆     阿卡 佩拉 顶级 银线 毫无 性价比 声音 最终 归属 极别   这支 拜亚 会 别人 很 不,1
二代 我换   清 纯种 反而 一半 价位 清 更 合适 三代 二代 更暖厚 推荐 清 澄,1
大耳不上 放 买 浪费 钱同 萌新盲 狙 都 说 手机 直 推 不错 直 插 手机 完全 推不动 还 没 百元 不到 好听,1
没有   没有 放 听个 响 朋友,0
觉得 好听 不用 上 降低 门槛 电脑 随身听 直 推 问题 不 大,1
录音 底噪 很 明显 鸟叫 很 明显,0
我大 天下第一 后果,0
同意,0
声音 素质 分高 低级 声音 风格 不分 看 个人 口味 不能 说 暖 屏 没有 冷屏 解析 高,0
低频 可不 低级 家常菜 下里巴人 低 好听 受欢迎,-1
的确 神论   想 保持 低失 真的 暖厚 费劲,-1
说大奥 低级,0
第一 不信 咸菜 心里 厚 暖 声音 才能 入耳 阅历 里 日系 普及型 机 日本 声 厚 暖 没关系,-1
顶 下 围观,1
狗兄 状况,0
用做 喇叭 箱 理论 做 耳机 失真 喇叭 箱 大 声音 闹哄哄 嘈杂 很 完全 没有 耳机 超低 失真 带来 纯净 感 非常 失败,-1
出来 小巫 法国 半价 好像 国内 贵,1
没 钱 告辞,0
气动 单元,0
太丑 开不起 脑放 好歹 之前 发 效果图 里面 单元 金光灿灿 感觉,1
楼 很 搞笑 机翻 爱好者,1
其实 挺 感兴趣 国内 卖 愿意 买来 试试 现在 都 没人 代理 淘宝 居然 代购 都 看不到,0
感觉 惠威 搞 搞 今年 耳机 展上 惠威 好像 已经 同类产品,1
,0
凯音 山灵个 合 起来,0
渣 音源 补偿 好 手机 推 当然 好听,1
到底 玩意儿 张图 看看,0
品牌 太多 认识 过来,0
感觉     网播加 电源 后 声音 整体 更 干净 低频 下潜 更好 更 层次 瞬态 更好 音场 纵向 感 增加 整体 听音 改善 明显,1
官方 买个 新 耳罩 动手 换,0
想 买   比较 一下 毕竟 价格 差 一倍 有人 说   差不多 听     确实 听 出 区别 现在 感觉   不 糊 韵味 值钱 可惜 低端   还 做 不到 不 知道 高端 行不行,-1
鱼来,0
双木三林,0
款 不是 都 说 没有 区别,0
不是 读破,0
比拼 套路 蓝牙 解码器 比拼 以上 听 起来 好像,1
放 桌面 德国 湖人耳放 挺 合适 有点 沉 声音 蛮百搭,1
歌德 大白 推好 素质 能否 战平 大白 一二 手 价格 都 很 接近,1
省事   出 掉   换   配其放,0
不 冲突 早就 真 玩家 表示 类似 观点 告诉 买买 买 成 商家,0
看到 笑 喷,0
用到   只能 说 声音 认可 外观 稍 进步 品控 改进,0
只 关注 感觉 不 在乎 素质 声场 试试 歌德 小 耳罩 偶尔 会 小 惊喜,1
照片 拍 漂亮 线 一点点 乱,1
听 杂 一只 老同 吃 中频 很 细腻 人声 很 好听,1
线材 阻抗 有限 玩 阻抗 线 要加 电阻,0
学习 原来 耳机线 阻抗 估计 音染 越重 阻抗 越高 阻抗 高 声音 变化 才 大,-1
何必 计较 没有 东西,0
可能 早上 上班 开车 想 插队 别人 没 还 生气,0
先 埋个 伏笔,0
占楼 现在 正在 玩换 线 很 不错 退烧 耳机 低调 内敛 却 很 强大,-1
双后 大家 晒单 欲望 很强,1
太子 是泽丰 转接头 效果,0
本质 一种 爱好 喜欢 好,1
宽松 大气 本质,1
纳米 振膜 是不是 那种,0
换线 好 选择 金宝 价格 都 快 接近 耳机 本体,1
真是 好東 西罕見 零 差評,-1
不 赶紧 冲一波,0
桌子 经历 红色 革命 感觉,0
看看 里面 半导体 电容,0
难道 油耳 没有 调音 作用 难道 不是 声音 变得 更加 丝滑,0
一定 坚定 走 玄学 道路 千万别 小白们 看清楚 器材 卖不出去 越贵 越 人 买 价格 脑放 成正比,0
大菠萝 蓝牙 功能,0
红 太上皇   银,0
对比 结论 吃,0
小 哥哥 买个 新,0
感到遗憾,0
  事情 去年 碰到   摔 偏音   美国佬 去 找 北京 安润   报价   说 单元 太 大   磁铁 震 出来 换 单元   从此 不敢 瞎放 耳机,0
先上 闲鱼 看看 有没有 摔坏 左耳 互补 一下,0
歌德 大碗 还 连接 杆 真是太 不 走心,0
这货 不能 当纯 解码,0
没有 解码 输出 所有 模拟输出 口 都 耳机 口 没法 单独 一体机 解码 性能 一体机 插 耳机 觉得 推推 老三样 还 行 现在 二手 三千多 性价比 挺 好 前 几天 刚出 掉,1
持有 一段时间 前 阵子 看 二手 价格 左右 价格 感觉 比较 值 搞 不了 旗舰 耳机 声音 很 细腻 干净 清泉 感觉,1
好 漂亮 内外 兼修 机器 实物 质感 更好,1
兆欧 肿 匹配,0
创意 概念 真 好 希望 马上 厂家 出来 打脸 做 一台 量子 纳米 兆欧,1
最多值,1
现在 越来越 迎合 无线 降噪   水果 小尾巴 这种 设备 多根 线 东西 完全 手机 搞定 现在 出现 流行 奇葩,0
  代 众说纷纭   代 很 厉害   代买 回来 群里 统统 设备 扔 换,1
写 很 不错   干货 对比 文太少   看 以后 借鉴 帮助 特别 大,1
高 电流 模式 不错 之前 这台 推,1
当年 入烧 不久 想收 都 没有 单出 西装 价 吓跑,0
透明度 不错 手头 都 一众 元 左右 耳机 挺 全能 高低 阻加 平衡 推好 不敢 说 至少 不 出 恶声,1
这耳放 以前 感觉 都 黑烂   现在 夸起来,0
换乐 之邦,0
一路 走 好,1
頸椎較 弱 試試 加拿大 枕頭,0
毕业 都 高手 富,0
复刻 单端 平衡 差距 多大 推低 阻,-1
顶楼 主 非常 诚恳 建设性 意义 帖子 感谢 分享 学习,1
请教 一下 楼主 换 保险丝 复刻 机 柴大 鉴定,0
好文 易懂   双 修路,1
感谢 回复 目前 不 打算 换耳放 考虑 是否 必要 折腾 两条 保险丝 动态 外换 后 优点 纤细 一点,-1
出掉 常规 操作 算是 正确 选择,0
楼主 问 一年 前 选择题,0
平衡 板 用户   声音 四平八稳   抵消 大部分 齿音 严重 歌曲   缺点 可能 开机 热 分钟   没,0
几个 都 阿兴 阿旺 半斤八两,0
十分 不解 很 不 喜欢 旧 东西 非要 出 掉换 新 不 喜欢 原来 耳放 原来 解码 再 买个 耳放 玩大耳 省略 一台 解码 钱 同级 机器 里 无非 解码 好 一点点 耳放差 一点点 解码 差 一点点 耳放好 一点点 机器 适应 耳机 机器 适应 耳机 飞不出 花来,-1
一票 没 听,0
,0
没 听 我入   已经 感觉 屌 爆,0
提供 国产货 选择 木耳 放   至少 上面 三个 中 吹 爆 两个 性价比 高,0
贵买 贵有 贵 道理,0
问 客服,0
好 东西 还 剩年 保修 真的 顶,1
居然 这耳放 推大乌 怪不得 大乌 一身 毛病,0
记得 唯一 缺憾 电源 没 处理 好 参考 级 器材,1
步进式 电位器 好 再 买 高级 一点,1
真 技术 贴 感谢 分享 下次 当心 点,0
真愛啊 都 高手,0
数字 兄 现在 才 换 电位器 已经 摩改 地方,1
听 流行 预算 左右 那入 最合适 不 需要 功放 个样 耳放 推得 很 好 没 容易 坏卖 这么久 产品 说 容易 坏 信,1
不太 匹配 森海家 一体机 肯定 针对 欧 灵敏度 调 都 相反 属性,0
凡事 怕 口碑 里 貌似 推 不行 反倒 推 好些,1
可能 插 电脑 口 老化,0
网页 版,0
启动 本身 几秒钟 空白 画面 加 广告页面 测试 显示 秒钟 跳 过键,0
以为 前 苏联 管子 刚 仔细 看 下 不 太 斯洛伐克 捷克斯洛伐克 解体 后,0
这种 彩 盒装 都 后期 现在 还 产 不用 担心 买不到 炒 高价,0
不是 古董 管是 产管 性价比 比较 好 管子,1
耳机 耳放 好些 刚 都 惊吓 恨不能 立马 七天 无 理由 事实上 大多 总会 坚持 惊喜 坐等 楼主 惊喜 早些 出现,1
機要 暖   煲,0
耳放,0
    都 试过 倾向 长沙 曙光,0
买 玩 下 退 插 吊打 感觉 完全 不 饱,-1
支持 一下 目前 手上 台   打算 再 加个,1
感觉 泛音 点 听不出来 下次 录个 对比,0
楼主 解码,0
试试,0
不错 不错 先 做 高 指标 再 打磨 味道 一条 不错 路线 高频 偏亮 风格 应该 会 搭,1
声音 上 来看 声音 饱满 圆润 不少 相比 干尖 一点 肉感 多一点 极 高频 一点 尖 不 知道 再煲 煲 会 不会 好 一点,1
最近 听   的确   正常 不少,0
一代 好听 三代 声音 更 放不开,1
看来 的确 关注,0
太 正常 现在 已经 不买 新 再 啰嗦 一句   放 还 没 听 好 不是 糊 平淡,1
刚 卖掉 非常 平淡 放比 稍稍 好点 有限,-1
再 买 回 再 卖出 再 买 回问 一共 花 钱,0
挺好玩 人 咸鱼 会 历史 信息 删掉 就断 出手 记录 没法 知道 货物 去处,1
有意思 频繁 转手 同一 台 问题 升级 系统 所换,0
其实 我试 过用 推过 二代 不难 听,-1
确实 难 抉择   双修,1
清新 靓丽 女声 机 低频 下潜 偏少 中频 音染 甜美,-1
听 杂食 流行 听 古典 两个 才 互补,0
交 管理费 盖 收讫 章,0
入 双木三林 推 舒服,1
曾经 听过 不怎么 极致,0
期待 系统 彻底 完善 期望 圈子 氛围 好 起来,1
支持 大大 代理 新品 耳机 介绍 想起 玩 木头 歌德,1
牛转 乾坤 支持 巡回 试听,1
新年快乐 好运 常在,1
回复 重了,0
  刚 还 没煲 开声 很 惊艳 一听 爱,1
看到 上架 买 想 弄 这种 超低 敏 耳机 之前 停产 二手 新 价格 差不多 看到 复产 果断,-1
太富,0
现在 价格 几个 意思 清仓 甩卖 之前,0
一个月 坏 肯定 更好 听 不敢 买,1
是非 屏蔽 提供 很 短 尺寸   超六 以上 必须 屏蔽,0
米 接 网桥   很 好声,1
对比 或许 更 适合,0
请问 楼主 有没有 接口 线 推荐 性价比 高 那种,0
这条 现在 淘宝 上大 八 类比 开博尔,0
好 解码 接数播 很大 程度 改善 渣 录音   包括 齿音 刮耳   高频 偏亮   少 低频,1
市场 需要 瑕疵 涂抹 柔化 之后 听,0
请问 楼主 判断 录音 差 了解 歌曲 录音 设备 比较 廉价 知道 采样 库 不够 好 觉得 混音 师调 不 专业,-1
一般来说 上 比较 够 级别 器材 不怎么 差,-1
不太 同意 楼上   常听 古典音乐 应该 知道 老 录音 很多 底噪大 声音 糊 换 设备 所谓       不是 换个 解码 解决 相反 换张 碟 解决,0
多数   设备 差   导致 错误 认为 录音 差,-1
准备 原道 做 备用,0
周杰伦 早期 作品 便宜 塞子 确实 更好 听,1
信息量 太 大 可能 耳机 档次 还 太 低,0
当年 年,0
玩 耳机 佩服 想起 一部 老电影 三进 山城,0
目前 正在 考虑 高登 抛开 价格 因素 相比 哪款 素质 更 高,0
一段 很 赞同 今年过年 回家 打扫 完 卫生 耳机 不 小心 插回 一体机 上 几天 没 感觉 出 插 独立 耳放上 区别 今天 特意 交响 略有 感觉 真心 没差 无语 还 攒钱 跨 级别 升级 没有 好 周边 一波 狗狗 兄,-1
打算 后面 换个 推 现在,0
玩 旗舰 先整 音源 周边 耳放 最后,0
纯放 不 建议,0
听 流行 再 搞 小 乌 这种 就行了 硬要 搞 听 流行 代价 太 大,0
个人感觉 还 不错 前提 好 音源 不好 录音 会 有种 猫爪 挠 感觉,-1
听 流行 再 去 做做 功课,0
配个 银 彩线   人声 蛮 好听   那种 完全 不 人声 不差,-1
说 可能 会 喷 还要 说 下 流行 对比 推 更好 听 交响 八斤 八 两声 场 更 大 随之而来 人声 发虚,1
三个,0
做成 球形 接口 做大点 朝向 四面八方 像不像 冠状病毒,1
圣 晶石 样子 就行,0
好 东西 折腾 起来 太 麻烦,-1
大神 确实 不错 打开 后 始终 识别 不 出来 打算 弃 坑 安心 听 音乐,1
鼠大 之前 群 文件 下载 分享 有效期 天 官版 优化 版,0
是不是 树莓 派 开发板 才能 装   开发板   华硕   不行,0
感谢 希望 不再 爆音,0
大神 优化,0
只 可惜 大神 现在 没 时间 更新 版本 优化 一下 更好,1
大神 出没 去 催 更 下,0
请问 鼠大刷 方法 官网 方法 刷 几次 都 启动 不了,0
鼠大 树莓 派 下载 刷 几次 启动 不了 闪迪卡,0
谢谢 鼠大 是不是 换 刷 马上 行动,0
两个 设备 音频接口 上 隔离 平衡 音频 牛 这种 单端 变 冷热 端的 属于 隔离 这种 香蕉 插座 共地 共 说 弱电 环节 不是 市电上 地线 零线 共地 干扰 看 设备 之间 匹配 问题 没有 相互 干扰 听不出 区别 听 出 区别 主要 静噪 问题 无法 消除 固定 频率 引入 输出 口 烦人 很 天气 潮湿 可能 表现 更加 明显,-1
楼主 想 问 共 干扰 共模 噪声,-1
六楼,0
理论 上 地线 电阻 应该 事实上 不是 信号 传输 线 其实 电压 波动 不同 设备 共用 地线 会 信号 干扰 很小,-1
恭喜 楼主 免除 共 干扰 之忧,-1
无地 自融 相互影响,0
楼 眼神 不好 楼 主要 接口 弄 一根 蓝 水口 配比 阻抗 还 不,-1
不要 碰线 基都 不 数字 线有 严格 阻抗 标准 屏蔽 标准 不是 界 堆料 路子 做好 买条 都 谱,1
绿联 够 线 别碰,0
去 看 帖子 线圣 紫光 都,0
用过   到时候 看看 对比,0
重量 不是 问题 很快 过去,0
戴 几天 颈椎 没事儿 腰椎 出 问题 找 说理 去,0
才 砍 元 原价 真实 成交价 未知,0
相比 旗舰 耳机 确实 更 容易 出好声 比较 喜欢 副耳机,1
头梁 新版 改善 线材 基本 玩 都 换线,0
求入 群,0
黑色 版 库存,0
前 一段时间 考虑 是不是 入 搜 发现 经典 耳机 太难 伺候 潮湿 灰尘 静电 振动 都 容易 导致 耳机 出 问题 耳机 南方 怕 潮湿 北方 怕 灰尘 使用 日常 养护 相当 复杂 售后 据说 看 厂家 心情 快 天慢 月 都 不 回来 实体店 店员 也许 老板 很 诚实 告诉 耳机 听慢 节奏 无敌 快节奏 就算 这位 老兄 分析 极 价值 仔细 看看,1
真 好看 限量版 声音 高阻 版本 不同,1
高频 归根结底 问题,0
楼主 医生,0
平衡 输出 用转 即可,0
  这种 线,0
有线   还 专业 品牌 具体 忘掉,0
走进 科学,0
情况 拆机 发现 振膜 中间 部分 粘 磁铁 上面 粘 很 紧 不 知道 情况 动手 分离 振膜 搞 破 废,0
对无语,-1
第一支 耳机,0
提一嘴 现场 真的 热 希望 下次 场地 大 一点,0
不 知道 豪华 搭配 咋样 豪华 搭配 丰凯 解码 耳放 一体机,0
耳机 最合适 听 中文 经典歌曲 反正 杂食 不是 特别 挑剔 那类 找个 合适 耳放 一体机 都 接受 反正 端 输出 飞傲 线材 股 单晶 铜 录线 播放器 自带 电源 听 驱动 听 很 满意,1
占楼 问 一句 电脑 直 推,0
很 直白 刺激 很,0
听 雾蒙蒙 感觉 不透软,0
不 建议 属于 典型 监听 机 用来 录音 挑错 解析 力 超群 偏中 上盘 低频 吊打 人声 过于 纤细 没 肉感 歌手 年龄 岁 左右 听 桥本 美雪 成 小萝莉 下川 美娜 倒 很 正 听 童丽 这种 有气无力 更添 三分 病态 感觉 最 适合 王菲 人 冷 发抖 用暖声 大 推力 台机 推 随身 估计 更惨,1
很 好 耳机 并非 直白 刺激 更 不是 雾蒙蒙,1
只 听 奥产 英语 适合 华语 不 适合 非要 买,0
好 逗 问题 是因为 算法 逻辑 本身 没 设置 跳出 文件夹,1
最近 更新 固件 似乎 声音 更好 不知 是不是 调整 线材 顺序 原因,1
问 说 歌曲 都 文件夹 里 不会 问题,0
玩家 进来 学习 下,0
期待 更新 论坛 发帖 说 避震 喷太多 不敢 说,0
楼主 速 更 友情 提示 屁民 貌似 一贴 编辑 时间 两个 小时,0
先回 看 终于 有文,0
路由器 网桥 设备 设置 成 静态 看看,0
  直接 识别 网播 最好,1
看 一下 淘宝 售价 万贵,0
楼主 叛徒,0
一台 电池 供电 笔记本 能当 网桥 使 不,0
都 组 电源 还 搞 逆变 一大 污染 逆变器 波形 好看 正玄波 没个 几万 下不来 国家电网 设备 最 方便 直接 锂电 组 正负 负 正负 负 电源 完全 无 污染,1
无所谓 听 瞎说 不好 不好 解决 问题 最好,-1
换牛 为啥 换 电源,1
最近 刚买 声音 真的 很 惊喜 尤其 推 可惜 最后 要出 二手 肯定 血亏,1
万事 皆 可能,0
超级 刑具 目前 还 没 戴 更 难受 耳机,0
有点 顶头 耳罩 有点 小 还好,1
压耳 压头 终极 难受,0
佩戴 比有 改善,0
压头 皮子 不透气   气温 稍微 高 一点   一会儿 都 汗   看着 木碗 份   留着,0
头大星 人 哭 买回来 一年 估计,-1
,0
最好,1
一代,0
金丝雀 当时 出来 推,0
风格 不 搭 包括 低频 都 拖,0
直接 上凯音,0
金丝雀 确实 不是 推力 见长 当时 推系 入 无非 觉得,0
二代 推 还 不要 去 找 高价位,0
插个 广告 出   版,0
不会 有太大 改善 上 天鹰座 这种 高 梯队 一体机,0
红鸟 推 很 好 可能 阻抗 欧 提升 不 大,1
用来 推 是否 完美,0
低频 凶,0
同求 同求,0
求 关注,0
脸皮厚 就行了 脸皮 不厚 方法 都 没用,-1
话题   再次 顶起,1
最起码 自带 碟 店员 觉得 真要 买 东西 才 去 店里 才 会 想要 蹭 听,0
去 表示 蹭 都 大 欢迎 多去 几次 店员 老板 熟 以后 更 没 问题,0
哥们 机会 可有 店 蹭 听   没 规律,0
直接 跪 舔 老板 高帅富 屌丝 买不起 不是 这种 开 宝马 土豪 理解 求求 蹭 耳朵 跪下 耳朵 求,0
其实 无论是 耳机 音响 买卖 做 都 不是 快餐 生意 基本上 老板 都 不会 指望 进门 点菜 买单 其实 卖 音响 老板 平时 很 无聊 一天 成交 不了 客人 不会 总是 很多 平时 呆坐 店里 人品 不是 太差 大都 很 喜欢 客人 侃侃 话 里 投机 会 泡 壶 茶 老板 精着 客人 都 不用 开口 光是 看 东西 眼神 十之八九 知道 是不是 买 东西 实在 点想 买 直说 想 蹭 听 下 直说 反而 更好 店里 客人 正在 谈 生意 老板 正忙着 愣头愣脑 要求 问题 自讨没趣,-1
装作 经常 去 样子 装作 很 懂 样子,1
不妨 说泉 梅 声音 脏,0
玩 还 停留 迷恋 几个 简单 指标 参数 阶段 崇拜 民科 测试 几个 似懂非懂 指标 上 确实 比较 远,1
进来 学习 一下 音乐味,0
单元 耳塞 市场份额 还 大耳 当然 份额 已经 音频 领域 从来不 承认,0
解码 几万 达芬奇 解码 买 人才,0
推 不好 听 靡靡之音 不难 听 瘪 软 粘着 一听 节奏快 编制 大 音乐 不行,-1
学习,0
算了吧 再 多试试,0
买 不 差钱 买耳放,-1
说 想 去 换购 是不是 小尾巴 推 出差 党,-1
推好 不 可能 至少 实践 精神 敢于 不同 前端 下 实验 听感 坦诚 觉得 挺 好,1
问题 买 块 直 推 耳机 都 能比 好听,1
楼主 好惨 明明 分享 真实 感受 围堵 标题 事情 确实 大开眼界 我点 进来 看,1
刺激 齿音 倒 没 发现 容易 从耳放 前面 东西 入手 解决,0
手机 直 推,0
最新 魔改 大法 感觉 操作 难度 效果 终于 脸 发出,0
小 观察   好像 铝线 音圈 动圈 耳机   都 很 难 推到 高水平   猜 铝线 不够 铜线 柔软   会 影响 单元 控制 细腻 度,1
顶 下楼 主 不错 分析 帖,1
体会 高 玩 却 认为 无线 抗干扰能力 有线 差 不 懂,-1
图挂,0
信号 就算 信道 占用 太多卡得 要死 必须,0
实测 确实 发现 无线 信号 连接 网线 声音 通透 泛音 会 增加 网线 网线,0
优秀 会 不是 太子 推推 不好 搭配 问题,-1
再 搞 低频 出不来 影院 音效 调 没用,-1
现在     光纤 机做 音源 接凯音 接用 银彩单 皇冠 双   接 目前 还 努力 煲机 中,0
搞 变成 半封闭 耳机 耳罩 气密性 降低 很多,0
大佬 知道,0
不是 卡农 口 平衡   最 右边 红色 单端   输出 切换 按钮,0
一体 二手 金 画眉 上 平衡,0
同轴 输出,0
做 音源 很多 解码板 就行了,0
拉 电表 那拉,0
拉 倍 耐力 线 空开 空调 冰箱 差 开关电源 干扰 不拉 专线 太烦人,-1
去 供电局 大喊 一声 换成 进口 电表 一脸 懵 逼 说 没有 进口 电表 我晕,0
建 发电厂,0
拉 条,0
人民 功放,0
沙发 沙发,0
都还没 煲 开 直接 写 评论 太 心急 点,-1
支持,1
好 耳机,1
粗 写 细写 都 用心 写 比枪 文毒文 真实 帮 楼主 顶顶,1
素质 低 很多 听感 不 一定 版本,0
铜环 黑线,0
版本 不错 版本 不错 很 醇厚 中频 非常 好,1
听 起来 粗糙 是因为 前段 比较 买 还 手上 只,-1
前端,0
太 神化 系列 不是 级别,0
没 听 的确 不错,1
  看 听   男声   看 大片     女声   纯音乐   后来 进   出     没有 法子   女声 好听   音乐 好听   低频,1
帮顶 会 稍微 好 一点 都 不错 耳机,1
没 看到,0
所有 乐器 一字排开,0
不上 图 签名 栏里 器材 图在钰龙韵 专区,0
只能 说 人 人 耳朵 真的 不,0
出个 奥产非 梅花,0
,0
看到 发帖 知道 推荐 设备     即视 感太强 想 忘记 都 没法子,1
最近 入 原来 感觉 低频 量少 很多,0
意思 一定 看 装备 栏,0
已经 路上   到底 大 差别 都 太难 推好 两只,-1
楼主 寂寞,0
知道 拳拳 肉 瞎 误导 人,0
没 必要 上大 耳机,-1
以前 配 艾利和 耳机 漏音 比较严重,0
看来 很 好,1
看来 最好,1
重低音 排山倒海 隔壁 会 找,0
贫穷 使 清醒 环境 使 克制,0
耳机 使用 门槛 低 相对 容易 获得 满意 声音 音箱 调整 听音 空间 摆位 方面 很多 人 劝退,-1
耳塞 现在 主力 原道 主要 是因为 穷,0
音箱 需要 专用 房间 耳机 对此 基本 没什么 要求,0
音箱 主要 受 环境影响 挺大,0
之前 烧友 推荐 关注 两款 解码 号称 支持 试听 找 店家 一问 要求 群 活跃 用户 才能 试听 直接 推说 没货 顿时 没 兴趣,1
评测 很 可能 用户 听感 差异 耳机 前端 变化 很明感 不是 变差 变 声音 趋向 台 推 铝带 耳机 功放 类 楼主 评测 基本 类似 另一台 场效应管 甲类 人声 会 好听 很多 功率 不够 听大 编制 无力,-1
几天 玩 耳机 市面上 耳机 都 不 很 有趣,0
耳机 振膜 寿命,0
听 流行 老歌 非常 香,0
价位   没 后 端   同价位   都 不好 搞,-1
买个 全新 二手 插 手机 小尾巴 听 即可,0
欧美 流行,0
问题 顶一下 看看 官方 有没有 解决方案,1
对不起 刚看 懂 楼主 还 没 买 不用 买 每次 看到 耳机 箱子 上 大力 出 奇迹 都 会 心痛 感觉 解析 好 几种 耳机 其实 真 不会 易 推 奇迹 真正 需要 很 可能 质量 大力,1
型号 入门 刚好 刚好 搭配 深海 系列 单端 听 流行 单端 听 交响 一分钱 一分货 耳机 太好了 买 他家   价位 解码 才 配得 上 还 差个 耳放,-1
,0
地方 不 满意 低音 下潜 出来 声音 比较 有力 那上 平衡 不会 有太大 提升 耳放,0
改 平衡 会 变成 纯粹 交响 机 声场 拉得 很开 就算 上 便携 放 推 没 啥意思,0
好 机子 单端 好 垃圾 机子 再 平衡 垃圾,-1
嘞 感谢 大佬 心理 有数,0
试 声音 不行,0
声音 没 区别,0
接耳放 惊喜,1
耳放 推 不好 建议 万元 左右 分体 推,-1
呵呵 没 听 耳机 一大 摞 好听 耳机,-1
头版 老年人 表示 不是 说,0
应该 双修 人声 流行 古典 左 不是 不是 没 意思,0
喜欢 好,1
折腾 耳机 金钱 精力 时间 音箱 系统 都 玩 毕业 好几套,-1
呵呵 有过 一点 都 不 喜欢,-1
查一查 机器 型号 不 知道,0
北京,0
国产 机器 基本上 都 国产 普通 不用 纠结,0
耳放 建议 前级 管子 换个 德根 前级 管别 换 后级 不要 换 整流管 换个 好点,1
整流管 就行 买 柱状 那种,0
推欧 搞 欧 更好,1
听 音乐 管弦乐 小 编制 挺 好,1
动态 不错 功率 有限 移动 端 适用 价格 不亲民,1
大耳收 记得 好像 左右,1
铜彩越 低端 越 值得 买 反而 中 高端 一股 塑料 味,1
买 专业 线 做,0
先 芬尼 玩 最后 阿尔法 毕业,0
插孔 国标 买 国标 头 国标 插孔 插 不了 美标 头   万能 插孔 插   相位 反 保险 会 失效   注意 用电 安全,0
楼主 试试 老外 国内 大神 都 说 特别 合适,1
楼主 解码,0
好像 以前 看过 这篇 帖子,1
觉得 不错 很 正常 耐心 点 热机 保险丝 官方 配 买回来 没 两天 烧 换 两根 好好,1
纯 正弦波,0
不 知道 有没有 播放器 更加 好,1
觉得 感觉 好 才 真的 好,1
同样 低音 比大 多么 音量 大 很 多么 耳朵 都 哄 爆 不知 回事,0
觉 打开 选项 耳机 听 起来 更 自然 更不累,0
明显 带音染,-1
相机 数码化 后 摄影 不再 特别 烧钱 玩意,0
近年来 少见 见闻 内容 见解 深度 好文 建议 静电 新手 好好 看看,1
精彩 历程,0
支持 前排 留名,1
不错 游记   深度,1
点赞,1
精彩,0
深度 好文,1
感觉 确实 实实在在 做事 值得尊敬,1
不错 有意 欧博 没 办法 实际 去 听 犹豫 没敢 下手,1
想 看 小不点,0
原管 下 已经 很 不错,1
请问 楼主 这套 系统 下 更好 些,1
请问 楼主 这套 系统 下 更好 些,1
难道 德 根坑 屏才 明显改善 期待 升级 后 听感,0
胆机 味道 会 不会 太重,0
最 不要 损失 绝大多数 优点 换来 一点 低频 饱满 楼主 只用 试试,0
管子 不是 随便 换 换机 极品 管子 才能 做到 水平,0
买个 插,0
直 插 主力 一体机 返厂 保养 回直 插 电磁炉 耳放 感觉 声场 小点 声音 软点 之外 非常 好听 觉得 从后 前 选好 真正 谱 大件 会 事半功倍 避免 沉迷在 最 不 成熟 音源 沼泽 中,1
打扰,-1
同轴 接收 之后 缓存 时钟 重整 后 驱动 输出 勉强 称作 同轴 重整,1
大乌 低频 下潜 确实 比好 老 问题 人声 感觉 鼻子 不通 第一句 忍不住   大乌 听 起来 好像 乌 不住 感觉 没有 这种 感觉,1
价格 相差 十倍 可比性,-1
占楼,0
占楼,0
占楼,0
占楼,0
占楼,0
占楼,0
占楼,0
占楼,0
麻烦,-1
不是 没有 模拟输出   耳机 口 不是 二次 放大,0
现在   听 感觉 还,0
耳放 最大 薄弱环节,0
直接 说 魔 都 耳机 展各大 耳机 店 高端 耳放 插 遍 推 这种 总司令 推开,0
电流 声 是不是 功放 问题,0
耳机 口 输出 接 功放 耳机 口 失真 噪音 功放 失真 噪音 相乘 很 容易 问题 解码 输出 接 功放 更好 楼主 试试 耳放 声音 开大 功放 音量 小于 十点 看看 电流 声会 不会 好点,-1
好文 以前 太 实诚 上来 全文 整理 好 排版 写 好 回复 寥寥,1
听感,0
好文,1
展会 上用 官配 听 耳朵 感觉 好 恶心 完全 没有 正常 不 知道 前端 调音 问题,1
升级 不能 解决,0
觉得 可能 音源 问题 没 觉得 明显 波峰 人声 不 干 人声 润泽,0
  换皮 版 简评   感受 一毛 唯一 不满 或者说 缺点,0
洗礼 耳朵 表示 高频 一点 都 不 刺激 低频 松散,0
不看 都 知道 答案,0
都 好 耳机 双修,1
问题 耳机 升级 线 适合 一定 适合,0
纸板 黑线 铜环 说 宇宙 老二 没 耳机 敢 说 宇宙 第一,0
进来 学习 耳机 出了名 难搞 听 流行 为啥 不 考虑,0
以前 随身听 推听 流行 真的 很 不错 不 需要 解析 分离 关键 偏 刺激 听 感压 顺滑 尝试 大家 吐槽 耳 放送 无所谓 听 流行 来说 反而 加 分项,1
雅俊配 推,0
尾 插 都 前面 不用,0
应该 不会,0
井里 最强,1
开玩笑,0
请 慎用 感叹号 沾点,0
说 是不是 不是,0
黑 那大 系统 拖 一台 算 玩意儿,0
个人 喜好 风格 耳机 不同 估计 永远 没有 绝对 最强者,1
不选 超线程 优化,0
播放器 调音 大法,0
试了试 不错,1
界面 不 好看,-1
看起来 年前 程式,0
感觉 设计 风格 很 古板,0
有没有 全面 一点 使用 教程,0
感觉 播放器 输出 选 播放器 没关系 所有 解码 都 硬件 事,0
感谢 分享,0
一下 的确 播放器 好听 设置 超级 简单,1
有空 试试 没有 中文 设置 教程,0
晚上 回家 试试 先 感谢 分享,0
设置 直接 播放 老是 出错 只能 转 播放 请教 原因,0
看来 大家 都   有点 意见,0
不 喜欢 不 听   欧美 流行 不止 美帝 一家,-1
去世 后 不再 听,0
听 美国 现当代 古典,0
同感 听听 欧洲 流行乐 比较 质量,0
,0
走向 末路 摇滚乐 流行 差不多,-1
嘻哈 大行其道 节奏 至上 需 旋律 写不来 新,0
很 好听 听边 跳,1
耳朵 不 适应 可能性 更大,0
久 不 听 耳机 乍听 会 需要 短短的 一小 段时间 适应 耳机 声场,0
歌德 耳机 这种 情况 很 正常,0
粉红 噪音 放 分钟 好,-1
年 买   实际 价格 现在 国行 大概 当初 大乌要 左右 歌德 万年 不 降价 还 涨价 性价比 确实 低 最初 定位 来说 没有 很 贵   卖刀 大 乌 首发 刀,0
不 偏科 确实 贵,0
歌德 东西 都 沾 一点 智商 税 沾 问题,0
目前 这货 二手 以上 应该 不会 有人 考虑 入,0
大乌是 新版 老版 成交价 挺 竞争力,0
智商 税 肯定,0
顶一下 大佬 听 古典 日系 没 来得及 听听 几次 一体机 只能 说 不是 特别 喜欢 那种 感觉 后来 入 听 日系 古典 小 编制 满足,1
美元 级别,0
爱丽丝 当年 号称 千元 内 流行 最强 强 氛围 好,1
只能 说 听日系 俩 耳机 都 一般般,0
这种 听音 观 丝毫 不 觉得 听 人声 喜欢 索尼,1
比差 档次 个人 听感,-1
入 后 出 现在 还 挺 怀念 听 男声 比有 感情,0
解码,0
身后 声场 特别 音效 才 会 正常 为啥 声音 会 跑 身后 去,0
纵向 声场 综合 素质 三 大件 都 会 贡献 影响 没有 系统 里 耳机 纵向 相对 耳机 很 高 不 说 说 平级 价位 稍低 会 好 推测 这方面 不会 太 出色 先 试试 耳机 看看,1
不 正常,0
条件 当然 音箱 好听 音箱 听感 耳机 默秒 全 说 听感 细节 差点,-1
卖 耳机 耳放 大手笔 玩 耳机 可能 不 同意 观点,0
家人 舍友 邻居 报警 当然 玩 箱子 喽,0
玩 不了,0
各有 优缺点,0
不会   音箱 一年 难开 几次   太吵   不让 开,0
房子,0
坑定 不 正常 属于 送 人头 耳机 玩好 觉得 没有 玩 必要 才 更上一层楼 相对 简单 耳机 都 玩不转 上 更 高 维度 音响 更 难 玩 好,-1
感觉 推开 以后 还 补 低频 量感,0
现在 流行音乐 里 电音 运用 越来越 成熟 肆无忌惮 重低音 不要 钱 关键 效果 还 不差 回放 器材 低音 表演 要求 自然 提高,-1
上 三万 一体机 大 尾巴 放 办公室 怕 丢,0
暴殄天物 会 发现 没有 密度 三频 压缩 暴力 解析 下 声音 不好 听 入个 起码 易 推出 声音 比较 正常,-1
听 更 建议,0
当然 绝对 能响,0
卢本伟 直 插 电脑,0
直 插 电脑 响,0
静电 单元 耳塞 比较 宽松 声音 刺激性 低,0
耳机 耳机 不要 箱子 耳机 使用 场景 特殊性,0
活 几十年 还 玩,0
送给 新烧 真理 没有 性价比,0
送给 新烧 真理 写字 带 感叹号 直接 忽略,0
皮肤 插件 一种 找 经典 皮肤,0
皮肤 影响 音质,0
说 越 简单 音质 越 好 虎豹 都 安装 最简 以前 用过 一款 极 听 播放器 好像 基友 几百 点大 音质 确实 好点 只能 播放 还 所有 无损 转成 小 麻烦,-1
穷 逼 卖,0
买 知道 铜心,0
记得 大佬 推荐 买 西门 电源插头 插尾 镀金 度 铑 一对 淘宝 一对一 毛 店家 搞了个 标贴 下 顺手 买 一对 发现 不能 听 捡便宜 效果 好 细节 都 没 大牌 正货靠 谱,1
一万元 买 二手     选项 假,-1
,0
万元 价位 台机 都 不怎么 配得 上 驱动 好 万元 级别 耳机 完善 系统 来说 无疑 上台 机,1
二手 音乐 之旅 算 万多,0
奇美 马上 提 走,0
花 几千 才 入门 耳机 飘,0
肯定 会 毫不犹豫 地买,0
呵呵 一万 我会 先买 耳机 前端 耳放 线材 再 慢慢 搭配,-1
自吹 不行 越吹越 麻烦,-1
惨   看 不 明白 这段话 是不是 文盲,0
真相 行业 唯一 追求 分 行业,1
真牛 逼 吹牛 逼 并存 经常 吹 厉害 火,1
长沙 站,0
挺 上心 商家,0
一代 金丝雀   输入   没 声音 耳机 孔 正常 这是 问题 二代,0
听过 金丝雀 印象 很 好 价位 非常 值得 产品,1
橡叶 挺 有意思 每次 都 优缺点 总结 分析 硬件 上 设计,0
金丝雀 推 有戏,0
现在 很多 会 橡叶 四首 曲子 试听 曲 以前 没 注意 京韵大鼓,0
橡叶 大大 有没有 对比   版,0
橡叶 听感 比较 料 个人 觉得 极 高频 表现 评语 很 值得一看,1
不错 帮顶 收藏 后 慢慢 再 看,1
强,1
好文收,1
感谢 加 分,0
玩得 强 深入 详细 不 支持,1
拜读 全文 最 佩服 楼主 耳朵 文章 好 耳朵 更好,1
找 同一个 人 进行 测试 发现 右手 左手 灵活 说明,0
想 问     净化   东西 有用 咩,0
估计 电源 干净 一点   数据 屏蔽 好 一点,1
主板 里头 关闭 口 供电 只 用来 传送数据 设置 没,0
层 板子 背后 电容 都 省 敢 卖 大洋,0
据说 推荐 技嘉   魔音     接口,0
艾伦 铝带 耳机 玩 铝带 面积 金 平面 小声 场 小 极 低频 控制 不好 问题 价格 挺香 会 折腾 不用 自带 耳放换 线加 适配器 用功 放 推 声音 还 更好,-1
学习,0
围观 一下 买台 电脑 游戏吧,0
光纤 秒 马 都 不 认识,0
建议 厂家 巡回 一下 大家 实际 听 都 强,1
兴趣 学习 一下 关注,0
东西 都 知道 台 电脑 不能 外壳 做成 说 不是 定制 阉割 音视频 无关 东西 强化 供电 部分 价格 买 更 高 配置 更 多功能 再用 剩下 钱 去 买线 电 界面 到底 好好 都 未 知不知道 说,1
想 弄 小时 不 需要 关机   稳定性 需求 压倒一切 那种,0
同样 定制 主板 对比 差距 较大 楼主 加油,-1
难度,0
次奥,0
歌德 弹性 好量 少 下潜 中等 人声 非常 通透 好 推,1
大乌 都,0
通透 人声 低频 看 觉得 像是 说 歌德 爱丽丝,0
都,0
都,0
,0
说 通透 人声 肯定 歌德,0
试试 天龙,0
,0
新 手上 路 大神,0
耳放 输入 头子 接反,0
谢谢 英文字母 表示 都 看不懂,1
线接 反,0
两个 还 难选 平板 吹们 秒,0
听感 来说 不是 应该 秒 三条 街 平板 不 听 人声 很 浪费,0
没有 好 功放 不要 想 发挥 全部 实力,1
不要 着急 下结论 听 一段时间 调整 调整 线材 周边 音源 很 重要,-1
不 买 东西 说 听 比强 毫无疑问 完全 不是 档次 声音 耳机 实力 肯定 留 不 打算 玩好 感觉 好 搞定,1
准备 买 耳机 耳放 应该 推 很 完美,0
耳机 耳罩 头 之间 稍微 一点 间隙 低频 频段 会 猛增 这种 玩意儿 搞 搞 出 低频 很多 假象 基本 玩 这种 把戏 有点像 倒 相箱 密闭 箱 区别,-1
耳朵 不 自信 手上 还 过来 问,0
不同 材质 厚度 密度 耳罩 不同 频率 成分 声音 吸收 效率 不 耳罩 腔体 结构 本来 整体 设计 一部分 没什么 神奇,0
留图 不留 菊花 万人 捅,0
实际 耳罩 塌 更好 听 怕 买个 原装 新 耳机 声音 半闷 半糊,1
解码 耳放 功能 估计 类似 于金 画眉 高登 序曲 估计 会 更好,1
高阻 还 不够 嗨,0
说 里 估计 没 听 后者 便宜 收到 性价比 很 高,0
调 最合适,1
据说 飞机 家 重金属 不错,1
听 金属 其实 挺 带感,0
学习 学习,0
摇滚 要求 分离 挺 高 喜欢 听 摇滚 应该 懂,1
挺 赞同 楼主 说法 认为 摇滚 其实 不 需要 失真 或者说 音染 需要 失真 肯定 歌德 听 后 想法 听过 最难 接受 用来 听 摇滚 满满的 厅堂 感 甜甜的 男声,-1
瞬态 一定 好 觉得 监听 风格 比较 适合,1
更 感情 有点 尴尬,0
情感 听 评判,0
出   学生,0
包邮,0
提问 呆 大 感觉 圈里 现在 很火,0
昨天 下单 只能 手头 比较 主要 想 试试 平板,0
脑放 不错,1
大厂 便宜 不少,0
一条 发烧 银线 坊 线 声音 偏中 高频 不能 算 提升 只能 算变 风格,0
不少 人 说 淫 才 配 不好 听,-1
去 搜 搜 国内 有色金属 厂 记得 厂 支持 零售,1
搞清楚 纯银 线 单晶 银线 区别 真正 单晶 银线 都 不会 便宜,0
老虎 卡 专用 定位 没 毛病 听歌 行,0
专门 游戏 耳机 罗技 雷蛇,0
没有 都 解码器 玩游戏 没有 影响 发挥,0
界面 会 专用 驱动 装 好 之后 调整 缓冲 大小 最小 挡位 都 无 可辨 延迟 输入 缓冲 大小 不 知道 反正 我用 光纤 转是 几乎 零 延迟,1
从来 都 别人 跟风 索 大法,0
看 楼主 早年 发帖 记录 发现 时隔多年 复读机 本质 没变,1
录制 齿音 其实 听感 还 后期 处理 不好 引入 非常 难受,-1
典型 影视 流行音乐 调音 人为 抹杀 很多 解析 分辨率 奶油 声 等于 做 形状 通道 声音 进来 都 变成 同一个 样,0
铁三角 不少,0
我用 听 流行 觉得 听 流行 烧友 不 需要 高端 器材 烧友 只 想 送给 两个 字母,0
之前 帖子 不是 说 挺 好 素质 对比     这种 中端 平板,1
歌德 小碗 起来,0
素质 挺 好,1
解析 拜亚 动力 好,1
想 骗 买 东西 坏淫,-1
声 模拟 声,0
问题 很 重要,0
大家 认为 现在 玩具,0
好像 记得 柏璞 耳机,1
展会 听过 不 习惯 这种 声场,0
不错 机器 很 久 不能 硬解,1
  同宗 走向 接近 声音 不会 硬朗,0
补充 一下 比较 线,0
比较 过好 前端 声音 均衡点,1
顶一下 求 都 听 解答 一下,1
主要 低频 声场 密度,0
好 脸 确实 差 结像 精准度 好 很多 两个 耳机 风格 不大一样,-1
飞利浦 可不是 傻子,0
感觉 直 推 低频 相当 糊 以前 国内 得胜 仿做 之前 想 买来 当直 推用 影音 耳机 没想到 效果 还 十几年 前入 国内 低端 产品 扔给 朋友 孩子 上网 课,-1
换大 耳罩 感觉 挺不错 有空 人工 耳测个 频响 差别,-1
听 歌剧 很 好 钢琴,1
驱动 差异 大,-1
建议 机和耳放 分开 选择面 大太多 适合 床头 耳放 不难 找 不会 增加 预算 二 不会 增加 空间 好声 几率 翻 不知 多少倍,1
要求 真 难办 不 看看 山灵 音质,0
好像 天龙 小 组合 都 这种 带耳放 不 看看,1
看看 马兰士,0
弄 根长 一点 耳机线 不 完事 反正 老 随身听 时不时 两年 换 零件 之前 零件 还好 找 现在 贵 成色 差 随便 马兰士 插耳放 弄 根 米线 搞定 没 必要 放 床头柜,-1
蛮有意思 机器,0
不是 退烧,-1
可能 耳朵 已经 适应 耳机,0
原因 施主 六根 不净 六尘 所困,0
极致,0
我点 植物 人 进来 酱油   不 小心 捡了个 沙发,0
板凳 植物 人,0
绝大多数 都 歌德 听 美式 音乐 金属 类 个人 觉得 听音 风格 单一,0
偷 不了 票 路过,0
正常人,0
酱油 通道 黑爆,0
实在 人 喜欢 流行 人   买个 耳机 不是 明明 不 喜欢 大 编制 交响 装作 很 喜欢 很 品味 人,-1
再 补 上头 不大 人,0
懒人 不爱 折腾 直 推党,-1
喜欢 木头,1
自认 品位 年轻人,1
高级 黑,1
好 喜欢 外观 声音 驱动 搭配 系统 很 头疼,-1
木头 外观   当然 声音 更 重要,0
歌德 伤害,0
喜欢 流行 人声,1
电视 旁边 左边 分别,0
宝上 都,0
二手 豪华版,0
,0
原创 推力 还,0
元   真空管 甲类 耳放 电子管 耳机 放   剩下 钱 用来 换 电子管,0
感觉 升级版 大声 场糊 更 真实 解析,0
比较,0
比较,0
说 号 以后,0
线条 比较 粗放 频段 都 比较 精致 提升 很 明显,1
区别 太大 好听 还 真 不好 说,-1
都 下推 素质 声场 细节 更好 性价比 现在 价格 太 实惠,1
人声 流行 不 一定 好听,1
觉得 不是 升级 关系 两个 完全 不同 调音 适应 面 不同 谈不上 提升 都 拥有,0
系统 上 相对 三频 整体 平衡感 层次 解析 力 细腻 程度 都 表现 更 优秀 流行音乐 更 喜欢 声音 不 对比 声音 随便 听听 已经 不错 当然 追求 音场 觉得 耳机 真的 达 不到 听 音箱 那种 体验,1
正好 两个 几年 入 一年 左右 都 接比 提升 非常明显 感觉 综合性 提升 不是 方面 之后 直接 装箱 下岗 佩戴 舒服,1
老大 辛苦,0
耳塞 线材 占 一大半 展位,0
换 平衡 感觉 还 不错,1
听 评价 再 想想,0
不 适合 平衡 听 流行 没 必要,-1
赌 楼主 一个月 后 原线 换回来 平衡 线 挂 咸鱼,0
原线 改 平衡 线 苦于 没有 平衡 耳放 单端 平衡 口 没 需求 毕竟 单 端的 已经 很 正 上 平衡 花 钱 还 没 杂食 泛用 最后 还 换 回单 端,0
不 应该 说 反,0
年入 第一 只 觉得 原线 确实 不行 正好 成都 有家 店老板 进 银龙线 国外 报废 线 买 一米 五 回来 加工 改造 一根 耳机线 声音 真的 非常 不错 完爆 卡 达斯,1
卡 达斯 声音,0
帮顶 功夫 花 三件套 不是 一体机 上 多么 美好,1
动态 还 抬 走,0
不太差 一体机 组合 基本 达到 平衡 一体机 最好 不要 选择 偏 解析 高登 这种 调音 风格 一体机 加 原厂 平衡 线 不难 听 佩戴 系列 舒服 不会 短板,-1
要用 偏亮 前端 线材 搭配 相反 亮声 前端 下会 不耐 听 很多 人用 搭 前端 线材 来直 插 直接 都 耳朵 摘 导致 阴间 耳机 评价 不绝于耳,-1
看 喜欢 喜好 喜欢 棉被 暗系 喜欢 明亮 声场 解析 个人 很 讨厌 那种 太暗 声音 才 选择,1
搭配 瓶颈 应该 音源 建议 上 一套 光 隔离 耳朵 提升,0
直接 晶体管 耳放有 金属光泽,1
功放 纯甲,0
听 宙斯 还 不错 没 听,1
左右,0
用来 干什么 用来 听 插 听,0
之前 有过 出掉 适合 直 推 二手 价算 非常 非常,0
一耳 摘糊,0
买回来 说 下 乐机宝 铜 升级 线 背景 解析 力 更好 微微 增加 一下 低频 氛围 收 相对 不是 干 觉得 增加 背景 解析 反而 会 有点 吵用 一段时间 习惯 不 晓得 线堡 好 耳朵 堡 好 知道 大部分 都 单晶 铜 大部分 反馈 声音 更 醇厚 减少 毛躁 感,1
上 单晶 银 三频 都 提升 单晶 铜 高频 会暗 感觉 味道 怪,0
金波 小夜曲,0
希望 支持 钱 置换,1
以后 高登 台机 都 大 好,1
这颜值,1
设计 用心 希望 制造,1
黑红 配 骚气,1
闲 鱼入 条 官方 平衡 线,0
请问 一下 闲鱼 号称 原装   正品,1
理论 上 追求 不 转为 好,1
没有 解决   问题 是因为 特殊 调音 需要,0
奥 莱尔 西装 套 感觉,0
耳塞 很 不错,1
官配 确实 万金油 楼主 已经 消费者 定位 表达 很 清楚 原厂 已经 标配 平衡 耳机线 再 买 一条 四芯 平衡 线 有点 重复 投资,0
确实 不 折腾,-1
楼主 黑 坛友,0
便宜 都 垃圾 贵 都 智商 税,-1
代理 熟 其实 搞 国行 最低价 不 知道,0
有点 闷闷 真的 耐听,1
发现 一句 圣人 语录   众人 察察 独 闷闷   老子 厉害 难得糊涂 吃亏 福,1
高频 不亮,0
作 播放器 作 解码 更 强接   问问 厂家 主打 功能 倾向,1
续航 多长时间,0
线 感觉 好 硬,1
这种 随身 推别 想 推 都 推 不好,-1
一体 金 画眉,0
长期 佩戴   万 魔 颈 挂 万 魔 标准 入耳式 降噪 好,1
考虑 音质 建议 考虑 淘宝       耳朵 惊喜,1
问 女人 几个 包包 够用 只能 收藏 房间,0
一支 除大 编制 外通 吃 杂食 耳机 一支 大 编制 够,0
只大 耳机 够用 只 开放 耳机 只 古典 只 人声 还要 只 封闭 直 推 耳机 耳 塞子 算 只,0
耳机 平衡 度 大体 分上 盘 下盘 平衡 两头 翘 四种 封闭 开放 各来 八只,0
想 听 人声 买 无语 打算 升级,-1
实际 听 两三只 客厅 一只 房间 一只 一只 轮流 几个 月 前 收回 古董 很多年 放 很久没 动过,0
第一印象 万 价位 功放 求 推荐,0
森海 新品 低阻 没有 中阻 有个 刚出 很 值得 试,1
乐器 分离 度 是不是 想 听 清 更 细节 好,1
飞利浦 烂 口碑 已经 彻底 牌子 搞 死,0
总 感觉 就算 出   都 低于 档次 产品,0
始终 感觉 很 难看,-1
专心 陪 女儿 听 音乐 女儿 说话 都 听见,0
熊 孩子 会 耳机 丢 地上,0
大耳 模式 没 感觉 参考 一下,0
没有 遇到 奥帝 兹 更 轻 更易 推,0
觉得 这种 产品 才 老百姓 喜闻乐见 产品 简单 易 推出 好声,1
话 说 有人 成功 用过 新派 输出 淘宝 上 问 做线 海纳 川 对方 说 做不了 唯独 搞不定 新派 奇葩,0
不先 弄 条 九块 九 试一下 成功 再 好 一点 线,1
不扶墙,0
两边 线序 都   转盘 解码 应该 能用,0
试过 单播 音乐 新买 线 出 声 电视机 上 自带 一根 线会 播放 秒钟 后 静音 切开 做 破坏 屏蔽 层全 白 噪声,0
自顶 友有 想 出 收,1
太阳神 调音 走向 类似 塞子 行云 视听 觉得 味儿 挺 好 求 推荐,1
贴 里面 打假 贴 里面 有厂 货 正品 对比 塞子 东西 真是假 耳朵 分辨 再 不行 去 发给 中介 看看,-1
上 图,0
试 一下 升频 不管怎么 搞 都 机 声音 好听,1
火炉 耳机 口齿 音 太重,0
太富 办 公司,0
算 两万块 投资 二十万 去 玩 分,0
实验室,0
感觉 东西 配色 配件 不,0
先 耳机 预算 顶到 最高 慢慢来,1
二手 选择 很多     都 花 不 掉 出来 钱 搞 谷津 插 电脑 差不多,-1
确定 好 耳放 解码器,1
今年 展会 听到 激光 鼠 一体机   二手     元 基本上 够,0
太空 堡垒,0
米仓 千寻 翻唱 专 质量 很 高,0
拜亚 平衡 推 没 问题 声场 小点,0
无脑 选择 后者 其实 挺难 推 前端 信息量 风格 搭配 要求 很 高,0
直接   代好 推 办公室,1
不 觉得 耳机 难 推 看 追求 程度 所谓 无止境 就算 上 机器 机器 坐镇   不少,1
都 便携 直 推 毫无疑问,0
主听 流行 三 杂食 楼上 所谓 没 推好 表现 素质 都 比三要 高 深层 潜力 还 没 挖掘 出来,1
市场 上 好 入门 级别 转盘 很 稀缺,1
解把 飞花 蒙 日月 不知 天地 清霜,0
摇滚 这种 需要 节奏 带感 歌德 目前 听 起来 节奏 非常 带感 很 动感 声音 会 感觉 拍子 想 跟着 摇起来 听 拜亚 不太摇 动 拜亚 比森海 节奏感 强是 必须,1
新 拜亚 听 几支 感觉 信息量 足够 比森海   摇滚 好 一点点 演员 肢体 语言 到位 抽走 感情 色彩 没 味道,1
摇滚 金属 二代,0
只能 听下 加州 饭店 再重 口味 受不了,0
感受 听 重型 不 传统意义 上 摇滚 素质 味道 不   频响 分布 素质 需求   路 音色 不算 合适 其实 听 重型 大部分 摇滚 拜亚 这支   欧   合适   歌德 听 重型 还 没 听 素质 有点 跟不上 糊 点 速度 跟不上 听 摇滚 大部分 金属 搞不定,1
摇滚 听 还 挺 带劲,0
显然 一起 出 森海 贵点,0
据说 今年 出来 自播客 声波 飞行员 某期,0
不是 刚出 不久 估计 先出,0
楼主 需要 做 链接,0
自行 百度 关键词 德国 小 胆机 两个 搭配   国内 复刻 没有 听过 不 做 评论 仅仅 原版 负责 友情 提示 一度 胆 二房 属于 前胆 后石 混合型 完全 不同于 全胆,0
搭配 听过 耳朵 糊到 吐,0
没买 这耳放 建议 换 这耳放 初烧 劝退 型 器材,-1
实测 数播 肥波 光纤 解码 提升 明显,0
取决 解码器 内置 界面 性能 设计,0
放弃 只 尝试 一下       这种 同步 音频 解码器 就行了 上 花 所有 功夫 都 浪费时间,0
部分 同意,0
喜欢 拜亚,1
谢谢 森海 拜亚 每个 耳机 声音 都 不 不 知道 说 严肃 究竟 指 东西,0
嬉皮笑脸,0
博爱 都 喜欢,1
其实 森海 更 克制 有点 基督徒 味道 虔诚 谨慎 收敛 大概 丝丝 天主 徒 味道 没有 基督徒 谨小慎微 随心所欲 不逾矩 其实 圈子 画 不会 过界 圈子里 略 信马由缰 有点 味道 拜亚 民用 无神论 感觉 没 画 圈子,0
没有 美女 特写 差评,-1
网上 都 骂 魅力 依旧 大,0
解码,0
还 以为 版主 贴子 顶上来,1
前排 占座,0
占 坐 学习,0
系 几只 很 经典,0
算森海,0
再 攒 攒 买 效果 还 不 一定 直 插 电脑 听 舒服 买 买个 差不多 有质 区别,-1
个人 听感   值得 省钱,1
价位 分体 没有 意义 配个 差一点 机线 影响 效果 配好 一点 不 值得 推倒重来 玩 老 一体机,-1
推荐 天津 李工 真的 不错,1
前排,0
沙发,0
飞秒 版 用户 支持 一下,1
今年 唯一 一次 最后 一次 十周年 新品 试听 活动,0
想 听 申请 试听,0
支持 下 活动,1
机子 体积小 没 优势 接 好,1
听过 很 多次 家 旗舰 白 烧友 感觉 没 必要 专门 配 觉得 组合 好过 大概,-1
当时 配,0
看下 不能 改 输出 引脚 高 低电平,0
转盘 输出 就行了,0
关注   实在 太 老 布鲁克林 不 掉价   其实 没 觉得 卖铁家 好听 哈哈哈,1
耳机,0
丹 箱子 出 音箱 不 玩 客厅 窗户 太多 不想 搞 反射 吸音板 好端端 客厅 搞 成 录音室 放弃 听 耳机 明显 好听 放在 书房 不 占 地方 心 水 副司令 过段时间 回血 搞 一台,1
玩来 玩 去 眼界 越玩越 高,0
绝无 可能 支持 一定 转 没有 意义 传输 协议 环节 之前 统统 需要 转,1
顶顶 电源线 东西 真的 没烧,1
理解,0
很 疑惑 一根 电源线 猛料 能卖 几千 上万,1
其实 线材 最毒,1
材料 很 力,0
仔细 看 完 结论 玩儿 线 系统 没 达到 一定 档次 纯属 瞎折腾,-1
玩 一定 境界 细调 系统 玩 咸菜 直接 买 大件 提升 效果 大,-1
线材 东西 烧 知道,0
线 买 根 差不多 凑合,-1
区别 听 不 听 出要 看 器材 档次 耳朵,0
盲听 都 幻觉,0
恭喜 烧 两外 东东 鸟,1
感谢 楼主 分享,0
用户 选择 抛弃 憋 买 人少 降价 清 库存,0
还 再战 十年 难说,0
印象 之前 看过 二手 左右 买 新 主要 不 打算 出,0
之前 播放器 推 没 感觉 刺耳,0
推 不好 只会闷 绝对 不会 刺 第一次 听到 发刺,-1
接头 随便 换 原唱 圆润 调音 问题 觉得 颗粒感 稍微 明显 没有 刺耳 换个 接头 耳朵,1
听感 看 帖子,0
需要 推力 想 办法 推好,1
究竟 据说 单端 不行 基本上 都 单 端的 耳机,0
升级 耳机 带来 提升 投资 前端 大得多 建议,0
耳放配 耳机 专门 买个 对应 耳放 解码 暂时 用原 机器 莲花 线 单端 模拟 找到 满足 耳机 耳放 行大 概率 找 不到,0
大摇大摆 不 放在 二手 区,0
据说 要开 两天 才 会 切换 桌面 模式,0
紫色 电脑 关机 拔掉 线 都 紫色 电源线 拔掉 需要 小时 才能 变 回 紫色,0
想 投,0
歌德         差别 好大 两个 耳机 大 耳罩 小 耳罩,-1
高级 组和 中级 组 里面 都 拜亚,1
出现 两次 投,0
占 票 剩下,0
价位 最好 选择,1
铁三角,0
,0
拜亚 动力 天下第一,0
个人感觉 比较 适合 高阻 圈,0
试听 小时 声源 用乐图 墨菊 发现 耳机 直接 接 墨菊 相比 没太大 区别 放弃,0
记得 金鸽 以前 出过 一款 胆耳放 不 知道 现在 不 继续 出 不够 好听,1
扬帆 起航,0
应该 不错,1
更 适合 两 耳机 本身 两 声音 薄 再配 更 薄,0
台机 便携 大菠萝,0
发现 耳机 厂出 耳放 大家 都 不是 很 感冒,0
主打 古典 干脆 代得,0
建议 买个 毛线 头梁 护套,0
驱动 条件 有点 差别,-1
花钱 直接 买个 国标 插头 换上 不 好 拧 几个 螺丝 事,1
买个 试试 听感 为准 一般来说 声音 会 变得 飘   毕竟 内线 很 细,0
试   问题 不 大,0
再来 玄 美标 国标 电源 相位 不同,0
不知 图 都 反 凑合 哈哈哈,1
感觉 棋子 不错,1
后续 望楼 主 早点 补充,0
台机,0
前两天 刚刚 看到 耳机 群 自称 前端 花费 万千 人 贴 里 问 一套 还 没 手机 直 推 好听,1
没有 前 级 调 音量,0
功放 纯 后级,0
看 前级 用功 放 推不加 前级 大 莱曼 做 前级 用做 前级 三种 声音,0
前 级 其实 监听 音量 控制器 二手 买 享声 当前 级接 都 比接 直接 接 解码器 提升 明显,0
耳放 当中 堆 最重 料 听 风 支持 老 刘,1
现在 还 记得 听风 推 声音 完美,0
顶 老 刘听风 发烧 路上 非常 重要 一件 器材,1
早点 研制 出 专用 前级 附送 两个 耳放 接口 马上 换购 升级   哈哈哈哈,1
换 蜜蜡 旗舰 丝 洛克 娜 目前 看 听 音乐 没有 更高 欲望,0
流口水,0
觉得 更 适合 推欧,0
密度 低 硬 中万 系统 比是 不 同一 起跑线 强 入门 性价比 几乎 无敌 退烧 最好 后面 中万 投入,-1
系中 无敌 存在 上 醇厚 甲类 耳放换 铜线 增加 中 低频 密度 三频 趋向 完美 三四千元 级别 耳机 一拼,0
准备 白 嫖 路过,0
放毒,1
做工 看上去 的确 不错 送 箱子 看上去 质量,1
歌德 低端 玩 高端 高端 低端 玩,0
居然 小 木桶 旗舰 没 素质 差距 真是 醉 搞 兴趣 收 试试,-1
耳朵 出 感觉 不到 人声 毒性 注定 做不了 歌德 党,1
听 扁平   个人 最 喜欢 价格 高低 听感 未必 关系 歌德 听 音染,-1
至少 版 素质 明显 更 不 提 可能 差不多,-1
需要 一支 眼睛,0
可能 听 号称 冷静 歌德 一定 透明度 略逊 压耳式 三频 近 音色 冷 听 中性 早 知道 应该 听 劝 毕竟 说 歌德 听 此言 不 虚,0
封闭 乌听 苏 苏,0
,0
必须 优先 耳机,0
上班 买个 大牌 蓝牙 降噪 头戴 方便 实用,0
体验 台机 重点 不 机器 上 搭配 台机 玩好 效果 很 好玩 不好 很差 电线 换个 位置 插 一种 声音 不是 好 机器 就行 事 重点 喜欢 玩 上班 蓝牙,-1
还 降极 低频 耳朵 养坏,0
音源 耳放 感觉 平板 更 容易 推出 不同 音色,0
里面 塞个 麻将桌 进去,0
新 版本 老 版本 已经 很 好,1
迅雷,0
装 玩意 基本 没有,0
迅雷   新 版本 好 很多   看着 官方 出   下 不 下来 发个 百度 链接 上来 造福 下 大家,1
传 下,0
涨价,0
男人家 耳罩 夏天 真的 难受,0
一张 图 都 没刷 出来 尴尬,0
同上 图 没刷 出来 屏幕 上 显示 封面 唱片 信息 设计 点 是不是 有点 没 必要,-1
支持 国货,1
解码 前级 水平   相比,0
机器 数模转换 解码 耳放 去掉 价钱 再减 完美,0
冒死 推荐 欧 估计 胆机 推出 人声 非常 好听 二手 千把 块 性价比 无敌,1
现在 还 搞 得到,0
喜欢 听 年代 还 包括 更 早 日本 台湾 流行歌曲,1
男女 通吃 眼睛,0
买得起 大奥 人 根本 不会 考虑 这种 问题,0
玩 耳机 很多 都 尝鲜 不同 耳机 不同 前端 搭配 折腾 乐趣 不少 人 一支 耳机 听 很多年 纯粹 关注 音乐 本身 玩法 不同 没什么 对错,-1
问下 王卓 吾 玩,0
只能 期待 下一代 支持,1
专业 机 民用 无非 图个 省钱 麻烦事 必然 代价,-1
家里 环境 不算 潮湿 情况 下 都 随便 放 反正 几年 没见 出毛病 地方 特别 潮湿 环境 觉得 可能 稍微 防潮 好点,1
顶顶,1
防潮 不 知道 防干 反而 来说 比较 重要 太干 木头 会 开裂,0
需要 里面 导线 氧化 完蛋,0
家得 看 版本 收 版 早期 容易 开裂 最好 放 箱子 里,1
同意 楼 说法 防 干燥 更 重要,0
楼主 是不是 写错 单位 感觉 不是 楼主 说   老 机器 考虑 续航 曾经 松下 索尼 续航 战,0
晚期 超薄 随身听 勉强 推动 都 推不动 基本 表现,1
发烧友 口中 推力 输出功率 几乎 没有 关系 形容词,0
砖 推大耳 本来 勉强 行为 砖配 耳塞 后 不介意 再 销售 想 用来 插低 阻 耳机 客户 卖 高阻 耳机 用户 算,1
外星人 顶一顶 老板,1
发错 区 不是 应该 发塞区,0
想 问加 能否 干掉 苏丹,0
玩意 不是 成都 产 啥时候 成 美国 货 老美 土生土长 舒尔威士顿 都 不怎么 做 耳塞,0
不仅仅 森海 所有 耳机 都 椭圆型 横向 纵向 宽 声场,0
说 消费市场 耳机 之王 没有 市面上 所有 耳机 大奥全 秒杀 没 悬念 森海塞尔 手机 界 苹果 所有 对手 都 森海 不是 量级 耳机 市场 品牌 森海 手机 苹果 不 量级 上 不 水平 上,0
力士 玩家 表示 纵深 事,0
总 有人 用破 系统 搞 听个 二次元 流行 说 纵向 不行,0
买 两个 门窗 安装 气囊 用来 垫子 微调 大件 位置 非常 好用 用来 换 书架箱 脚架 钉 垫 气囊 撑起来 两个 气囊 一起 放满 器材 四层 架子 撑起来 更换 脚垫,1
应该 烧 耳罩 才,0
感觉 尽量 整个 系统 水桶 每块 木板 都 高 不能 明显 短板 大家 平时 在意 细节 尽量 去 满足 不能 只 说 先 投 大件 都 跟上,0
线材 高阶 玩法 会 基础 误人子弟,0
不是 脑子,0
延长线,0
骗 盲 狙,-1
萌新 表示 第一次 听过 型号,0
号     音乐 流畅 度 一流 声场 小 包厢 感觉 说不上 很大 空间感 很 好 临场感 十足 晚上 听 经常 惊醒 感觉 脑后 音乐 不远处 奏响 人声 股 淡淡的 雅致 不像 监听 一本正经,1
改 古河 平衡 头 增加 厚度,0
拜亚 主要 特点 不 强型 洗脑 属于 退烧 耳机 这点 很多 人 不 懂 喜欢 人 伺候 喝 味道 奶 还 帮 擦擦 嘴,-1
挺 喜欢,1
一入 二手 深似海 以前 遇到   买 二手手机 学生 从此 回 不了 头 不断 购入 新出 二手 卖出 买入 二手手机,0
还好 低敏 算不上 不难 推,1
打算,0
都 封闭式 动圈,0
双修 换 俩 耳机 都 用口 增益 推 都 很爽 以下 增益 声音 偏薄亮   横向 差 口气     越来越 爽 高音   低音 设置 都 滤波,-1
,0
耳机 基本 都 睡觉 前 躺 听听,0
坐在 电脑前 听,0
圆形 单元 大耳 最 方便 坐 都 把头 梁 放在 脑门 上 听 人 都 不 喜头 梁顶 头发 上 不 大 舒服,1
趴着 再 人 按摩 背后 肩膀 完美,0
飞傲 推过 欧 没有 推 塞子 那种 明显 变化,0
已经 很多 品牌 陆续 涨价,0
买 精音 大 降价 直接,0
听说 耳机 器材 卖 贵 主要 中国 发烧友 太贱 必 需要 标 高价 认为 垃圾 厂商 压力 很大,-1
当年 喜欢   功能 效果 还 挺 好,1
比较 伤害 高价 红酒 喝 感觉 不 不去 糟蹋 平常心 习惯 都,0
不是 冲动 选择 好,1
感觉 万 耳机 加个 万 前级 应该 够 耳机 再 好 耳机 价格 音响 没得,1
现场 其实 比大奥 更 接近 现场,0
耳机 不错 音源 素质 高,1
买 最值 谈论 最 话题 最 时不时 点 脑放 再 听听,1
不急 不急,-1
轰 娘 完事,-1
代 出来 这么久 都 没 看到 一篇 完整 听 感 预感 药丸,0
应该,0
最近 听 一圈 感觉   价位 看看,0
自行车 自行车,0
生命 在于 折腾,-1
不 音频接口 定制 线材 转 某宝 上 狐狸 糊涂 店有 这种 定制 线,0
现在 没转 转接头 卖 以前 有纽 崔克 这种 转接头 卖用线 很 方便,0
接口 买 行 很素 耳放 解码 耳放 连接 耳机 平衡 口 行全 平衡 素质 会 高点 没有 好听 得不偿失,1
会悔 哭,-1
感觉 十年 二十年 坏 不了,0
印象 中 推 不好,-1
曾经 拥有 受不了 马兰士 解码 调音,0
多半 降級,0
估计 谈不上 升级,0
耳放 还原 解码 只换个 耳放 当然 不会 想象 中 提升 大 自然 不会 潜力 爆发 都 很 正常 当然 确实 老,0
出来 以后 上限 划定,0
学习,0
觉得 好 耳机 均衡 很多 说 平板 听 人声 好 交响 没法 听 觉得 耳机 问题,1
适合 高阻,0
二代 不香,0
听说 收 以内,0
后 没 必要 买 最好 内 收不到 以内 应该 不难 收,-1
以后 已 无 意义,0
应该 万 以内 即可,0
去年 收 号 带 铝箱 没 包装 没 掉皮 外观 没刮花 手头 这支 使用 年 战斗 成色 三年 左右 成色 都 自愧不如,0
后来 改成,0
莫西 干头 最优 解 没有 两侧 没有 头发 使 耳罩 紧贴 头部 头顶 头发 减少 头梁 共振 最大 限度 优化 声音 有人 说 光头 最好 实际上 光头 会 导致 声音 头 梁传 达到 整个 颅腔 导致 下水道 效应 反而 普通 发型 声音 表现,1
图一 大腿 好 粗怕 不是 站,1
涨 姿势,0
觉得 个人 来说 眼镜 影响 头发 大   影响 耳罩 头 贴合,0
,0
继续 继续,0
镇楼,0
终于 赶上 前排,0
前排   楼主 大号,0
壕 无人性,0
外观 最 毒,1
壕 无人性,0
太受 打击 草,0
买进卖出 倒腾 钱 越来越少,0
套用 某兄 惯用 一句 话 土豪 无人性,0
,0
奥菲斯,0
看到 全是,0
神器 众多,0
好 东西 真,1
说 月底 上市,0
录音笔 难道 不是 看 录音 水准 请问 录音 效果 定价,1
楼主 竟然 没有 留意到   旁边,1
帮顶 最近 再收 本来 行 看 折腾 经历 感觉 收才行,-1
好 帖,1
上面 那人 耳机 戴反,0
接湖 人 推 适合 流行 人声 否,0
一体机 推 肯定 缺口 气 旗舰 耳机 需要 比较 充足 耳放 功率 输出 比较 高 解码 素质,1
,0
几个 月 以前 拥有 百老汇 线条 感极强 信号线 不 搭 当时 卡 达斯 好,1
线别 插 口 笔记本 电池 供电 试试,0
金鸽 家 东西 不太可能 刺,0
搭配 不 可能 刺 问题 只 可能 周边,0
喜欢 木头   木头人 声,1
天龙 不好,-1
感觉 还 不错,1
非要 俩 里 选    ,0
铁三角,0
看 下 电压 是否 稳定 就行了,0
白天 夜里 各听 一下 基本 判定 小区 用电 质量,0
测试仪,0
听 音乐 感觉 不爽 难道 不赖 小区 供电 质量 赖 完 回去 买个 好 电源 设备 供电局 事情 没法 掺合,1
韩 五万 这套 确实 好听 全场 最佳 组合 不为过 不是 听 旁边 大 乌比 平板 更好 听,1
老 司机,0
耳机 声音 真的 不知所谓,0
看着 满 目的 妹纸 差点 以为 走错 论坛 看 金瓶梅 评价 心底 顿时 一阵 凉意,-1
黄服 猛男 阿明 哥,1
题多 全错 应该 听 出 区别 判断 错,0
凡是 坛子 上 说 听出 耳朵 线材 都 不敢 去 比赛 哈哈哈,1
输出 格式 改成 位,0
大概 版本 插件 抛开 直接 直出 省去 好几个 环节 建议 试下,1
改用 最新版,0
插件 版本,0
卸载,0
最后 两步 换线 电 带来 大 变化,0
各花 各爱,0
发现 楼主 似乎 很 喜欢,1
景丰配 隐士 值,1
隐士 推低 阻,0
楼主 耳机,0
我用 二代   一代 二代 声场 更大 高音 更亮 一点 人声 稍远 一点 二代 乐器 分离 度 稍 好 一点,1
最低 隐士 挺 好,1
都 大龄 烧油 细节 高音 反应 出来 情况 真 不敢 说 生理 上 衰减 抵抗 不了 年龄 递增 金耳朵 一定 保质期 说 看 完 很多 评测 听力 层次 喜好 都 不 说 参考价值 过低 当然 展览会 主要 到场 烧油 感观 品牌 建立 更 重要,1
隔壁 忘记 再 去 听 一次 原创,0
楼主 威武 看来 玩 还 需要 手艺 才行,0
看 下 国外 报道 细菌 培养皿 里 培养 出来 醋 杆菌 振膜 难 保证 配对 两只 一摸 声音 前 只 偏少 低音 最后 三百只 偏 低音 中间 几百只 音色 都 不 一共 卖 副耳机 时间 振膜 慢慢 会 老化 变质 据说 现在 听到 声音 刚 买 不 厉害,1
佩服 楼主 这才 认真 玩 老 耳机 应有 做法,0
非常 精彩,0
索尼 设计 要求 尽可能 采用 环保 可降解 材料 不 耐用 必须,0
流畅 悦耳 耐听  ,1
第一次 接触 歌德 很 不错 热情 动感 亲切 中频 量足质 稍 欠缺 低频 布 盖住 高频 后来 去 某宝 淘 几个 耳罩 一家 硬质 空心 海绵 有效 改善 高频 家长 完全 海绵 完全 不同 声音 科技 以换 腔体 耳罩 为本 单元 吃法 已经 决定 留下来 某宝 原线 改 平衡 原厂 改 平衡 真是 抢劫 流行 专用 爽 半个 小时 耳机 很 不错 时间 长 这种 夹头 佩戴 耳扇 受不了 自带 防沉迷,1
标准,0
其实 多个 香炉 多个 鬼 高通 芯片组   话 老老实实,0
开心 好,1
蓝牙 下 版本 一定 达到 目前 不行,0
谢谢 好文 分享,1
好多 细节 都 没 注意     激光 鼠   听   明显 感觉 老     不 知道 楼主 会 不会 感觉,1
楼上 想 问问 大 馒头 换 线,0
监听 音箱 设计 上 都 近场 聆听,0
个人感觉 流行 听感 更好 插 手机 比较 耐听 素质 声场 差 不少,-1
风格 不 实体店 试听,0
远胜,0
都 玩 二手 价格 衡量 万 以上 系统 必然 上限 高 搭配 合理 情况 下 很 好听 做 不到 说 黑衣 太子 推好 觉得 水军 营销 听得 不,1
流行 不同 风格 均衡点,0
说 两个 听 流行 菜 鸡互 啄 会 有人,-1
声音 比高 几个 级别,0
听 流行 我会 打瞌睡 都 来看 电影 打游戏,0
看 风格 具体 曲目 喜欢 通透 自然 肯定 好,1
下来 差不多,-1
建议 尝试,0
买 百块 耳放 觉得 完全 推开 性价比 非常 高 耳放 不贵 试试 不 满意 咸鱼 出 不 赔钱 搜,0
你好 请问   头 区别,1
广东 真是 假洋鬼子 乡,-1
适配器 非常 吃 电流 同样 音量 刻度 上 耳机 音量 听感 上 小于 音箱     类 组合 功放 每个 声道 功率 两套 功放 输出 口 正好 一组 音箱 一组 耳机 使用 遥控器 控制 输出 通道 打开 只用 通道 一种 直观 上 比较 听 听 音箱 差不多 效果 声场 立体感 之强,-1
欧真 不 高 还 耳放高 耳机 大力 出 奇迹 典范,0
电源 主机 分体 也许 解决 底噪 问题,0
当时 不是 宣传 推好,1
灯丝 稳压 灯丝 稳压 灯丝 稳压,0
灯丝 稳压 必然 做,0
很 经典,0
昨天 试 几台 功放 发现 不是 每台 功放 都 推得 好,1
好 耳机 推好 听感 出色,1
评价 下用 平衡 推 区别,0
去   刚买 不是 逼 出 二手,0
不 知道 是否 支持 免费 付费 更换 快 换代 速度 挂 咸鱼 直接 买 三代,1
没有 快 出来 还 没有 一年 出来 一年 后 才 出 一年,0
出,0
这不比 博人传 还 燃,0
俩 马 原道,0
耳塞 最后 原道 主力,0
怦然心动,0
长得 好像 贵 邻国 耳机 同轴 单元 木头 重量 应该 不会 太重,1
看 不 适合  ,0
船耳放,0
线 规则 指 里面 导体 粗细 外面 绝缘层 不 包括,0
线 外皮 厚 导体 直径 其实 左右,0
楼要 翻车,0
音频 线材 弄个 测试 打假 标示 数据 材质 不符 估计 九成 以上,-1
本来 通透 中正,0
好奇 一点 优秀 电路设计 原封不动 轻松 抄来 原厂 找 麻烦,-1
都 抄 这么久 还 不是 抄 这段 还 升级 主要 市场 小 没有 告它,0
突然 想 提到 牌子,0
挺 想 买 湖人 可惜 价格 有点 超 预期,0
这事 有个 疑问 原版 不 太行 机器 抄袭 版 出来 后 很 难听 黑锅 原版 设计 抄袭 背,-1
看不懂 楼主 支持 精英 抄袭 不 支持 说 支持 看 帖子 语气 不太像 说 不 支持 这贴 好 一波 原来 不 了解 产品 人 想 上车,1
不 觉得 好看,1
没有 宾利 不敢 买 耳机,0
金乌 起来 觉得 好 便宜,1
加点 钱 上 二手 大 乌不香,0
年轻人 第一辆 宾利,0
这是 银乌 换壳,0
买 声音 调音 比较 好听 素质 很 以前 听过 金乌 记得 不深 感觉 不是 调音 应该 很 不同 单说 耳机 声音 不 值得 去 买 没什么 意义 颜值,1
是不是 家里 插座 没有 接地 之前 碰到 设备 插 没 接地 设备 上 毛病,0
应该 做个 耳部 检查 直接 告它,0
耳机 没半 毛钱 关系 机器 设计 问题 机器 后面 挑 接口 接到 三脚 插头 机器 上 电流 导出去 连接 插 电源 台式 电脑 连结 插 电源 显示器 问题 解决,0
是不是 插座 没 接地,0
就算 真有 神人 会 喷成 神棍,0
这位 神人 发烧友 想 挺 挺 想 喷 喷 再 带点 专业知识 手提 专业 器材 更 不得了,0
真有 神人 可能 鸟 破 圈子,0
里 标准 统一 人 最 重要 作用 统一 标准 里 制作 出 不 设备 产生 发明专利 做出 不同 事情 人 特意 不是 自然界 里 不同 标准,0
本事 人 去 苹果 华为 电声 音频 部门 一把手 不香,0
喜欢 古典 喜欢 摇滚 爵士 新世纪 人 喜欢 重金属,1
认识 人 不止 出来 干 这种 事情 分 分钟 黑 死,0
标准 很 简单 唯一 正确 不同 错误,0
天鹰座 代 现在 二手 两千左右 和代 差距 大 后面 打算 耳机 再 整个,-1
考虑 高登 一代,0
二代 香榭丽舍 双 选,0
平衡 放大 平衡 接口 两码事 采用 单端 放大 使用 平衡 耳机 接口 耳放 比比皆是,0
不是 都 说 金波家 耳放单 端口 平衡 口才 实力 所在 相信 肯定,0
二手 方程式,0
说 没错 胆机 晶体 机 全部 主打 平衡,0
之前 看何 庆华说 过用 平衡 结构 机器 听 单端 大约 会 损失 价格,0
补充 下 低频 真的 非常 质感 咚咚   量 上 当然 没法 森海 一定   关键 说 音色 挺 带劲,-1
玩意 直 推 还 听听 声音 挤 一起 好歹 比较 厚 顺滑 一插 平衡 线上 放 问题 出来 动态 非常 小像 年代 高 阻动圈 好处 声底 非常 干净 听 新世纪 不错,1
现在 便宜 耳房 成熟 线路 完成度 很 好 其实 玩玩,1
久 听 不累,0
,0
极端 金属 狂人 主要 听 残死 听 两万 张 以上 不 喜欢 所谓 摇滚 耳机 有过 已出 声音 直白 声音 很 拜亚 追求 质感 低频 弹性 好 中频 空虚 建议 上 无论是 摇滚 都 通杀,-1
一票,0
支持,1
听 激流 听 死亡 勉强 还 行 回到 铁娘子 摩托 头 一票 更 喜欢,1
注意 版本 后面 新世纪 不要 提了 两个 不是 回事,0
今年 价格 还会 浮动 入 二手 是否 值得,1
价位 应该 首选,0
额 早就 说 确定 听音 观 好多 初烧 教育 现在 不敢 提,1
膜拜 一下 大神,0
高芬     听得出 区别 才能 玩线 这二货 风格 明显 真正 好线   万隆   专业 厂子   耳机线 其实 换 乐趣 黑 参考 这种 货   都 人 高兴 不已 乐呼   更好 线   会 玩 人 乐在其中   乐趣   线 必不可少   绕过去 玩 行 玩 一定 会 回来   有太多 好 东西,1
有过 听 流行 不 满意 两个 里 别试,0
不上 放 前提 下 推荐 买,0
中文 流行 感觉 扁 绝对 会 楼主 感动 当然 想着 素质 不好 说,-1
听 流行 不 看看 歌德,0
结合 下来 建议 上 相对 易 推 感觉 高频 比要 好 声音 饱满 贴耳些,1
找 耳机 医生 这种 多半 虚 焊 脱焊 很 容易 修复,0
原来 这批 跳水 问题,0
都 线 问题 单元 不 出 问题 就行了,0
详细,0
图片 变形 真是 逼死 强迫症,1
帮顶,1
感谢 分享 支持 一下,1
非常 好 分享,1
看 外观 退步 毫无 高级 感,-1
很 台湾 不 晓得 打算 出 几代 五年 一代 速度 学出 年 至少 能出 八代,0
十万块 搞 静电 落地 音箱 地方 够,0
上 箱子 条件 不上 箱子 理由,0
两个 都,0
根本 没 投票 意义 问问 钱包 邻居 老婆 孩子 就行了,0
箱子 肯定 好 环境 要求 高,1
环境 才 不 听 耳机,0
小房间   均衡器 削 一下 低频 驻波 凸起     真的 大 房间 处理,0
音质 差不多 箱子 倍 预算 不 考虑 听音 室,-1
终于 支持 支持,1
音箱 真力 雅马哈,0
今年 成都 没,0
年 年 去年 年 新 收获,0
展会 期间 大家 坛 组织 坛 内 会员 开展 相关 活动 一定 会 受到 欢迎,0
密闭 箱 倒 相箱,0
应该 年前 买 还 服役 好评,1
套装 不到 千 支持,1
胆机 音质 甜美 柔和 搭配 小 书架箱 能够 放出 一定 动态 声音,0
看重 规整 度 立体感 纵向 结像 层次感 不敢 说 不够 好 说 横向 声场 之王 可能 更 贴切 些,1
,0
大奥,0
声场 之王 指大 指能 做到 耳机 范围 内 最 真实 后者 觉得 已经 停产 极致,0
声场 型号 大一 丢 丢 单元 上 网罩 拆 还 大,0
图片 上 原道 信,0
好多 灰尘,1
一定 卡 哈哈哈哈   觉得 没有 想要 味   很   都 味道   喜欢 这种 声音,1
不是 假洋鬼子,-1
期待 正文   系列 墙 插 挺 感兴趣,0
感觉 高端,0
楼主 留下,0
一看 不是 菜,-1
星辉 素质 干得,0
星辉 素质 干得 古河,0
古河 超 难听 旧款 好听 一点,-1
无图 无 真相,0
看官 网 说法 优化 得来,0
很 好奇 会 价格 会 不会 直接 来到,1
漫步者 旗下,0
以前 系列   限量版     现在 迷惑 定位,0
这是 机器,0
难道 是因为 毛子 功率管 线性 不行 只能,0
最近 有空 学 电子管 功放 知识 过段时间 看能 不能 画 一下,0
屏极 不用 电感,0
个人感觉 两个 分体 二手 更 适合,0
分体 还要 线材 投入,0
恭喜 找到 低价位 好 配置 不 说,1
推荐 楼上 说 矩声     综合 使用 体验 很 好,1
一体机 看看 惊雷,0
千分 体 解码 千耳放千 很 好,1
买 原因   糊,0
短暂 听过 几天 没 感觉 好 总体 煲 好几年 路数 比较 半天 更 喜欢,1
臣妾 做 不到,0
随身 二手 国砖 进口 砖 价位 加点 钱 上 一代 享声 两个 都 推过 基本 形态 出来 关键 两款 推力 砖头 里面 都 算 大 外接 扩展 还 真是 令人 刮目相看 一种 组合 听得少 不敢 瞎说,0
二手 天鹰座   香榭丽舍 一体机,0
出头 考虑一下,0
出头 考虑一下,0
耳机 声音 水平 前一阵子 买 声音 还 佩戴 耳罩 压 耳垂 看 评论 佩戴 不错 有点 想法,1
粉 前来 支持,1
样子 挺 好看,1
频响 曲线 的确 大部分 别处 看到 都 不同 低频 隆起 无,0
最近 知音 堂 稍微 有点 距离 壹 视听 再远点 原声带 最远 安润 熊猫 试听,0
润 影音 很 近 天龙 马兰士 山灵,0
上海 不 大 地铁 都 方便 徐汇 知音 堂 黄浦 声音 小镇 圆 声带 甲苯 耳机 王 大学 路 安润 熊猫 万 航渡 路 壹 视听 问题 两天 大家 都 参展 店里 可能 设备 不多,0
长宁 世贸 海帆 上海 店 都 去 玩玩 都 比较 高端 品牌 店里   搭配 一套 台 机系统 很赞,1
顶 小不点 好 东西 之前 搞搞 不错 最近 愈发 感觉 推 非常 棒,1
多谢 大家 帮顶 欢迎光临 展会,1
展品 已经 抵达 上海,0
换条 同轴线 试试,0
头 一次 见到 关注 一下,0
确实 诡异 没听说过 特别 原配 电源 还 没 问题 一代 没有 发生 问题 至少,0
只 做 数字 转盘 同样 输出 解码 胜过 之前 加,0
低频 过量,0
楼主 上 放 只 玩具 熊以 工作温度 着火,0
超千 干 纯 转盘 输出 有点 尴尬,0
很感兴趣 耳放 想 脱离苦海 资金 到位,0
卖 换成 数播,0
新 和弦音 色 清淡 高频 非常       都 差不多 风格 主要 看 会 不会 觉得 流行 不够 劲 指标 高 机子 差不多 都 比较 亮,-1
流行 就行 味道 贼 甜,0
听 流行 挺 好 相比 体积 优势 很大,1
低速 抓轨 抓轨 刻录 软件,0
现在 没 长进,0
苹果 上 抓轨 软件 不错,1
兄弟 真的 折腾 哈哈哈,-1
这次 展会 用直 插金 平面 展台 功放 不会 爆机 正常 听 声音 硬 横向 拉得 太开 推,0
真会 玩,0
等阵 折腾 完 冒烟,-1
曾 用家 折腾 一阵 发现 专门 配 合并 机去 推 耳机 性价比 有点 低 反而 还 上 分体 系统 价格 看上去 贵 一点 前级 后级 分别 体现 功能 换换 口味 接 设备,-1
功放 推发炸 都 功放 设计 问题 功率 大 功放 未必 一定 推 增益 太高 一定,0
声底 软 应该 耳放 锅 胆机 声底 没有 硬 听 推好 声底 扎实 气势磅礴,1
人声 不行,0
大 编制 还 沉稳 扎实 声场 宽阔 气势 到位 中 高频 股子 碴子味 挥之不去 偶尔 会 觉得 刺激,-1
结相细 显得 实体 感 规模 感 不够 好大 编制 应该 找森海 基本 够用 前端 推 好,1
脑放 彻底 打开,0
过段时间 换回 原来 鸡线 发现,0
请 看哈,0
新手 不 应该 去 新手 区问 问题,0
问有 紫坛 用家 老烧 这种 名机 早有 定论 去 搜 搜,0
额   赤壁 万去 极品 人生,0
,0
绝大多数 都 问题 隔壁 玩 几十万 没 几人能 听 出来 问题 其实 消费 攀比 行为 别太 认真 听歌 流行曲 块 解码 已经 绰绰有余,0
开 几个 小时 以后 糊 稍微 好 退烧 解码 想要 不要 去 买 解码 装 起来 玩玩 大家 都,-1
基本上 看上 评价   只能 周星驰 赌侠 里面 名句 当堂 吓一跳   淡笑 形容,0
素质 大概 国产机 档次 调音 水平 秒 很多 国内 机器 牌子 美金 价格 入驻 国内   估计 所过 之处 寸草不生,0
请教 我用         差异 大 建议 升级 模块 干脆 加 界面,-1
暂时 没有 上 打算 其实 看 测试   都 差不多 机会 听听 看吧,-1
转眼间 二代 成 老将 出马,0
写得 不错 一定 参考 意义,1
其实 分期 感觉 还 支付宝 直接 去 淘宝 买 应该 便宜 不少,0
比较 不 理解   已经 多好 耳机   还要 分期 去 买 普通,1
平衡 试试,0
玩好 单元 不能 随便 就算 没   难控 不是 随便 搞个 房 行 现在   手机 做 音源       耳机线       耳机线 才 煲 几十 小时 整体 平衡 偏 一点 低频 不 严重 很多 人 低频 糊 是因为 线 不 到位 今天 索尼 信仰 卡刚 开声 感觉 音场 大 一圈 两段 延伸 更好 定位 明显 整体 凝聚力 提升 耳朵 最大 改变 透明度 提升 完全 之前 不是 档次 尤其 低频 通透 感结 改变 已经 不止 耳朵 区别 差不多 普通 鸡线   之间 距离 想 说 一下 之前 隔壁 帖子 说 贝尔金 打印 线 这般 听过   根本 不 档次 尤其 中频 散成 一皮 充其量 比鸡线 好 一点   折 人民币 不到 还 号称 吊打 线 呵呵 现在 想换       白金 两个 看法 不 会 更 适合 现在 感觉 低频 好像 收 有点 想 增加 厚度 力度 喜欢 素质 形 多点 牺牲 味道,-1
玩好 单元 不能 随便 就算 没   难控 不是 随便 搞个 房 行 现在   手机 做 音源       耳机线       耳机线 才 煲 几十 小时 整体 平衡 偏 一点 低频 不 严重 很多 人 低频 糊 是因为 线 不 到位 今天 索尼 信仰 卡刚 开声 感觉 音场 大 一圈 两段 延伸 更好 定位 明显 整体 凝聚力 提升 耳朵 最大 改变 透明度 提升 完全 之前 不是 档次 尤其 低频 通透 感结 改变 已经 不止 耳朵 区别 差不多 普通 鸡线   之间 距离 想 说 一下 之前 隔壁 帖子 说 贝尔金 打印 线 这般 听过   根本 不 档次 尤其 中频 散成 一皮 充其量 比鸡线 好 一点   折 人民币 不到 还 号称 吊打 线 呵呵 现在 想换       白金 两个 看法 不 会 更 适合 现在 感觉 低频 好像 收 有点 想 增加 厚度 力度 喜欢 素质 形 多点 牺牲 味道,-1
一篇 写 写 类似,0
听 天龙   相比,0
请问 楼主   平衡   推 饱满,0
都 没 看到         今年 挺  ,0
感觉 很 不错,1
想少 折腾 这台 一体机 算是 比较 好 选择 推力 够用 解码 素质 不错 前 级 部分 挺 好 接 有源 箱子 效果,-1
单端 推是 最好 机器 没有 太 舒服 耐 听,1
再 玩玩,0
不要 打击 积极性 好歹 顶级 机器   本来 听 挺 好 一说 声音 变差,-1
声音 暖,0
正版 家用 戶 界面 人性化 易上 手導入 目錄 后 自動 做 封面 墻 輸出 設置 方便 期待 版本,0
普通 主要 优点 两声 道 电脑 放电影 提供 绝对 领先 音质 这货 支持 支持 还 支持 插 帧 单纯 放歌 挺 方便,1
不知 钰龙能 不能 打过 组合 不能 不 考虑 毕竟 价格 摆在,0
都 不错 顺眼 买,1
好处 电脑 一边 工作 一边 听歌 加 更加 安静,1
上个月 刚 玩意 出掉,0
学习 沧耳放 很 不错,1
月 后 感觉,0
泰坦 鸟 我用 不同 系统 上 都 出现 同样 现象 高频 抹掉 不少,0
小东西 调音   原理   几千 解码 上 优化,0
频谱 听感 基本 没有 联系 试听 优秀 耳放 音源 才 参考价值 耳放 音源 没有 参考 意义 一副 非常 不错 耳机 相对 比较 好 推 听音 要求 非常 符合 估计 搞不定,1
其实   频响 都 参考 级,0
讲道理 金瓶梅 转载 篇 评测 说 还好,1
六千 出厂价 高价 低能 两千   性价比 之选 降到 一千五 估计 一片 讨伐 之声 垃圾,-1
目测 和稀泥,0
不玩 国产,0
不 建议 高登 风格 正相反,0
,0
都 没 听 蓝宝石 自带 前 级,0
北极星 其实 素质 不低 北极星 声音 追求 细腻 顺滑 不是 美国 机 那种 大 动态 凌厉 型 不会 缺,1
喜欢   没 办法 喜欢 不上 努力 两次 喜欢 不上 倒 蛮 喜欢 好听,1
,0
低频 不算 少 电脑 直 推 都 不会 缺 低频 声场 最大 表示 不能 理解 建议 各种类型 音乐 再 好好 听听 也许 新 发现,1
没见 光纤 同轴 抖动 测试,0
很 说 光纤 好 接受 发射 头有 制约 电 转光 接受 再光 转电 制约 太大 相当于 回转 一道,1
光纤 不吃 泛音 转换 端 用料 太 差 转换 信号 时 不好,-1
以前 用过 一条 美国 医用 玻璃 光纤 声音 牛奶 巧克力 般丝滑 流畅,1
平衡 推   不 听 大 编制 足够,0
恕我直言 桑 达拉 已经 没有 存在 空间,0
持有 表示 根本 干,0
促销 不贵 不 知道 今年 不 搞,0
只能 说直 推 听 耳朵 不好 推 不好 听,-1
以前 价格 真的 值,1
据说 现在 金 平面 都 干,0
必须 实木   海南 黄花梨   实在 不行 印度 小叶 紫檀   不能 更差   必须,-1
耐操 轻便 王道,0
喜欢 轻,1
越轻 越 好,1
喜欢 丰达 木碗 壳子,1
厉害,1
看来 专门 研究 木头,0
英文版 看不懂,1
还 买 换 芯片 听听 不同 口味 其实 换个 牌子 听听 不同 口味 挺 好,1
追求 体积 竟然 外置 电源 倒 处理 比较 感兴趣,1
厂家 听 遍 哈哈哈,1
用户 搞 操作 真 爱 恰饭,0
前端 不错 围观 手办,1
推 几个 耳机 感觉 很 难用 耳放 兼顾,0
叠叠 乐 好多年,1
京东 打印机 木头 架子 几层 都 结实 不贵 买 两层,0
顶顶,1
主要 散热 问题 还好 系统 高频 辐射 几乎 忽略,1
优点 声场 大 素质 高 声音 顺滑 高低 阻 适配 都 不错 缺点 体积 大声 音素 音源 好好 搭配 下 耳放 最好 配根 好点 电源线 直接 上墙 接插 线板 动态 压缩 明显,1
叠叠 乐 其乐无穷,0
其实 应该 很多 看 楼主 描述 无法 听到 一一对应 起来 比较 小白 花 不 钱 觉得 挺 好听 知足 性价比 其实 挺 重要 木耳 才 最大 性价比 其实 真正 财务 自由 大部分 人 应该 都 寻求 性价比 不是 还 下载 闲鱼 不是 直接 买 全套 调配 好 大奥 听 出来 万 系统 大 区别 收完 楼主 回去 安心 欣赏 音乐,1
买 买,0
客观 评价 有助于 提升 潜在 客户 产品 信心,0
原装 电源 确实 力 大声 粗 放 需要 加 相当 好 电源 快 赶上 本体,1
评论 真 详细 顶一下 来说 小 机子 竟然 出来 声音 很 不错 颠覆 一下 关键 白菜 价格 真的 刚 入门 烧油 来说 真是 福音 相对 低廉 价格 买 好 声音 再次 推荐 一下,-1
有个 疑问 需要 电流 应该 最低 应该 输出 电流 带动 换 明纬 电源 还 好 电源线 改善 明显 没有 原配 电源 下 毛躁 火气 声音 一定 修养 现在 澎湃 柔美,1
想要 磅礴 二代 不是 核 核 换 耳机 大概 看 懂 才子 大佬 意思 不 知道 大家 是否 明白 才子 大佬 原来 小 玩具 用家,1
试听 几天 单推高 阻动圈 性价比 相当 高,0
学习 一下,0
学 计算机 出身 传输 最大 特点 数据传输 音频文件 做 初步 解码 后 数据流 线 传输 解码器 一体机 原则上 讲 传输 过程 中 没有 能够 足以 导致 数据 误传 干扰 不会 问题 解码器 数据流 转化成 模拟信号 说 内部 干扰 数据 播放 没有 影响 当然 说 风扇 噪音 大 倒 事实 好处 充当 均衡 去 进行 味道 调整 会 玩 软件 希望 播放 出来 歌 味道 风格 电脑 里 都 实现 现在 网易 酷 播放器 都 类似 特效 功能 解码器 优势 多种 风格 选 编辑 解码器 往往 固化 一种 风格 实际上 今天 看 组合 里 均衡 基本 消失 挺 奇怪 很多 问题 均衡 解决 尤其 调整 解码器 出来 音乐风格,-1
目前 音箱 系统 听 耳机 系统 接 电脑 凑合 听,0
数播 带 硬盘 带 解码 带带 带 平衡 带 硬 遥控 带 移动 设备 遥控 国际品牌 一万 不到 价格 已经 不能 要求 更 线材 耳放 搭配 很 需要 功夫,0
主机 干扰 问题 早 已经 解决 不是 搞 专机 事情,-1
曾经 很 想 搞 数博 后来 放弃 真的 复杂,0
标题 内容 不符,0
明显 小 窗口 好看,1
听 多久 清风,0
支持 江南 大佬 听 感 曾经 十年 前去 翔声 厂家 拜访 都 没 买 仍然 受到 厂家 厚道 接待 试听 下午 留下 很 好 印象,1
有用 其实 没有 说 一定 煲 多放 不同 频段 音乐 即可 三频 都,0
高压锅 多放点 姜蒜,0
没用,-1
正常 听 音量 播放 循环 播放 大 动态 交响 白 噪音 小时 左右 停 小时 左右 每天 差不多 能煲 小时 就行 作息时间 调整 比方说 睡觉 前 打开 播放 早上 起来 关掉 上班 上学 出门时 再 打开 晚饭 左右 再 关掉 循环 差不多 周 左右 声音 听到 比较 明显 变化 当然 前提 播放器 耳放 合格 产品 煲 耳机 不是 煲 耳朵 期间 随时 中断 正常 使用 听 想 听 内容 耳机 戴 耳朵 上煲 低能 干的事,-1
声音 变化 小 更 大脑 适应 声音 过程 正经 对比 煲机 频响 曲线 变化 很少 油管 做过 煲机 测试 视频 拜亚 耳机 煲机 高 频频 响 确实 变化,0
没用 耳朵 不 喜欢 耳机 再煲 不会 变 好听,-1
正常 音量 正常 听 行 耳朵 承受 音量 一定 会 对应 耳机 承受 功率 振膜 行程 不必 特地去 煲,0
觉得 变化 耳机线 会 拿常 听 几首歌 对比 知道,0
新线 新 耳机 都 会 煲机 碟煲 几百 小时 再 听 不间断 褒,0
看 官方 资料 功能 方面 挺全 一体机 真 智商 税 智者见智 仁者见仁   差不多 价位 参考,-1
耳机 用金 参考 搓过,0
接搓 鱼 同名,0
现在 正用 两根 超时空     数字 线 当做 模拟 线用 并未 发现 不妥,0
不能 互换 声音 会 翻车,0
正 解   同轴 欧 阻抗   代替 不合 规范,0
音频 数字信号 频率 很 低 远远 达 不到 需要 考虑 特性阻抗 地步 未尝不可,0
文字,0
太强 听感,1
无图 无字,0
没 见 楼主 毒 倒 口吐白沫 四肢 抽搐 既无字 无图,1
看来 彻底 毒 倒,1
帮 香港 摔角 迷 一把   昨晚 试听 现场,0
太水,0
唔 南方 代表 很少 有人 发 词儿 呻吟,0
,0
沙发 支持 一下,1
开 个头,0
这次 活动 力度 很大,0
顶 中不中 无所谓,1
顶 中不中 无所谓,1
机会 去 试试,0
顶一下 反正 中奖 绝缘体,1
支持 一下,1
看看 手气,0
好 小,1
胆小 号,0
小黑 胆,0
皆 调音,0
当然 说 不负责任 参数 都 不 声音 相似 度太高,0
年 才 出 楼主 搞笑,0
运放 假货 太多 贸泽 电子 买 元 一颗 居然 美国 发货 香港 再 转顺丰 邮寄 声音 有贵气 人声 很润 淘 宝货 行程 鲜明对比,-1
估计 很少 有人 玩吧,0
没 了解,0
没有 人 研究 一下 大奥 耳放换 管子,0
换 玩 挑个 参数 差不多 音频 运放 试试,-1
换个 同型号 高级别 点 运放,1
看 拿个 忽悠 烧友 没,0
最近 推荐 算法 以前 谱 以前 赞,1
没 目前 来说 组合 好 高 码率 音质 能够 超过 音质 上 随便 比较 下 知道,1
肯定 意义 上次 群友 团购,0
不是 以前 都 说 新品 优化 推出 正式版,0
继续 支持 口碑 不错 期待 一下 新品,1
感兴趣   有没有 淘宝,0
才 完全 体 连接 相当于 上 独立,0
接口 先是 接口 模拟信号 采集 内置 转换成 数字信号 再 解码 转换 模拟信号 放大 电路 输出 耳机 单元 需要 两重 转换 音质 极差 耳机 本身 硬件 绕 不开 单元 本身 没有 针对 封闭式 腔体 调音 全靠 调音,-1
其实 更 喜欢 蓝牙 效果 蓝牙 耳机 比较 优势 明显,1
鸡儿 两千,0
真 男人 发 去 民族 大道,0
展览 见 不到,0
某零,0
确实 声音 很 好 醇音 老板 很 喜欢 搭配,1
平板 目前 看 骂 声音 真的 不错,1
箱子 领域 唯有 动圈 一家独大,0
金 平面 铝带 很棒 这次 展会 配 土炮 功放 声音 很 不错,1
平板 上限 高 同质化 没动圈 严重,0
奥帝兹粉 表示 国产 非动圈 耳机 任重道远 加油 时间 技术储备 问题,0
区别 歌德 我出 很快   浓厚 男声 严重 偏科,0
玄学 名称 认真 输,0
差 细节 主体 信息 没有 差别 人头 肯定 不会 少 乐器 几把 人头 一把 乐器 清晰度 区别,-1
个人 愚见 信息量 延伸 层次感 泛音   细节 总称,0
铁三贫 乳妹,0
黑美人   满足 需求   试听 看看,0
铁三角,0
推荐   神 耳机,0
量身 打造,0
古风 歌 听 感觉 比大 耳机 还 好听,1
古风 国风 现在 两个 各有特点,0
无脑 推荐 大 乌,0
没试   第一 感觉 会 秒 渣 都 不 剩 我家 有套 万多 爹 不是 发烧友 不 搞 摆位 不 搞 电处 说出 解析 还 稍微 赢 点 输 毫无疑问 音响 根本 不会 想 听 耳机,0
箱子 耳机 对比,0
音箱 耳机 干嘛 不拿万 落地箱 万 书架箱,0
一分钱 一分货 何必,0
感觉 设备 买个   搞个 凑合 前端 或许 不到 买个   搞个 前端 方面 好 很多,1
万 箱子 系统 理论 上 不够看 空间 听音 环境 要求 不 好比 万元 级 高端 分辨率 电视 摆 房间 都 看 分辨率 再 高 画面 再 精细 撑死 寸万级 投影 系统 才 分辨率 影音 厅 多媒体 室米开 外挂 起少 说 寸 说 爽,1
其实 很难,0
有个 听音 室 会 去 听 耳机 这种 罐头 声     这种 没 可比性 东西 真水,0
楼主 不会 卖,0
不用,0
滋兹滋磁   价格 不 知道 美丽 不 美丽,0
年 注册 一堆 小号 这是 耕耘 肯定 会 收获,0
敢不敢 接盘,0
惠威 名字 是不是 有点 想 贴 锐威,0
阿巴 阿巴 阿巴,0
一类 技术 很多 主要 看 自带 时钟 线路 好 外接 时钟 差距,-1
厂家 说 音源 没 区别 之前 问过 代理 说 会 好,1
几天 世纪 格雷 解码 配合 便宜 耳放 效果 挺 好 糊味 一扫而空 惊喜 说明 格雷 解码 的确 东西,1
为啥 耳机 俱乐部 世纪 格雷 被贬 一文不值 奇怪,1
连小吴 都 站 说 音质 牛 逼 东西 对手 都 认可 才 真的 硬 耳机 俱乐部 都 土豪 不玩,1
记得 两个 耳机   方案 不是 铁三角 本厂 做,0
很久以前 看到 说法 以前 放大器 主流 电子管 输出阻抗 比较 高 后 端 耳机 欧 比较 占 主流,0
日本 厂商 兼顾 便携 设备   日本 之前 主流 耳机 驱动 设备 功放 前置 耳机 孔,0
默默 看着 一体机 一根 黑黑 机线,0
不够 世上 数千种 电源线 每个 需 数百 小时 来煲 才能 判断 好坏 一生 时间 未必 找到 合适 线 更 遑论 咸菜 全部 尝试 各类 组合 需像 愚公移山 祖祖辈辈 试 下去 第代 子孙,-1
楼上 好 调皮 官方 搭配 就行了 换 一台 机器 改变 远比 线材 大 系统 没什么 太 大 需要 改动   一根 线 才 会 锦上添花 当然 不 排除 换线 声音 更差,-1
线材 至少 入门 当年 一根 块 包邮 听到 怀疑 人生 搞 还 网吧 耳机,0
不是 非得 换 没 玩 电源线 之前 机线 还 不是 听 好好,1
相当 不错 正在 听,1
原创 押金 试听,0
声音 速度 比较慢 走向 比较 稳 个人 听音 习惯 比较 倾向 声声慢 那种,0
欧博   没人 说,0
代 听说 原线 很 差要 不要 先换 根线 试试看,-1
直 推 水平 薄薄的,0
耳朵 没煲 当然 不好 听多煲 煲 总会 好 不少,-1
确实 小白 一只 听听,0
不要 原配 线要 正经 音源 放大器,0
垃圾 耳机 不 知道 坑 人 音色 上 前端 音色 苍白 淡漠 无聊 至极 忽悠 人 解码 耳放,-1
值,1
本来 干冷 薄 声音 低频 残废,0
听 几天 后 留下,0
电脑 直 推 听歌 赶紧 换 耳机 声音 入耳 不刺,0
飞利浦 建议 短板 不多 不 煲机 都 耳朵 惊喜 略微 压头 眼镜 友好 大头 无碍,1
,0
听 歌手,0
大 奶罩 都 低 阻 搞 哭,-1
尝试 一下 声力 宙斯 欧低 阻 曾经 听 一阵 听歌曲 声音 已经 非常 好 推好 级别,1
官方 线,0
黑 参考,0
双子座 一代 原线 基某 大佬 推荐 说 蛮 好,1
最近 准备 淘宝 上 买 二代 搭配 打算 买 情迷 欧 无奈 单端 感觉 无法 发挥 小不点 威力 正 研究 线 遇到 楼主 问题 老师 推荐 感谢 再 问 一下 楼主 推 二代 多谢,-1
黑 参考,0
官方 平衡 线 声音 太 冷静 原线 找 改 平衡 官方 平衡 线 好听,1
苏陌 黑 参考,0
换线 提高 音质 都 奸商 忽悠 人 国内 耳机 大厂 技术人员 组织 专业 听音 人员 盲测 一根 接头 生锈 烂线 几根 线 没有 人能 听 出 区别 铜线 镀金 线 区别 仪器 上能 看 出来 早就 超出 人耳 区分 范围 去 国外 站 看看 专业 测 耳机 站 只 说 耳机 罩 更换 声音 影响 耳放 高 阻抗 耳机 欧往 下 耳机 耳放 几乎 都 没 影响,0
双子 就算 推荐 蓝水   至少 参考,0
黑 参考 上面 假货 很多 当心 掉 坑里 宽松 大气 音质 暖 澄 线条 感强 音质 硬而脆 价格 翻倍,-1
黑 参考 原线 强多,1
官方 线,0
没有 高级 乱调 得不偿失   有算力 达成 无损,1
小 耳塞 来说 亲测 如换 塞 确实 有效 小 耳机 耳塞 本身 失真 率 高 增加 失真 相比 频响 改善 带来 听感 提升 更 明显 划算,-1
垃圾 耳机 正经 听 好 耳机 不用,-1
喜欢 耳机 减点 低频 高频 效果 立竿见影 换 设备 带来 改变 太 不 可控,1
最好 不要 乱调 会 掩盖 系统 特性,1
垃圾 耳机 扔掉 听 好听 行,-1
爱 欧迪家 音效 值得 一玩 都 不开 最好,1
管子 换,0
机 早期 楼主 试试,0
请问 原创   机 适合 人声 古典,0
机箱 主板 接地 不仅仅 防 漏电 金属 机箱 大 屏蔽 壳 屏蔽掉 杂讯 静电 会 线 导流 掉 机器 底噪 明显 试试 机箱 接地,0
留 一楼,0
很 不错 套装   值得 一试,1
激光 鼠 大厅 展位 欢迎您,0
以为 是从 东北 坐飞机 过去 额,0
加个钰龙 玩家 群群 里 分享 管理员 都 里面,0
买 欧呀,0
两头 翘 试过 一堆 前端 没听到过 两头 翘,0
这是 推力 不足 体现,0
站 老 韩 视听 音乐 还原 最 准确 实在 太 好听 当然 都 胆机 推,1
录音 后 最终 呈现 回放 设备 成品 相位 问题 取决于 录音 混音 母带 处理 人 工作 方法 习惯 喜好 所有 纠结 比较 好 有人 喜欢 有人 喜欢,1
先 搞清楚 录制 左右 声道 不 麦 录制 左声道 左声道 不 就行了 哪来 镜 不 镜像 问题,0
确定 拍照 左右 镜像 大郎该 起身 吃药,0
本人 试听 一套 金 画眉 强太多 太多大 乌 不 了解,1
一套 推大乌 完全 没有 问题 推开 感觉 推 还要 好 这套 系统对 电脑 出来 声音 要求 不高 起到 很 好 提升 作用,1
银狐 前级 功能,0
包邮解 君愁,0
木耳 鉴定 完毕,0
笔记本 推 到头 耳机 再 好 听不出来 区别 笔记本 天花板 相当 滴 反正 声音 极其 垃圾,-1
曾经 觉得 方面 表现 好 后来 论坛 发帖 咨询 之后 觉得 好 后来 对比 听 很 久 选择 相信 耳朵 出掉,1
菜鸡互 啄,-1
卖 留 觉得 舒服,1
退烧,-1
卖 留下,0
真 木耳 正常人 都 听 出 频响 差距,-1
送人 已经 声音 没 印象,-1
,0
预留 位置,0
好 期待 盲赛,1
预留 位子 十点 开展,0
建议 搞 成线 上 盲 听 大赛 实名制 报名,0
电源线 电流 还 没 走 音箱 线 已经 高频 泛音 吃掉 太 神奇 还要 中间 一大 坨 功放 干吗,0
是不是 金波 手感,0
不 舔,0
插入 奖给,0
音量 简单 粗暴 理解 输出功率 大小 增益 放大 倍率 放大 倍率 大 自然 输出功率 高 推力 简单 粗暴 理解 不 失真 输出 能力 耳放 只能 提供 输出功率 满 输出 情况 下 都 做到 极低 失真 理解 这款 耳放 推力 很 好 相反 很多 输出功率 耳放 实际 表现 之后 表现 极度 失真 高音 发刺 低频 肥厚 动态 凌乱 耳放 直接 扔 垃圾桶 块 包邮 送走 更 适合 其实 读过 基本 模拟 电路 人 应该 都 知道 晶体管 电子管 放大 特征 曲线 不是 完美 斜率 曲线 最大 输出 晶体管 实际 最佳 输出功率 出 线性 区域 可能 不到 看 设计 公司 去 挖掘 芯片 最优性 区域,-1
如果说 推力 指 放大器 耳机 负载 驱动 能力 音量 增益 都 推力 无关 放大器 本身 电路 结构 外围 供电,0
听歌 耳机 没 必要 搞 成 科学家 格 音量 很 吵 上个 前级 完事 还 靓声 干,-1
听 人声 古典 小 编制 听 电子 古典 大 编制 出街 听个 响,0
排除 前端 问题 耳机 问题 卖家 成功 需 煲机 拖 一周 再 拖 来不及 退换,-1
建议 直接 保修,0
煲机 已经 成为 逃避责任 经典 借口,0
显然 问题 机,0
煲机 不会 改善 耳机 问题 耳朵 问题 先 去 医院 做个 检车 没有 问题 直接 退 耳机,-1
退货 换 新   前前后后 买 只 都 没 说 问题,-1
没有 感冒 鼻炎 赶紧 退换,-1
鱼,0
人声 不错 原线 缺乏 纵深 大 问题 换线,1
昨天 上架 今天 正名 发烧 鱼 常规 操作,0
天河 圆 声带,0
关键 贵 价格 为啥 不 上代,0
安卓 下载         融合     支持,1
音箱 制造 上 来看 低中 高 能量 比例 顶多 低音 喇叭 高音 足够 高音单元 还要 承担 一部分 中频 能量,1
重金属 常有 大量 吉他 失真 鼓点 快速 密集 主唱 竭力 嘶吼 场景 系统 安定 度 不 达标 整个 场面 会 混乱 不堪 耳机 中 极致 配原线 副 衰样,-1
帮顶 学习,1
其實 金屬 搖滾 下面 一個 分支 做 為 一個 聽 多年 搖滾 幾乎 不 聽 金屬 人 覺得 搖滾 金屬 並列 還是 不合 適的 很多 搖滾樂 對 分離度 要求 很 高,0
系统升级 之后 之前 听烂 歌 新歌,0
单纯 喜欢 声音 机器 把玩   搭配 乐趣,1
日系 不 清楚 拜亚 森海 出厂 时 都 没 塑封 塑封 都 代理 到手 后 封 看 塑封 不靠 谱 机身 手印 灰尘 不 一定 拆封 退 货品,-1
原来 买 索尼 黑 砖 没有 塑封,0
没有 塑封,0
平衡,0
玩 高级 焊锡 那群人 相信 绝对 不是 几十块 钱 一卷 焊锡 出来 声音 线材 焊锡 脚钉 保险丝 避震 修磨 电容 电阻 好 电容 一颗 大 几百 上千 电位器 贵 见 东西 都 一群 玩家 乐此不彼 一定 找到 差异,-1
没有 金耳朵 的确 浪费,0
听 系统 关系,0
不 一定 高价 发烧 线 发烧 接插件 一定 买 质量 好 优质 线材 接插件 最好 进口 淘宝 香港 音响 店 买 古河 镀金 电源插头 尾 插 每套 人民币 声音 有点 糊结 有点 散 还 买 英国 原装 普通 电源插头 尾 插 一套 几十元 人民币,1
好 线材 有用 别管 作用 真的 有利于 开脑放,1
人群 里 听 别人 吹过 几个 设备 踩 几个 设备 展会 别人 家 听 几个 不合理 搭配 上天 变身 懂王 指点江山 最 搞笑 设备 都 没有 没 搭配 玩过 凭着 刻板 印象 去 指导 别人,1
请问 楼主 朋友   推啥 耳机 试过,0
前级 不是 出力 玩意儿 可能 推 合并 机 级 纯后级 音源 前级够 强,1
帝瓦雷 解码 都 省 还 调 功率,0
金嗓子 不 都 推荐 话 说 不 玩 箱子 搞 耳机 性价比 不高 有钱 没 说,0
功放 箱子 选 不要 特意 选择 功放,0
科学 功放     奔驰 马克,0
好 奇怪 担忧,1
脑洞 清奇,0
找个 塑料布 盖住 就行了,0
塑料布 盖 好 应该 没 问题,1
觉得 影响 盖布 觉得 贵 搬走 就算 大家 说 没有 影响 会 觉得 影响,0
保鲜膜 包 起来,0
很 好奇 声感,1
震撼 失语,0
淘宝 有导 音管 修复 小东西 不 知道 有没有,0
带     超级 不 隔音 早就 停产 全世界 限量 副 祝鲁迪 大叔 健康,0
铁三角 大 笊篱 开 方面 很大 相当 不 隔音,0
或许    ,0
,0
平板 静电 基本上 都,0
这种 单元 架 耳朵 外面 完全 没有 隔音 效果,0
初 心 静电 漏 十分 厉害,1
平板   静电   铝带 基本上 都 里外 大声,0
脑残 言论,0
每个 芯片 个体 差异 并联 只会 叠加 进去 很多 失真 声音 奇怪,-1
文科生,0
肯定 文科生,0
环境 不错,1
羡慕,1
上海 人 近在咫尺 这次 有事 去 不了 本来 真的 打算 去 听 几样 东西,0
设备,0
电源线 设备 上 黑人 问号,0
楼主 试试 同一首歌 分别 转换成 格式 看看 不能 听得出 区别 听不出 区别 千万 不要 玩 线材 如能 听 出 区别 才 慢慢 玩 线材,0
一定 区别 感觉 价格 最终 效果 不 直接 挂钩,0
哗众取宠 皇帝 新衣 其实,0
胆子 肥 随身 敢 点 进来 看看 完 默默 关掉 帖子 搬 砖 赚钱 去,0
三万多 买台 不香,0
百度 搜索 共射 放大 电路 共基 放大 电路,0
界面 里 选好 曲目 右键 转换,1
机 内置 软件 直接 出来 声音 无 压缩,0
听课 音质 无线 蓝牙 头戴 最 方便,0
声音 梁头 一定 宽大 贴合 长时间 听课 舒服 最 重要,1
某宝 搜 平头 塞 价位 随便 买 好,1
包邮 原道 不到 元 元,0
几个 问题 没 切中要害 都 算是 比较简单 易懂 具有 一定 科学性 概念 大家 非常 习惯,1
半 玩笑 说 安定 感 其实 一种 理解 不同 电脑 播放 音乐 减少 电脑 播放 电脑 干 事情 游戏 网页 增加 安定 感,0
楼主 形容词 测试 名词 一毛钱 关系 没有,0
骗 说 养 金鱼 缸子 信,-1
夜总会,0
厉害 歌玩耳鸡 上 级,1
其实 分不清 古典 交响 区别 播好 难度 大,1
网易 云 音乐 排行榜 曲风 榜 古典 排行榜,0
去 古典音乐 版块 随便 下载点 百度 搜索 一下 企鹅 三星 带花 合集,0
考虑 收,0
看 几篇 评测 感觉 背景 黑 应该 功劳 好 解码 感觉 完全 搜 不到 评测 没 几篇 水文 奥 莱尔 已经 穷到 水军 都 请不起,1
奥 莱尔 不错,1
非常 不错 现在 退烧 塞 典型 动圈 声音,-1
看 看 一人 购买 人 是不是,0
线 价格 不算 高 真的 说 好,1
看 频响 中 高频 定义,0
知道 国标 方便 不换 墙 插 更 方便,0
好 电源线 国标 插头 不,1
太多 杨阳   线尊   八达 现在 都 出 不 影响 动态 声场 滤波 声音 没 撒 提高 兴许 提高 听 出来 无非 用电 高峰期 能够 抵御 多点 干扰 图个 心理 安慰 不差 元 小钱 当然 买 买个 元 防雷 防 电插座 就行了 元 价位 公牛 同为 品牌 都 普通 排插 价位 做工 用料 都 保证 声音 没有 明显 损失 声韵 倒 有无 滤波 排插 里面 机线 插座 用料 没有 防雷 防电 功能 个人 认为 就算 不 考虑 音质 贵重 电器设备 用个 防雷 防电 排 插 起到 一定 保护 作用,-1
西门子,0
没 搞清楚 过机线 到底 线,0
前排 观看,0
请 说,0
不 适合 家用,0
支持 对比,1
机会 一定 听听 原厂,0
觉得 提 指 功率 级 采用 放大器 不是 输入 级,0
放大 输出,0
声音 传播 弄 明白 不会 疑惑,0
结项 好 音箱 才 正 眉心 过来 声音 体验 不见得 一定 要贵 几块 联想 百八十块 好 都 耳机 没 办法 做到 经典 非常 接近 物理 特性 决定 差,-1
无氧 铜 声音 是不是 比较 冷 声音,0
正巧 弄 条 线 那种 比较 便宜 国产 银线 交响 牌子 声音 原线 更 顺滑 一点 通透 度 细腻 度 一定 改善,0
看好 多人 说 流行 人声 闭眼 选 歌德 实在 不 喜欢 压耳式 佩戴 方式,-1
先帮 排除 歌德 人声 太近 专门 用来 听 人声 不在意 表现 那小乌 最合适,1
宙斯 没 听 列 剩下 里面 选 可能 得选,0
一代 别碰 代 系统 搭配 合理 一代 超值 神物,1
建议 买个 仿 搭配 合适 管子 二手 大概 两千多 不错 效果,-1
貌似 最近 更新   试试  ,0
插 风根 大盾,0
小不点,0
必须 欧博     原创,0
本来 不差 来说 算好 盒子 太 大,-1
没人 说 差 各大 网站 不是 都 说 最佳 音质 续航 标准 哈曼 曲线 音色 失真 比榭兰图 还 低,-1
已经 苹果 时代 产物 单元 调音 芯片 都 相当 强,1
人声 好听 没 毛病 背景音乐 糊 分离 不 高大 动态 上 原形毕露,1
主要 跑步 听 感觉 很 佩戴 自然 切歌 操作 接受 不 担心 掉 音质 续航 倒 次位,0
想,0
好家伙 售价 都 土豪,1
最近 真 无线耳机 当中 听             森海木 馒头 真 无线 代 索尼 苹果   感觉 两款 真不错 可能 加持 觉得 档位 有线 耳塞 还 好听,1
劲浪 搞 烦 出 新机 换壳 换 配色 母猪 下 崽 产品线 铺 太广 逻辑性 严重不足 老 产品价格 腰斩,-1
歌德 好歹 脸皮厚 价格 硬卖 不卖 出去 说 反正 不 降价,1
专业版 配色 没,0
胶水 坏线 问题 彻底 根除,0
银乌 声音 块,1
安润 送 条线 都 左右,0
看 个人 习惯 方便 价位 升级 解码 效果 其实 更好 很多 解码 支持,1
投 界面 一票,0
确实 不错 声音 没问 耳机 价格 不 属于 那种 大开 大 磕 平板 声音 没 问题,1
听 下 透明度 细节 揭示 力 确实 不错 价格 呵呵,-1
价格,0
还 以为 楼主 买 差点 发表 豪气 冲天 四字 真言,-1
记得 光 耳机 就要 关注 很 久 太 冷门,0
感觉 很差,-1
其实 这套 激光 鼠 铁三角 更 喜欢 这套,1
低频 非常 好 机器 这套 系统 居然 低频 不 中频 还 有点 直白 不 流畅 感觉 搞笑,1
音箱 都 做 一塌糊涂 耳机 好 到哪去,1
,0
现在 高端 无线耳机 基本 都 补偿 单元 特性 做出 针对性 修饰 补偿 单元 本身 素质 平平 补偿 后 最终 出来 声音 远远 高于 单元 有线 耳机 中 表现,0
千 耳机 都 不见得 配块 成本 单元 做 箱子 买 两个 单元 两个 还 包邮 抛 去 邮费 几块钱 太高 看 资本家 声学 设计 开模 广告 运营 费用 均摊 可能 值块,1
买 新 挺 好听 尤其 人声 不薄 不厚 正好,1
一轰毁 所有,-1
,0
去 观摩 一下,0
因人而异 有人 耳朵 有人 半 耳朵 有人 听不出来 差别,-1
一人 听 耳朵 两人 听 两 耳朵 百人 听 百 耳朵 神仙 听 没 耳朵,0
真想 耳朵 还 墙线 改 小区 入户 线改 小区 变电站 改 电厂 输电线 自由选择 风火 水 核电厂,0
很 高端 样子,0
万元 档会 加进去 这种 费力 不 讨好 事 没法 失真 性能 反映 上 大概 会 做 厂商 很少,-1
学习,0
这是 今年 月初 刚 发布,0
不 一下 里面 甚者 连值 都 没有 标 更加 没有 曲线 实再 看不出 更好,1
,0
期待 小于 万 当前 进入 眼帘 有红芯   享声         押金 试听 没法 听到 想 听 大家 评测,0
顶 起来,1
版 行,0
享声 挺 好 性价比,1
口 支持 解码 文件 接口 都 不 支持 用纯 数播 搭配 只能 听       文件 听   类要 配数 播 解码 才行   大家 推荐,1
日本     韩国   欧然德   都 输出 功能 完美 般配   国产 没有 输出 太贵,-1
一票,0
,0
人声 更好 些 声场 大,1
都 不 知道 放该 选 过于 冷门 少有 耳放 针对 耳机 调音 找个 烧友 交流 都 困难 解码 音源 咸菜 都 一个个 坑 去 踩,-1
看耳放 还 看 人声 人声 远不如 古典 应该 不用 担心,0
人声 挺近 耳放 低阻 隐士 百老汇 很多 都 不错 人声 不远,1
耳机 挺 好 身边 朋友 需要 买 耳机 我会 推荐 款 估计 一套 花块 安心 听歌,1
更 喜欢     太重 脖子 不行,1
元 解码 耳放能 搞定 表示 怀疑,0
评价 易懂 耳 听 才能 为实 申请 试听 不 知道 状况,1
已经 试听 都 没收 私信 看来 没 中奖,0
昨天 展会 上 试听 升级版,0
米饭 嘴巴 是不是 臭纯 个人 感受 音质 好 不少,1
米饭 嘴炮 不得 不服,0
手持 渣 渣 播放器 支持 米饭,1
有着 不错 表现,1
米饭 中国 文化 厉害 人 真的 看不懂,1
邮局 港局 米饭 不是 第一个 明亮 明里暗里 斗嘴 国砖 掌门人 相比 国砖 全方位 被动 米饭 至少 气势 很足,0
永远 不要 试图 去 傻 辩论 他会 智商 拖到 水平 再用 丰富 经验 打败,0
领域 牌子 多不差 男人家 路转 黑,-1
一嘴 毛,0
反正 都 买不起 无所谓   只 平板 大 耳机 感兴趣   播放器 随便 咋样   台式 都 没 搞定 玩 这种,0
仔细 看 好加 那块 真的 很 绿帽子,1
去 下 支持 站队 米饭 特别 特别 讨厌 水军 很 不爽,1
现在 设备,0
很 可能 低频 原因,0
磁通量 不 知道 号 后 内包装 掉 渣 时 真的,0
之前 听说 五块 障板 区别 封闭 两块 后期,0
不是 限量版 耳机 降价,0
看 整体素质 单纯 解析 解析 肯定 吃 超过 以外 耳机 整体 来说 最多 级别,0
单说 解析 大耳 很 难搞 入耳 塞子,0
推 感觉 没 问题 没 听 不好 说,-1
两个 牌价 对比     大菠萝     便宜 打成 基本上 大菠萝 有点 越级 打怪 意思,0
歌德 耳放 可能 需要 专门 适配 毕竟 不吃 推力 低 阻放 推 不要 更 歌德 味,0
眼睛 版要 耳罩 最 纯正 老 歌德 味 素质 不高 心理准备,0
素质 不高 价钱 不 便宜 算 笔账 眼睛 版 左右   左右 耳罩 目前 买不到 还 再 买 拆 耳罩 干,0
歌德 味 还要 贴耳有 氛围,0
喜欢 摇滚 喜欢 流行 小 耳罩 歌德 没 啥意思,1
,0
好听 就行了   这种 哈曼 做 声音 很棒,1
标准 限定 条件,0
哈曼 曲线 每年 都 变 两个 人 谈 哈曼 曲线 谈 恐怕 不是 同一 年,0
应该 不算 老 耳机 好像 发布 比较 晚 市场行情 不好,-1
佩服 一下 楼主 动手 能力 焊接 工艺 会 影响 音质 修过   后来 入个 二手 果断 放弃 修理 耳机 送 朋友 顺便 说 一下   两个 都 梅花 版 现在 某宝 上 大 升级 线 只能 说 工艺 都 良莠不齐 换线 换机 夸张 一定 道理 毕竟 折腾 一种 乐趣,-1
动手 能力 厉害 工欲善其事 必先利其器 最近 公司 用过 温控 尖 烙铁 加 显微镜 焊台 才 明白 道理,1
上 下 略显 尴尬,0
是因为 当初 次 旗舰 定位 高 价格 导致 认可度 不高 现在 价格 不是 垃圾,-1
牛逼音 美特 关注 一下,1
看样子 佩戴 改善 声音 小 四 风格 进阶 真 值得 期待,1
其实 深 插 节奏 尤其 看 摘 套 之后 样子 完全 小四,0
音特美 憋 这么久 才 放 出来 估计 不会 砸 招牌 值得 期待 一下,1
说法 拜亚 三代 分布 挺 路,0
,0
低频,0
大乌 显然 符合,0
几天 搭配 听 很多 期间 没 关机 持续 煲机 肯定 比不上 或者说 两者之间 没有 可比性 大概 想要 声音 分离 度 好 解析 高 乐器 声音 一清二楚 高音 听 起来 头皮发麻 人生 更 清晰,1
羡慕,1
旷世 机器 图片 看 普通 实物 很 高档 这点 金波 网上 烧油 更 图片,0
绿坛 熟悉 聋子 会 每个 这种 帖子 下面 刷 存在 感,0
绿坛 熟悉 外星人 会 每个 这种 帖子 下面 刷 存在 感,0
之前 还 贴 知名 机线 厂 发烧 线 品牌 发烧 线 含混不清 原因 要怪 厂家 大件 器材 好歹 还 虚情假意 贴 几个 注水 规格 表 线材厂 家 不是 面向 专业人士 一律 嘴 吹 信,-1
年 发烧 路 最终 留下来 只 耳机 比较 看头,0
目前 留着   代,0
留     出       小乌    ,0
大香,0
二代,0
大乌     未来 可能 买 回,0
转战 箱子,0
目前 了解 兴戈,0
几款 耳机 哪款 好,1
楼主 不能   详细 说 说 正 准备 入 一对,0
支持,1
帮顶,1
图片 太少   多传点,0
大佬 金 平面 展台 听,0
第一天 基本 都 参展商 交流 没 拍 几张 图 今天 会 全面 拍 一下,0
耳机 再 好 箱子 玩具 听力 损伤 太 大 到头来 得不偿失,1
平平淡淡 才 真,0
黑 西装 套 原因 不用说 心里 明白 好,1
网店 销售 非常 奇葩 没试 卖东西 方正 以后 不会 再 去 他家 买 东西,0
多谢 记住 以后 绕道,0
以价论 人 厉害 活该 不 挣钱 倒闭,1
每天 去 店里 都 撒 一圈 猫 薄荷,0
很稳 高阻 刺激 越 听 越 耐 听,1
高频 严重 失真,-1
设备 不行 耳机 背锅 万元 听响 都 定律,0
建议 买,0
我怕 牛,1
觉得 谱 玩意 引领 地球 科技 好,1
看来 台机 不满 人 很多 上升 品牌,0
听 后 才 硬道理 现在 品牌 器材 都 天 试听 感觉 不行 退 不 就行了,-1
精音,0
享声 候选,0
五分钟,0
分钟,0
胆机 分钟 听 当然 彻底 热 会 更 稳定 更好 听点,1
不 懂 帮顶,1
应该 最合适,1
人声 听感 不错,1
前端 建议 避开,0
后 两个 级别 不 高 一级 前端 选 好 省 折腾,-1
代直 推 还行 毕竟 便宜,0
理直气壮 说 不 买 正版 人会 买 正版,0
控制 播放 本地 文件 建议 换 播放 软件 基本 设计 思路 网络 串流 放弃 这一 功能 失去 核心 价值 和谐 版 失去 元 数据 搜索 查找 功能 移动 控制 端 没有 路径 查找 功能 本地播放 控制软件 太多 更好 选择 顺便 提 一句 每月 美刀 费用 一张 钱,1
隐士 耳放   船耳放 都 推个 成   楼主 佩戴,0
关键 重量 没 提到,0
耳机 质保 多久 三千 档 附近 最近 比较 火 偏重 好处 三年 质保 现在 不敢 乱 买 考虑 质保 久 一点 耳机,1
走 确实 会 比较 好,1
矩声 貌似 目前 国内 格 最高 解码 品牌 难得 设计 用料 不 山寨 卖得贵 却 没 见到 水军,0
关注 一下,0
门 总 声音 咋样,0
下 试试,0
还 直插盘 不错 干扰 大 试试     套装,-1
补充 一下 做 测试 认为 树莓 派 插盘 播放 应该 音质 最好 插盘 测试 个人 认为 网络 推送 总 感觉 不太靠 谱 当然 万元 设备 不 包含 在内 毕竟 一分钱 一分货,1
方法 不 使用 眼睛 看来 分辨 声音 好用 耳朵 听 分辨 不 出来,1
最近 入 树莓 都 做 床头 不 开 电脑 这是 最大 便利 声音 可闻 耳朵 电脑 不是 没有 人用,0
一体机 直接 插 电脑 总 感觉 是不是 设置 错,0
感觉 去 实体店 简直 自取其辱 现在 线上 购买 方便 实体店 不去,0
大耳 真的 夕阳 产业 森海塞尔 上海 一家 店 还 小 不得了 现在 流行 耳塞 无线耳机,0
之前 转发 好几遍 老外 专家 科普 文了 电源线 重要 作用 导出 机 内 杂讯,1
实验者 效应 安慰剂 效应 科学 不是 玄学,0
电源线 粗 里面 完全 可能 并联 滤波 电容 二 外表 看不出来 里面 线 芯 上 串联 高频 厄 流线圈 外观 看不出来 不 知道 是否 有人 完全 拆解 效果 很 好 贵价 电源线 没有,1
套 基础 玩 不会 后悔 好听 实惠,1
声场 不 应该 明显 比大 结像 应该 更 精细 凝聚,0
不错 密度 质感 非常 好 这方面 系没得,1
不是 有招 买,0
买 当时 价钱 差不多 几年 听 下来 喜欢 多一点 只 可惜 有点 夹头,-1
感觉 中频 人声 过厚 人 不够 通透 感觉 似乎 掩盖 人声 细腻 部分 换来 浑厚 感而 声音 比较 清瘦 高频 亮丽 人 感觉 比较 清新 乐器 带来 气势 震撼力 比要 差,-1
手持 表示 非常 满意,0
美 毒 不想 入门 里 转悠 请问 动圈 旗舰 里面 有没有 人声 比好,1
楼主 问 下 杂食   主听 女声 来说 更 适合 推 成 情况 下,0
听过 一分钟 想入 没有 入 听 等待 对比,0
印象 中 柔弱 娇美 丰乳 肥 臀,0
倒 觉得 美   真,0
其实 现在 产 国产 版本 声音 很 不错 三频 均匀 水润 耐 听 稍微 入个 差不多 一体机 出来 很 好听 声音 以前 低频 残 声音 发 干什么 现在 改善 不少 说 难 推 大多 老 烧们 旧版本 印象 新 烧们 人云亦云,-1
推好 推荐   旗舰     旗舰   耳放 前级 动态 素质 韵味 俱全,1
建议 都 入 双修 才 王道,0
只 很 好听 耳机,1
楼主 流行 女声 小 编制 钢琴 独奏 听 比较 前端 目前 打算 入 双木三林 套装 不 知道 推 起来 两个 适合,0
支持 下楼 主,1
好 东西 不能 只 听 邓丽君 山寨 放,1
没,0
好听 听 好几年 仍然 觉得 调音 挺 杂事 耐 听 佩戴 老灰 三节 会 更 舒服些,1
标题,0
羞耻 地点 进来,0
没事 好歹 还 修,1
没 售后 挺 好多 讲讲 好 说话,1
楼主 您好 非常 抱歉 工作失误 带来 不好 体验 耳机 寄回 处理 一下 会 承担 来回 运费,-1
出 保修 的确 麻烦 之前 买 半年 一只 耳朵 没 声音 寄过去 直接 两边 单元 都 换 才 知道 单元 变成 织布 内衬 刚出 金属 内衬 换 单元 后 很 好 用到 出手,-1
居然 才 舒尔换 单元 直接 保价 零整 比挺 低,0
动圈 单元 单元 进价 不 超过 元个,0
说 千万别 买 他家 耳机,0
广告 特别 东西 特别 集中 轰炸 东西 都 当心,-1
锁不住 啥意思,0
建议 换 转盘 锁不住 还 行,0
可惜 强 显卡   干扰 大户   怕 不是 音质 才 买 主机,-1
做 游戏 主机 来讲   确实 超强,1
配置 不 直播 逃离 塔 科夫 太 可惜,0
请教 老 问题 标准   解码器   升频 好 好 不同 机器 算法 不同 差异 定论,-1
这部 水平仪   只 玩 黑胶 才,0
大 气泡 精准度 堪忧 看 脚架 小气泡 想 明白,0
玩意 懒得 调 黑胶 上面 用俩,0
水平 没 重要 关键 稳,0
记得 有个 贴 器材 上 都 压 举重 铁饼,0
风水 局 来看 楼主 今年 破财,0
器材 竖 放不响,0
,0
钰龙 最 方便 前 级 工作 耳机 口 不 工作 耳机 不用 拔 插 减少 磨损 操作 面板 按键 控制 所有 东西,0
纯 听 音乐 系统 想要 看 视频 找 找 系统,0
估计 这是 房东 交换机 人 内网 没有 绑定 导致 树莓 派 地址 会 经常 变化 两个 办法 一是 拉下 面子 麻烦 一下 房东 设置 一下 交换机 树莓 派 绑定 简单 直接 二是 每次 开机 查找 一下 树莓 派 再 进 麻烦 不用 麻烦 别人,-1
看 描述 解码器 比耳放卖 好,1
深圳 展会 深圳 烧友 耳瘾,0
耳放用 解码 箱 贵米 机器 设计 外形 很难,0
,0
蓝牙   传歌 音质 好像 差   蓝牙 遥控 连带 无 觉得 没什么,-1
东西 不用 遥控 直接 手机 同一 网段 控制 界面 直观 漂亮 文件夹 曲目 选,1
  付费 试听,0
闲鱼 出 二手 不 很多 都 商家,0
换机 线 保险丝 后 提升 巨大,0
都 大耳 不出 街用 为啥 不用 高阻 低 阻太难 耳放 胆机 都 解决不了 高频 刺耳,0
大乌 好像 不到 都 低 阻,1
鼻孔 看人 不,0
楼主 推,0
推高 阻太渣 只能 美化 推低 阻 神器 不是 好 东西 听音 染,-1
不用 参考 黑胶 来说 面子 模拟 味道 不 便宜,0
顶 声音 不错 算个 小 台机 随身 确实 有点 不太对,1
背着 上 地铁 火车 飞机,0
问题 在于 会 不会 变成 董存瑞,0
台机 对比 动态 推力 达到 水平,0
加 胆前 级低 阻 高频 不刺 低频 氛围,0
恭喜 买 真货 瓦特 镀金 适合 后级 瓦特 镀 铑 适合 音源 前级,1
楼上 说 独 铑 镀金 听过 别人 天使 晶体 墙 插 更 牛 逼 算了 太 贵,1
直接 从空 开接 一根 电线 出来 机器 拆开 机器 电线 焊到 电源 输入 口 系统 是不是 变成 直接 小区 变压器 房 接线 出来 估计 变大奥,0
学习,0
进进出出 几回   镀金 镀 铑 镀 铑 明显 好 太 镀金 高频 太暗 没有 光泽感 镀 铑 全频 更为 凝聚 饱满 些,1
羚羊 基本 时钟 之耻 万元 钟 还 干 深圳 垃圾 钟 基本 退出 国内 市场 咎由自取 原子钟 短 稳相噪 普遍 差得 很 音频 用来 扯蛋,-1
相对 单股 电线 这种 多股 电线 好 坏,1
电 电,0
听感 改善,0
耳机 口 不好 听 接 胆放,-1
租 一趟 不 便宜 属实 肉疼,-1
我用 听 耳机 口 声场 厚度 宽松 感 好多 模式 使用 声场 作用 非常明显 耳机 插口 功能 基本 没用 界面 暂时 线 电 同轴 比直 插 数码味 背景 好 不少 界面 很 太差 线 影响 还 接 必须 推,-1
玩意 不是 说 参数 造假 实际 参数 失真 都 法 看 反正 没 兴趣,-1
小 板凳 搬 好,1
看到 他家 版块 有付 全额 押金 试听 还 有点 兴趣 询问 客服 态度 很 拽 回复 没有 试听 直接 买 牛 逼,1
不 知道 多人 喷草医 偶尔 搬出来 听听 氛围 感 动态 不输   信息量 弱 价位 没 挑剔 售后 不错 之前 那台 开 突然 不了 机 厂家 直接 寄 台 新 都 没 坏 寄 回去,1
不看 参数 听 挺 强 听不出 区别 建议 耳朵 卸 换个 金,1
声道 不 平衡 问题 这点 真的 尿 尿 分岔,0
耳放 没有 过滤 谐波 保留 需要 谐波 耳放 滤波 功能 说 胆机 放大 过程 中 增加 谐波,0
狼 教授 不是 科学 一把 不是 翻车  ,0
大乌,0
,0
好不好 听 暂且不说 满足 贴 脸 需要,-1
金耳朵,0
心理作用 信号线 左右 声道 反接 声场 反掉 出现 左右 乐器 正好 反 一个个 声音 上 没有 太大 区别 经常 不 容易 发现 插反,1
感觉 天 都 宾馆,0
极致 不 懂 剩下 似乎 首推   三代,1
动圈 版 男人家 收个 老 天龙,0
狗哥 说 声音 最 接近 开放式 听感 最 自然,0
这种 说法,0
地上 磨擦,0
拓品     双木三林 两家 算是 价位 里 性价比 最高 机会 去 听听,0
浓浓的 电 竞风,0
胆 功放 没有 耳机 口 音箱 柱子 接 烧 胆管 倒 不会 电子管 晶体管 耐草 真的 不太好,1
上面 两个 大哥 都 凑 凑热闹 原创 支援,1
电子管 没 容易 烧 阻抗 不 匹配 问题 还 担心 下会 不会 烧 耳机,0
电子管 应该 没有 容易 烧 主要 耳机 记得 耳机 都 最大 承载 功率 长时间 记得 拜亚 当然 必须 欧姆 负载 下胆 功放 没有 阻抗匹配 估计 耳机 先,0
看   内部 图片   好像   耳机 直接 接到 变压器 上   没 看到 阻抗 电路,1
问 求真 求美,0
整体 宽松 润滑 微 动态 丰富 速度 不用 太凌烈 演绎 弦乐 颗粒感 不能 线条 都 抹 平 点名,0
看 电路 应该 胆结石 不是 纯胆,0
想 没 接触 人 一定 参考 意义,0
玩,0
用过 一段时间 换 西门子 小 胆机 相当 不错,1
比较 好奇 灵音 听感 貌似 听过 人 都 说 档级 耳放,1
胆机 不是 都 温润 直白 型,0
不是 纯 胆机 胆味 不 浓,0
再 去 听听 隔壁 原创 欧博 胆机 知道 答案,0
机器 本身 没 胆味,0
机是 源头 决定 声源 上限,0
据说 转盘 两三千 机型 差别 挺大,-1
同轴 数字 信号线 模拟信号 线 代替 不会 出 问题 理论 上 阻抗 不,0
楼主 有没有 考虑 卖掉 传真 解码器 换成 传真 机,-1
小心 保护 家 没响 发回 美国 换 新 还 没 回来,0
听 起来 小 乌 很 要贵 银乌 差距 挺大,-1
专听 人声 何必 留森海,0
买过 听 一下 低频 氛围 太重 耳机 太沉 很快 出 掉,0
看来 马兰士 做 解码 很 好,1
琥珀 三 香榭丽舍 更好,1
实践 出 真理 顶于 老师 收 山灵 调音 确实 好,1
试过 价位 问题 不 大,0
反而 耳放 比较 难,0
拜谢 众说纷纭 然 代价 不低 共识 看来 此处 盲 狙必 导致 翻车 务必 需要 找 地儿 试听 后 再 做 决定,0
便宜 没有 平衡 版     贵 都,0
其实 发现 国人 热衷于 平衡 都 是从 播放器 现在 三七 二一 必须 平衡 似乎 平衡 代表 最好 声音 最强 素质 说 起来 真的 本末倒置,1
都 听 人声 没 吃 推力 平衡 没 必要,-1
太豪,0
最 廉价 解决方案 差距 不大,-1
帮顶,1
同问,0
二手,0
不 知道 索尼 声场 太小 很 局促 效果 非常,0
堡线 其实 堡 焊点 同样 线 不同 声是 原因,0
第一次 见到 有人 夸 条线,0
可能 煲 开 真的 改善 完全 煲 开 之前 出闲鱼,0
,0
闲鱼 买 一条 原厂 线用 阿米 罗上 声音 确实 比较 毛糙 后来 黑 参考 做 一条 平衡 线 声场 解析 很大 提升 初始 齿音 稍重 连续 开机 一段时间 声音 圆润 不是 开脑 放 原因 煲线 根本 没 听 真的 变化 不 可能 有质 改变,1
预算 够 高登,0
玩意儿 不是 不 需要 耳放,0
笔记本 直 推 上 放 两个 声音 需要 一定 推力 笔记本 直 推 没法 听 也许 本子 不行 台式机 直 推比 笔记本 好点 跟上 放比 差 很多 手上 没什么 好 东西 日产 小耳放 金丝雀 雀 推 还行 味道 感觉 不太 对劲 日产 小耳放 味道 解析 拉 跨 没试 更好 耳放 觉得 更 白开水 点 放 可能 比较 搭配,-1
直 推 三代 蓝牙     铜,0
不知 想 说,0
听 蝲 蝲蛄 还 不种 庄家,0
论坛 奥 莱尔 刚发 试听 帖子 蹦出来 帖子,0
买过   版 还行 至少 价位 上 还,0
好使 坏 需要 对比 只用 一台 机器 不能 说明 问题,1
踩 一脚,0
买回来 听听 知道,0
只能 说 定价 算是 良心 产品 回头率 确实 不高 很 低,1
我用 好 印象 做工 还 不错,1
其实 多元 一体机 奥 莱尔   玉龙   三木 双林 撒 几个 多元 常客 其实 都 半斤八两,0
内 录用 声卡,0
有意思 晚点 回去 下载 试试,0
听 声音 听不出来 玩过 森海 真假 耳朵,-1
器乐   提琴 没有 木味     所有 木管乐器 听 都 铜管乐器,0
不是 所有 平板 都 听 平板 音色 很 辨识 度 楼主 说 问题 更 像是 耳机 本身 调音 特质,0
楼上 说 谱 典型 隆起 引起 人声 听 感拉低 减轻 这种 感觉 调音 不是 平板 问题,0
个别 耳机 问题 请 不要 打击 扩大化 所有 平板 身上 平板 不背 锅,0
中 低频 段 差别 不大 高频 足足 明显 刺激 很多,-1
听 年 感觉 两支 耳机 特点 分明 很 各有 侧重 氛围 大 场面 控制 都 不错 女生 染得 不要 不要 关键 没有 明显 高 素质 提高 不 可能,1
听 几天 才能 慢慢 体会,0
这是 梦寐以求 不 烧钱 耳朵,0
大哥 手机 直 推出,0
略微 有点 羡慕 真 省钱,1
耳机 背锅 设备 不行,0
包邮解 君愁 包邮解 君忧,0
好比 汽车 里 级 车 只不过 卖 便宜 点 拆开 之后 磁钢   振膜 都 很 省 成本 再 丐 级 车 好 一点 级 车 不小 优势   和级 车 阵营 里 一放 不 违   开过 使用 才 感受,1
标题 所示 本次 将要 测评 一款 小不点 大耳是 一进 坛子 看到 认证 商家 栏目 第一位 小不点 耳放 生产 首款 大耳 看到 将要 进行 巡回 其实 内心 充满 好奇 终于 年前 预约 三圈 三月初 到达 我家 耳放之家 研发 大耳 究竟 带给 惊喜 请 跟随 后文来 探索,1
外包装,0
包装 外观 造型 当然 不是 重点 不 以此 主题 先 概括 一下 这款 小不点 耳机 包装 采用 木盒 外包装 很 风格 硬纸 耳机 名字 官方 介绍 如尼文为 英语 词源 翻译 天赋 壳体 采用 缅甸 斑马 木 实木 一对 防 过敏 蛋白 垫 确实 十分 舒适 柔软 耳垫 做工 外观 很 相似 物理 结构 类似 前 薄 后 厚 进圆型 设计 注意 耳垫 玩法 薄厚 方 调换 改变 调音 趋向 实际 后文 听感 仅仅 推荐 均衡 模式,1
壳体 采用 缅甸 斑马 木 佩戴 确实 十分 舒适 柔软 耳垫 做工 男人家 很 相似 物理 结构 前 薄 后 厚 近圆型 设计 注意 耳垫 玩法 薄厚 方 调换 改变 调音 趋向 实际 后文 听感 仅仅 推荐 均衡 模式 前厚后 薄 安装 方法,1
壳体 采用 缅甸 斑马 实木 佩戴 确实 十分 舒适 柔软 耳垫 做工 男人家 很 相似 物理 结构 前 薄 后 厚 近圆型 设计 注意 耳垫 玩法 薄厚 方 调换 改变 调音 趋向 实际 后文 听感 仅仅 推荐 均衡 模式 前厚后 薄 安装 方法,1
内部 腔体 想必 观众 心中有数 三枚 单元 包括 一枚 全频 单元 一枚   超高频 单元 一枚 低频 从动 单元 包装 介绍 三个 单元 处于 同一 圆心 同轴 构架 解决 了结 问题 充分发挥 三个 单元 分别 优势 见得 少 第一次 看见 单元 大耳,0
同轴 贴耳小 音响 有点 意思,0
煲 多久 声音,0
俄罗斯 耳机 很,0
玩意 钱 不会 上,0
杨 老师 出 耳机 好事 好事,1
上台 潜力,0
国产机 长得 好看 不 容易 有没有 入门 版 计划 价位,1
看着 挺 好看 宙斯 送 升级 线 好 呵呵 都 买,-1
宙斯 都 歌德 木壳,0
只能 说 体验 胆机 中 乐器 乐器 之间 空气 感是 比较 明显 声场 立体感 比较 强 音符 空间 里 流畅 度 比较 好 顶级 石机 特点 中档 胆机 特点,1
没 听 高素质 胆机 听过 一次 低端 小套 机 觉得 底噪 方面 石机 差距 不小 估计 成本低 没 控制 好,-1
去 群里 问 老 刘,0
刚 上市 用到 现在 管子 寿命 其实 不用 太 担心 调味 风格 上 差异 倒 更 需要 注意,-1
替换 喜 万年 推 平板 推力 不够 想换 推力 大 一点 功率管,0
分享 这种 远古 器材 可能 没什么 人 关注 推是 极好 非常 高 水准 很 好 高 阻塞 子 绝配 低 阻塞 子有 低 噪且 推 感觉 推低 阻 耳机 铁三角 声音 会 发糊 听感 很 好 推欧 完全 不行 欧 仍然 金属 钢丝 味 驱动 马马虎虎 老 刘 蛋鸡 不知 小圈子 里 传播 很少 帖子 讨论 其实 远远 低估 想 可能 坛子 里 当年 急功近利 平衡 风 玩 现在 耳机 退烧 仍然 认为 平衡 远 没有 做 好 单端 声音 自然 推 这种 毕业 组合 平衡 口 力度 声场 大于 单端 综合 声音 也许 好 单端 单 端的 声音 特性 好 平衡 单 端的 声场 规整 圆 平衡 横向 拉长 纵向 压扁 声音 结项 单端 正确 这种 特性 差一点 机器 上 凸显 更加 明显,-1
啥时候 武汉 搞 撒,0
本月 日 出差 上海 时间差 天 很 遗憾,-1
恭喜   自得其乐,1
潜力 会 不断 带来 惊喜,1
注册 半年 在线 小时 做到,0
配 不带 平衡 音量 旋钮 前 四档 没 声音 第五 档才 出声,0
刹住 车 恭喜,1
平衡 口好 浪费 没 鼠大帮 原线 改 平衡 改 平衡 后 耳朵 提升,1
知足常乐,0
不信 快能 退烧   其实 才 刚刚开始,-1
很 好奇 鼠 一体 二代 这次 区别   一代 没有 区别,1
鼠 一体 单端 不是 很弱,0
平衡 推 相对 通透 耐听 很多,1
听 壕物 以后 回家 还 满足 才 真 退烧,-1
能否 私信 下 哪家 入得   楼主 手持   半死不活 直 推,0
还 以为 买 块 显卡,0
近期 买 两台 国货 海信 电视 寸元寸 元 价廉物美 来说 电视 已经 算 完美 其实 摆设 时间,0
正好 买 电视 求 推荐,1
展会 不 都 酒店宾馆,0
为啥 不能,0
那得 问问 酒店宾馆 有没有 这种 特殊 服务,0
摩擦 生电 电才 好 酒店 找个 摩擦 摩擦,1
当年 铁饭 交易 大奥 大奥 五星级 宾馆 好像 还 能播,1
一体机,0
,0
都 看见 金 平面 我试 只能 说 东西 毒文 都 说 金 平面 全线产品 都 极 高性价比 真的 有点 机会 不会 介意 去 试试 他家 旗舰 说 全线产品 都 很 性价比 歇歇,1
开 升频 完全 不,0
听久 都 浮云 最 自然 第一 耳朵 都 会 打败,0
专机 搭配 数字 界面 花 好几千 买 正版     优化 以前 以前 很少 听音 染太 离谱 听 都 一种 胡 感觉 好多 更是 好 更加 灵动 系统 上 以前 很少 声音 发干 动态 基本 没有 高人 优化 以后 声音 立体感 大大 加强 界面 漂亮 不少 知道 很多 人 都 版本 再 后来 花 买 挂 现在 感觉 不 出来 挂 不 挂 差别 挂 声音 差别 不 大 模式 感觉 差别 不小 不 知道 开 没 开启 脑放 感觉 模式 下用 模式 声音 更好 再 后来 花 买   这下 感觉 差别 太大 不能 说 更好 绝对 不同 两种 声音 听 梁静茹 演唱会 乐器 一多 有点 乱大 编制 有点 不住 感觉 数出 几种 乐器 韵味 上 占优势 特别 味道 中频 高频 太 飘逸 很漂亮 现在 听 空灵 女声 沧桑感 声音 用大 编制 小 编制 听 感觉 每个 音符 跳舞 面前 展现 诉说 故事 都 特别 好 还 买 妈 花 说实话 下 只 感觉 模拟 味 不错 真 感觉,-1
最近     感觉 比好 很多 可惜 只能 放 两种 格式,1
头发 不是 铁丝   怕,0
感觉 问   会 不会 影响 单手 开 法拉利,0
耳罩 上 都 一层 滤棉 基本上 没 问题 静电 小心,0
没有 赛亚人 血统 没 问题,0
静电 耳机 不行   会烧 穿振膜   动圈 平板 应该 没事,0
流行音乐 现代 听觉 艺术 形式 集大成者 刨 去 爵士乐 那一挂 门类 创作 制作 桥头堡 不 东亚 尤其 不 中国 欧美 尤其 英美 积淀 深厚 听听 题目 乍一看 好像 古典 爵士 流行乐 打擂 更好,1
我敢 断言 楼主 听 华语 流行 连门 都 没入,0
欢迎 大家 前来 试听,0
好 东西 不知  ,1
去 轻 人声 的确 还 不错 主要 用来 听 爵士,1
胆管 都 开机 以后 先 烧鸡 几分钟 上来 猴急 听,-1
    黑美人 试听,0
安润 没 过来,0
铁三角 耳机 太 每个 系列 都 不同,0
大佬 说 下 优缺点,0
价位 试听 非常 感兴趣,0
月 上海 展 试听,0
城市 地点 没 办法 在家 好好 听 广州 支持 一下,1
相似 不同 奇特 思路,0
帮顶,1
广州 试听 点,0
慕名 顶 贴,1
新 才 干嘛 买,0
调音 还 不错 素质 稍微 有点 不够看,1
以前 差点 买,-1
线 换 正常 线 插针 粗细   长度 短 插头,0
预算 纠结 毛线,0
万双 修 小孩子 才 做 选择题,0
都 做 静电 梦 纠结 毛线,0
双修 搭配 个通 吃 耳放 好,1
花万 还 在乎 多花 一万 纠结,0
大家 坛 真是 纯粹 带 意图 发帖 大家 总会 认为 想 认真 玩 耳机 其实 楼主 希望 有人 带 出 头版 古典 之外 不虚大 乌 节奏 这种 思路 类似 玩 四国 军棋 炸弹 对面 司令,0
根本 不 关 路由器 事情 一下 几百 毫秒 不是 问题 产品 路由器 都 不至于,0
顺便 说 一下   网页 非常少 这种 程度 已经 流程 播放 屋内 线路 没 问题 看看 是不是 运营商 锅 梯子,0
几百 毫秒 算好 应该 有线 网络,1
多半 解决不了,0
网播 不 合适,1
最怕 搞了半天 网播 卡成 狗,0
大耳是 最具 性价比 设备 同等 价值 大耳 系统 相当于   十倍 价值 塞子 系统     十倍 价格 音箱 系统,1
听 不 听,0
买个 好点 电处,1
还好 不是 闹市区 用电 质量 还 行 白天 晚上 声音 差异 不大 感觉 声音 明亮 清晰 些,-1
电处,0
买 电处 白天 未必 听 进去 生理 上 差异 大于 电 实际 差异,-1
频响 图快 曲线 压成 直线 有用 做 图,0
那要 看 水平 小尾巴 乐 这种 不错 拿来 推 效果 挺 好,1
不足 或者说 相对 横向 声场 纵向 声场 有点 不太够 反而     纵向 听 起来 更好 点 声场 感 更 立体,1
需要 扎实 声底 高质量 录音 空灵 录音 听 起来 没什么 感觉,0
应该 均衡 感觉 这是 现实 素质 上 短板 高频 方面 确实 音色 更加 讨好,1
系列 耳机 最 不能 接受 地方 全频 乏味 缺少 泛音 色彩 暗淡,0
系 难搞 其实 已经 挺 难搞,0
其实 升级 需要 砸 前端 才能 得到 那种 一脉相承 温和 听感 均衡 度 比较 低 桀骜不驯,1
换根 转接线 试试 可能 出 耳机 转接头 上,0
线接 错,0
会 不会 两个 单元 组合 一起,0
没 链条 黑盒 记得 最早 链条 黑盒   后面 普通 黑盒,0
看 单元 引线,0
恭喜 恭喜 耳机 收藏 图里 混进去 一只,1
旧款 佩戴 舒服 太多,1
老 还 没 降价,0
木壳 颜色 深图 中 浅色 深色 看起来 区分 很 明显 开 闪光灯 关系 实际 肉眼 看上去 黑漆漆,0
铁家 木碗 之前 入过 二手 味精 太多 听 不 习惯 个人 喜好 问题 后面 改听 天龙,1
附议 好奇 换 线,1
同样 好奇 线,1
旧版   都 更好,1
手机 推定 最强 这点 没有 争议,1
解析 换线 没 一毛钱 关系,0
解析 好,1
胆机 不 折腾,-1
好 设备 高价 卖 葛洲坝 集团 地震 电网 全都 监控,1
人声 发虚 焊点 问题 检查一下 先比 参考 好 线 很多   苏墨 线 听 感好 蓝水 解晰,1
刚 撸 条蓝水 做 电源线 发现 机线 没 特别 大得 区别 准备 闲鱼 见,0
塞子 大耳 最大 区别 结像 点和面 差距 大耳结 接近 现场 立体感 塞子 永远都是 远 小于 现场,-1
集成 解码 耳放 耳机 耳机 不是 类型 估计 试过 人 很少,0
以前 用过   已经 全部 卖,0
一开 声 吓死人 真 怀疑 年前 山寨 货,0
这套 闲鱼 下来 挺 好 安心 听   价位 没有 秒,1
占 楼,0
拉开 马扎 蹲个 位子,0
围观 起来,0
围观,0
退 不 讲武 德 二手 东 接盘 侠,-1
占楼 编辑,0
占楼 编辑,0
占楼 编辑,0
占楼 编辑,0
占楼 编辑,0
占楼 编辑,0
耳放 心 水 赶紧 更新,0
买 功放 做,0
封,0
二手 一两千 都 未必 插 电脑 大 区别 钱 出去 干饭 不香,0
山灵,0
价格 浪费 钱财 实在 想不出 耳 放在 价位 上能 超越 电脑 直 推 尤其 比较 高端 主板 甚至于 可能 都 直 推,0
性价比 没法 讲,0
这年头 愿意 唱 放上 弄 这种 高性价比 型号 厂家 不多,0
耳机 已有 搭配 很 重要,0
,0
原创,0
其实 预算 买个 声卡 考虑   设计 上 不是 针对 大多数 牛鬼蛇神 小作坊 谱 很多,1
一手 全新 钱 耳放有 要求,0
讲真 手里 都 好 推,1
第一次 看到 金瓶梅 水印 图,0
走   周六,0
周六 去,0
线 粗 点长 点,0
说 哈曼 收购 后 已经 失去 灵魂 犯 错误 都 烧友 买单,0
奇怪 昨天 见 贴,0
舍得 破坏 改造 旗舰 耳机 豪 这种 暴力 改造 稍 不 小心 整个 耳机 拆坏 耳机线 多线 径 混编 高纯 单晶 铜   通透 度会 提高 很多 通透 度 原因 耳罩 涂 涂层 后 导致 有点 闷 去掉 会 通透 去掉 后 低频 可能 会 损失,0
神贴 窝 草 文风 非常 好,1
耳罩 安装 缺陷 确实 不 应该 非常 影响 用户 体验 左右 模具 换个 方向 完美 解决 估计 收购 后 哈曼 不明 里 做法,0
古典,0
爵士乐 擅 不 擅长,0
建议 代理 推广 支援 数位 词汇 改成 支持 数字,1
价格 合适 拿来 对付 小 书架 一体化 解码 功放 前端 应该 还 行,1
口水,0
谷津 功放 耳放 不错 可惜 之后 没有 纯耳放,1
耳朵 瞎 换 音箱 听,0
留 一只 最好 听 就行了,1
专业版 银乌 很少 见,0
耳机 放在 挂架 上 都 线拔,0
返修率 实在 感人 倒 无所谓,1
耳罩 适用 面 很窄 人声 好听 一点点 基本上 都 劣化 音质 本身 动态 稍差 更 明显,-1
木纹 有点 暗,0
听 太少,0
升级 万元 以上 设备 再 碰 界面 总 感觉 开脑 放 可能 木耳,0
以前 留意 过去 看 眼 介绍 相关 参数 都 不标 遂 忽略,0
路过 帮顶 没用过 船 解码 听感 认同 比较 精致 细腻 声音,-1
对比 下 提升 明显 不,0
感谢 分享 看来 更 适合 找 机会 试试,0
影音 耳机 乘车 地铁 上用 不错,1
主要 功能 降噪 音质 次之 关注 准备 出手,0
觉得 方便 不用 线 不用 放大器 便携 其实 不错 总 不能,1
坐等   索尼 大法 编解码器 很 厉害 估计 会 升级,1
开放式 耳机 音质 的确 不入流 东西 降噪 蓝牙 戴 舒服,1
飞机 地铁 公交 才 主场 都 靠边,0
出门 神器 在家 一千块 好听,1
大佬 致敬,0
往往 跨行业 审美 玩家 审美 更 代表性,0
大奥 混音 好羡慕,1
改 比较 麻烦 保持 小巧 状态 当然 线坏 随便 折腾 好,-1
挺不错 耳塞 条 比较 尴尬 耳塞,1
胶 后面 腔体 空间 没 不 知道 后 声音,0
版本 转接头,0
几元 钱 转接头 淘宝 一大堆 都 口 搞 成   难道 防 山寨   确实 没好 头顶 镀金,1
确实 头痛 目前 最好 头子 大概 唯一 做 成品 线 厂家 乐 梵 镀金 头 卖,1
之前 定做 转   线 不 转接线 少 欧亚 德头 其实 声音 两个 欧亚 德头线 再 接 母转   公头 现在 我用 蓝 水线 基线 店家 阴差阳错 两个 老版 欧亚 德头 新版 欧亚 德头 粗壮 一圈 做 感觉 声音 中频 能量 感能 迅速 两端 化 开 不会 臃肿 堆积 中频 店家 反映 说 声音 意外 很 不错 店家 说 主要 老版 欧亚 德头 功劳 现在 已经 绝版 买不到,-1
一根 闲置,0
反正 二手 八九百 买 个人 觉得 非常 超值 两三千 北极星 效果 差不多 当然 配件 都 只用 最低 端的 中 高端 不 懂,-1
他家 新出 平板 楼主 听过,0
高频 低频 风格 几乎 没提 之前 有人 听过 说 耳机 中频 好 适合 流行 人声 觉得 古典 大小 编制 摇滚 金属 女声 表现 咋样,1
下一代 气动 已经 消息,0
男人家 耳机 非常 喜欢 这次 木碗 抄 索尼 没 这头 梁太 头梁 木碗 连接处 抄 一下 不好,-1
抄袭 超越,0
只能 看看 动圈 版 财力 不 允许 不错,1
买个,0
没法,0
没法 好,1
现在 买红 芯 说 两个 都 好,1
手机 控制,0
操作 好,1
泰 瑞尔 数播 声音 好 体验 真的 很差 买 泰 瑞尔   毕竟 声音 可取 绝不 要用 解码,-1
认识 评价 不太好 不 知道 推荐 试试 享声 数播 这块 享声 资质 应该 更好,1
两个 中间 选 选泰 瑞尔 两个 操作 现在 看来 都 落后,1
有木有 声音 对比,0
城中村 有栋 房子 何至于 玩大耳 一套 无源 爽歪歪,0
不用 想 肯定,0
刚买 序曲 出 序曲 意思,0
凡尔赛 违例   黄牌警告,0
额   应该 歌 不行 换首 听 出 区别 歌 听  ,1
楼主 终于 说出 想 说,1
合适 才 最 重要,1
怀疑 楼主 搭配 出 问题   当初     转盘 欧博   不是 很 好听,1
万 设备 卖 浪费 钱,0
太 正常 品质,1
已经 从良 优化 大小 乌走线 胶水 腐蚀 走线 优化 还 差 皮筋 坐等 优化,-1
摔过 平板 很 娇贵 试一下 戴上 耳机 用手掌 覆盖住 耳罩 轻轻 拍打 听到 平板 振膜 明显 扑哧   扑哧 声音 拍打 以后 经常 会有 偏音 问题 再 拍 两下 声音 会 恢复正常 说明 平板 振膜 耳罩 内 稳定性 很 差 普通 振膜 耳机 不会,-1
太 可怕,0
应该 直接 换 新,0
淡定 他家 器材 更 烂 米饭 发家致富,0
庆幸 还 保修,0
钱花 在线 上 先 上 个数 播 提升 大 用线 连接 解码 换成 歌诗德套 高登 套装 都 好得多,1
  仿,-1
声音 层次 味道 都 很 好 属于 听 还 想 听 总能 发现 新 兴奋点 机器,1
大 翻车 才 搞 出个 价格 翻倍 不看,0
机器 某宝 旗舰店 上面 申请 押金 试听 实际 感受 声场 偏小 没有 高度 声音 甜味 细腻 度 还 不错 原价 买 不 推荐 本身 享声 没 技术 积累 产品线 丰富 阉来 阉去 觉得 旗舰 天下无敌 随随便便 下方 几个 技术 大杀 四方 每个 下级 产品 完成度 都 堪忧,1
官方 提供 试听 直接 上 手 试试,0
享声 官方 淘宝 店 申请 试听 拨打 享声 电话 南京 享声 体验 店 亲自 试听 全系 产品,0
兄弟 建议 字体 改 下 字号 大 些 看 头疼,-1
说得好,1
都 大 实话 国内外 论坛 都 逛 情况 来看 楼主 描述 怪象 国内 尤为 严重,0
只 同意 部分 内容,0
这不移 新手 区,0
非常 好 秒 同价位,1
这俩 都 没 听 素质 应该 要强 对象,1
觉得 样子 差不多 振膜 差不多 声音 推好 差不多,-1
佩戴 劝退,-1
听 一句 劝要 换 平衡 线 官方 就够 单晶 铜 还 想 换 线,0
准备 飞过去 上海体育馆 对面,0
听 黑金属 不错,1
不是 大 耳机 板块 主玩大耳 觉得 调音 相当 好听 感 自然 还 真 大耳,1
超 低频 很 前 轰 耳膜 超 低频 好像 头颅 里面 中频 高频 外面 脱节 发现 好几块 圈铁 混合 塞子 情况,-1
后者 马甲 比较 推荐 低频 比较 猛 高频 细节 不 突出 声场 不错 潜力 换 几个 耳放 都 差不多 潜力 比较 大 适合 搭配 全面 开阔 自然 低频 没有 猛 喜欢 低频 不喜 低频 搭配 不同 耳罩 变化 更为 明显,-1
国产 应该 日产 那种 硬 海绵 耳罩 不太 舒服 还 有点 夹头 要轻 很多 不 夹头 感觉 解析 力 两个 差不多 刚 掏出 对比 一下 低频 不差 动态 好 速度 略微 快 一点 封闭式 动态 应该 优势 相对 对比 木耳 貌似 分离 度 好 一点 都 挺 好,-1
便携 不错 都 很 冷门 貌似 很强 店里 试过 高 阻要 上 放 看着 太 单薄 还要 跳水 国行 没 听 挺 好 低频 完败,1
触点 摩擦 碳膜 感觉 主要 电位器 碳膜 部分 磨损 磨损 颗粒 造成 阻力 感 不 影响 声音 无所谓 介意 需要 清洗 电位器 换 新,0
阿尔卑斯 假货 采购 假货 做 机器 没谱 不 排除 机器 旋钮 偏心 磨 机壳,-1
不错 听 古典 换成,1
刚 听 感觉 原来 耳机 提升 不 大 看来 解码 耳放 一体机 推 不好 安桥,-1
森海 三个 放 耳放 部分 都,0
走 独占 模式   直接 输出 解码 没什么 差别 个人 理解 不 走 独占   苹果 微软 系统 应该 会 差别,-1
笔记本 好 很多,1
换 新 瞎折腾 真想 提高 音质 钱 去 买 音乐 播放器 数播 网桥,-1
问题 一定 电脑,0
换 耳机 差别 最大,-1
觉得 系统 都 声音 都 不,0
同事 一台 新 笔记本 试试 知道,0
没 区别 瞎折腾 解码器     部分 设计 很 差会 受到 电脑 端 干扰,-1
牛 逼,1
真的 厉害,1
招 几个 大波妹,0
都 知道,0
看来 清醒 人 不少,0
银彩 不好 买 低端 型号 都 断货,-1
略 超一 丢 丢,0
搞   其实 弄 分体 后面 升级 容易,0
找 时间 老 总结 总结 捎带 老 拜亚 铁三角 行,0
一万多 性价比 太低 几年 前 五千块 买时 都 人 喷 太贵 交了 智商 税,-1
上个月 盲 狙 推 比起 之前 声音 属于 现代 声 分离 度 透明度 都 高 不少 缺少 一点 柔美 朦胧 来说 十分 同意 楼主 听感 每个 乐器 很 形象 具体 摆在 眼前 缺乏 整体感 感觉 音乐厅 整体 感觉 不错 低频 依然 欠缺 一点 直通 前 级 低频 马马虎虎,1
很 好 一如既往 没有 看 懂,1
想 知道 差距 是不是 很小,-1
三代 音质,0
左右 更优 选择,0
木 壳子 装上去,0
猜 找 隔音棉 以上 衰减 中 高频 合适 材料 不 一定 好找,1
开放 后罩 减弱 中 高频 低频 削减 更 快 得不偿失,0
说白了 本身 单元 素质   材料 比较 好 耳机 玩 口味 障板 滤 音孔   透气 设计 设计阶段 肯定 用处,1
振膜 硬 回弹力 强 导致 中 低频 整体 偏弱 低频 频段 不少 能量 感觉 娘胎 里 带来 当年 设计师 只能 解决 程度 改造 缺点 可能 改善 方面 会 不会 产生 更 负面影响 不好 说,-1
改造 后 明显 改善 声音 冷调 变成 略带 一点 温暖 感觉 听 上去 温暖 一点 非常 正面 改善,0
之前 说 玛利亚 披头士 说 披头士 玛莎 唯独 没 三个 起来 现在 先说 披头士 朋友 煲 一两个 月 回来 低频 虚 很 有点 尴尬 不 通透 很蒙 是不是 推不动,0
玛莎 交吧 平头 入门 老 守门人 弱水 老贼 流通 最大 得意之作 确实 价位 完成度 最高 徒有 贴 没 听 玛莎 纵玩 再 平头 遗憾 感觉 听 流行 简直 爽 翻 最近 价格 跌 收来 玩玩 换 素质 线拉下 声场 没错 说 拉 下 解析 声场 声底 耳朵 玛利亚 披头士 糊 披头士 没有 玛莎 好听 总 感觉 推不开 很蒙 至少 玛莎 很 直白 觉得 披头士 提升 至少 现在 真的 蒙蒙 南方 回南天,1
说 推力 三个 其实 都 推的动 除去 换线 外 好像 只能 换线 海绵 套 都 感觉 没 技术含量,1
发错 区 披头士 不带 海绵 套 氛围 出不来 带 确实 会闷糊 说 不 带 闷糊 没 厉害,1
玛莎 好像 不错 喜欢 平头 不 喜欢 入耳,-1
第一瓶 酱油,0
宁波大学 穷烧,0
投了 第项 绝对 不会 回复 暴露,0
一点 都 不烧   免费 帮你顶 下,1
宁波   目前           解码   慢慢   穷烧,0
,0
,0
宁波   目前 七彩虹,0
退烧 撸,-1
宁波 骚友 很多,1
老家 宁波 顶顶 现在 上海 发骚,1
顶顶 更 力 顶顶 更 健康,1
没 发烧 帮顶,1
路过,0
没想到 宁波 骚友 挺       音源     台机 解码     耳放 大 甩 二,1
宁波 耳机 店 试听,0
听感 玩法 搭配,0
超弦来   引力波 还 远   顶,1
学习,0
效果,0
用高 过滤性 防疫 口罩 布 试试看,0
用白丝 应该 不错,1
人声 听感,0
线 不 考虑 换 一根,0
满地 虱子,0
觉得 耳罩 蟹壳,0
楼主 随便 耳机 丢 地上 拍照 可怜 估计 遭受 虐待 才 变成,0
电源线 素质 动态 很 不错,1
云里雾里 不知所云,0
范登豪 强项 信号线,1
两天 煲 煲 线 感觉 动态 有所 提升 高频 延展 稍微 差点 再煲 煲 看吧,-1
大 主流 看用 耳放 音源 不太 合适 需要 高 分析 力 电源线 细节 榨 出来 合并 功放 小 功率 后级 大功率 后级 需要 类 动力 型 电源线,1
推 放 口碑 挺 好 现在 隐士 很漂亮,1
琥珀 三连 推得 都 别想 先 手里 耳机 玩好 就算 耳放 给力 前端 转盘 不行 线材 周边 短板 都 大幅 降低 耳放 发挥,1
琥珀 单端 推力 比较 小,0
琥珀 三 对付 中低 阻 问题 不大高 阻像 有点 够呛,0
琥珀 推 没 问题 说 推 天花板 不好 说 没有 对比 基本 不错 估计 难 推点 琥珀 一定 平衡 输入 卡农 输出 单   端 听底 阻,-1
什麼 牌子 型號 反正 上台 機 不要 便携 推大耳,1
冻鳗 爱好者 远离,1
谷津 行,0
搬 好 板凳 期待 几个 播放器 对比,1
声音 真不错 操控 习惯 很 好 只不过 绿坛 里 喷 男人 捧 精奢 变成 政治 正确,1
大菠萝,0
,0
登 机箱 金 画眉 放下,0
同轴 播放 不错,1
楼主 您好 我用 老 版本   解码器     固件     想 升级成 最新 固件 请问 电脑系统   用线 进行 升级   升级 后   口 支持 播放器,1
千 分成 两 部分   千买 耳机 千买 一体机,0
最近 看到 新款   耳 放在 做 活动 送     拿到 货 感想,0
矩声         够用 不 折腾,-1
求 大神 抽空 赐教 哈哈哈 哈哈哈,1
绿,0
耳放,0
应该 花买个 行,0
觉得 很糊 香榭丽舍 应该 不至于,0
没 解码 买 一体机,0
完全 赞同 没试 电源,1
厉害,1
双木三林,0
库存 太多,0
这耳放 不错   楼主 选择 明智,1
本来 想 一起 喷 一口 看到 说 买 光纤 不 知道,0
牌子 滤波 排插 很少 提及,0
感谢 总结,0
二嫂 技术 下放,0
体积 大 功能 全了 做工 改进 估计 价格 破 两万 关注 一波,0
大 品牌 值得 信任 价格 坎,1
  分立式 解码 貌似 有点像 和弦 技术 解码,0
玩玩 书架箱,0
得来 点 文字说明 看起来 换运放 可玩性 比较 高,1
刚刚 拿到 手 初步 听 一下 解码 部分 界面 部分 做 确实 不错,1
主要 比较 好玩 地方 自由组合 内部 接线柱 后面 不 需要 接太多 线 比较 适合 桌面 使用 确实 比较 小巧,1
结构 有点 意思 功能,0
还 研究 中 目前 初步 接 界面 解码 连到 功放 上面 听 音箱 看 天线 好像 接 蓝牙 还 没有 试,1
有点 意思 木有 更 详细 拆解 试听 测试,0
后续 觉得 有点 意思 才 弄 玩玩 时间 研究 透 再 分享 目前 体验 解码 界面 部分 还 不错 耳放 部分 推动 圈 耳机 还行 推 平板 感觉 推力 不够 几个 模块 电源模块 单独 拼接 使用 目前 还 没有 时间 尝试 单独 拼接 几个 模块 效果 找个 时间 慢慢 玩,1
声音,0
其实 游戏 结局 不算 太 悲剧 搞不懂 撒要 配 一首 悲凉 歌,1
以前 玩 没 搞 明白 两个 人 突然 好 上 感觉 感情 发展 太快 有点 突兀,1
换付 耳机 试一下 不 知道,0
耳放 问题,0
耳放 信号线 反着 插,0
好评,1
搞不好 移民 去 欧洲,-1
降到 手机 还 难听 家市 电 干扰 严重,-1
记住 再生 电源 电处 排 插 都 骗术 理性 成熟 稳重 高智商 发烧友 应该 用市 电 才 真正 不要 交 智商 税,-1
去 大城市 买房,0
高登 服务 做事 比较 墨迹 联系 杨工 本人 打电话 催 催,0
催 没用 乖乖 月底 搞定 不错,-1
刚 开工 比较 忙乱 理解 隔 几天 才 打电话 催 次次 打电话 过去 都 说 尽快 没有 确切 时间 心里 没个 底 主要 没 二奶 去 修 没得,0
销售 凭证 过保 没有,0
保 无所谓 两码事 确实 做 不好 地方,-1
好家伙 本来 没 气 俩 纽 崔克 插座 一堆 人问 给钱 没 搞 好像 白嫖怪 少 这点 钱 拖 这么久 给钱,1
一周 半 忍 不了 当初 返修 改造   两个 月 都 没 急眼 不是 反讽 都 忙不过来 将心比心 高登 售后 独 一档 良心,-1
好 商家 售后 投金波 一票 考虑 买个 隐士 耳放,1
,0
没有 耳机 全都 听个 响 随便 耳机 选到 好 歌 都 耳朵 惊喜,1
,0
年前 刚入 烧 第一次 听 一代 真的 惊艳 惊艳 是因为 听到 声音 之前 从没 想象 过越 听 越 喜欢 塞子 大耳 楼主 感受 相仿,-1
好 惊艳,1
耳朵 越来越 达标,0
年 爱华 平头 耳塞 年 森海塞尔 之后 森海塞尔   之后 森海塞尔 之后 森海塞尔,0
没有 耳朵 惊艳 耳机 包括 大 香格里拉 大奥 二代 没 听 应该 低频 好点 可能 听 音箱 多些 感觉 耳机 都 不会 惊艳 地方,1
大 乌银乌,0
后 听 两个 机器 解码 水平 差不多 耳放 好 档次,-1
隔壁 白版 文章 参考 一下,0
听 耳朵   推 声音 还 不错 推   不是 很 舒服 有点 刺激   推 挺 好听,1
性价比 太低 接近 价格 不值 二手 估计 很 难出,1
没 听 曾经 有过 一段时间   需要 纯耳放 觉得 他家 产品 不错 厚重 大气 声音 走向 跟家 走 清甜 路线 不 不管怎样   一体机 不 完美 合适 耳放去 驱动 耳机,1
目前 在售 一体机 里面 觉得 声价 最高 高登 新派 后者 外观设计 上 还要 加 分,0
湖人 目前 代理商 太狠 太 贪 控制 渠道 抬高 价格 多年 产品 抬高 几千块 国外 折合 后 三万 档 国内 搞 成 五万 档 以前 搜能 搜出 几十家 有售 现在 一家 不会 考虑 他家 产品 就算 世上 没有 品牌 应该 不会 有太大 影响,0
一步到位,0
比较 中正 声音 推算 听 推 金乌 歌德 非常 舒服 前级 功能 个人 更 喜欢 配合 醇厚 绵密 听感 很 舒服,1
三个 都 入手 昨天 刚到 真的 非常 不错,1
加个 上 素质 不 次于 减 一点 弄个 索尼 几款 都 手机 直 推 最 弄 台式 电脑 足够 区间 性价比 高 几乎 没有,0
有耳放 没耳放 歌德 看看,0
专业 声卡 输入输出 口 不少 大部分 功能 应该 用不上 罗兰 雅马哈 便宜 不少 没用过 太贵 罗兰 声音 正常 没 问题 耳机 口嘛 供电 机器 功率 就别 想 用来 代替 创新 乐之邦 老虎 卡 这种 老梗 国内 吹水 解码,-1
之前 用过 莱斯 康 专业 声卡 没 明显 缺点 有点 距离,0
这卡 插 箱子 耳机 声音 完全 马头 罗兰 优点 驱动 特别 稳定 拿来 玩歌,0
不 录音 没 必要 买 干 硬,-1
老 稳定性 真的 没话说 直接 模拟输出 得话 声音,0
谢谢 楼上 新买 一对 监听 音箱 准备 天热时 代替 一下 耳机 想换 带 两路 平衡 输出 解码 耳放 一体机,0
不 知道 音质,0
便宜货 买 开心,1
胆机 石机 投入 比例 大概 可能 拉平,0
还 上 一台 仿铭 分体 耳放才 出头 好看 好听,-1
品控 工艺 这两点 觉得 旷世 声韵,0
旷世 声韵,0
矩声 挺不错,1
大逼厕 走 走,0
选 绝对 坑,0
需要 推荐 现在 价格 绝对 入门 首选,0
坏,0
有没有 大神 碰到 同样 问题,0
说明 完全 碰运气 没有 统一 答案,0
感谢 大佬 按住 原线 改 平衡 躁动 心,0
原线 相比 搭配 提升 尝试 换 线 觉得 原线 听 感好 会上 架 京东 旗舰店,1
,0
听 古典 二代 不 合适 一代 还 不错 成色 好 不 容易 收到,1
占楼 更,0
大菠萝,0
蓝色 烤 漆 很 养眼,1
铁三角 应该 写 系列 系列 系列 旗舰 以下 系列,0
投了       话 说 貌似 价位 素质 拉开 身位 看着 有点 违和,0
投,0
楼上,0
依然 包揽 前 三,0
没有 铁三角,0
应该 统计 价位 之间 明显 高 一档,0
,0
投 估计 今年 抢 第一,0
不 知道 糊 肯定 不 正常,0
进 蟑螂,0
昨晚 垃圾 半夜 直到 这会 好些,-1
买个 直 推 都 上台 好 很多   振膜 大小 决定 耳机 水平,1
正好 蹭 听 两货 当时 只 关注 听感 没 注意 解析 定位 结像 两 兄弟 大众 消费 产品 手机 直 推 七七八八 回想起来 中 高频 好 总体 听感 很闷 耳朵 差距 感觉 解析 力会 更好 些 心理 感觉 聪明 耳 机会 专门 拔高 中上 盘以 营造 解析 高 假象 有空 回去 再 好好 对比 下 真 解析 真的 高 刻意 营造,-1
当年 解析 小白兔 高 不 明显 安卓机 佩塞一 耳朵 差距,-1
绝大多数 前 级 输出阻抗 很 高 没有 推力,0
能用 再 串 耳放,0
佩戴 大概 介于 之间,0
转 出来 声音 更 干净 线 屏弊 避震 材料 物理 形状   都 会 影响 声音 线材 纯 实践性 烧友 通常 经历 耳机 解码 二个 阶段 才 会 发现 线材 敏感 层度 没有 大量 听音 经验 的确 很 难听 出来   好 换线 会 立杆 见影 效果   说 焊接 材料 声音 都 影响 估计 一大帮 人不信 听感 因人而异,-1
莎拉 布莱曼 古典 跨界 音乐 代表 人物 气质 嗓音 都 很 匹配,0
支持,1
支持 张靓颖 代言,1
都 没人顶 贴,1
江 疏影 更 符合 气质 形象 代言人,0
支持 张靓颖 代言,1
我用 解码 前 级 输出 效果 不是 很 好 解码 独立 出来 做 前级 效果 比较 理想,1
谢谢 回复 解码器 商家 说 音源 接 解码 解码 模拟输出 不会 重复 解码,0
耳放 最好 解码 试过 接 解码 声场 高度 完整性 没 得不偿失,1
接 主要 听 音箱 小 投入 暂时 没有 升级 打算 可能 效果 提升 有限,0
森海家 一体机 素质 不高 优势 在于 搭配 分体 优势 没 还 出 另配 耳放,0
前 几天 看 官方 店月销 月销 统计 口径 似乎 往前 推天 滚动 更新 可能 没 一百个,0
需要 时间 去 证明,0
基于 购买 经验 国产 耳机 正确 态度 敬而远之,0
现在 玩 少 耳机 买 上 几千只 已经 算是 很 成功 产品 国内,0
国产 牌子 耳机 小作坊 不算 没有 年 以上 市场 销售 慎重 加 慎重,0
已经 吹   啥时候 钱,0
解码器 不在乎 参数 拼 调音 说够 明白,0
同意 楼上,0
买 知道,0
楼主 吃个 螃蟹 回 坛子 里 分享 一下 听感 东西 说 谱 点,0
乐之邦 全家 桶 参数 挺 爆炸,0
双木三林 已经 证明 高 参数 千元 机 同样 谱,0
不能 只 看 芯片 楼主 买好 运费 险 耳朵 试听 收货,1
听 流行 人声 还 不错 比较 搭,1
都 不 说 楼上 人 扣帽子 功夫 屏蔽,0
下 一单 现在 搞 活动 折吃个 螃蟹 到时候 贴 使用 感受,0
不用 乐 邦加 平衡 应该 马甲,0
,0
,0
系太 胯 需求 都 好,1
直 推有 耳房 那可选,0
再来 一体机 差不多,-1
国产 大 热门 金瓶梅 额金 平面 平板 杂事 人声 毒王 最 厉害 平板 很 不错 底盘 加上 很 容易 驱动 建议 去 试听 天白 嫖 合适 再 刘备 都行,1
好 耳机 推 不了,1
推 不了 放   听 听   毕竟 素质 放   声音 没 层次感   低频 高频 都 没 力度 感情 干干的,0
买 好 大 箱子 好重 音质 还 算 满意,1
晚上 推 耳机 买 平衡 版本,0
很火,0
一体机 随便 推,0
刚 昨天 淮海路 索尼 专卖店 听过 搭配 索 六万 听 大 奶罩 最好 听 搭配 没有 都,1
电磁炉 好像 基本 没 看到 好评,1
电磁炉 确实 只能 推个 成 万元 内 没有 更好 内   推出 成 以上 有点 太 浓郁 厚重 喜欢 调调 算 推出 成 就算,1
听到 旗舰 声音 差   应该 反思 设备 是不是 明显 短板 电磁炉 耳放   素质 很 有限 解码   素质 相当 高 当然 信号线 电源 要求 一定 要求 音源 不行   解码 自然 会 受 影响 耳机 最大 短板 其实 耳放   市面上 极少 贵价 耳放能 做到 功效 只能靠 音源 解码 去 弥补 听感,-1
纠结 中想 上个,0
,0
想 知道 更   详细信息 欢迎 加入 交流 群,0
听 都 不 适合 流行,0
乐器 高级 器材 高级   各种各样 器材 从功 放到 音箱   线材 都 耳机 行业 基本 发展 方向   最 重要   对比 同厂 高端 中低端 越 广泛 了解 越 清楚,1
划 重点 下 一步 玩真 男人,0
不 知道 吹 流行 老 拿来 听 古典 呐,0
听 人声 早期 后期 版 人声 都 不是 强项,1
听 流行 何苦,0
听不出 编号 区别 耳朵 真是 聋,0
系列 才 拿来 出街 这种 亮骚,1
我家 人 说 宛如 音箱,0
出 街,0
同求 万元 万元 一体机,0
湖人,0
手机 流媒体,0
闪腰 一号 听 完别 腰 闪,0
厉害   顶,1
第二张 四季 感觉 味精 味儿 有点 重,0
常用 听 魔 颤,0
好 贴 没有 两张 碟 感觉 结合 具体 音乐 去 对比 很 好 方法,1
当年 店铺 插 试听 阿卡 贝九 马勒 才 入 坑 一晃 都 十多年,0
张 新编 版 四季 链接 上种 光说不练 哈哈哈,1
确实 现在 以上 耳机 概不考虑,0
少看 手机 都 强,1
非常 好 建议 保持良好 坐姿 很 重要,1
耳机 重量 确实 问题,0
数播 做得好 品牌 很多     以往 没有 玩 过数 播易 上 手 非常 注重 考虑 因素 软硬件 系统 容易 快学,1
,0
顶下 思叔,1
思叔 说 说 几张 碟 苏格兰 幻想曲 几个 版本 区别,0
大佬 评价 很 中肯 请问 效果 会 样子,0
森海 用户 顶,1
思叔 好 帖 搬 板凳 学习,1
前排 排队 占位 希望 没 打断,0
好文 帮顶,1
好文想 收 一条 银彩 单四 芯线 世界 好像 人 不,1
前排 留名   一篇 帖子 说 三个 耳机 不 过瘾   建议   再开 一篇 纯 主观 贴   说 说 最爱 耳机 搭配,0
直接 手机 解码 线 手机 反向 供电 能力 很 弱 解码器 经常 断联,0
问题 电脑 端 难用 要死,0
可能 巨佬,0
支持 科普 帖,1
感谢 分享 标记 一下 慢慢 学习,0
好 贴 支持,1
学习 收藏 一下,0
真的 有人 玩,0
太富,0
有钱人 生活 朴实无华,0
里面 确实 乌托邦 技术 上 比较 水平   高价 平板 槽 点   至少 性价比 还 不至于 低到   大 程度   性能 方面 基本 失真 水平 三频 均衡 上   调音   大 失真   动态   完全 不忍 直视   平板 对耳放 宽容   高价 耳放 现在 流行 大功率 胆机   很多 动圈 接上去 直接 死 掉   其实 不是 耳机 问题,-1
总司令 壕 玩 最后 玩动 圈牛 逼私 以为 再 加个 试试,1
一代 二代 玩过 只 没 感觉 能比   欧好 楼主 设备,1
可能 打脸   不好 再 露面   市面上 见到 耳放 不要 说欧   欧能 推好 都 没 几个 最 只能 算能 听,-1
欧给 感觉 细节 细节 听久 累 听个 张学友 傻瓜 朋克 不带 感玩 星期 出 掉 欧 插 笔记本 上 随便 听点 都 不错 小胆放 还 推出 丢 丢 甜味,1
没 听 耳机 人,0
分享 小 经验 耳朵 经常 掏 耳屎 声音 通透 大气 细节 丰富,-1
分享 玩意 触点 都 偶尔 一下 卡 达斯 神油 滴俩 滴 电子管 脚有 都 氧化 每个 管脚 滴 一点 插拔 俩次 发现 很多 黑色 氧化物 东西 出来 擦掉 就行了,0
运放 插座   最 容易   接触不良,0
赶紧 检查 一下 还好 还,1
这种 情况 觉得 只 存在 器材 比较 经常 来回 拔 插 换 听 烧友 一套 器材 人 器材 接好 后 不会 没事 再拔 下 线材 插头 插 接触面 不会 氧化,1
插头 上面 薄薄的 一层 镀金 处理 过度   这层 金掉 褪色 插头 彻底 玩完   表面 没有 闪亮 镀金 涂层 接触性 严重 不好 严重 影响 声音 质量,-1
分享 小 经验 耳朵 现在 听力 下降 大家 保护 好 耳朵,1
插座 里面 卡簧 能脏 插头 道理,0
普遍规律 特例 都 存在,0
很 中肯 说法 完全 赞同,1
今天 出 留 听 完爆 搭配 系统 上 更好 听,1
耳机 奢侈品 属性 极致 耳机 都 贵得 要死 绝对 不能 以价论 声,0
幸好 之前 收 新 早期 点 号 很 吃 音源 耳放 相对 要求 不高 单端 推就够 收到 现在 沉睡 一年 有余 现在 越来越 觉 当初 明智,1
怪 问题 耳机 选错 保平安,0
耳机 推 不好 很 正常 事情 难听 都 器材 素质 缺陷 造成 市面上 省钱 低阻 高敏 耳机 相对 好 推   中   高阻 不要 想,-1
喧宾夺主 很 影响 听感 好 耳机 不会 喧宾夺主 影响 人声 温润 干净 声底 适当 不使 人 压抑 氛围 感 注重 整体 不 喧宾夺主 乐器 干净利落 低频 自然 饱满 尽情 人声 出来 声音 才 令人 深刻,1
不妨 带 耳机 耳机 店 城 烧油 家里 好 系统 试一试,1
设备 不行 耳机 背锅 找 一套 五万 起步 十万 等级 设备 听听 知道,0
蓝宝石 差别 有耳放 前级,-1
其实 严格来说 两个 都 一体机 分别 针对 箱子 耳机 系统 用户 耳机 用户 会 有没有 耳放来 区分 是否 一体机,0
前级 音箱 用耳放 耳机 很 明确,0
看 完林 总 刺激 忽然 感觉 米饭 不够 劲,0
牌子 觉得 水军 满地跑 秒 大奥 天花板 都 日常 操作 最牛 逼 质量 加上 售后 维修 价格 挺 迷,1
声音 确实 不错 经常 降价 感觉 很 良心,1
极致 疑问 去 听 一下 肯定 会 满意,0
不好 去 极致 好像 全年 级 前十名 不去 年级 倒数 富 二代 一个排 女朋友,-1
当年 米饭 说 吊打 可笑,1
解决,0
同龄人,0
喜欢 陈淑桦 邓丽君,1
年代 女 神仙 歌手 太多 蔡幸娟 黄莺莺 梁燕玲 万芳 潘越云 叶欢,0
邓丽君 王菲 陈淑桦 莫文蔚,0
邓丽君 陈淑桦 龙 飘飘,0
居然 没有 齐豫,0
陈慧娴 邓丽君 叶倩文 田震 蔡琴 甄妮 齐豫 苏芮 潘美辰 徐小凤,0
最 喜欢 德德玛 真的 赞,1
蔡琴 蔡幸娟 蔡秋凤 蔡依林 蔡健雅,0
梁静茹 王菲 蔡依林 怎能 没有,0
看上去 全都 老人 楼层,0
原厂 电位器 几块钱 联 对讲机 电位器 牌子 好像 叫好 一点 电位器 体积 太 大 根本 放 不 进去 前 偏音 找 人换 电位器 电容 依旧 偏 很 喜欢 耳放 推 点钟 推 还行 推 控制力 百老汇 差不多 比较 通吃 耳放要 解决 音量 偏音 建议 上个 前级 带调 左右 平衡 那种 上 国 都 很 不错 推 人声 超 毫无 压力,-1
我耳放 音量 开 到底 没有 底噪 建议 楼主 检查一下 周边,0
精度 还好,1
不 试试 音量 电位器 拆掉 改成 直通 加 外置 无源 音量 前 级 主要 里面 没 地方 放,0
找 人 磨机 买 同型号 电位器 忘 牌子 个楼 主要 送,0
肯定 人声 毒,1
显然 秒杀 二字 假点,-1
听感 温润 透明度 优秀 信息量 充足,1
觉得 不行,0
晶莹剔透 热情 鲜活 空气 感 十足,0
不是 超高频 左右 频段 拉高 之后 透明度 高 细节 明显   代价 齿音 重 锐利 刺耳,0
之前 配 现在 都 已经 出 均衡器 解决 准备 回 坑,0
觉得 入 欧   互补 不错   听大 编制 金属,1
音源 电源 上 怼 一下 会 好 很多,1
不 需要 一台 牛出 胆耳放 解决 问题 保证 一点 都 不 刺 很 好听,1
大 编制 就别 指望 听 马勒 一代 都 不够 都 差点 意思 才行,-1
箱 说 全出 出个 好价,1
耳放 驱动 好,1
顶 一发 初心 低频 动态,1
耳机 前端 要求 不高 国砖 都 出 好声 当然 越好 前端 更能 发挥 潜质 太子 端 驱动 声音 非常 好听,1
展会 上 听 前端 搭配 驱动力 充足 确实 推 非常 好,1
复刻 在手 是否 必要 升级,0
耳机 感觉 挺 漂亮 用户 表示 声音 真的 不错 挺 好 声音 不 软 高频 亮 换 铜线 低频 不错,1
已经 购买 这款 耳机 还 获奖,0
请问 配 前端 好 插 上 比较 声音 没有 亮 没有 声音 质量 感一耳 比较 失望 觉得 不值,1
这是 耳机,0
沙发 先,0
唯 指标 算不算 一种 形而上学,0
终于 不再 孤军奋战 偶要 累死 无论如何 拜谢 老大,0
其实 完全 不用 搞 复杂 听感 主观 东西 数据 再 好听 感 不 一定 好,1
器材 人 听 不是 测试 机器 听   测 出来 再 华丽 数据  ,0
其实 老大 说 技术指标 无法 完全 关联 听感 完全同意 坚持 认为 现在 数据 很 不够 希望 老大 高 总 多多 补充 数据,0
没 做不了 数播 貌似 国内 还 没有,0
犹豫 后来 选 低频 扎实 透明度 区分 不太出 都 相当 不错 可进可退 耳机 口 推 正常 耳机 基本 通吃 推 平板 还 不错 一机 暂时 退烧 系统 简洁 不用 叠罗汉,-1
家 产品线 真的 拉 胯 不能 搞个 万元 级 一体机 实际 性能 拉 胯 味 招牌 效应 能割 韭菜 出个 万元 级 前级 行别 光是 耳放 本来 想 买 以前   二手 多元 看 产品 快 年头 没 售后 性能 估计 不行 只好 作罢 样子 真心 骚家 产品 外观 都 骚 适合 开脑放 自然 觉得 性能 翻倍,-1
家 功放 比较 好,1
别人 听 音乐 喜欢 好,1
都 买   听 退货,-1
问 几个 大佬 继续 纠结 总 不是 坏事 反正 钱 口袋 里,0
说个 事实 发烧 路上 千万别 听 老烧 烧 越 经验 越 丰富 越 声音 没有 正确 认识,0
千金难买 心头 好 其实 听感 很 私人 东东 喜欢 好,1
哈哈哈 真棒 感觉 大佬 一起 玩 还 主动 拿给 玩,1
每个 人 耳朵 不,0
交学费 不可避免 反正 娱乐 心急,-1
轰隆隆 低频 小 框架 下 低频 听 一耳 没 兴趣,-1
电子 乐 本身 合成,0
说 钢琴 都 弟弟,0
道理 越 接近 自然 声 越 好 无法 超越 不 可能 超越,1
恭喜 期待,1
照片 拍 不错 价位   听风 惊雷,1
很 德奥,0
不行 据说 混音 师 说 上 还 省 耳放,0
推荐 性价比 搭配 方面 都 首选,0
二手,0
价格 功能 全机 电脑 都 接 声音 正不太要 操心 搭配 问题,0
图片 漂亮 不错 选择 比较 杂食 科科 可达 不 项目 要求 极致 退烧,-1
楼主 阅机 无数,0
银乌 声音 听 乐器 还过得去 人声 有点 寡淡 重量 感人 耳罩 出汗 后 很 黏,1
最近 听 三天 银乌 声音 整体 水平 不错 能量 确实 很强 高频 有点 刺多 价格 愿意 选,1
暗 个人 听感 小 乌亮,0
银乌 声音 还 算 正常 还 接受 二 副耳机 声音 充满 杂音 谐波 失真 非常 大 一点 都 不 纯净 闹哄哄 没法 接受 耳机 系统 特点 失真 特别 低 声音 特别 纯净 听 完 耳机 再 听 喇叭 箱 总是 感觉 声音 很 混浊 劲浪 耳机 做出 喇叭 箱 效果,-1
是否 天朝 第一家 认证 企业,0
恭喜 楼主     点赞,1
有点 意思 认证 好 事情 更 规范 门 大 加油,1
打算 一下 国内 欧洲 认证 认证 就算 真正 迈入 正规 产品 行列,0
宁波 没 音响 发烧友 群,0
不是 去 国家 信息技术 设备 质量 监督 检测 中心 意义 类似 这种 单位 不 都 国标 检测 这能 检测 出个 玩意儿 到时候 拿个 报告 显示 符合 电气 指标 合格 安全性 良好,1
哈哈哈 哈哈哈 我用 笑,1
少不了,0
有人 说 静电 很 适合 古典 可惜 没 听,0
觉得 掉 差不多,-1
大乌,0
觉得 更好 点不带 难搞 偏科,1
仰望 大佬,0
小 木碗 天下第一,0
迷信 这种 东西,0
一句 话,0
希望 谈谈 听感 谢谢,0
适合 高阻 低阻 试试,0
兆 欧姆 到底 啥意思 音质 影响,0
机器 不是 说 延用     放大 线路,0
一只   听到 老,0
流行 古典 流行 古典,0
预算 稍用些 心思 三 大件 足够 再 确保 电源 音源 不 短板 系 没有 必要 古典 器乐 人声 流行 都 完全 优势,0
秒杀 速速,0
必须 随意,0
搞 一只 特色 同样 鲜明,0
其实 出 代   两个 表 搭配 起来 挺 漂亮,1
家 解码器 最大 卖点 独一无二 高压 分立 低 通滤波,0
听说 芯片,0
烧友 问 推荐 好听 解码 推荐 直接 拉近 黑名单 再次 申明 一下 解码 味道 素质 并存 背景 极度 干净 明显 属于 最高级别 那种 分析 力 上乘 听到 很多 解码 听 不到 细节 味道 浓郁 目前 解码 素质 占 情况 下 难得 味道 派 万 以下 音箱 系统 没有 明显 短板 很 超值,1
没 做 耳机 说 都 实际 没有 吹牛 张图 看看,1
回楼 兄弟 不 信 试听 当然 上 面试 听 更好 看 是否 吹牛 当然 这套 系统 接 音频 电脑 表现 更 优异 目前 前 级 开发 中 件套 表现 更 完美 风格 一脉相承,1
试听 私 谢谢,0
帮顶     素质 调音 都,1
谢谢 接下来 推出 前级 月底 会出 几台 已经 定出 无 风扇 音频 电脑 目前 量产 风扇 音频 电脑 更加 优秀 需要 联系 蓝牙 接收器 便携 播放器 小 吉他 代 规划 中 电源 处理器 地线 盒 都 考虑 中 年 规划,1
一代 二代 都 玩家 路过 真心 好 东西 接口 太 单一 声音 真心 无敌,1
喵   没 人 来看,0
确实 不 太行 听过 比差 不少,-1
楼主 写 好 高度 概括   形象 生动   一目了然,1
最后 不到 小时 抢购 拜雅 人气 耳机 特价 秒杀 欲购从速,0
很 显然 耳罩 都 不是 原装   线材 破   个人 认为 不值   今天下午 全套 原装 就头 梁掉 渣 挂   一下 出 掉 具体 不知 出,1
系列 添 乘员 看起来 不错 可惜 配色 不喜 上海 有没有 地方 试听,1
同样 德国 货 拜亚 动力 实在,0
直 推是 趋势 支持 一下,1
双十 特价,0
邓小平,0
耳机 最大 好处 非常容易 推 手机 直 插 声音 已经 很 好,1
  一战,0
记得 一款 差不多 价格 潘多拉 非常 好 推 音染 很,-1
这篇 老 文章 现在 价格 性价比 不错,1
老老实实 买 几十块 钱 成品 电源线,0
不 满意 退货 不,-1
屁股 图看 一下,0
辣 不 失真,-1
老掉牙 韵味 新 时代 正义 大烧 不好 这口 银彩 那种 金银线 色彩 才 天花板,-1
商用 服务器 不服,0
赞 一下 楼主 墙面 美式 文化 气息 很足 搞 厉害,1
机架 好好看,1
见 真力 听歌 设备,0
重心 觉得 调整 耳机 拉出 正正好好 长度 重心 均匀 稍微 多拉 出来 一点 重心 偏到 两边 均匀 夹头 偏 两边 不怎么 夹头 都 不 太 舒服,1
好 去 做 康复 运动 去,1
坏 昨刚 下单 重量 佩戴 感 差不多 应该 顶 住 看 音质 咋样,-1
很多 平板 低频 都 平直 下潜 动圈 就算 旗舰 做到 都 不,0
楼主 真实 经验 非常 有用,0
重量 还好 没 感觉 很 重 个人     三修 对比,1
鼠莓 派 新鼠 大师 耳机       申请 试听,0
刚出 掉 听听 想 申请 一下,0
申请 试听 器材,0
正常 圈子 太小 厂家 基本 每家 都 不到 一年 升级换代 平均 每一款 机器 销量 本来 没,0
不难 推 耳机 建议 德国 牌子 耳放 最近 基本 库存 价格便宜 一半多 划得来 品牌 保证,0
建议 直接 上 好点 入门 东西 电脑 直 推 差不多,-1
两个 品牌 都 听 金丝雀 中 低频 加成 比较 糊奥 莱尔 声场 解析 都 金丝雀 好 偏 中 上 盘 看 喜欢 风格,1
台式 产品 一年 能卖 台全 周期 卖台 绝对 主流产品,0
已經 猜 牠 下 一個 動作 雙爪 趕頭 處 爬,0
猫 狗 听到 高频 比人能 听到 音乐 更 噪音 反而 灾难,-1
贵,0
不 知道 序曲 真 不是 突击 发布 千呼万唤 始 出来,0
序曲 不是 模具 独立电源 仓 设计 取消,0
图二,0
价格 差 近一半,-1
两个 大水牛 看起来 猛,1
解码 里 牛 不,1
请问 下 知道 解码器 内置 界面 电气 隔离 后 解码器 内部 供电 自带 供电,0
学习,0
铁三角 有过 其实 感觉 声音 都 蛮 正 还 加上 年轻化 染色 系列 感觉 太 清瘦 刮 耳朵 整体 不够 协调 铁家 里面 目前 感觉 最好 听 系列 没 听 不 评论,1
耳罩 战士 口 粮袋 细 简单 不能 再 浅 再 浅点 包边 触感 还 不错 有点 介于 绒罩 布罩 之间 感觉 其实 绒罩,1
说 人声 买,0
人声 不错,1
说,0
用过 通透,0
几个 特定 耳 机动 圈 不能 上去 看 功放 推 帖子,0
有点 太 高端,0
更 喜欢,1
保养 不错 看来 长时间 不 听 确实 要放 盒子 里,1
应该 好听,1
已 分享 马上传 百度 先,0
围观 神志 错乱,0
元 楼主 肯定 骗 单单是 单晶 铜 楼主 现身 粗细 都 不止 元 更 不要 说 镀金 总 音质 上 来说 镀金 不是 最好 话说回来 块 线材 明显 改善 很 好,-1
目测 材质 水分 极大,0
单晶 铜银 镀金 线 声场 大 高频 确实 好 中频 润 低频 扎实,1
创意,0
满足 心目 中 小人 声音 不 知道 花 钱 投入 促进,0
看 参数 似乎 不弱,0
耳放 不要 插 东西,0
预算 不先 解码 耳放先 升个级 现在 器材 还 不至于 要动 电源,0
电源 墙 插,0
瑟瑟 发抖,0
号 听 感 万 号 基本一致 没 觉得 特别 薄 刚刚 好,1
市场 做出 变化 不是 很 正常 事情,0
感谢 分享,0
确实 智商 税 没 毛病 买个 块 电脑,0
昂贵 电脑 不 装 苹果,0
这回 知道 玩意 之前 看 半天 没看 懂 连个 屏幕 都 没有 东西,1
支持 盲听 大赛,1
配置 几百块 电视 机顶盒 都 不 一定 比得过 好意思,1
机器 第一张 图 乍一看 还 以为 宝马 联动 想 说 享声 浓眉大眼 居然 学劲浪 搞 骚 操作,1
非常 好 实用 说明 方向 不知 北京 试听 下,1
关键 大环 牛大 水塘 说 最后 那句话 玩   玩 电,1
国都 小不点 耳放 推低 阻好,1
隔壁 版主 说 原创 胆机 好像 合适,1
感觉 国都 机器 中规中矩 不会 太 难听 没有 太 出彩,-1
歌德 耳机 提高 音源 质量 入手 不好 搞 需要 推力 还 需要 音源 好 推力 还 不能 这款 放 听 英国 声太柔,-1
歌德 粉 谈不上 推荐 预算 够 我会 买,0
上海 安润 听 推 觉得 很 不错 包括 旗舰 耳机 听 完 一圈 下来 最 喜欢,1
我用 很长 一段时间 耳放用 平衡 驱动 声音 鲜活 通透 缺点 声音 偏中 上 缺点 厚重,0
占楼,0
机子 去年 圆 声带 听过 一会 蛮 好,1
前排 学习,0
家 感觉 很多 产品 都 很,1
预算 最 重要,0
二手 素质 过硬 价格 不高,0
发挥 大 编制 长处,0
往贵 报 做 音源 不 缺钱,0
再 准备 预算 投资 前端 上 退烧,-1
再 准备 以上 预算 搞,0
一股 奇味,0
单 端接 塞子 会 热噪声,0
听过 推原线 单端 已经 很 好听,1
推 不错 需要 上 平衡,1
平衡 才 真 实力,0
楼主 推低 阻 耳机 有底 噪 拿来 单端 推会 有底 噪 不 知道   改进 没有,0
没有 东西 买得起,0
楼主 不上 解码,0
前端 最好 便携 耳机 手机 蓝牙 有点 潜力 大耳 至少 找个 便携 放,1
,0
是不是 鼠莓 派 自带 歌,0
音质 都 很 好 很 好听 支持 一下,1
流行 古典,0
年,0
发 视频 招式甚 好,1
不是 特别 懂行 马云买 贵点 问题 退 起来 不会 麻烦,-1
去年 曾经 白菜价 上 代买 十几个 喜 万年 价格 不 说 不 打击 楼主,-1
目测 大 波 科学家 正在 赶来,0
力士 感觉 抱 听举 听 放 听 没 区别 耳朵 太木,0
听到 似是而非 东西 科学 想法 往往 忽略 明确 证据 证明 存在 会 愈发 陷入 玄学 中,0
理智 人会 发现 从来 几乎 一个个 科学家 发帖 卧槽 后 变为 玄学家 没有 玄学家 变 回 科学家 科学家 队伍 新鲜血液 没有 浪子回头,0
相信 感觉 最好 音响 架 再 玩,1
  区别,0
人声 值 素质 值,1
同意 很 小时候 听歌 感觉 模拟 味,0
热情 美国 声 实在 喜欢 不 起来,1
天仙配 原线 单端 不够 香,0
大家 都 说 原线 来说 说 个人感觉 原线 不得不 换 原因 一是 高频 暗 基本 听 不了 器乐 二是 低频 速度慢 拖沓 听 都 感觉 慢一拍 排除 驱动 问题 驱动 心里有数 我用 原线加 转接头 接大乌 听 都 比大乌 原线 强,1
金牌,0
强,1
选 耳机 曲风 很 重要 都 经典 耳机 听 流行 好 久 听 不累,1
前排 更新,0
应该 大作 学习 建议 楼主 给出 不同 接口 特性 好 做 选择 参考,1
窝 还 追 路上,0
好图 原线 咋样 听,1
森海 始终 女毒 没有 半 毛钱 关系,1
胆结石 怕 缺胆味 动态 不会 太差,-1
买车 关系 车 买来 一下 去 卖 八折 保值 交通工具 交通 出行 买车 租车 网约车 方式 处理 交通 出行 方式 心态,1
估计 怕 坏 居多 质量 劝退,-1
声音 没说 不好 爱坏 售后 态度 出保 维修费 太高 买 跳水 价新 差不多,-1
主要 一群 西崽 洋奴 不以为耻 反 以为 荣 心理 扭曲 下流 还 喜欢 招摇过市 以为 拜个 野戴迪 升级 高等 华人 国人 国货 面前 几句 找点 优越感,1
转母 转接头 正在 一切正常,0
买 怕 不是 带麦 转,0
大家 猜猜 楼主 这段话 题眼 哪句,0
拜亚 第二个 男人 每逢 黑 都 别人 问题,0
大清 灭亡 阿米 罗先 掉 同门,0
阿米 罗 水平 上 平衡 可玩性 更好 国外 评价 不差 比强,-1
当时 差点儿 买 阿米 罗 后来 选了 森海家,-1
  黑 现在 不想 做生意,0
暖 糊味 声音 不怎么 拜亚 喜不喜欢 都 正常,-1
曲线 上 看 低频 一比 高频 暗 刺 指 拜亚 传统 峰 频段 不 实际 听 起来 说好听 点 温暖 不好 听点 糊糊 里 还 带点 刺 二手 雪崩 坛子 里 提起 频率 都 喜欢 个人 事情 说 高分     评 高分 没见 人 吹 更何况   声音 还成,-1
一张 好图 顶 十个 毒文,1
一张 好图 抵 十篇 毒文,1
這東 西越 聽 越 好 聽,1
声音 各有千秋 结合 使用 感受 售后 保障 毫无疑问 选     会 小 问题 不好 解决 依然 属于 能用 体验 不好 类产品,-1
昨天 下单     今天 下班 兴冲冲 打开 快递 接 上线 准备 试听 没想到 接口 问题 插 到底 左声道 没 声音 两条 耳机线 皆 联系 客服 反馈 原话 口 插头 确实 存在 问题 寄回 开换 看看 已 申请 换货 这一来 一回 小 一周 时间 第一次 买家 东西 他家 品控 挺 失望 希望 换回来 机器 正常 使用,0
价格,0
不 太行,0
很 希望 好点,1
后面 稳压 电路,0
发现   万 以上   解码 都 线 电,0
拆 性价比 更高,0
椰子壳 里 藏 感觉,0
刚收 铁粉 评价 调音 中正 低频 不错 一上 耳 感叹 铁三角 不 中正 低频 多差 才能 说出 低频 好   中正,-1
只 看到 大 波,0
学习,0
劲浪 一家 高频 其实 都 挺 柔 大 乌算 能量 比较 强,1
齿音 王 许美静 试试,0
劲浪 完全 音箱 声音 调大乌 确实 牛 逼,1
齿音 确实 人 不 适应 大乌 调音 特色 方面 都 搞好 不 容易,1
大乌 厉害 地方 齿音 压制 很 好 保持 高频 能量 感 穿透力 很 强家 耳机 齿音 压制 更 极端 高频 处理 不够 好 感觉 很糊,1
动脑子 想想 都 知道,0
推 不好 价位 耳机 强 很多,-1
耳机 根本 没法 旗舰 直 推,0
这点 推力 推个 屁,0
直 推 就行了 个人感觉 平面 谱,0
绿坛 理论 上 秒 大奥,0
好听,1
都   说不定 出 直接 一步到位   都 狗 大亲 女儿 不是 不 可能,0
楼上 已经 有人 分析 很 好 歌曲 类型 很多 厚声机 感觉 听 感会 更 全面,1
想 买 想想 想 买,0
都 最近 兩個 月 升,0
觉 不划算 直接 买 新 不贵,0
建议 买 新 纠结 新版 老板 声音 差异 喇叭 单元 使用寿命 买个 很多年 前 旧 耳机 说不定 寿终正寝,-1
貌似 一年 涨到 新,0
直接 买 新 二手 一千 五六百 价格 太 坚挺 反而 没有 性价比,0
正常 价 左右,0
不买 不 正好 耳机 不 咋样,1
说 音效,0
调低 中 低频,0
万岁 电脑 上用 建议 玩玩,0
再 听 一段时间 归零 发现 声音 更好,1
  更好 自定义 频段 值 峰度 种类 非常 丰富 更 完美 弥补 耳机 频响 缺陷,1
不是 万能,0
同是 用家 恭喜 入坑,1
,0
复古 电子 舞曲 蒸汽 波是,0
肯定 性价比 很 高,0
听听 开 发布会 御用 歌手 胡莎莎 知道 好 这口 听 就算,1
声场 小人 声 器乐 混在 一起 听不清 同价位 封闭式 推荐,0
尽量 买 开放式 没 听 封闭式 声音 感觉 低频 有点,0
毫无疑问,0
去 听 一下 舒尔 非常 均衡 关键 好 推 推好 不 需要 播放器 不 需要 耳放 听 低音 少 一点 没 毛病,1
上个 图 看看 版,0
好 耳机 非常 喜欢 只 耳机 人声 毕竟 过气 买 产 好些 更好 推 一点,1
省心,0
系统 肯定,0
,0
前排 召唤 河马 总,0
站 刷 老哥 视频,0
一体机 主要 考虑 电源线 线 即可 毕竟 解码 耳放 分体 配置 才 需要 考虑 信号线 问题 个人 使用 一体机 经验 来看 电源线 线 影响 都 挺 明显 线 考虑 长期 使用 一次 到位 投资,0
界面 影响 后面 那根 数字 线 影响 挺 大,0
咸菜 当成 大件 买,-1
未 做 隔离 之前 没 必要 先 考虑 高价 线,-1
发现 规律   每次 更新 设备 总会 失望 非要 听 段时间 再 回去 听 之前 设备 才 发现 值 淘汰 东西 都 没出   全 放在 健身房 里 新 听 才 发现 旧 耳朵 不行,1
手机 作 音源 连接,0
有没有 惊喜 看 原来 设备 平衡 推 更 合适 更 适合 流行 流行 这套 蛮 好 听 古典 素质 确实 不足以 人 惊喜 更何况 机器 单端 一般般 没 惊喜 自然,1
直接 听 手机,0
偏 压低 灵敏度 会 降低 知道 声音 变化 不是 音量 变化,0
去年 玩 主要 作用 模拟 耳机 进行 云 试听,0
很 强大 限制 简单 来说 调成 听 不行,1
厂商 不思进取 研发 点 有用 科技 反而 沉迷于 反智 小圈子 不可自拔,0
差 卖出去 说实话 闲鱼 看见 不少 挂 好几个 月,-1
传家宝 娃娃 抓起,0
二手 正常 天鹰 差,-1
直接 停产,0
时 估计 新 代替,0
芯片 不够 造成 国内 厂家 何罪之有,0
停产 还会 下一代 芯片 出来 倒闭,0
分 少数 预售 设计师 签名版 大量 市售 版,0
描述 简言之 容易 人 中毒 久 听 人 以为 产生 效果,1
均衡 小型 音箱 感受 歌德 热情 声音,0
  考验 前端 推 好 最 高频 有点 刺激,1
单听 人声 部分 肯定 歌德 好,1
非 欧美 流行 好 上 耳放,1
歌德 很多年 都 不坏 反而 森海 头 梁坏,0
纯 人声 还 想 听听 伴奏 大 耳罩 歌德 首选,0
平板 真是 莫得 味道,0
手持 眼睛 两幅 编号 无 编号 眼睛       发言 歌德 真的,0
好奇 小乌 封闭 乌 为啥 会 多仅 拆封 货   国行   银乌大 乌 没 看见,1
当年 买 水货 想不到 现在 行货,0
劲浪 第一条 高端 耳机线 估计 收回 点 方面 成本 新款 高价 基本 换壳 为本 有点 不 良心,1
现在 没 双十 一带 赠品 时 更值 赠 耳机 架   耳机 包   大乌 耳罩 加 起来 咸鱼 能卖,1
配个 银 彩线,0
提升 厚度 当然 解码 耳放得 上去,0
素质 型 机器 适合 暖糊 耳机 现在 新旗舰 耳机 都 素质 流 高频 亮 插 上 很 容易 刺耳 不耐 听,-1
都 台 台耳放 素质 机 味道 机都 听 最 耳机 感觉 宽松 温润 音乐味 好 很 容易 沉浸 音乐 平衡 驱动 后 展现 素质 不差   味道 淡 密度 太高久 听 累,-1
畅销 十几年 成为 一代 经典 不是 没有 原因,0
這兩個 耳机 走 路子 天差地别   好 放在 一起 比较,-1
這兩個 耳机 走 路子 天差地别   好 放在 一起 比较,-1
证明 听 感是 谱 想 耐 听 就要 前端 些 功夫,1
晚上 工业 用电 少 干扰 变少 电 干净,-1
夜深人静,0
晚上 市 电 干净 声音 会 好 很多 晚上 安静 聆听 音量 会开 小 一点 耳放 失真 会 下降 声音 自然 会 好听,-1
白天 水电 晚上 电厂 开工 火电 晚上 暖厚透,0
晚上 背景 黑,0
市 电 深夜 用电 负荷 低电压 稳 波形 失真 小 每天 电 最好 时间 凌晨 点,-1
最 主要 晚上 环境 噪音 大大降低,-1
生理 变化 器材 大,0
小白 绕道 走 老烧 不屑一顾 话题,0
现在 都 想着 法 博 眼球 刷 存在 感,0
鞭尸,0
极 低频 差 高频 有点 暗刺次 高频 透明度 差 中频 略远 调音 缺点 素质 在线 个人 觉得 素质 比强 半档,-1
楼主 麻烦 拍 一下 电源 背面 板好 谢谢,-1
线电 电压 偏高,0
楼主 这鼠线 电用 电源线 原配 电源线 太贵,-1
楼主     耳放 是不是 起到 一定 互补 作用,0
整体 偏亮 低频 量少 声场 偏小而   貌似 声场 不小 调音 略偏 暖,0
朋友 听 铁三角 老 型号 很 确实 好听,1
羡慕 老兄 日子 总是 高潮迭起,1
做 功课 似乎 系列 人声 染色 最多,0
赤豪哥 蓝色 大 裤衩 子 不赖,0
导 音孔 不是 问题 靠墙 摆放 堵 上,0
矩声   好像 都 满足 需求,1
便宜 黑 石头 一体机 贵点 矩声 都 满足,0
请个 女仆 都 搞定,0
需要 带 时钟 解码 界面 接 合并 功放 无源箱 再 简单 一点 合并 功放 带 解码 音源 电脑音乐 不要 光纤,0
天猫 精灵 改造 一下 接到 有源音箱 上,0
脑放 功率 提高 耳朵 收货,0
咋样 推 耳机,0
听不出 区别 不用 垫 听得出 区别 最 喜欢 方式 垫 不用 问 别人,1
觉得 应该 还 行 不是 太 喜欢,1
初烧 真的 不在意 低频 挺 爽 一定 这三 优先 均衡点 只 想 中 高频 染色 讨喜 便宜 量 足,0
路过,0
推荐 理由 楼上 几位 都 说 再 补充 好 推,1
稍微 容易 推出 效果,0
没 听 我会 选择 后者,0
最起码 一体机 不 太 还 推 比较 合适 前端 低音 挺 质感,1
听 女声 不错 尤其 听 王菲 最佳,1
流行 人声 器乐 考虑,0
以后 肯定 扔掉 换 更好 可能 会留 听个 响,-1
入门 真,0
上海 耳机 展有 木有,0
新版 不 耳机 孔改 插会 比较 好,1
新 版本 声音 变化,0
女声 老板 解析 好,1
确实 换线 变化 换线 找 喜欢 改变 方向 性价比 超级 高 估计 版主 这毒文 一出 热度 上来,1
福利 录音 相当 棒 初六 给力,0
还好 还好 已 放弃 大耳 吃 一回 才 大 毒,1
两个 芯是 多用途 口 中间 应该 插单 端头,0
这种 双 三口 多用途 插 头,0
双芯 插 单端 耳机 等于 说 琥珀 芯 卡农 双芯个 耳机 选,0
火星,0
不会   二合一 接口 还 行用 耳放 上面 都 接 单声道 平衡 接 双声道 单端,0
十年 前 帖子 都 准备 出来 怼,0
说 出来 这种 话 买家 必定 没少 干 这种 事拉黑 完 事儿,0
会 说 达到 理想 价位 立即 下单 当天 确认 不是 咸鱼 规矩,0
当天 确认 要求 可不 低 做 不到 两三天 确认 毕竟 偶尔 很 忙 加班 没 时间 试,0
买 东西 顺丰 包邮 发货 从不 催 买家 确认 售出 非 质量 问题 拒 不 退货,-1
同感 某次 卖东西 对方 墨迹 还 保价 快递 问题 扯 蛮 久 只用 顺丰 保价 快递 信不过 说 确认 没 问题 退 运费 其实 买 之前 已经 刀 标价 到货 后 说 少 套子 耳套 很 重要 买 全新 怪 没 说 清 果断 继续 退钱 对方 信用 良好 以后 信用 以下 都 不 交易 太难受,-1
买来 何必 卖 何必 买 二手货,0
核心 算法 东西 里面 没 电源 装置 上面 线材 都 挺 重要 不仅仅 线 信号线 解码 线 不能 省 单晶 铜线 音色 通透 浓郁 好听 略微 偏中 高频 后来 蓝 水线 两端 延伸 略 强点 音色 没染 好听,1
这种 漆层 不用 保养 裸木 上 点 木器 保养 油,0
有空 盘 一年 出 包浆,0
文玩 核桃油,0
现场 听   效果 非常 好   想 问下 现场 演示 后级 功放 上市,1
多年 前 你家   乌金 版 声音   刺激 路过,0
第一个 想到     俩 级 以下 先 打个 架,0
机器 支持 格式 不配 效果 差,-1
懂 意思 抵制 买 木头 耳机 好,1
意思 多种 树 买 木制 耳机 自然 木头 声音 更好 听,1
不 东八区 占个 沙发 看 楼下 大神 帮 调教,0
谎言 戳穿 很快 大佬 来教 听音 观 准备 好,1
耳机 有点 暴殄天物,0
还 真 不是 说 总司令 不好 主要 真的 不是 传说 搞定 所有 耳机 至少 觉得 没 原来 曼丽 推 好,-1
请教 总司令 对付 最近 想 找 够力 能够 推好 设备,1
搞定 所有 耳机 那得 多个 阻抗 不同 变压器,0
上,0
刚刚 淘宝 上 看 一下 价格 楼主 确实 实力 万零 千 价格 推 不了 所有 耳机 不敢 定价 太 厉害,1
老哥 买 有点 口水 这台 耳放,0
捡 垃圾 捡 垃圾 都 二手货 总司令 差不多 到手 好像 老哥 买 觉得 不 满意 退货 新 找 搞 定制 耳放 经销商 收到 退货 直接 挂 我瞎发 折 经销商 直接 接 没要 运费 到手,-1
家 还 定制 耳放,0
原道 塞 同款 坏 扔掉 换 一条 单元 震膜 粘不稳 不 粘 声音 还 真 不赖,-1
解码 太大 区别,0
这种 级别 都 扔 器材 敏感度 揭示 力 都 问题,0
耳放 确实 有点 拉 胯 不 完全 耳放 问题,0
做得好 现代 解码 同样 滤波 同样 模拟 线路 差别 很小 换个 数字 口 发生 巨大变化 很 可能 是因为 一种 做 不怎么样,-1
不 觉得 解码 差不多 用来 接 真力 素质 乐感 都 很 好,-1
楼主 不 试试 金嗓子 同轴 入,0
意思   解码 水平 差不多,-1
耳放 揭示 力太差 无法 区别 解码器 巨大 水准 差异,-1
线序 看 数字,0
换成 不 刺,0
最快 本来 样子,0
现在 听 美滋滋 再也 不 受折磨,0
其实 一般般,0
拜亚 耳机 讲究 搭配 最 上 不得 万金油 前端,0
主力 耳机 没 觉得 刺激 觉得 可能 听音 习惯 问题 孔 耳罩 已经 很厚 估计 不是 薄 家伙 出 可能 解决,0
拜亚 耳机 金属 声 适合 拿来 听 古典 器乐 金属 折腾 都 难以 根本 改善 还 拜亚 特色 弄 没 听 流行 人声 换 耳机,-1
感觉 上台 单端 更 耐 听,1
买个 欧米 伽 形状 耳机 架 平时 不 听 挂 上面 耳机 撑 宽松 些,0
森海 都 比较 夹头 头 比较 瘦长 正常 头型 已经 会 夹头 相反 白牙 却 太松森海 婚前 白牙 产后,0
需要 大号 森 海熊 做 耳机 架,0
都 撑开 电吹风 猛吹 分钟 多大 头 都 不 夹,1
头顶 不疼 腮帮子 疼,-1
戴 几个 月 好,1
是不是 头梁 高度 调整 不 合适 头顶 应该 没什么 感觉 才 新 耳机 有点 夹 腮帮子 倒 真的,1
有利于 稳定 听音 发生 腔体 好 事情 经常 带 会 产生 应力 梁头 材料 会 发生 小 范围 变形 会 稍微 好 一点,1
一体机 初 听 觉得 不会 很 惊艳   不会 很 难听 适合 长期 听音 搭配 绝配,-1
当时 推 感觉 差不多 以为 解码 升级 版本 放大器 部分 应该 类似 风格 很,-1
当年 四百多 刀 觉得 特别 值,1
森海出 套装 大概 相当于 微软 出 杀毒软件 抢 一大批 人 生意 自然 很多 人 不 高兴,1
自有 感觉 比直 推好 点 觉着 更 适合 想 推好 一定 换掉 至少 一大堆 都 西装 好,1
同价位 里 觉得 性价比 比较 不错 选择,1
这种 帖子 看来 回复 人 很少,0
绑定,0
不错 正在 听 温暖 迷人 声音,1
看来   双修 好 选择,1
难得 真实 感受 强势 帮顶,1
卡 达斯 版中 高频 太暗 粤语 老歌 都 不 知道 拿来 听,0
请问 推是 听感,0
丝带 假线 挺 成品 线假 不少 看宝 上 一片 假 奥丁 知道,-1
多到 不行 说线 无用 人 估计 买 假 丝带 觉得,-1
前面 说 挺 好 最后 一段 突然 变成 一本正经 胡说八道,1
嚯 看 楼主 气,0
无解 没过 保 换 过保 尽早 出手 系 时间 长 特别 容易 坏屏 数字 控制电路 光 耦 电路 已经 陆续 很多 都 出现 问题,0
一段时间 没有 音频 信号 播放 机器 会 自动 休眠 会 持续 亮 屏幕,0
都 设置 自动 息屏 怕 烧,0
最近 收 台 解码 部分 非常 满意 耳机 口能 胜任 低阻 推 只能 算 勉强 听 屏幕 设置 自动 关闭,1
发光 点 都 一颗 本身 一种 非常 非常 耐用 东西 大 汽车 灯 路灯 灯 小 笔记本电脑 电源 灯 容易 烧,0
不 关机,0
音響 產品 用夠 狠,0
早晨 检查 一下 设置 自动 节能 给关,0
真的 容易 烧屏 个别,0
聚会 上   听 离歌   明显 好听   正气 点,1
恩凌波 正经 动漫 里 那种 公主 更 多些,0
赫本 赫敏 都 喜欢 看来 菜,-1
人声 最干 喜欢,1
女人 都 喜欢,1
,0
想当年 真是,0
关了灯 都,0
原来,0
说 都,0
楼主 其实 用凌波   明日香   玛丽 作 比喻 足够 三位 姐姐 已经 包罗万象 其实 还 加上 成熟 气息 美里 小姐 纠结 律子,0
顶 三无 教 教主,1
原来 喜欢 女仆,1
或许 潮流 改变 调音 用途 不同 发生 改变,0
原来 还 还好 都 听 理解 肯定 偏差,-1
先练 不 走神 系 以下 森海 更 不 容易 走神,0
看 抓 耳 耐 听,1
会 摇头晃脑 才 好 耳机,1
听 听 走神 耳朵 是不是 好 耳朵,1
听 不 走神 差点 睡着,-1
长时间 持续 产生 无尽 幻想 耳机 系统 才 好 耳机 系统,1
关键 整套 系统,0
,0
为啥 我会 脑补 洗洗 更 健康,0
一杯 加 糖精 奶茶 太腻,0
多钱算 便宜,0
试试,0
没有,0
听过 试试 瑞 梵 精彩 最好 试听 下 两个 放 都 风格化 东西 里面 有价 现在 定价 有点 高 声音 两个 实价 都 物有所值,1
没 听 想要 发挥 耳机 实力 不 影响 解析 觉得 上 一体机 可能 比较 合适   推 低阻 耳机 很 不错 放到 考虑 范围 内 单纯 考虑 耳放 经验 带 输出 变压器 耳放 耳机 适应性 好 一点 适合 这种 低阻 可能性 更高,1
,0
之前 听过 歌诗德 一款 大耳放 本来 主打 平衡 单端 推却 意外 地好,1
押金 试听 试试,0
黑色 版 真的 漂亮   能换线 结构 好,1
铬 金属 版反 黑色 系 调音 都 偏 流行,0
曾 尝试         感觉 相对 适合 些,0
单元 现在 最新 罗版     同一个 单元 区别 海绵 厚点 薄点 耳罩 硬点 软点 区别,0
好奇 震膜 上 烫 字 印刷 不 影响 音质 上,1
感兴趣 哈哈哈哈 之前 看到 都 绕道 走   没 试听 欲望 决定 下次 拿来 仔细 听听,1
森海毁 三观 骚 操作 换汤不换药,-1
估计 森海 没想到 市场 反应 差 无法 消耗 单元 库存 无奈 才 做出 这波 操作,-1
不是 刚 发售 知道 事情 火星,0
支换 耳罩,0
系列   系列 追求 不同 更 强调 背景 声 呼应 感 更好 以为 考虑,1
以前 有个 直 推 非常 好 老烧 推崇 接替 反响 平平 直 推 很多   搭配 不好 还 好听,-1
最 里面 特氟龙 拆出来 镀银 线,0
神 操作 莲花 头 都 省 直通 到底,0
奖品 收到 谢谢 素质 可圈可点 守正 出奇,0
只用 现在 一条 舍不得 出 性价比 超高,0
质量 够 好 没什么,1
人声 左右,0
靓丽 感觉 应该 加强 气音 泛音 频段 不是 中 低频 人声 基音 频段,1
上,0
为啥 还 买个 一体机,0
口水 序曲 一体机 推 声音 走向,0
低频 比宙斯 还 感觉 口味 有点 重,0
听过 一代 第一段 话 描述 基本 挺感 整体 偏向 中 高频 二代 低频 变得,0
请教 前端 配置,0
耳机 来说 下 听感 哪些地方 说 不妥 请勿 见怪 自说 仅 代表 个人 听感 极致 买 蓝牙 手机 直连出 街 第一次 听 极致 耳机 总体 感觉 尚可 做工 重量 没 挑剔 毕竟 加 蓝牙 模块 才 两千多 活动 价拿 下来 蓝牙 版本 连接 方便性 实际 使用 干扰 掉频 接受 封闭式 非 主动 降噪 里 隔音 算 不错 出街 合适 颜值 差点 偏 商务 感觉 三频 略缺 均衡 低频 略 中频 薄点 高频 延展 还 方便 耐用度 还 目前 送给 儿子 扒 谱,-1
大乌 其实 个人 听音 类型 来说 大乌 不 属于 那种 非常适合 耳机 解析 动态 非常 非常 强 属于 大肌霸 密度 能量 都 超猛 那种 劲 爆型 动圈 旗舰 适合 听   现代 音乐 编曲 电子 风格 配置 冲着 爽去 样样 都行 样样 不精 那种 音染 前端 要求 确实 高 号称 手机 直 推 成 推好 上限 真不低 配 一条 纯银 线 控制 低频 效果 不错 当然 蹭 听 比较 过接 转换头 银彩 线材 改变 调整 音色 毋庸置疑 值不值 看 个人 只 想要 一只 全面性 强动圈 耳机 推荐 首选,-1
极致 封闭式 耳机 出掉 后 封闭式 其实 挺 难选 最初 目标 极致 始终 没蹭 听到 心仪 耳机 都 听 一圈 包括 蹭 听 群友 三个 多月   生物 振膜 直到 听到 目前 服役 中 关键 性价比 玩过 开放式 大多数 旗舰 大耳后 封闭式 运用 场景 仅仅 出差 出 街 专业 用途 稍微 调试 下 设备 用用 本坛 评测 多多 不 重复 可折叠 易 携带 出街 不 张扬 二手 三千 价位 非常 站得住脚,-1
羡慕 大佬,1
更新,0
,0
这墙 真棒,0
时光荏苒 一晃 入绿檀 十八 载 贴 纪念 一下,0
耳鼻喉 大夫 看 眼 耳朵 金色 传说,0
多谢 分享,0
感谢 分享,0
资瓷,0
谢谢 楼主,0
楼主 好人,1
买不起 只能 电脑 凑合 听 感谢 楼主,0
看看 杨奶 纹,0
抵档 不算 大 走向 天 蓬元帅 专用 都 没 问题,0
阳刚 霸气,0
耳 罩子 很大 材质 很 好 意大利 人造皮 超跑 座椅 那种 材质 真皮 天鹅绒 凉快 很多 缺点 贵 了解 下来 官方 原配 要百 一套 后期 更换 估计 挺肉 疼,-1
森海塞尔,0
,0
系列,0
停产 应该 不是 路子 合适 类型 音乐 看 大家 描述 好像 交响 杂食 通用,1
高频 不暗,0
好 耳机 增加 低频 量 烘托 听 起来 有点像 森海 厅堂 感人 声 距离 适中 久 听 不累 搭配 上 选择 温润 前端 会 惊喜 想 体验 高 解析 不想 上 升级 前端 很 好 选择,1
请教 接,0
元 以下 一体机 以上 搞 分体,0
大不大 还 买 台机,0
左右 原来 同样 价位   地上 摩擦 推 同样 塞子,0
这套 装备 还 纠结 听音 定位 换个 耳罩 完 多大点 事,0
东西 买 看起来 做工 声音 比较 平淡 没什么 特点 出 素质 大概 水平 耳罩 偏 不了 音 很 可能 耳机 本身 问题,0
好好学习 最 重要 玩儿,1
不是 一家,0
闲鱼 上 低价 解码 明显 难收 一体机 好点,1
上次 看到 张图 鸭子 讨论 全聚德 里 到底 挂 炉 好 闷炉 好,1
分立电路 急,-1
其实 小众 很 没多大 体量,0
下 三次 单前 两次 都 取消,0
看看 有没有 正在 寻找 玩法,0
先去 打个 坐 发现 声音 以前 都 好   折腾 机器 折腾 肉身   做做 喻加 还 健身,-1
理解 脑放,0
还 一家 店,0
早期 发行 几千 上万 照样 有人 买 还 不难 卖,0
好 便宜 二嫂 碟,1
烧 系统 烧到 最后 无非 烧 音源 烧 音源 最终 烧 唱片 烧 唱片 玩 版本 还 版本 入门,0
南京路 人流 来看 线下 生意 很 好,1
,0
太豪,0
韩国 棒子 胆机 咋样 颜值 挺 高,1
恭喜 楼主 这代 已经 很 全面,1
猜 楼主 接下来 会换 架子,0
非 烧友 送 比较 合适,1
陌生人 妻送 送 好,1
都 小 乌 考虑 直接 送 德国 极致 流行 耳机 都 直 插 手机,0
宾利 乌托邦 一系列 铁三角 极致 系列,0
非烧 买 好看 大牌 其实 没 不堪 以前 有个 来说 驴唇不对马嘴 不难 听,-1
女朋友,0
极致 比较 合适,1
送真 非烧 送个   都 强,1
苹果,0
解码 必须 要活,0
都 成品 线 散线,0
老宋 家 他家 两 芯 电源线 很 好,1
还,0
痴人 听梦,0
店铺 东西 人 实在 不敢 放心 买 量子 芯片 星辰 物质,0
楼主 几根 线 购买 地址 私信 一下,0
看 帖子   折腾 好几下 最后 定稿 居然 去 卖 普通 电线 商店   买 两根   普通 电线   家里 装修 下墙 里 那种   换上 一听   艹     好几百 买 发烧级   镀银   线   扔,-1
解码 变 音乐味 更足 细节 更 丰富 效果 真的 提升 不小   兴趣 烧油   试试,0
不 开玩笑 准备   自制 线 电   里面 好几百 买   牛 逼 银线 全 换成   线   估计 块钱 够,1
玩 本来 不是 理性 真理性 起来 不会 挂念 音质 不会 不停 更换 器材 不会 执着 网上 别人 叨叨,0
发现 喜欢 几个 包括 楼主 在内 都 曲高和寡 浮躁 占多数,1
观念 器材 重要,0
低敏 比高 阻 更 难 对付 拜亚 几个 欧 动圈 推力 稍 好 一点 都 不会 出 恶声,1
老 耳机   欧 不 清楚 有没有 更高,0
有过 没试 两个 连接 个人 觉得 需要 买 索尼 接口 充电 口 转接 线 选择 输入 使用,0
转 走 数字 确实 没有 电脑 输出 好 电脑 输出 音染少,-1
占坑,0
前排 坐坐,0
这套 确实 还 没 下决心 看 摆在 书架上 吃灰中 讲 真 喜欢 音乐 不是 吹牛 就算 见天 去 音乐厅 晒 票根 不见得 层次 高 发烧 分出 高下 强任 强 清风 拂 山岗 横 横 明月照 大江,1
乐理 视唱练耳 真 要学 只能 吹牛 谈资,1
一把   马丁   胜过 千 本书 万般 器材   琴中 乐趣 无穷 玩 音乐 方向   词曲,0
烧 文学 真棒,0
觉得   眼睛 闭 上个月 听力 显著 提升 更好 听力 上 品评 设备 更好 销售 音频 产品,1
产品 企业 资金 实力 不同 起跑点 定位 不同 做 出来 东西 不同 标准 同质 话 竞争 弱势 企业 只能 喝风 永不 翻身 差异化 多样化 必然 这种 差异化 艺术 解释 有点 勉强,-1
梵高 使用 油画 棒 工业品 没有 丝毫 艺术 价值,1
好 话题 怎奈 没完没了,1
差点 张口 喷 看 眼 等级 注册 时间 默默 退下,-1
只 说 一半 剩下 一半 加工 人 觉得 更好 听 器材 声称 更好 听 是因为 更 保真 更 还原 才 真,1
帮 大佬 顶,1
点 进来 不为 看 原文 直接 看 回复 路过 原来 第一个 回复,0
三四年 前 广州 展听 觉得 色彩感 很 好 可能 比不上 不输 大部分 老 耳机,1
终于 回复 看 正文 没法 参与 讨论,0
哈哈哈 敢 直面 顶级 耳机 不足 勇气可嘉,1
木听 诚如 所说 华丽 辉煌 金色 殿堂,0
老一代 大奥 艺术 气息 浓郁 调音 大胆 却 严谨,0
不會斷 買 短,0
换条 短,0
手动 扭 两圈 呈现 形 困住 圈圈 不让 伸缩 就行,0
换线 正好 升级,1
盘,0
还 支持   厉害,1
线圣 蓝 蜻蜓,0
看 耳机线 感觉 没 玩 明白,0
退烧,-1
挺 好 沉稳 感情 表达 上 偏 含蓄 说白了 不 活泼 热情 不少 烧友 喜欢 森海配 歌德,1
二手 应该 会 好 出点,1
买 澄   那会安润 实际 价格 现在 好像 涨价 线 硬 怀疑 人生 小白 居然 说 这线 很 软 真是 醉 声音 千 以下 价位 大部分 强,1
笔记本,0
其实 单个 指标 一定 程度 人耳 基本 听不出来 谐波 失真度 看起来 差 好多 绝对 差距 并不大 综合 全面 指标 估计 没 哪家 会测 之后 放 出来 全测 下来 说不定 洋洋洒洒 好几页 还 不 一定 看得懂,-1
其实 真的 需要 有个 参数 范围 区间 普通人 没 必要 关心,-1
黑胶 指标 惨不忍睹 声音 好听 不 说 听 感 说 素质 黑胶 密度 流畅 自然 都 上乘 胆机 指标 惨不忍睹 所有 胆机 石鸡 拼 指标 会 输掉 底裤 总司令 耳放买 人 都 傻子 大奥 匹配 耳放 胆机 森海 傻 解码 据说 测试 指标 不 理想 肯定 拓品 指标 亮眼 工程师 难道 都 混饭吃 商业 炒作 卖点 才 市场 真 金白银 买来 机器 耳朵 听 听 烧油 口碑 觉得 意见 看 指标 买好 毕竟 有句 话 眼见为实 耳听为虚 问题 音响 不是 用来 听,1
目测 以后 优化 国货 发展趋势,0
撇开 指标 不谈 至少 觉得 合格 器材 耳机 口 不能 直流,0
厂家 指标 很多 都 用来 吹牛 看 吹牛 指标 当然 没用 最 简单 说 频响 不标 清楚 平坦 度 频响 完全 没 意义 厂家 过半 都 不标 标了 数据 脑子 想想 觉得 不 可能 当然 厂家 都 会 理由 测试 环境 不 统一 数据 偏差 自然 会 很大,-1
产品 本来 不 大部分 家用电器 大量 线下 店 可供 体验 参数 不准 真 全靠 信仰 买买 买,0
买 个头 戴       很,0
至今 没 搞 明白 说 速度 东西,0
跑車 上 不能 放慢 歌學到 知識,0
想 改 太太 太 难拆,0
马克,0
一下 回家 再 看,1
无损 资源 本身 不少 其实 下载 无损 最好 必应 谷歌 输入 搜索 信息 论坛 免费 下载 都 会 显示 出来 花 一点 钱 注册 购买 币 值得,1
以前 都 下 死 后 基本 都 紫檀 音乐 分享 区 各大站 下载,0
开盖 全貌 两堆 明晃晃 大 水塘 差点 以为 买错 功放 数播 需要 大 水塘 光主 电源 必要,-1
最大 只能 落伍 现在 还 听 感觉 硬盘 里 几十 音源 这辈子 听 不 完 网上 下 基本 全假 都 升上来 感觉 够用,-1
耳放 常见 厂家 还 一本 正紧 加 耳机 保护 点赞,1
子卡 常见,0
数字 输入 好像 够用,1
电容   稳压,0
加 屏蔽 罩 点赞 三个 晶振 飞秒 就别 想,1
国产 加 屏蔽 罩 点赞,1
接口 还 带 保险 点赞,1
特写,0
这张 参数 图 吓坏 宝宝 万元 级 一体机 没 成绩 可能,0
曾经 拥有 过版 播放 功能 简单 手机 设置 调整 内容 却 现在 上市 很多 牌子 播放器 多得多,0
方案 整合 产品 认真 干嘛 几个 电容 至少 材料 上值 回 票价 百万 器材 解码 能力 没 强 正常 解码 能力 声音 最终 表现 没半 毛钱 关系 那句话 方案 整合,1
日本 流行乐 新歌 编曲 很 不怎么样 老歌 没有 主次 没有 起伏 一味 强调 元素 抓 耳 可能 快餐 文化 导致 好多 年轻人 听歌 前 三十秒 不 旋律 搞 切歌 很 难 歌曲 完整 表达 时间 编曲 人 迎合 市场 不得不 开头 就让 歌曲 做到 足够 听觉 刺激 很多 日本 歌 前 三十秒 好听 过后 显得 嘈杂 不耐 听 看来 不是 人 感受 觉得 如今 反而 华语 流行 日语 听 顺耳,-1
录音 好,1
感觉 整个 日系 大多 追求 高频 尖细   非常 不 喜欢,-1
欧美 现在 基本 中 低频 高音 纯 点缀 想糊 都 难,0
进来 学习 一下,0
现在 很多 录音 都 很 差 去 听听 昭和 时代 录音,-1
流行歌曲 本来 大众 目标 制作 发烧友 不 考虑 范围 内去 凑 热闹,0
只 喜欢 歌 打篮球 红头发 靓仔,1
有没有 国产 耳放 对比 静候 对比,0
机器 为啥 感觉 段时间 很 火线 下 门店 都 样机 摆在 丑 真滴 丑 导致 都 没 提起 兴趣 听过,0
国产 有个 响 巨丑 耳放 欧洲 格雷 银狐 应该 国产 最贵,0
貌似 美金 以内 很多 平时 看 论坛 发帖 到处 都 尤其 科学 放 希望 厂家 勇气 踩 场子,0
家 路过 目前 推大乌 都 说 推 不好 现在 舍不得 换掉 耳放 凑合着 听,-1
想 问问 科学 放有 指标 高 听 感有 关系 不,0
现在 看 听说 不错 不 知道   差距 大不大,-1
说 不信,0
真牛人,1
都 金属 铜 好 金 不行,1
有点 想当然,0
真 好 我家 养猫 所有 设备 都 只能 放 书房 里,1
不 玩 黑胶 不玩 管子 露 外面 胆机 原因 破坏 能力 好奇心 超强 孩纸们 桑不起,1
富,0
当初 书桌 买 小 中间 摆 一边 日用品 一边 放 器材 器材 放 后 耳机 架放 两个 没 位置 楼主 图 播放器 哪款,0
占用 一半 桌面 小 组合,0
楼主 三角 回声 区 感人,1
感觉 强迫症 很 整齐,1
好 帖子,1
这是 多么 大 执念 才能 写 出来 东西,0
不 着急 森海 其实 身子 很 硬朗 写 早,-1
学习,0
使用不当 很 容易 造成 短路,0
有点 类似 古河 鲨鱼 油 旨在 填平 接插件 接触 中 孔隙 加大 接触面,0
触点 油 触点 油是 安全,0
腹 黑眼镜 可不是 教,0
买 听 不 意味 念头 通达 会 审美疲劳 面对 产 一部分 耳机 沉思 素质 很 好 不好 听,-1
,0
没 钱 有钱,0
大乌,0
水贴 留名,0
耳镜 玩意儿 线材 没有 助听器 功能 说 空气 海拔 高 地方 听感 应该 更 宽松,0
随便 去 琴行 听 一下 乐器 声音   系统 比较 下 知道 分辨率 极限,0
解码 架构 都 不 自然 声音 不,0
恭喜 荣获 金耳朵 一对,1
信噪比 更 低 数字 播放器 环节 都 弄 好 很 好听,1
巨坑,0
已经 放弃 数播 继续 听,0
数播 同轴 口 都 做 转盘 明显 不 别扯 解码 问题 直接 跳 过数 播烧,0
楼主 米入,0
迷你 兄真 高烧,0
好 东西,1
无比 口水 楼主 换管 试试 喜 万年,0
听 完 再 去 听 发现 胜出 优势 已经 不 大 特别 驱动 相对 好 接近 素质 特别 听 大 编制 古典 胜出 真的 不 明显,1
但机 神马 最 爱 温暖 醇厚 不 刺激,0
恭喜 退烧 不用 再 折腾,-1
前 几天 听 下   一分钟 不到   没 听 出来   机会   还 想 听听 家 东西,0
前排 围观 壕 系统 换管 效果 更佳,0
胆机 好 声音 有血有肉 石机 小 几万 都 没 感觉,1
胆机 最蛋 疼 一点 预热 预热,-1
恭喜 迷你 兄猛货,1
好货 希望 机会 试听 得到,1
没有 加入 耳机 对比 判断 出 音质 好坏,1
耳机 直 插 手机 简直 不能 听 上 二房 下 听 人声 不错 重奏 听 起来 还 行 对比 优点 横向 声扬 略大 纵向 高度 差 比较 大,-1
耐着 性子 看到 日常 使用 手机 轻松 推动,0
这种 文 何必,0
统一 回复 都 别吵 听 感仅 代表 个人观点 听音 环境 前端 设备 听音 风格 喜好 不同 会 存在 一定 主观 判断 偏颇 欢迎 评论 区 指正 交流,1
没有,0
好象 说 阻抗 不 匹配,1
没 问题 放心,0
翻 说 两句 线 四 芯 三芯 只用 两根 四 芯 两 两 合并 变成 两芯 接卡侬 接卡侬 地卡侬 卡侬 端的 短接 这点 非常 重要 卡侬 端 收到 半截 信号线 外 屏蔽 层 屏蔽 层 一端 必须 接地 没有 屏蔽 作用 哪端 接地 接 上游 楼主 转卡侬 屏蔽 层接 屏蔽 层 卡侬 端 悬空,0
没有 屏蔽 层 不用 影响 不 大,0
高端 恭喜,1
劝 一句 未必 会 听 不要 玩玩 玩加 转盘 搭配 梅,0
听过 一次 临场感   确实 强,1
我选,1
梅 有人 比较 最近 想 搞 解码,0
学习,0
谈及 风格 并不多 帮顶,1
有師 兄比 較過   嗎,0
系列 很 冷门,0
耳罩 浅   薄   褶皱 低频 漏得 一干二净 后期 换成 拜亚 厚 耳罩,0
都 便宜 光论 素质 绝对 超值 调音 仁者见仁 听 拜亚 封闭式 里 山洞 音 相对 最 不 明显 一款,1
谢 楼主 开 贴 很 想 知道   开工 电源 实力,0
明纬 加 一条 医疗 电源线 性价比 最佳 组合,0
入 硬盘盒,0
都 喜欢 买不起,1
只 看 价位 有点 问题   难道 不是 同一 档次   明年 降下去 变成 高级 耳机,1
,0
没有,0
毛子 家 耳机 耳机 耳机 铝带 耳机 耳机 戴安娜 意大利 歌德 最 喜欢 几乎 都 没 上榜 咋办 没法 选,1
应该 加上,0
保有量 问题 很 严重 耳机 可能 很多 炒 凶 实际 两位数 玩家 比如说 不 知道 最后 几个 人 投,0
极致           加上,0
居然 投 不了,0
居然 不 推荐,0
干活儿 耳放 用来 录 节目 多位 监听   做 节目 耳机 直 插 音频接口 监听 口 机型 都 考虑 监听 耳机 特性 当然 推动,0
沙发,0
开关电源 透明度 吊打 线性 电源,1
楼主 多久 前 预定,0
飞利浦 耳机 音源 耳放 要求 还 挺 高,0
一套 很 强势 可能 搭点 暖声 耳 机会 很 好听,1
刮 耳朵 可能 解码 问题,0
都 快 万 不香,0
确实 好 放   老爷子 人 谱,1
明晃晃 卡 达斯 头赞 机器 期待 楼主 赶紧 上 音源,1
退烧 退烧,-1
好 东西 能录 一段 推 完美,1
退烧,-1
最近 折腾 太狠 打算 出,-1
很会 玩,0
国内 持有 量 太小 不 知道 这套 推 感觉,0
增大 低频 量感 提高 中 高频 亮度,0
  很 好 一套 数播   解码   前 级   耳放全 小巧,1
越来越 会 玩,0
已经 自带 脑补 砖头 级 时代 对应 国砖 国产 砖头 播放器,0
想 简单 点 弄,0
木耳 买 苹果 耳机 侧不香 永远 不用 纠结 买耳放 这种 心烦 事 以后 解码 界面 数播 线材 电源 避震,-1
穷烧果 机直 推 路过 喜欢 好,1
这有 好 纠结 找个 支持 天 退货 试下 不 好 耳机 耳放 问题 小马 过河 适合 条件 才 好别 听 胡吹,-1
品质 生活 一部分 烧伤 发烧 怡情 不是 伤身,1
听 音乐 还,0
欲望 无穷的 面对 没有 绝对 标准 商品 只能 不断 折腾 满足 无限 欲望 酒 如是 车 如是 性 如是,-1
发烧 动力 认为 找到 最好 声音 其实 没有 人能 说出 最好 迟早会 没劲 时间 精力 问题 退烧 早晚 事 聪明 点 早点 经济 实力 比较 执着 固执己见 晚点,-1
闲钱 没 地方 花找 东西 玩,0
隔三差五 聚会 听音 喝茶 抽烟 喝酒 吹牛 逼,-1
好奇心 求知欲,1
逃避现实,0
最近 玩 经验 来看 非常 需要,0
不是 平板,0
不论是 煲 平板 煲 耳朵 觉得 至少 一两天 小时 后 听 出 变化,0
买 副耳机 比较 以前 觉着 煲 耳机 明显 提升 后来 买 条 原道 条件 比较 听 半年 新 拆 发现 基本 没有 可闻 区别 看来 确实 煲 耳朵,0
不错 一种 选择,1
原机 总归 用点 性价比 现代 古董 管子 肯定 留给 烧油 折腾 没有 噪音,-1
总司令   不多 说,0
为啥 到处 都 看到 天琴机,0
请问 楼主 总司令 听 觉 不 觉得 空,0
耳放 钱,0
坐等 老烧 教育 楼主,0
支持,1
原文件 时间 没 对齐 只能 简单 截取 相同 段落 频谱 看 下 差别 区别 不 大 唯独 相对 几个 明显 增益 提升 情况 听 感上 目测 音量 基本一致 最讨喜 可能 迎合 更 多数 人 耳朵,-1
耳机 听 站 对比 感觉 声音 更 立体性 更强 人声 更 突出 来些 细节 刻画 轻重缓急 上 更好 些,-1
箱子 系统 听过 喜欢,1
音箱 听 中性 厚实 圆润 两个 没有 素质 上 差别,-1
不能 弄 墙 插 别弄 电源,0
不能 换墙 插 基本上 没有 折腾 必要,-1
一把 螺丝刀 事儿 注意 美标 相位 国标 相反,0
不能 换墙 插 很 简单 一把 螺丝刀 事,0
个人 觉得 电 比较 干净 电 不 干净 很 不 干净 没 意义,1
绝大多数 滤波 电视机 不错 画质 提升 比较 明显,1
作用 很大 滤波 排插 肯定 会 损失 声音 动态 声场 只能 买 没 副作用 滤波 排插 正面 效果 有限,0
系统 中 滤波 类产品 主要 作用 非 音频 类 开关电源 插上去 关 起来 路由器 电源 电视 盒子 电源 手机 充电器 时钟 电源 显示 类 设备 投影仪,0
看下 正出 一代,0
觉得 歌德 搭配 挺 好听 通透 发挥 极致,1
玩 高兴 就行,1
说 去 买点 欧美 机找 比较 点 大牌 会 更 吃惊,0
马台 街 南京,0
感觉 年 加入 国军,0
很 详细 入门 烧友 很 价值 总结,1
很 好 参考 谢谢 分享,1
说 家 做 树 方便,0
,0
工程量 很大,0
之前 应该 日系   天龙   应该 对美系 天龙,0
歌德,0
兄台   求问 信电 分离 意思,0
水润温 暧有 感情,0
正确 器材,0
还 以为 米饭 回来 纠正 听音 观 萝卜 白菜 各有所爱 没 正确,-1
高保真 声音 播放 系统,0
自然 才 正确 听音 观   正确 听音 观是 建立 顶级 系统 之上 没 老师 带路   单靠 低端 设备 上 折腾 经验 很 难 培养 正确 听音 观,-1
听 周董 还 追求 正确 屁,1
问问 大奥 动辄 千万 音响系统 哪有 正确 一说 做到 别人 膜拜 有人 敢 说 不 正确 淘 宝货 不算,0
究竟 道德 沦丧 人性 缺失,0
两个 灯,0
  前提 收,0
最多人 推荐 没 见到 有人 挂 咸鱼 最终 收 一条 大佬 晶彩   今晚 到货 回去 试试 效果,0
投一票,0
新 事物 总是 遭 人 反对 排挤 习惯 好,1
高频,0
大 驱动 功率 确定 不会 电磁辐射 玩意,0
现在 产品 还 不 接触 机会 少 便宜 艾伦 中间 金 平面 贵 产品 才能 形成 风潮,0
指 只能 呵呵 玩意儿 佩戴 悬空 上 紧下松 声场 完全 畸形 反正 接受 不了 喜欢 声场 大 换 房子 买 音箱 选择 耳机 本身 意味着 能量 声场 弃疗 当然 耳机 能够 呈现 规整 声场 高保真 体现 声场 物理 结构 上 做文章 包括 不 限于 这种 纯粹 属于 过不去,-1
可惜 铝带 违禁 词 禁止 讨论,0
金 平面 铝带 高频 不像 铝带 总体 十分 均衡 唯一 问题 声音 不够 鲜活 总有 一种 黯淡 感,0
不 知道 没 听 没什么 厂家 搞 驱动 要求 不 友好,1
失真 太 大 试听 时 弦乐 群一 起来 没 听 一看 测试   脑放 自然 全都 关闭,-1
看金 平面 铝带 介绍 应该 不错 可惜 无缘 试听 有点 兴趣,1
厉害 专业 学习,1
混缩 监听 音箱 标准 进行 耳机 用来 偶尔 参考 听 音轨 出声 没,0
声音 其实 偏向 监听 风格 类似 真实 人声 明显 美化 监听 耳机 不 一定 不好 听 调音 比森海次 旗舰 耐 听 调音 更 高明,-1
难得 独一无二 韵味 无可替代 性 当然 系列 素质 都 明日黄花 如今 追求 素质 最低标准 才 算 合格,1
前级 不 用来 调 音量,0
耳放 固定 一半 去 调 前级,0
不带 音量 调节 前级,0
前 级 音量 大小   后级 影响 很大   直接 影响 细节 听感   可调 前级 同学 试试   不 提弄 前级 音量 下 声音 表现,0
换不带 保险丝 尾座 可能 效果 更好,1
产品 思路 很 好 开关 线电好 试验 线 电 价格 不 便宜,1
功率 不 大 适配器 考虑 明纬   网上 零售 航空 插 带个 转接头,0
差不多 素质 超 没 问题,-1
上   这种 互有胜负 大白 比较 厉害 觉得 超过,1
扎心点 说 歌德 小耳 大多数 想 击败 都 痴人说梦,0
不 清楚 大白 以前 天龙 觉得 素质 上 差一点 不到 一档 差不多 拜亚 次 旗舰 水平 没 听 不 出来,-1
当然 会 现在 在售 加点,0
撑死 水平 应该 还 不到 推出 摸 屁股 水平,0
好几 版,1
推妥 妥 建议 买 价格 差不多 好 推 一点,-1
至少 推力 不是 非常 弱鸡 随便 推都 碾压,0
弄 好 性价比 无敌,1
其实 不错,1
推荐 直接 上 一步到位 声音 优势 明显,0
极致 人声 还 行 乐器 很棒,0
返听 即可   舒尔,0
心態 決定 境界,0
锻炼身体 保证 睡眠 别无他法,0
楼上 说 很 人 身体 状态 会 影响 听觉 影响 很大 玩 身体 一部分,0
都 系统 问题   不断 怀疑 说 物理 方法 反证 就行了   会 越来越 自信,0
换线 换 插座   换 保险丝 折腾 一会 觉得 好听,-1
玩 级别 楼主 骄傲 说 退烧 真的 没 毛病 致敬,-1
闻鸡 无数 仰望,0
播时 左右 声道 颠倒 问题 依旧 没有 解决,0
播放 升级 固件 厉害,1
已经 不算 产品 缺陷 这种 产品 还 卖钱,0
一台 同样 问题 打算 完年 寻求 解决办法,0
左右 声道 反 问题 原因 芯片 固件 升级 无法 解决,0
随便 玩 都 好听   可惜 听 累出 掉,1
,0
版 欧,0
玩 吉他 指弹 录音 多年 返听用 舒尔 日常 听音 拜亚 很 感情 高频 刺 现在 已经 送人 拜亚 解析度 器乐 独奏 小 编制 方面 优势 确实 强悍,-1
,0
不 楼主 列出 范围 内 其实 最 喜欢 谢 蓝图,1
挺 想 找 支帮顶,1
喜欢 高性价比,1
豪横 钞 能力 沙发 顶起,1
纯 路过 不是 玩 赶紧 撤,0
壕 无人性 系统,0
真想 说 纯,0
大佬 新宠 看看 换画,0
听 还整   翻车,0
强烈 关注 已经   听 小 编制 流行 打算 弄个     专听 大 编制 金属,1
有个 普通 版 不 知道 听 音源 有没有 档次 上 提升,0
是不是 耳机 系统 不太给力 好 耳机 系统 箱子 效果 还好,1
箱子 看片 耳机 听音,0
转 真力 后 耳机 吃 灰 好几个 月 耳机 上限 音箱 上限 音箱 没 耳机 好 笑话,1
先玩 箱子 实体 盘 听够 嫌 麻烦 讨厌 离开 东西 去 忙 生活 现在 玩玩 耳机 新鲜 劲 那么回事 极端 需要 下载 试听 采取 听听 都 不 听 现在 好玩 东西 需要 静养 安神,-1
重赏之下 必有勇夫 明盘,0
明盘 去年 月 买 基本 没 听 几次,0
还 收 二手 直接 京东,0
去年 收 年 后 卖 价格 太 坚挺 直接 买 新 反而 划算 森海 经典 型号 强烈推荐,1
居然 没 看到 平头 塞,0
千元 内 听杰 长老 家,0
千元 内 听听 热闹 好,1
听说 厂货   谢兰图   不错 才 四百块,1
顶顶,1
这套 好像 看草 医发过,1
期待 干货 搬 板凳 开场,0
期待 干货,0
金嗓子 好评 金嗓子 那种 调音 配 应该 很 好,1
原厂 功放 牛,1
力推 不加抗 阻器,0
有幸 听过 大佬 很多 设备 获益 良多,0
帮顶 现在 随便 找个 耳放 都 推得 还行 看 解码 音源,1
真 手段 取 下来 再 焊上去 需要 勇气 楼主 干脆 复刻 一张 全新 焊接,0
真 手段 取 下来 再 焊上去 需要 勇气 楼主 干脆 复刻 一张 全新 焊接,0
玩   确实 楼主 所说 力 大声 粗 到手 没 几天 迫不及待 出掉 看 楼主 感觉 应该 不错 一点 机器 必须 接 艾利和 才能 发挥 出 最大 威力 可惜 没有,1
漂亮,1
,0
,0
感觉 都 不错   看 佩戴 选,1
选 味道 好点,1
声音 太软,0
每个 人 听 感是 不同 手执 大 推力 胆机 上 听 对比 方面 都 干 歌德 当时 找个 推低 阻 耳机 放 没 找到 合适 顺路 听听 价位 确实 很 好 个人 认为 超过 德系 几个 同价位,1
楼主 觉得 中频 糊,0
很多 人 看到 铁三角 喷 感觉 很多 铁三角 耳机 评论 都 带 偏见,0
我勒个 去 放 完 毒,1
听 动漫 歌 挺不错,1
铁三角 本来 低阻 强项 目前 听过 铁三角 最好 两个 耳机,1
我用 金砖 推 声音 暖润 密度 高 非常 好听,1
沙发,0
雷版来 巡山,0
一凡 帖子 必须 顶一下,1
胜 听歌,0
谢谢 楼上 两位 帮顶,1
听 极致 不 听 歌德 顶 一哈,1
听 歌德 之后 出 极致 说明 口味 还要 硬气 爽脆 一点,0
必须 顶,1
谢谢 阵子 说不定 蹭 听到,0
蹭 听 蹭 听 机会 蹭 蹭,0
塑料 味,0
换上 中空 海绵   那种 空空 飘飘 声音 低频 没有 底气,0
路过 就要 顶,1
淫     顶,1
楼下 注意 重点 喜欢 那段 话 最后 一张 图 最 亲切感,1
抗 靶子 泥垢,0
,0
,0
大家 问题 直接 留言,0
学习 可惜 没 听,0
楼主 脑 放开 有点 大,0
隐隐 觉得 电话 弹簧 线 橙色 线 饱满,0
拜亚 一条 直线 一条 电话线 声音 非常 相近 电话线 更淡 偏 监听 直线 氛围 感稍 好 更 接近 些许 个体差异,-1
应该 银乌 级别 对应 封闭式,0
颜值 金乌 高 一点,1
封闭式 真的 不行   金乌 铍 振膜 勉强 住 垃圾 腔体 挣回点 结像   声场 惨兮兮,-1
预祝 大卖   目前 使用 很 满意,0
厉害 这下子 美国 指标 厂牌 没 优势 可言,1
期待 烧友 测评,0
很多 卖家 都 只 拍 前面 不 拍 后面 没 屁股 图 知道 功能,0
瞅 不错 大佬 听感 前排 支持 下 正经 推广 贴,1
用户 支持 一下,1
比较 历史感,0
有点像 以前 挺 怀念,0
楼主 试一试 柴可夫斯基 第四 交响曲 当时 我用 听 开头 一段 没 坚持 下来,0
广受 好评 耳机 都 防止 有托 差评 耳机 更要 慎入 不是 一两个 人能 翻案,-1
播放 电脑 里 网易 云 音乐 歌曲 树莓 派 作用 树莓 派 完全 不 懂,1
家 路过,0
现在 不是 罗马尼亚 产,0
没 问题 现在 新版 耳机 上 都 没有 产地 包装盒 上,0
风里 雨里 闲鱼,0
收 帮 止损,0
一看 罗马尼亚 生产 假货 包邮解 君愁,-1
拜亚 动力 直 推 最好 推 不好 很 难听,-1
欧     笔记本 直 推 习惯,0
听 还 挺 好 系 那种 丰富 泛音 肯定 没法,1
主要 解码   没 可比性   解码 部分 肯定 完爆   耳放 一代 没试 推 平衡 耳机 搓线 非 平衡 大耳 觉得 推 都,0
不 建议 复刻 差距 明显,-1
调音台 带口,0
不 一定 变压器 比较 重 放 两个 另一边 放,0
即可 没有 牛 哼哼,1
二手 惊雷,0
傲立   解码 耳放 一体机 场效应管 电流 负反馈 设计 全 直流 耦合 去 了解 下,0
买高登,0
谷津 高登 一代 都 不错 选择,1
传奇 需要 时间 沉淀 检验,0
属于 万金油 类型   听 都 还   个性   听听 摇滚 很 带劲,0
四平八稳 声音 没有 太 特点 低频 量 偏大 不 混,0
评分     高   两个 都 留下,0
语文学 不好 看不懂 准备 回去 找 老师 学费,-1
耳放换 退,-1
想 看 听感,0
德国 版           神器,0
好脏 耳机,1
来加 一楼,0
海绵 都 没 说 声音,0
赶紧,0
人顶 楼 算不算,1
拆 海绵,0
褒熟 变,0
老 看上去 经历 二次大战 感觉,0
版 终究 无须 太 执著 执著 不好 呵呵,-1
好脏 耳机 注意 维护,1
越 老 声音 越毒,1
不错,1
加 一楼,0
听感,0
看样子 远超 现在 塑料 壳,0
设备 外放,0
何庆华,0
功率 大点 耳房 小 推力 功放   声音 很 震撼 基本上 强太多 太多 推好 状态,1
低端 推荐 天龙 价格 性能 前提 买 得到 成色 不错 二手 元 左右 感觉 歌诗德 最近 出 不错 万元 档 二手 屎 牌 世界 树 解码 不错,-1
高登 蓝宝石,0
新派,0
水贴 完成 溜,0
好文写 认真,1
想 搞 一台 推推 找 不到,0
这耳放 推过 低频 出不来 听 不爽 或许 我要 低频 太重,0
写 蛮 好   实际上   很多 结论 都 一种 主观   互相 对比 验证 以后 提高 认识   这才 发烧 魅力,1
这牛 逼 吹 小学生,1
哈哈哈 哈哈哈 笑 死,1
商家 宣传 技术 实现 线材 结构 材料力学 性能 线材 拉 压弯 剪 扭 几种 基本 受荷 条件 下 抗性 是否 能够 满足 看看 瑞士 公司 做 线材,0
高中物理 不及格,0
会 不会 假 洋品牌,-1
支持 想 换 目前 书桌 放满,1
耳机 系统 值,1
建议 直接 搞,0
同价位 无出 左 还 差不多,-1
临时 买 压压 邪念 话 说   最近 价格 水分 增多 不 知道 为啥,0
听宝 欧若拉 解决 问题,0
总结经验 贴 水军 太 绿坛 里 没 热度 基本 别碰,0
试音 环节,0
得花元 弄 百度 超级 一年 很快 会 塞满 网盘,0
索尼 不划算 不 建议 买 索尼 太贵 有钱 无所谓 网上 论坛 找,-1
都 关掉,0
版本 现在 不怎么   推荐 朋友 用真 没人 反馈 混响,0
使用   觉得 声音 挺 好   模拟 味道 比较 足   我用 回路 对比     软件 测量   没有 明显 区别,1
都 插件 遥控 忘 具体 名字,0
驱动 设置 问题,0
没 听 出 毛病,0
二手 一台 再 加个 小不点 系列 耳放 一台 小 功率 功放,0
  大包   小包 不算 少   不 发烧 碟机 很多 烧友 都 瞧 不 上,0
版 用户 表示 很 羞愧 买 比较 喜欢 回来 听,1
约 千多 正比例 人声 百多 都 不 明白 基本 不用 音箱 播放 人声 都 耳机 听,0
顶级 烧友 应该 主听,1
本人 乐器 类 听碟 动漫 歌 听 稍微 攒 起来 几张 玩家,0
花 不少 钱,0
倒 不 担心 系统 本身 宽松 换 线 解析 上来 更好 听,1
原装 最好 认为,1
裸 三宝 加 持有 差距,-1
很 具体 参考价值 谢 分享 楼主 下个 解码 会,1
附议,0
楼主 应该 早出 好 一口 交响 排山倒海 看来 只能 两套 前端,1
不错 支持,1
两个 都 问题 不大想 找 反差 更 强烈 更 互补 走 习惯 清秀 怕 不 适应 变化 太大 走单 撸 交响 一绝 管乐 齐鸣 那一刻 懂,-1
那句 老话 说 闷糊 都 没 推好,1
年代 特殊 产物 特别 情怀 继续 上面 型号 去 找,0
推好 不糊   结项 精细 程度   器乐 质感 还原 水平 略高于,1
天龙 腔体 设计 过于 简单 调音 恐怕 过于 直白,0
双修 感觉 十分 互补 都 很 好 耳机 后者 不该 遭遇 凄惨,1
现在 日系 耳机 都 不够 没什么 好 讨论 听听 流行,1
日系 没 国内 放 子弹 黑 当然 就算 放 一堆 水军 淹没 白放 谁肯   天下 已经 成为 经典 哥俩 没 发黑,0
都 觉得 玩 双修 必 需要 楼 主要 不是 耳放 一定 推荐 用大乌 代替 前端 霸道 贵 线材 却 耳机 系统 里面 最 重要 一环 耳机 上 选择 省钱 绝对 事倍功半 做法,0
感觉 黑日系 倒 不至于 感觉 家 不少,0
声音 有点 清淡,0
并不一定 日系 原因 不是 耳朵 吸引 耳机,0
论坛 哪有 大 影响力 买 耳机 原线 声音 过于 温和 特色 不 明显 换线 改善 点 折腾 潜力 不大 当初 首发 没多久 二手 蹦 不到 心 凉凉的,-1
居然,0
蓝色 挺 漂亮 啥时候 国内 卖,1
买 钱,0
海外 东西 新冠,0
每年 一波儿,0
好   单端 欧 内阻 推些 低 阻大耳 单端 欧 内阻 会 落入 推低 阻 阻抗 不 匹配 推高阻 推力 完全 不够 两难 境地,1
感觉 声音 缺 些 说 高频   低频   中频   不能 达到 心里 想要 声音 说 一定 位是 准确 耳机 强 主要 指 纵深 定位 尤其 前后左右 定位 太 优秀,1
楼主 这钟 牌子,0
电视 喇叭,0
加钟 看 水平,0
不加钟 真的 泯然 众人,0
毕竟 玩家 设备 不 理想 才 动力 继续 玩 下去 耳放 厂商 吃饭 一下 给你个 最好 东西 以后 出货,1
,0
不是 调音台 声音 好 前 几年 用过 美奇 调音台 耳机 口 感觉 比较 差 感觉 完全 不 值得 入手,-1
我用 百灵达 台子 推 感觉 动态 偏 横向 纵向 不 突出 感觉 适合,0
耳放 价格 都 一棍子打死 所有 耳放 调音台 耳机 口 里面 耳 放电 路 本质 上 耳放,0
人 称为 影音 耳机 一定 道理 当然 不能 怪,0
不够 激情 其实 数码 声 更 富有 活力 创新 全家 桶 听 热血沸腾 模拟 味热 不 起来,0
德国 声 都 这种 审视 视角 表现 方式,0
素质 感觉 只能 说 价位 对应,0
比较 放松 迟缓 较暗 耳机 估计 比较 喜欢 歌德 大乌 一类 热情 高能 耳机,1
大神 会 告诉 声音 假,-1
不 刺激 真的 需要 激情 音乐 亲和力 属实 弱 最 喜欢 低频 烘托 很 舒服,1
音乐 氛围 感 好多 旗舰 耳机 比不上,1
所谓 感情   热情洋溢,0
差 鲜活 感,-1
天天 说 有人 烦 没,-1
指 听 人声 流行 一类 说 本质 上 用来 回放 古典音乐 现场,0
调音 听感 都 没 问题 觉得 问题 查查 前端,0
推好 激情 感情 都 不 缺乏 冷漠 毫不 沾边,1
脑补 情感 不 真诚 啥样子,0
流行 好过,1
声力 宙斯 易 推 听 流行 够,0
其实 不错 老气横秋 动态 略带 压缩 感 可能 更 讨好 耳朵 大 动态 自带 混响 略带 颗粒感 声音 不够 顺滑 素质 更好 些 声音 更 现代 些 没 浓 怀旧 氛围 前端 不给力 相对 好 推些 尤其 现在 改版 后 灵敏度 暴 增至 版本,1
宙斯 小乌,0
进入 时代,0
以上 提到 耳机 金 平面 都 长期 用过 现在 听歌 看 电影 耳机 爱丽丝 换大 耳罩 风格 合适 好 推 经常 直 插 电脑 平板 随身听 戴着 舒服 其实 素质 水平,1
对比 其实 更 愿意 负责人 声 流行,0
听 人声 还行 银 乌远 有点 距离感 感觉 不错 银乌 人声 距离 近 亮 听 久 有点 腻,1
风里 雨里 咸鱼,0
中庸之道 六边形 战士 每块 板子 都 长 木桶,0
听 流行 觉得 听 金属 更 不错,1
确实 不是 最 擅长,0
目前 玩过 几个 比低 一两个 档 流行 耳机 想 双修来 最后 都 没 留下 听 舒服 以后 试试 银乌能 不能 留下 流行 国家队 歌手 欧美经典 为主 偏 大气磅礴 一点 录制 都 比较 好 搭配 起来 声音 变化 太多,1
调教 好后 本身 杂食 听 古典 大 编制 影视 原声 最 过瘾,1
反正 听 不了 摇滚,0
不好 两个 开 容易 烧掉 通电 不 输出 不行,-1
再 买 解码,0
记得 线圣 好像 这种 转接头,1
只能 开,0
听过 耳朵 太 清淡,0
来说 主要 丑 黑色 看 过去,0
不好 听,-1
线材 绿油油,0
声音 缺乏 特点 感觉,0
第一批 买成 听 发烧 女声 不错,1
很 通透 听 女声 不错,1
当年 还 小甜甜 并称 传统 三 小强 现在 价格 下来 大嫂,1
用久 头梁 耳罩 惨不忍睹,0
宾利 烏 不错 楼主 耳放 人声,1
不买红 黑款 银色 太 不 耐脏,0
要说 声音 肯定 单晶 银 最好 基本 各家 旗舰 都 单晶 银 不能 只 看 线材 包括 编织 屏蔽 避震 都 区别,1
原道,0
退烧 耳塞 耐听 温润 皮实 耐操,-1
阴阳师,0
铁三角 一条 出,0
铁家 耳机 里面 比较 杂食,0
低频 有点 要求 两个 慎入,0
别买 老 木碗 溢价 老化 其实 真的 不错 女声 甜美 温润 喜欢 晶莹剔透 考虑,1
还 行 有点 奇怪 单端 平衡 低阻 高阻 出来 都 截然 相反 声,0
歌匠,0
功能 耳机 直接 耳放口 推 很 好,1
二手 别碰 光头 使用寿命,0
最新 那套 定制 版 特调,0
平衡 试一试 套装,0
只 知道 不能 金丝雀 配对 棉被 更加 厚,0
单端 平衡,0
,0
没 听 感觉 最合适 毕竟 针对性 做 设计,1
楼主 内置 解码 耳放 一体机 掉,0
功放 找 淘宝 上 几个 比较 知名 高手 换 输出 牛 推 静电 耳机 再 简单 一点 直接 找 无源 牛 前级 匹配 静电 耳机,1
不好 定制 质量 好 价格 还 不贵 沾 上边 都 翻 几番,-1
单晶 铜 不足 千元 特别 细 假,-1
高频 没有 亮 整体 偏暖 是不是,0
声场,0
看 评测 感觉 更 像是 升级版,0
木碗 木头 说法,0
豪 无人性,0
好久没 见 台机 文 一体机 都 一阵风,1
年前 清远 洋垃圾 货场 淘到 很多 实用 东西 电子管 特别 拇指 电源 牛 线材,-1
这种 才 真 智商 税,0
古董 器材 智商 税太多,0
左右 信号线 实在 尴尬,0
国际 大厂 品牌 元 以下 信号线 具备 品牌 声音 特点 素质 其实 短板,0
大乌 上 有点 控制 不住,0
相对 大 乌 来说 声音 显得 很 单薄 应该 不 例外 优势 仅限于 横向 声场 更大 更 开阔 大乌 高密度 整个 声场 定位 很 好 广州 展听 好 几次 感觉 声音 太薄 喜欢 不 起来 推荐 大乌,1
上 一代 旗舰 水平 指 其实 往后 新出 动圈 素质 没有 太大 区别 动圈 技术 摆在,0
大乌托 不 建议 楼主 一体机 搞 两个 出了名 难搞 高阻 难搞 低阻 难搞 反正 难搞,0
才 注意 楼主   目前 剑桥 旗舰   一体机 搭配 整体 效果 不 次于 之前 套装                   楼主 为啥 掉 很 好奇,1
推用 谷津 便宜 好声 推 很 合拍,1
看下 出的钰龙 帖子 坛友 优惠,0
都 不要 买 加上 更好,1
贝多芬 都 听 不到 东西 应该 用到 助听器 会 很 开心 文盲 做 文案,1
我想 问下 三代 咋样,0
加持 电源,0
猜测 多家 厂商 正 拎 菜刀 楼主 奔 去,-1
金 平面 平板 听 气动式 耳机 好像 铝带 不 知道 有没有 展示,1
套装 推 觉得 软 点 细腻 很 细腻,0
艾 巴索,0
很多,0
平衡 输出   接 笔记本电脑 后面 拖 小 电脑 箱 很 巴适,0
会 女毒 觉得 只能 说 矮子 里 拔高,1
所谓 女毒 需要 人声 帖 耳 细节 丰富 唱 不 重要 只 需 兀自 感受 女歌手 换气 唇齿 开合 粘连 舌头 喉咙 湿润 蠕动 仿佛 每天 思念 千百遍 恋人 正在 动情 含 吮 耳朵 尽情 体会 稍纵即逝 颅内 高潮,-1
不好 说 感觉 看 个人 喜不喜欢 不 喜欢 白搭,-1
这种 心态 永远 入 不了 古典 门 从贝 从小 星星 入 不了 贝九 第四 已经 够 通俗 四分钟 基本 全程 爆棚 输出 唱歌 从头 听到 尾 不会 无聊,0
古典 很多 风格 分类 巴洛克 浪漫主义 大都 易于 欣赏,0
德 九四,0
太 丰盛 燃鹅 居然 没 几个 平头,0
现场 不 卖货,0
真 细心 顶起,1
应该 谢谢 林大,0
一堆 新品 好 期待 上市 发售,1
配置 视频 输出 电脑,0
阔以,0
以前 版 出 掉 声音 很 好听 现在 版 不 知道 声音 咋样,1
去年 收 听 听 感觉 歌德 版 还,0
哪位 兄台 眼神 好 看看 型号,1
渣 男 摧残 后 这幅 面容 女人 非 强求 爱情 下场 我国 后 女性 倒 想通 老一辈 妇女 没想通 一件 事 不 结婚 生 孩子 不会 男人 吸血 男人 活得 更,1
工藤 变化 真的 太大,0
楼主 用心,1
解码 水平,0
楼主 一步到位,0
早 知道 原道,0
楼主 回 小学生 脸 仇报 听感 分享 一下,0
歌诗德 保险丝 不错 几套 设备 都 换 他家,1
惊雷 换 小皇 电子 家 瑞士 产 苏特尔 保险丝 后 音质 可闻 提升,0
,0
正在 煲 挺 好,1
还,0
出,0
奥 莱尔 觉得 台机 便携 强 台机 台机 便携 便携,1
  机器 一般般   我接   之后 明显 感觉 声音 好 很多 此机 可能 不是 很 低,1
其实 两个 都 不行,0
这俩 都 不怎么样 低价 出 声韵 大 白羊座 感兴趣 回复,0
第一 感觉 上面 好 为啥 说不出来,1
赶上 直播,0
想要 完成 一套 系统 还 需要 块钱 买 解码器 耳放,0
赞 不 知道 换 后 大 提升,1
图 太小,0
比系 难 推 不少 细节 表现 有点 跟不上 新 耳机 特别 吃 音源 音源 不行 非常 薄刺 喜欢 折腾 玩 容易 出好声 系列 好些,-1
器材 需要 好 电源线,1
晶彩 名门 大厂 万元 内 线 不错 高价 线 出名,1
目前 晶彩 有个 钻石 系列 梦幻 系列 建议 只买个 梦幻 系列,0
楼主 若真 万里 挑不出 耳力 何不 去 家电论坛 领取 那万 赏金 买 几天 晶彩 银彩,0
级别   买 不是 性能   买 奢侈品,0
达芬奇 撒,0
很感兴趣 请 楼主 详细 说 说 配置 谢谢,0
其实 好点   应该 上             购买   不 折腾,-1
不 直接   装   系统 改无 风扇 机箱 上线 电装   系统 直接   口接 界面 很 好 官方 纯净 系统 感觉 没 必要   升频 对比 后 网桥 出,-1
装   做 平板 手机 控制,0
音乐文件 放,0
不错 有人 搞法 实在 上装,1
没有 玩 胆机 音量 电位器 输出 必须 串联 隔 直流 无 极性 电容 最好 高级 发烧 电容,1
妇女节 现在 改 女神 节 是不是 女神 不配 过节 颜值 正义,1
童丽 张玮 伽,0
最近 迷上 刘紫玲,0
劳动 妇女节 注意 劳动 妇女,0
孟庭苇 张清芳 邓丽君,0
国际妇女节     简写 全称 联合国 妇女 权益 国际 平日               中国 又称 国际 劳动 妇女节 三八节 三八妇女节 每年 月 日 庆祝 妇女 经济 政治 社会 领域 作出 重要 贡献 取得 巨大成就 设立 节日,0
阳剖 耳机 部位,0
耳机 插针 向下 抵住 桌面 耳机 铝 面罩 快布 保护 屏住 呼吸 三秒 默念 一二三 顺势 发力 手一抖 出来,0
手 捏 插针 上面 一点 位置 拔 没事,0
分享 一下 心得,0
线   没看 懂   推荐 下,1
耳机线 为啥 不 都 该是 原线 先 听听 半小时 换 一根 听 半小时 不 知道,0
看上去 比做 好看,1
起点 够 高,0
出 学校 租个 房子,0
宿舍 建议 一套 退烧 宿舍 环境 下 真正 降噪 直接 秒杀 所有,-1
丢 蓝线 速速 刷红,0
大菠萝 这次 霸气 亮相 大 红色 牛年 恩 红牛,1
推 朋友 入坑 买 大菠萝 说 卖断 货,0
比要 好,1
基线 好,1
墙 插 换   惊喜,1
个人 觉得 上 平衡 推 缺点 更少 单端 高频 有点 暗刺   整体 泛音 不够 宽松   声场 不够 开阔 平衡 会 导致 人声 结项 分散 单端 声音 更好 上 平衡 高频 有点   声音 发紧   收 太快   听 很 累,1
好毒 升级 历程,1
声音 挺 干净,1
,0
以上 三者 更 合适,1
手头 留着 经典 耳机 三个 外 都 很 喜欢,1
错 追求 均衡 平衡 一定 经验 后 事情 初烧 追求 官能 上 满足 喜欢 低频 喜欢 高频 喜欢 低频 高频,1
换 听 很 不错,1
耳机 里 最 喜欢,1
大家 注意 时间,0
看过 推荐 说氯己 定 加水 稀释 五分钟 拧干 不 知道 有没有 效果,0
南方 耳机 完放 防潮箱,0
湿布 擦擦 就行了   你别 指望 擦 干净,1
发黑 没法 弄 不 可逆 金乌 时间 久 会 变色 变色 变 不 回去 不用 折腾 越 折腾 越 完蛋 慢慢 听,-1
软布 蘸 点 中性 清洁剂 洗洁精 轻轻 擦拭 再用 湿布 擦 下放 干燥箱,0
现在 大乌 耳罩 成 香饽饽 想 买 都 买不到,0
买   自带 两幅 耳罩 红色 不 容易 脏 想换 第三方 耳罩 黑色 很 搭,0
前排 支持,1
这套 西装 价位 上 比凯音 便宜 些 不 知道 对比 咋样,0
内部 图 看看,0
好 文章 凤 老师 文章 必读 早想 买 一台 元元 国产 纯耳放 搭配 即将 上市 纯 解码器 打算 选购 一台 搭配 更好 点适 推 耳机 广 一点 耳放,1
好 贴 赞,1
请问 驱动 做 纯耳放用 相比 单端 接口 下,0
鸡肋,0
啥时候 上市,0
蓝标 搭配 小 耳塞 适配 性 不错 大耳 大菠萝 更强 一点,1
图 方便 买个 带 蓝牙 完事 音质 肯定 数播,0
已经 建议 官方 增加 支付宝 微信 支付 更加 方便 中国 用户 购买,0
一年 一买 行,0
一年 一年 买 太贵 实际上 自我感觉 纯粹 当成 管理软件 不 更新 值不值得 值得 考虑 直接 终身,-1
估计 以后 变成 比特 币 升值 交易 空间,1
外国 产品 外国 价 有钱 不 玩 没钱 觉得 贵 觉得 人民币 不 旁边 越南 觉得 很多,0
信用卡 信息 删除 卖掉 账户 信用卡 信息 还 直接 订阅,-1
是不是 有点 太 夸张,0
算法 不够 严谨 跨度 大 点,0
话 说 几年 买 奇美 还 服役 两万多 现在,0
播放器 改变 不了 频率响应     其实   不错 所有 频率 增加 想要 低音 均衡器 频率 上调 下调,1
有用 没 遇到 问题,0
最大 可能 這 口供 電量 不充,0
人声 远 真的,0
人声 远 再 近 突脸,0
人声 都 快 脸糊 完 还 人声 远,0
比买凯 音要 更好,1
标题 错 耳放,0
才刚 入坑,0
退烧 器材 级别 从来 没关系 退 心态,-1
牛 飞天,1
  动圈 里面 声音 中正 来看 系列 够用 再 上 大 乌 不错 耳机 本身 质量 堪忧 耳机 音源 耳放 线材 一套 以内 驾驭 不会 成为 明显 瓶颈,1
本人 新手 没玩过 目前 还 没有 实力 玩 个人 觉得 二手 档次 一批 耳放 来看 对付 应该 没 问题 系 感觉 应该 够呛 系 至少 上 二手 千左右 耳放 档次 高级 耳机 音源 更加 挑剔 个人 猜测 说 不 请 大家 批评指正,1
楼主 探索 求真 精神 点赞,1
曾经 有过 好几百 电源线 高音 细 低音 实在 受不了 最后 换回 电饭锅 线 完美,1
楼主 点赞,1
佩服 至今 都 没能 听 出换 电源线 声音 明显 差别 最后 所有 设备 都 换成 统一 享声 电源线 一点 脑放 加成,-1
感谢 分享 听 感线 玩 人 不 还 真 不好 找,-1
电源线 作用   保险丝 大,0
太富,0
上个 放欧 推力 电流 输出 比较 好,1
上 镀银 平衡 线 质变,0
上面 都 说 换线 其实 再 改系 横向 声场 不怎么样 或许 高端 线能 改变 听 习惯   系列 继续 听 系列 耳朵 横向 小 一圈,0
听 过后 再 听 人妻 不能 入耳 薄 声场 小 没 氛围 女声 没 味道 只 觉得 名气 大 声音 不,0
上 平衡 两码事 非常 建议 整根 便宜 双子座 平衡 线,0
金 平面,0
入手 一组 非常 罕见 四只 配对 飞利浦 铁座 声音 绝,0
,0
漫步者,0
银线 组合,0
无疑,0
平衡 單端 好不好 耳放 問題,-1
楼主 莱曼 推 听 单 端口 纵向 声场 明显 横向 声场 稍微 欠缺 还 没 听 平衡 下 目前 感觉 集中精力 欣赏 音乐 暂时 没有 更换 器材 冲动,0
耳机 声场 受 前端 影响 很大 不 平衡 单 端的 问题 同是 单 端口 大 莱曼 推 声场 很 不 横向 窄 声场 比较 立体 后者 横向 拉得 很开 平衡 口和单 端口 耳放 平衡 端 都 会 横向 声场 拉得 大,0
耳机 不能 无脑 上 平衡 耳机 单端 更好 听,1
是从 平衡 改回 单端 特意 收 银盒 前面 黑盒 小金 标 银盒 胃口,0
确实 很 容易 替代 耳机 没有 特色 素质 不是 特别 高 总得 看 价格 初 烧 萌新 想要 体验 一下 大耳 声场 解析 开放式 大耳有 概念 这点 同价位 耳机 无法 替代 电脑 前端 人 推得 七七八八 佩戴 影音 耳机 顶尖 说实话 现在 二手 左右 买 电脑 上 表现 比好 潜力 比足 选 肯定 选择 很多 人 不 解释 二手 没有 预算 没 可选 总 不能 告诉 预算 不配 玩 耳机 高斯 不失为 好 耳机 适合 长期 持有 耳朵 感觉 确实 没有 惊艳 不是 好 耳机 肯定 好 耳机 人 烧 一定 程度 无法 理解 初烧 感受 其实 没什么 听音 经验 初 烧 声音 一头雾水 听感 多变 今天 喜欢 明显 喜欢 没什么 奇怪 好 难 推 钱 一道 关 习惯 动辄 千元 昂贵 器材 老烧 很 难 理解,1
说好听 真的 好听 价格 无关 说 素质 饿 信息量 没 问题 阉割 很多 东西 试图 保留 突出 多数 人 关心 频段 好像 调歪,1
老烧 大神 放下 身段 喷 小 白玩,0
小,0
飞利浦 做 不 起来 最早 大众 熟知 音响 品牌 现在 默默无闻 蹭 蹭 流量 感觉 荷兰 品牌 已经 变成 义乌 品牌,0
,0
目前   正在 使用   性价比 极高 耳机   直 推 听 流行   声音 很 不错   实际上 认为 直 推 流媒体 资源 回放 流行歌曲   听 感要 好 高素质 台式 系统 过强 解析 导致 音源 缺陷 放大 流行歌曲 录音 或多或少 都 存在 缺陷     直 推下   低频 弹性 不及 台式 系统   未 得到 良好 驱动 导致 低频 肥大 却 很 适合 流行 相比 同价位 耳机   解析   定位   音色   都 具有 一定 优势   尤其 解析 力,1
二手 收到 最合适,1
果家 上   不会错 特别 流行 觉得   万元 都,0
金宝,0
插针 买 二手 成品 线 回来 改,0
功放 功率 够 原线 糯 糯 声音 挺 好听,1
同样 考虑 换线 规格 大神,0
楼主 换线,0
澄 感觉不好 听 硬亮 紧 不够 宽松 自然,-1
单晶 银 定做 看上去 不错,1
这是 封闭式,0
有线 使用 不买 有线 版,0
便宜 做法 换 耳机 最快,0
耳放 改变 不了 问题 需要 插件,0
拆 调音 棉,0
去掉 滤音 棉 换线,0
先 便宜 两个 字 去掉,0
湖人,0
楼上 都 说 说 静静地 试试 效果,0
滤音 棉 抽掉 换线,0
说 棉被 小霸王 推 发闷 回去 找 适合 线 再 不行 换 电源线 音染少 墙 插 没 必要 折腾 耳机,-1
建议 换 平衡 线 双子座 两百块 提升 明显,0
换 耳机 再 调整 前段 都 改善 耳机 特性,0
对比 标杆,0
职业,0
這吃飯 貼 水平 真差 這是 想 幫 東家 倒 米 還是 真的 想 宣傳,-1
额   觉得 不像 索尼   头戴 木有 木碗 颜色 木纹 都 区别,0
特别 不 适合 情怀 老烧,0
木碗 颜色 深 一点 比较 好看,1
问题 灾难 会 越来越,0
不能 告,0
好 东西,1
存着 存着 老婆 卖,0
,0
居然 全新 头版 真是 好 东西,1
乖乖   遗物,0
有点 收获 还 有点 很 厉害 收获 决定 看 看 手中 奥产 梅花 决定 这支 耳机 多年 后 已经 逝世 交给 妻子 希望 妻子 未来 一天 整理 房间 发现 出 未来 一人 重要 某一人 还要 感谢 妻子 愿意 耳机 出,1
看得出来 头版,0
没 可能 新 新版 上 十五年 今天 头版 流畅 自然,0
传奇 经历,0
推 平板,0
真丑,0
柏谱 很 实力 厂家,0
柏谱 耳机 非常 冷门 网上 都 找 不到 测评,0
耳机 好像 买不到,1
自贴 上 图 三天 已过 现在 终于 蹲 大佬 评测,0
恐怖 斯,0
放远点 没事,0
确实 电脑主机 太近 接 电脑主机 有线 稳,0
无线 换个 频段 试试 手动 设置,0
噪音 具体表现,-1
放毒 成功,1
旁边 尽然 大疆,0
速度 上 听感,0
一看 知道 很 败家 样子,0
头梁 海绵 老化,0
大疆点 赞,1
楼主 一下 米入 淘宝 很多 标价 实际 成交价 差太多 多谢,-1
只 看到 相机 角落里 相机,0
好像 凯尔 秘密 原声,1
旷世 双 推 效果 差得远,-1
楼主 厂家 宣传 挺 卖力 久 不久 买 一台,0
旷世 系列 苹果 东西 真的 非常 搭,0
现在 去 哪里找 淳朴,0
更 喜欢 其实 不知 讨论 音响 已经 变成 独立 音响 单独 兴趣 讨论 音响 兴趣 有时 真的 乌烟瘴气 网络 暴力 耳机 大家 坛 好 很多,1
明显 骗 积分 水贴,-1
帮顶 坐等 太子,1
大奥 二代 搭配 马兰士 实乃 明智之举,0
图 哥们 是不是 哭,-1
数字 同轴 单芯带 屏蔽 层 特征 阻抗 就算 加 阻抗匹配 电阻 不是 在线 里 接收端 模拟 线则 两根 信号线 芯 信号线 地线 都 线 芯 不是 屏蔽 层 做 地线 屏蔽 不是 必备 短距离 传输 情况 下 模拟 线,0
不是 说 都 推得 很 残 买 干嘛,0
淘宝 上 有点 名气 耳机 店 都 踏实 买 直接 搜 音频线 的确 出厂 机线 没有 线,0
闲鱼 上 看 上 德国 线,0
线 最好 买 合格 厂线 手 搓 别碰 大家 普遍 评价 好 几十块 钱,1
准备 入闲鱼 上   蓝 水线 一米 呵呵,-1
蓝水 哪来 买 一米 成品 线 线基 一米,0
谷津 天乐 线 非常 不错 反正 听不出 好坏 不要 买 太 便宜 好 心里 有点 安慰,1
略 大了些,0
都 买来 听下 清楚 说 没用,-1
我用 听 不怎么 满意,0
曾经 展会 听过 耳朵 瞅 瞅 价格 告辞,0
感觉 容易 刺,0
口味 有点 太重 建议 樱花 碗,0
高频 量 不 高频 失真 会 刺耳 当时 搭配 官配 时钟 已经 不太 记得 记得 高频 失真 刺耳,-1
单端 觉得 刺 建议 直接 插 手机 说 声场 不大 说 大 场面 不行 确实 存在 问题 高频 刺 真心 没 遇到,0
开启 功放 玩 耳机 这条 路 意味 舍弃 绝大多数 耳机 老叶 那台 有点 贵 阻抗 适配器 据说 搭配 好 大多数 动圈 耳机 加入 合适 箱子 主力 算是 提供 一种 选择 以后 平板 箱子 组合,1
音箱 系统 想 实在 不是 便宜 东西 个人 认为 最起码 要来 机配 前级 再 后级 箱子 再 加上 几万 线材 更 别提 避震 电 声学 乱 八七 糟 讲究 老,0
看着 不错 只不过 已经 买   感觉 灵活性 更 强些 塞子 不用 上 不能 单独,1
身板 推好 系列 确实 不错,1
看 第一张 图想 说 丑 看到 第三张 必须 说 真 不 丑 好看,1
机会 试听 好,1
适合 懒人,0
机会 试试看 起来 还,0
以前 还 很 种草 说,1
用升频 全都 放,0
现在 二手 不贵,0
预出 美国 专业 机 解码     低频 动态 都 很 好 不能 解码 有意 联系,1
里面 本来 偏向 小巧 好玩 外 定位 比较   主力 系列 高端 点 系 喜欢 声音 看看 这种,1
感谢 分享 赞,1
楼主 说 都 没听说过 淘宝 上 都 找 不到,0
买 准备 功放 推 试试,0
单 端的 运放耳放 觉得 很 好 二手 刀 左右,1
其实 很多 一体机 耳机 口 已经 很 好,1
手头 配合起来 试试 过段时间 看能 不能 弄个 试试 东西 现在 有点 贵老 快 赶上,0
看 一下 测 出来 感觉 翻版 差 便宜 玩 耳机 以来 第一个 想 买 总要 试试,-1
小不点 再生 电站,0
一波 更新,0
搞搞 搞 莫 怂 倒,0
还 以为 楼主 遇见 说 困难 正想 下 看 楼主 解决 特 广告 去,0
大意 没有 闪 看到 帖子 进来 很快,0
原线 改 平衡 楼主 试 直接 直 推 提升 明显 不,0
红黑配 看起来 挺不错,1
忠实 用户 顶 老 有点 爱 好不容易,1
搞个 高登 蓝宝石 砍 砍 基本 都 卖,0
铁三去 搭 力士 很 好 咸鱼 看看 味道 很 对味,1
这机 不好 听买个 界面,-1
玩过 几个 月配 老虎 鱼线 电和线 圣 碳素 线,0
天仙配   线,0
用过 入门级 威宝 不错 均衡 上 一级 音神 素质 密度 线条 更好 宽松 自然 天仙配 这条 网评 音乐味 不错 没用过,-1
打印机 线,0
反正 以后 升级 用别 费钱 自带 隔离,0
晕 以为 通知 后发 私信 怪不得 没动静,0
爆音 暴死,0
爆音 暴死,0
楼主 喜欢 艾诗 调音 再添 点儿 收台 二手 好像 三千多,1
间断性 爆音,0
看着 眼馋,0
打扰 价才 一半,-1
手电 屏幕 发现 显示屏 边上 有个 红外 接收 头样 东西 也许 以后 会 遥控器,0
解码 样子 不错 一体机 按钮 设计 有点 反 人类,1
毛绒 一定 厚度 透气性 会 不会 影响 皮质 耳罩 反射 特点,0
耳机 穿 袜子,0
不错 中间 最好 剪个 洞 耳朵 位置 露出,1
防 掉皮 不 防 塌陷,0
想起 小学 上 机房 戴 鞋套,0
太 谦虚 怎么着 不能 算,0
太富,0
好奇 会有 底噪 声音 会 不会 推,1
请问 变压器 牛叫   轻微,1
毒龙   差不多 时代 加入 本论坛,-1
最 奇怪的是 毒龙 好像 从未 出过 分频 方法,1
貌似 第一个 投年,0
应该 第一个 投年,0
统计 比较 容易 歪 论坛 老人 一定 会 投票 当季 新人 未必 全都 理,0
大号 年 撸 全面 入坑 差不多 年 事,-1
,0
年入 坑,0
投票 现在 上 少 以前 天天 捧 手机 看 论坛,0
说 年 有人 相信,0
为啥 都 讨论 电脑 回去 笔记本 割 一刀 超频 外频 乘以 倍频,0
此贴 最大 功能 了解 至少 三五天 一次 老人 还 剩,0
毛毛 毛毛,0
代   价位 性价比 无敌,0
解码 买 新 不 买 旧 解码 除外,0
买个 新 不行 二手 问题 都 没得 地方 处理 建议 试听 试听 一圈,0
买过 哥哥 流行 人声 叫板 实力 无奈 重量 不轻久 戴累 后 出,-1
听说 换 宙斯 耳罩 会 好 很多,1
不好 推 不 讲武 德,-1
拆开 看看 严重 怀疑 男人家 想 办法 处理 库存 可能 以前 高端 型号 老 单元,0
乐器 廉价 先看 下 前端 够不够,0
卖多 真 旗舰 不到 之后 变成 塑料 味 真 奇怪,0
电路 转换,0
之间 我会 毫不犹豫 选,0
都 选 为啥 只能 二选 听 小 编制 听大 编制 多好,1
其实 挺 难 推 毕竟 欧,0
现在 觉着 手里 差不离 级别 三个 耳机 万号 二代 黑色 版 除掉 首选 大声 场 觉着 没 优势 可能 没 搞好 可能 会 稍微 犹豫 一下 只留 一只 耳机 全出 掉 可能 留 随便 留个 二奶 机 基本上 不会 出掉 都 应该 会出 掉 花 很多 时间 选线 现在 很 满意 声场 控制力 欧姆 外 觉着 都 胜出 现在 耳机 卖 不了 几个 钱 都 留,-1
不行,0
,0
推低 阻 耳机 没什么 压力 非要 一体机 没有 专门 耳放 线路 一体机 去 推 难搞 耳机 思路 本身 不 正确,0
同意 楼上 观点,0
同想 了解,0
一年 都 没见 人 出过 二手 可惜 现在   当年 三 小强   现在 没什么 热门 机器 声音 很 好,1
声音 好,1
推荐 氛围 感 特强 建议 二手 收 解码 耳放 差不多 一千左右 推 七七八八 偶尔 听听 交响 古典 感受一下 森海 特色 值,-1
首推,0
都 不 推荐,0
经典 长盛不衰,0
耳放,0
解码 乱码 耳放脑 放 器材 升级 更新换代 音乐 始终 音乐 改变 不是 声音 人,0
真特 水,0
尚 饭否,0
不算 玄学 耳机 调音 垫 好像 粘 耳罩 内 反正 买来 后试 都 没试,1
音乐 农夫 地盒 算,0
舒曼 波 玩 确实 低频 改善 听 出来 价格,0
地盒 垫 现在 全 扔 现在 架 皇 架子 加上 德国 避震 钉 垫,0
脚钉 隐约 感觉 有用,0
量子 贴 东西 段时间 挺火,0
都 正义 人士 嗤之以鼻 坑 货货谈 作 甚,0
音染 一种,-1
国产 歌德 耳罩 做 过点 研究 结论 大体 国产 不行 以后 时间 专门 开贴 讲讲,0
听 以后 听 人声 不用,0
觉得 人声,0
草 医群 里 群内 说,0
直 推 看 前端 才 好 耳机 型号 不是,1
巨大 影响,0
没太大 影响,0
弄 破,0
耳机 算 完蛋,0
影响 很大   不是 滤网 调音 阻尼 材料,0
更 影响 脑放,0
听 最好 听 直 推是 欧,1
个人感觉 电脑 直 推比 上台 更 味道,0
感觉 封闭 乌上 天鹰座 这种 级别 一体机 没 必要 再 往上走,-1
看起来 不是 菜 主听 年轻 流行 女声 低频 没有 中 高频 必须 强,-1
用户名 真是 多变,0
买买 买 买,0
基本 同意 楼主 说 大胆 点 以下 几个 对手 说 没 低频 换线 接 平衡 口 试试 低频 低频 层次感 原线 拉 跨且 需要 推力,0
顺便 问 下楼 主用 都 原线 没用 平衡 线,-1
现在 新品 好像 都 改回 双面 磁铁 新出 好像 磁铁 瘦身 降低 磁通量 改回 对称 结构,1
楼主 真实 听感 很 参考 意义 我入   挺 喜欢 夹头 感觉 一点 不 漏音 素质 很 不错 声场 纵深感 差些 极致 耳机 不 晓得 声音 走向 差异,-1
好 耳机 记得 第一次 用暮光 城里 森林 一段 试音 没想 流泪,1
现在 价格 很 值得 入,1
支持,1
恭喜 楼主,1
楼主 最后 买,0
声音,0
换线 换机   不信,0
不 信,0
请问 推听 流行 耳放好 一体 独立 都行 目前 推 感觉 不够 力气,1
手持 将信将疑,0
真 男人 全家 线 都 智商 税好,1
原线 真的,0
楼主 升级 还 搞个 原线 都 不会 走心,0
楼主 老说 金属 味 不 需要,0
听说 线 真的 不怎么样 暂时 没钱换 铁定 换,0
高登 隐私 一代,0
楼主 连接 解码 同轴 接口 听感,0
入烧 退烧 看来 做 不少 功课 配置 选 不错,-1
起步 很 高,0
最近 想 买 转盘 毕竟 数播 解码 耳放 一体机 转盘 浪费,0
都 上 价位 何必 纠结 一两千 价格 直接 上 全新 省心,0
建议 直接 买 全新 安润 慕音 试听 两家 都,0
倒 总 感觉 右边 人声 大 背景 乐器 两边 一致 这种 情况 可能 耳朵 偏音 毕竟 人 左右 耳朵 不是 完全 构造,0
正常 不同 地区 录音 真 未必 都 歌偏 左边 偏右,0
各种各样 情况 录制 本身 录得 偏 后期 无意 故意 调偏 耳机 偏音 耳朵 偏音,0
直录 干声 嘴 贴着 话筒 录 都 入脑 魔音 所谓 距离感 方向 都 后期 混出来,0
各有 强称 不 上吊 二者 都 不是 听 感型 个人感觉 调音 都 不是 很 好听 素质 还 强 声场 规模 强 低频 质感,1
耳机 都 各取所需 看好 来说 易 推 低频 少 通透 度 不错 佩戴 舒适 都 加 分项 最 主要 便宜 起来 很 暴力 不 心疼 希望 未来 敢于 叫板 飞利浦 耳机 出现 跳水 到底 之前 不要 停产,-1
买 就算 全新 都 不 知道 库存 买 不好 贵 声音 走向 基本上 单元 素质 更高品 控 更好 外壳 用料 高级 不可 折叠,-1
钢琴漆 版 金刚石 振膜 还要,0
更 难听,-1
毒,1
好图   赞,1
照片 很赞,1
号,0
耳罩 圆 不 应该 椭圆,0
漂亮 恭喜 入 新 玩具,1
恭喜 不得不 说 确实 漂亮,1
楼主 推,0
后期 细节 都 好 说明 后期 多么 渣 渣,1
透明度 超过 个人 认为 不换线 结构 少 一对 接插件 提升 透明度 帮助,0
原厂 耳罩,0
只 号 成色 喔,0
卫生纸 好评 右边 没有 差评,-1
百老汇 推,0
,0
学习 学习,0
极致 乐器 高音 特色 独 一份,0
说 实在 还 要求 真的 再 上 价位,0
森海 质量 还 出 问题 好多年 之后 老化,1
德行 包装 好像 不 封口,1
入手 三年 还 涨价,0
国行 贵 年 买 国行 出头 价差 建议 德行,-1
疫情 产能 下降 不少 耳机 成交价 都 涨 美行 更贵,0
一条 解决问题 再 上条 电源线 试试,0
再 加个 避震,0
放在 电脑 机箱 上能 好 到哪去 楼主 金耳朵 搞个 机架,1
楼主 已经 玩坏,0
放 桌上,0
算是 很 讲究,0
楼主 纯笛 耳放 推 纯笛 性价比 很 高 不 觉得 短板,0
不 知道 楼主 平板 耳机,0
不 知道 楼主 平板 耳机,0
乱说   误导,0
莫名其妙,0
说 不错,1
贫穷 限制 想象力,0
静电 压根 不重,0
周边 搭配 搞好 静电 低音 很 好,1
平衡 下 平板 低频 映像 深刻 很 真实,0
长期 虎豹,0
声音 都 还 不错 入耳 直接 还 没想 过去 换 播放器,1
非常 好用,1
网易 云 这类 流媒体 换到 会 直 推到 上台 错觉,0
论坛 流行语 模拟 味,0
完 立刻 会员 退 省钱,-1
,0
耳朵 远点 最终 听音 音量 没关系,0
,0
,0
下潜 对比 扫频 听 哪种 乐器,0
推会 有底 噪,0
诚如 楼主 所说 便宜 情况 下 机器 尴尬,0
帮 顶一下,1
拜亚 好像 发表 新机种 貌似 后续,1
看 楼主 说 没有 好 解毒 完毕,1
听过 二代 很 不错   比较 失望 拜亚 封闭式 耳机 都 不怎么样 希望 这次 给力,1
请问 博主 看到 很多 说 拜亚 直 推不差 看到 人 推荐 直 推选 德国 大师 直 推 德国 大师 情况 下 听 古典 乐 更好,-1
东西 买,0
氧化 到底 十几年 提升 十几年 衰减,0
大佬 套上 绝缘 管做 录线 是否 可行,0
熊猫 币 现在 加上 工钱 做 保险丝 成本 起码,0
线 看样子 小 太阳神 蝉,0
原 耳罩 觉得 挺舒服,1
还 纠结 不要 买 可能 买 不 听,0
想 搞 耳罩 不 知道 效果,0
厉害,1
听说 同轴 好 很多 蓝宝石 珍珠 西装 真想 试试,1
厉害 到时候 手里 对比 下,1
预定 走,0
电路 希局 规整,0
厉害 帮顶,1
达到 套装 水平 很 不错 毕竟 很多 体积 控制 很 重要,1
输出 品质 数据,1
礼貌性 顶一下,1
有没有 隔离 功能,0
啥时候 开卖,0
期待已久,1
一堆,0
为主,0
已有     只 听 交响 性价比 极高,0
据说 大牛 好,1
用过 版 说实话 这台 声音 比较 粗,0
关注,0
非常 好   东西 没有 人 黑,1
只 听 基本 没有 提升 人 认为   力 大声 粗 听 几年 感觉 美国 产品 主观 意识 接 意外 惊喜,1
二者 都 玩 普通 版力 大声 粗,0
同意 听音 观是 新 玩具 带 跑 从来 没 稳定,0
随便 听听 音乐 没 必要 不是 写 枪文 赚钱 养家 搞 专业 干嘛,-1
听 好 系统 搞清楚 喜欢 声音 再 慢慢 调教 系统,1
同感   人买 耳机 听 耳朵 说 辣鸡 出 掉 顺便 还 出来 分享 听感   那种 一点 参考性 没有,-1
支持 真实 听感 很 参考价值,1
灰常 感谢 希望 多些 人 写点 东西,0
用户 顶   不错   谢谢,1
顶 贴 待续,1
干嘛 旧 出 偶 说真的 愚人节 不 都 假话,-1
愁 箱子 升级 前端,0
两个 都 钱 应该,0
上 搜到 价格 实际 应该 再 便宜 些,0
版本 从千到 万多一点   万左右,0
口水 欣赏,0
不错 好,1
购买 心理 分析 李菊福 主楼 图上 耳机,0
纯 光纤 混合 光纤,0
初 心 平板 基本 属于 纯 没有 调音 纯靠 单元 声音 金 平面 算是 牌子 货,0
打赢 拜亚,0
线 通用,0
换个 耳罩 人声 勉强 听 古典 价位 大厂 小厂 都 找不出 整体 超过 完全 不是 价位 表现,1
这位 仁兄 单面 磁路 版 机会 再 试试看 双面 磁路 版 看看 音质,0
比较 赞同,1
听 王菲 距离感,0
距离感 直接 说用 听 好,1
距离感 不 应该 取决于 录音 耳机 回放,0
耳机 系统 调节 距离感 唱片 演奏家 不是 异曲同工,0
大家 疯狂 上 论坛 听 女声 听 质感 后来 买 吉他 听 现场 现在 出歌 了解 流行音乐 创作 过程 制作 流程 每个 流程 中 影响 因素 已 很 遥远 事情 认真 喜欢 音乐 听 听点,1
听 流行 门槛 看 下楼 主 描述 讲真 目前 门 都 没 找到,0
用心 好文 支持,1
正好 玩 几个 最早 头戴式 毕竟 小小的 便携 耳机 台式 肯定,1
吹 耳机 喷 耳机 贴 热度 会高,0
父母 现在 看 看 傻子 感觉 似乎 抵触情绪 时 仔细 想 想 发现 情绪 全是 父母 带给,0
下 不了,0
基本 都 听 以为 听 出 花来,0
照实 申报 交税,0
一天 上海海关,0
需要 推力   大,0
一般般 大 几千 一万多 系统 拉 不开 明显 差距 暴打 特别 没 搞懂 耳机 为啥 火并 没 觉得 好听 私 以为 都 更好 听,-1
用户 帮顶 相当 好听 优美 放松 在我心中 不能 撼动 正房 地位,1
耳机 早晚 跌 字头,0
根本 推不动,0
是不是 老 振膜 难 推 潜力 大,0
家 几款 只 看 外观 都 差不多,-1
没有 听过 感觉 好 推 高素质 听感 好 杂食 难能可贵 古典 非常 好,1
声音 耐听 不错 左右 直接 上 台机 到位 无敌 全新,1
前级 接后级 功放 有源音箱,0
太有 必有,0
完全 没 必要,-1
楼主 说 爱丽丝 小 木碗 应该 实 级别 上台 提升 很 明显 手持 直 插 手机 感觉 驱动 不 充分 声音 发虚 接超 线性 饱满,0
试试 知道 爱丽丝 直 推 上台 分离 度 都 很 不,0
闲钱 就整,0
系列 必须,0
前面 觉得 说 还 不错 后面 量子 水晶 出来 玩意,1
不 解释 费事 说 做广告,1
听 太 激动 语无伦次,0
哈哈哈 哈哈哈   两个 东西   感觉 两个 画风   没 提到 西装 都 没 意识 牌子 产品,1
怕 别人 说 做广告 东西 花钱买 广告 一点 关系 都 没有,0
我刚 淘宝网 上 搜 量子 水晶 还好 搜 不到 不是 广告 说 说 量子 水晶 带到 电影院 去 音效 拳拳 肉 电影 画质 大幅 改变 上次 广州 东方宾馆 音响 展时 量子 水晶 出来 高档 音响 立体感 结像 大幅提高 工作人员 觉得 变化 大 现在,1
参加 试听 活动 帖子 参加 活动 试听 贴 觉得 好听 马上 买 升级 线 量子 水晶 确实 刚才 听得 好听 语 次 提 一下,1
理解 量子 水晶 应该 帮助 楼主 打开 脑放 神秘 器物,0
请问 楼主 量子 水晶 钱 脖子 上 戴 上 量子 水晶 原道 一站,0
对比 多套 系统 还 严格 控制变量 太 辛苦 感谢 楼主 分享,0
格雷 号称 能不输 十几万 解码 输给,0
不 知道 更 适合 前端,0
白 金星 提升 低频 银线 偏 高频 少 低频 共识,0
期待 有人 搞 沐声 声韵 测评 加上 终结者 梅,0
还 耳机 来测 解码 第一次 看见 测,0
便携 上 再 搭配 推能 水准 推 实在 好 可惜 不能 便携,1
两 根本 补 风格 听 音乐 为主,0
选,0
都 买,0
买 非常 难搞,0
两个 都 买 买 不 纠结,0
现在 更 倾向,0
买 当手 办,0
好,1
必须 三修,0
,0
楼主 需主 最好 找,1
三修 听到 品牌 最 真实 声音,0
出掉 双休 两个   干,0
两个 听 一下 马上 选出 完全 不,0
只能 听见 听 完 再 感觉 下,0
手艺 不错,1
最新 固件 找 不到,0
更新 方式 可真强,1
难道 不让 下载 最新 固件,0
远离 自然 做 越 错 越,0
升频 试过 没 最新 坛 内 大神 版升频 至少 以上 滤波 试过 知道 升频 厉害 之处,-1
没法用 设置 味精 不 加 没 必要 软件,-1
请 适当 调整 一下 脑放,0
坛 内 大神 分享   版 输出 文件 意味着 不 受 计算机 性能 限制 播放 听 下来 没 感觉 劣化 倒 不至于 玩 无可 玩 折腾 下,-1
最近 尝试 下载 歌曲 用转 输出 三宝 界面 再 输出 矩声 版本 实测 声音 解析 提高 很多 线用 机线 声音 摊薄 擀面杖 一块 蛋糕 撵 成 饼 随即 意识 直达 芯片 通道 必须 高质量 通道 完成 升频 算法 转码 成 比特流 直接 喂给 很 好 事情 事实上 运载 比特流 通道 必须 非常 通畅 买 一根 高登尚 纯银 线 线和线 都 纯银 数据流 传送 纯银 最好 换线 后 声音 太棒了 全面 超越 同一个 系统 上 声音 解析 高 宽松 凝聚 厚重 其实 理论 来说 更加 接近 音源 本来 面目 配置 太低 合理 解码 工作 方式 升频 滤波 工作 交给 芯片 处理 其实 会 带来 很大 失真 听感 不好 现在 利用 直达 体外 电脑 完成 那比 芯片 要强 太多 说 转 绝对 比较 廉价 方案,-1
先 搞 大件 大件 稳定 再 搞 周边 现在 搞好 这套 周边 换 大件 不 合适 折腾,-1
大件 上去 后 垫材 肯定 会闲 鱼见,0
没有 音响 机架 建议 先 投资 音响 机架 放好 再 垫 不要 叠 器材,1
买 象棋,0
觉得 明显   值得 升级   听不出来 区别   音箱 加 脚钉 都 没 听 出来 区别,1
别买 先 大件,0
其实 相对 大件 价格 不贵哈,0
垫放 机器 中间 拿大顶,1
没 原因 排除 下线 接口 软件 冲突 正常 年 没 问题 正常 更新,0
驱动 没上 号 纯净 卸载 以后 再 实在 不行 安全 模式 下 卸载 再 之前 碰到 锁不住 频率 只能 锁   锁不住 完全 卸载 以后 重新 驱动 好 驱动 不太 兼容 去 百度 找 卸载 软件,1
不刷 最新 没 问题 没有 爆音,0
进 安全 模式 腾讯 管家 强力 卸载,1
楼主 接 口 口 接 没 问题 接 口 兼容性 不行 会 出现 不定期 蓝屏 没 办法 避免 爆音 倒 没 遇到,0
好 图话 说 副 金属 框选,1
楼主 不能 介绍 下 胆机 选家 理由 别家 胆机 对比,0
蓝色 好 突兀,1
请教 一下   装在 效果,0
这套 适合 推 以前 见 推,0
先 开机 再 插 先拔 再 关机,0
开机 脉冲 爆音 可能 冲坏 耳机 尤其 静电 耳机 应该 明确 说明书 建议 先 开机 再 插 耳机,0
耳机 保护 耳放 无所谓 听 完 耳机 不 拔 减少 损坏 没有 耳机 保护 线路 耳放 最好 通电 后 再 插 拔掉 后 再 关机 避免 耳 放开 关机 耳机 冲击,1
讲究 都 插 上 基本 不拨 下来 换个 耳机 听,0
同问 每次 挺 完 非得 耳机 拔出来,0
从来不 拔 最 声音 调到 再 关机,0
建议 保持 先开 放大器 再 插 耳机 听 完后 先 收起 耳机 再 关闭 放大器 习惯 不要 放大器 长时间 空载 建议 每次 听 完收 好 耳机 下次 听 再 重新 拿出,1
奥 莱尔 不香 播放   解码   输出 一机 都 搞定,0
正 有意 搞 一对 绿 精灵 信号线,0
学习,0
直接 连接 更好,1
解码 内置 界面 非常 强大,1
网线 双工 没有 方向,0
网线 很多 都 带 方向 古河 觉得 应该 是从 源 指向 目的 不同 方向 声音 确实 不同,0
韭菜 做 韭菜 觉悟 没用 设备 太差 赶紧 升级 系统 还 没用 继续 砸 钱 升级 等到 一套 系统 百万 老骚 发言权 有没有 都 无所谓 反正 有钱 说 都,-1
网线 哪有什么 方向 方便 锤子,0
单端 推不比差   没有 存在 意义,-1
记得 好多年 前 卖 一套 带 变压器 才 块,1
价格 快超,0
觉得 声音 柔顺 度 上 做 很 厉害 气势 动态 透明度 都 比较,1
好 东西 终究会 发光 西装 调音 很 完美 细腻 温润 女声 剧毒 素质 不差 年前 这套 东西 价格 算 偏 高 现在 器材 价格 都 上来 西装 不算 贵,-1
声音 细腻 比较 沉重 稍微 有点 暗,0
难挺 独特 换 耳机 风格 差异 太大 未必 喜欢,-1
入门 建议 先 搞 副牌 去 整 玩玩 价位 牛 逼   独家 秘方 调音 很 有意思 都 说 玄学 避震 齐家 还 做到 位置 机子 当年 据说 十几年 前 东西 有点 含金量,1
机有 很多 每个 机 风格 都 差别 挺大 买个 一步到位 找 喜欢 风格 动态 大 淋漓尽致 看看 美国 机 还 想 细腻 点 看看 加拿大 喜欢 温润 看看 柔美 华丽 看看 意大利 大气 后 闰 看看 德国 机,-1
耳机 毫无 以为 耳放 奔 一档 前面 音源 觉得 搞 比较 好,1
档次 差别   两个 对比 一下   体会 糊 散,-1
目前 喉宝 老叶 动圈 耳放越 听 越 好听,1
老版 人品 不行 东西 一般般,0
家 原创 产品 没用过 用过 家 仿 耳放 声音 蛮 超值 原创 不好 说,-1
他家 两款 解码 都 买 音乐味 比较 好 几年 上架 各家 口碑 好 万元 以下 解码 基本 都 买 试听 目前,1
他家 修过 一次 二手 耳放 服务 还 修 还 延保,0
我用 听风 推,0
确实 很 魔性,0
中频 太干 确实 没 办法,0
古典 调音 流行 不行,0
曾经 最爱 平头 塞 现在 不 听 塞子,0
最爱,0
,0
其实 金 画眉 体积 还好 占地面积 寸 笔记本电脑 样子,1
,0
终于 有人 说 实话 搞不定 估计 后期 版,0
金波 颜值,1
小 体积 选   三代   好 推   方便,1
最好 丢 丢 似乎 体积 超标,1
原线 改 平衡,0
直接 买个 自带 互相 插,0
其实 原线 很 味道 换 平衡 声音 全部 放大 不 耐 听,-1
现在 性价比 爆棚 耐 艹 适应 广好 推,1
再 买个 歌德 搭配 互补 平衡 线 原线 买个 头子 改下元 双子座 很 便宜 元,0
便宜 便携 封闭 风格 不同,0
内部 挺 好看 品牌 一贯 走 平价 好声 路线 不是 那种 很 虚价 东东,1
晚发 几天 已经 买 挺 兴趣,0
牛,1
差点 掉 裤子,-1
不 正常,0
天龙 有时候 不能 读取 就算 读取 放 几分钟 自动 停止 不 知道 怎么回事,0
试下歌 诗德 七天 无 理由,0
序曲,0
双木三林歌 诗德,0
香榭丽舍,0
谢谢 大家 意见 节买 新 玩具 去,0
音源 最好 不要 国产,1
我用 推 都 很 不错 出,1
试试  ,0
听 好几个 一体机 最 满意 供参考,1
,0
直接 买 创新 声卡 就行了 耳机 输出,0
钩 直 饵 咸,0
当初 想 整个 据说 耳机 口 没有 强 后来 转入 八九成 解码 外加 强大 推力,1
得用 放 推 机器 推 不 起来 气势 上 不 去,0
其实 不是 木耳 区别 反复 上 做 测试 听 出 区别 区别 越 听 越 大 恭喜 入门,1
要求 太低,0
磨 电容 效果 估计 更 明显 整机 电路 配不上 更好 管子 换 无济于事 晶体管 机器 换运放 效果 大于 换 电容 胆机 个人感觉 换 电容 效果 大于 换 管子 原机 用料 本来 足够 扎实 换 管子 会 脱胎换骨 具体 玩法 不要 再绿坛 问 大多 都 单纯 玩 器材 能力 太弱 建议 去 家电论坛 胆艺轩 去 发问 玩 胆机 高手,1
大炮 蚊子,0
耳放 调音 很 白开水,0
佩服 金耳朵,0
佩服 金耳朵,0
到处 都 卖 交换机,0
连接 是否 避免 网线 交换机 带来 干扰,-1
看来 电信 光猫 危险 成为 下 改造 对象,0
本地播放 交换机 关系,0
最后 几张 不是 无源 个人 建议 远离 网上 不 熟悉 货真要 买个 便宜 前级 觉得 歌诗德 价位 算是 很 不错,1
黑神 电源线 给力,0
顶顶 好 活动,1
看起来 不错 求 蹭 听,1
太贵 买不起 低 一档 展机 听,-1
谢谢 大家 支持,1
好 活动,1
朋友 明天 见,0
看来 国内 精音 出新 产品,0
精音 噢 耶,0
请问 楼主 买,0
恭喜     代 很 好听,1
二代 经典,0
进步 不 一定 体现 成本 进步 可能 根本 听不出来 都 二十年 前 事情,0
现在 推好 要求 变高,1
同意 楼上 水涨船高 器材 水平 一起 提升 后 烧油 口味 叼,0
推上 天 没 必要 搞 浮夸,-1
莱曼 这种 货 现在 二手 掉价 原来 价位 现在 一堆 牛 逼 国货 站住 脚跟,1
觉得 档 一体机 上 平衡 基本 都 推好,1
商业 操作 抵消 大部分 技术 进步,0
玩意 听 都 没听说过 买个 冷门,0
声美 喜欢 跑 国外 去 发文 转 内销 之前 买 平淡无奇 不算 坑 后来 便宜 处理,1
朋友 安利 过声 美 耳塞 觉得 声音 品味 挺 好,1
总是 敢于 说实话 人,0
不是 刚入 坑 随便 发 评论 好 坏 大耳 耳塞 都 听 不少 说 前端 耳放 耳机 前段 不 敏感 最起码 手上 小尾巴 台放 都 差别 不 大,-1
沙发 学习 中,0
学习 据说 采用 还 不是 技术 一下子 出 三个 不同 技术 大耳 厉害,1
钱包 燃烧,0
关键 电源 电源风扇 尽量 静音,0
楼主 用心良苦 顶贴 示敬,1
太 折腾 准备 试试 数播 省心 很多,-1
思路 基本上 太 深入 不想 说 只 谈 一下 电源 其实 电源 开关 线性 不是 重点 说白了 价格 才 开关 电 无论是 调音 素质 算是 合适 电源 十几 瓦 功率 四百块 价格 整台 供电 算 一下 付出 代价 几百块 几十 瓦 线 电 听个 响 好,1
傻白甜 还够用 森海塞尔 总部 参观者 展示 阿波罗 卡莉 欧碧之子 奥菲斯 笔记本 耳机 接口,0
苹果 音频 输出 参考 标准 不 代表 最好 所有 音源 苹果 模拟输出 还 玩个 屁,1
只选 不 选贵,0
羡慕,1
挂 好久 出,1
出掉 咸鱼 通常 应该 收到,0
核心 平衡 前 级 功能 耳放 不差 相对来说 次要 功能 自带 线电 增益 切换 连接 功能,-1
现在 来看 应该 落后 产品,0
当初 考虑 有人 反映 推出 声音 太 刺激 入 新派,0
千不 嫌少 万 不 嫌多,0
原来 升级 塞子 榭 兰图 一档 比较 明显 声音 提升 自行 类比,0
定睛 看 看 发帖 日期 喜欢 动铁 味道 去 耳机 店 随便 试 喜欢 动圈 我会 推荐 亦乐,1
现在 唯一 耳塞 挺 满意 太 二次元,0
芯片 可编程 逻辑 芯片 编程 才 核心 芯片 同款 没有 半 毛钱 关系 运放 解码 芯片 非 编程 类 一点 参考价值 原 搬 照抄 别人 程序 莫不是 软文,1
楼上 说 先得 了解 水平 不行 还 大厂 成品 当然 小作坊 喜欢 搞 噱头 很多 小白 忽悠 认为 黑 科技,1
物理 耳机 一堆 一堆 喇叭,0
看家 潘多拉 都,0
闲鱼 四 单元 耳机,0
同轴 耳机   高低音 两个 单元 同轴,0
至少 必须 单元 同轴 摆放   声场 结像 垃圾   就算 同轴 摆放 不 容易 搞好,-1
耳塞 单单 元 好听 分频器 存在 多个 香炉 多个 鬼,1
早有 达摩 潘多拉 松下 其实 以前 老 耳机 里面 单元 反而 不少,0
买过 新版   感觉 新版 观感 好 一点,1
刚 出,0
两千 吓死人,0
前级 管换 飞利浦 后级 管换 老桂光 超过 一根 管子 折腾 毕竟 档次,-1
转 转接头 道理 单端 转 平衡 耳放 平衡 口共地,0
不能,0
实测 何庆华 不会 烧机 听感 介于 单端 平衡 之间 增大 推力 作用 不 推荐 真想 玩线 换个 耳机,0
平衡 转单 端 单端 转 平衡 不行 实测 单端 转 平衡 声场 定位 不 准确,0
新手 必买 老手 必出 神奇 品牌,0
,0
感念 尽可能 最小 失真 不是 玩儿 电 措施 失真 降到 最低 玩儿 措施 才 玩儿,-1
先 搞 音源 电 最后 再 搞,0
坐等 发电厂,0
电源 真心 重要 建议 前端 足够 熟悉 不换 器材 情况 下 还 想 继续 改善 效果 再 去 搞 电源 一般来说 慢慢 烧 电源 应该 最后 一步,0
简单 点 部分 解码 耳放 部分 独立 插排 即可 再生 电源 音响 部分 内部 干扰 太 大 彻底 软硬件 两 方面 彻底 优化 品质 再 好 电流 浪费,-1
万块 钱 预算 块钱 预算 都 会 花用 电源 音源 上 更,0
电源 处理 最 核心 不是 电源线 再生 电源 隔离 牛 不起眼 空开 配电箱 专线 墙 插 只不过 区别 在于 前面 东西 价格 高 利润 空间 大 后面 几样 价格低 利润 空间 小 有意无意 会 避 不 提,1
看 系统 短板 确定 优先级   不是 说 电源 不 重要 很多 不 值得   当年 换过 条 电源线   提升   后来 觉得 很傻   完全 买 更好 一体机   万元 分体 系统 肯定 需要 换个 好点,1
日经 不是 说 玩 电 玩 再生 电源 不是 说 电 处理 都 正面 效果 先 听听 你家 半夜 两点 以后 声音 晚上 点 提升 考虑 问题 没 区别 换个 好点 墙 插 直接 入墙 足够,1
芯片 论来 回 看 年 国内 厂家 赛 跑的快 新 却 没 做出 一件 能够 年 后 还 认可 产品,0
国产 解码器 着重 考虑 上市 当年 人 记住 明年 换 新款,0
买 国产 解码 买手机 年 想 换,0
听过 对比 解码 没 听 出来 区别 证明 台机 素质 很 高,0
电子管 输出 口,0
到底 适合 音乐,0
挺 好,1
说 喜欢 超高 素质 解析 力 不会 看 上 价位 解码 贴 见 块 解码 觉得 解码 素质 高超 说 几千 上万 都 调音 没有 素质,1
不错 很 公正 客观 评价 送 电源线 活动 评价 这篇 客观 好,1
一体机 素质 很 不错 声音 是否 数码味 有点 重了,1
之前 看 站 对比 选择 不 知道 现在 不能 一战,0
很 不错 器材 搭配,1
赞 真情实感,1
希望,0
买过 好几年 卖,1
凑个 热闹 看看 小 玩具,0
求补 谢谢,0
投了     大乌 静电 没玩过 不 掺和,0
顶级 耳机 静电 平板 天下,1
请 加入 极致     限量版,0
三只 风格 迥异 耳机,0
目前 投大乌 一点 意料之外,0
,0
真正 國產 實力 派,0
只 想 说 图片 很 杀 猫,0
放 看着 真是 非常 漂亮 没有 听过 不知 听感,1
图片 真的 很 美,0
用户 前来 帮顶 图多 杀 猫 很 耐煲 都 煲 快 一年,1
没关系 打开 一次 以后 进 好 视频 看 下 开机 时 蓝光 很 漂亮,1
  里面 爱好者 很多   确实 很 厉害,1
看法     單純 為 賺 錢 拆售 時 鍾 閹 割機,0
推出     驱动 速度 专业 声 卡里 最快 驱动 这块 暂时 不用 担心 功能 上 完胜 听感 需要 听,0
,0
拜亚 封闭式 很 难听,-1
不错 推开 还好 米 线 有点 尴尬 说长 不长 说 短 不 短 还 欧 那根 电话线,1
欧是 米 直线 欧是 米 直线 欧是 米 电话线,0
沐声,0
,0
小色 披,0
曼哈顿 二代,0
,0
以上 推荐 没 几个 重复,0
不错 不行 不行 不 知道,1
真 好听 流行 人声 听 最好 听 旗舰 这套 系统 换 电源线 其实 已经 解决 高文 底噪 已经 接近,1
这套 系统 下 大 乌小 编制 完美 驾驭 小 编制 比差 点 高频 声音 温婉 柔顺 非常 耐听   大 编制 耐听   不 属于 素质 流 属于 高文 味道 那种 有点像 箱子 感觉,-1
这套 系统 下 大 乌小 编制 完美 驾驭 小 编制 比差 点 高频 声音 温婉 柔顺 非常 耐听   大 编制 耐听   不 属于 素质 流 属于 高文 味道 那种 有点像 箱子 感觉,-1
耳朵 毒 上头 没法 长时间 戴,1
估计 系统 适应 搞 暗 大 乌 本身 煲 透 之后 中性 前端 下 高频 微亮 才,0
话 说 黑 排名 居然 高,0
楼主 每个 帖子 都 宣传 网站 明白,0
已经 安排 想要 不是 取消 买 样子 貌似 好看,1
问题 后来 优化 选项 关,0
系统 更新 情况 下 重启 下 好,1
正版 先 试用版 试试 都 不 需要 设置 直接 启动 当然 需要 输入 密码,0
优化 关系不大 反复 试 主要 不 走 底层   大 以后 封死,0
点亮 以后 右下角 有个 绿色,0
搞不定,0
顶顶,1
顶顶,1
  英国 老头 行 亲测,0
还 真 没试 有空 试试,0
玩意 插个 好点 塞子 电视 回 传到 就行了 折腾 麻烦 没 必要,-1
水蓝 蓝水 听 感有 差别,-1
曾经 用户 推荐 大菠萝,0
大菠萝 适合 做 解码 耳放 部分 差强人意,-1
手头       直接 推大 耳机 基本 都 胜出 当然 解码 不错,1
便携 台机 不是 一类 看 使用 环境 选,0
有个 吃 灰,0
肯定 倒爷 趁机 囤货 等到 森海 垮掉 再 数倍 价格 重新 贩卖,0
卖,0
买 新 不 买 旧 部分 人 特别 喜欢 买旧 还 专门 买换 零件 磨机 版,1
舒适性 肯定 很差,-1
有种 妹子 裙底 藏 跳弹 偷偷 上街 视感,0
太 大声   必 灭亡 早,0
入耳式 耳机 对此 贡献 巨大 追求 所谓 音质 毁坏 听力 神经 耳蜗 上皮 绒毛 细胞 尤其 所谓 高频 很 伤 听力 过分 追求 解析 力 毁掉 耳朵 很多 人 不 知道 耳朵 需要 呼吸 呼吸 通道 密闭式 很伤 耳朵 长期 会 造成 耳道 内部 局部 缺氧 细胞 更 容易 受损 入耳 带来 污染 会 导致 外耳道 感染 进一步 恶化 耳道 健康 一点 其实 耳机 厂商 负 一定 责任 疯狂 生产 入耳式 耳塞 卖 天价 树立 旗舰 形象 严重 误导 群众 有时候 卫生 教育 组织 宣传 还 不够 不能 不合理 东西 叫停 都 造成 恶劣 后果 后 才 出声,-1
再 喜欢 节制 不能 过度 消耗 耳朵,1
入耳式 耳机 损害 听力 罪魁祸首   不要 相信 隔绝 外部 噪音 这种 屁话 实践 出 真理,-1
当年 很 佩服 三节 套 全入 听 烧友 可能 大部分 人 器材 已经 升级 音特 美的 助听 系列,0
平衡 推 声音 已经 没有 问题 推 几成 这种 说法 现在 觉得 太 虚无缥缈,0
几个 不是 一档,0
上山 老虎,0
来个 音乐 剑神 土炮 就行,0
,0
觉得 前端 都 还 平板 大耳 很 好 动圈 大耳 好像 还 不行,1
自信 点 近年 内 市面上 见到 分 三种 全国 产 国内 设计 国内 制造,0
耳放 型号 少 出口 标准 认证 才 解码器 大多数 都 做到 标准 认证 耳放 可能 很多 标准 都 达 不到,0
会 发现 差不多 更 刺激,-1
知乎 板块 神棍 都 恶名昭彰 喷得 不能 自理 才 过去,0
豆腐干 花生 同嚼 火腿 味道 配合 知乎 毒文有 听感,1
会 去 看 知乎 文章,0
会 发现 胡扯 蛋,0
借路 请问 前烧 听 蔡琴 邓丽君 直 推 耳机 帮 推荐 一下,0
很菜 很 刺 毕竟 用途 不同 半 开放 强点,-1
听 音乐 还,0
楼主 加油 哒,0
壕气侧 漏,0
都 壕 耳机 只求 听 不 想,0
个人 认为 调音 比好 太多,1
极致 耳机 略 豪气,0
楼主 太壕,0
极致 耳机 外观 壕 价格 壕,0
楼 加油 哒,0
只 垂涎   没 听,0
鸡婆 调音 骚 味十足,1
满意 好 那种 声音 个性 太强 很多 人 都 不 喜欢 很 正常,-1
莱曼 推 应该 不错,1
少数 没有 听过   旗舰 偶 还 东西,0
推 效果 还好 高音 可谓 极致 泛音,1
学习,0
,0
关键词 稳幅 稳相,0
,0
用布 盖上,0
,0
中规中矩 很 保险 其实 没有 短板,0
短板 可大,0
一定 加个 钟 歌诗德 时钟 加 钟 解码 真的 还 不错 当然 耳放 垃圾,-1
学习,0
这是 比较 刺激 话题 计算机专业 想 悄悄 支持 一下,1
太 刺激,0
不 太 理解 数播 传输 加个 时钟,0
上耳放,0
按说   不会 试过 搭配 天狼星 二代 试试 原线 换     耳塞 套,0
耳放 需要 配合 耳机 不能 一概而论,0
咸鱼 上 一千 肯定 问题,0
机器 确实 不错   不 知道 音源 下 低频 气势 小 体积 专业 机 低频 量 感好 不,1
根本 没有 人买,0
没有 试听 没有 人买盲 狙瞎了 二手 出不去,0
壕 怨念 为啥 不 皮 扒 做成 量产 版,0
振膜,0
穷学生 哭 本来 看着 低迷 行情 觉得 一两年 后能 咬牙 冲一波 大 楼主 帖子 出来 后 只 耳机 彻底 无缘,-1
随便 发个 帖子 没想到 多人 回复   烧友 都 好 热情   感谢 感谢,1
手机 肯定 推 不好   未必 需要 上台   我用 系列 随身 放 推 都 很 好   估计 大 推力 应该,-1
都 量化 标准 来测 产品 涉及 主观性 东西 没辙 电视机 给出 建议 去 设置 耳机 相机 主观性 占 很大 领域 看看 就行 不要 太 当真,0
原来 评测 电视 凑热闹 评 耳机,0
看 半天 基本 不是 评 无线 真 无线 单一 品牌 里拔 高个子 乌龟 降噪 适合 根本就是 已经 功能性 画 好 圈子 真正 里 评 少之又少,1
这榜 来说 笑话,0
温暖 厚实 氛围 好易 推,1
考虑 平板 不错 中 低频 男人家 更 饱满 做工 多得多,1
,0
不 合适 只能 说 兼顾,1
楼上 推荐 好多 选择 困难 症来,1
找个 时间 带上 解码 耳放去 试听 去,0
加点 钱 二手 买个 品相 好 耳机 听 人声 很 大 乌托邦 声音 温暖 素质 高 还好 推,1
带个 样子   听 完   大耳 没法 听 耳机,0
价位 已经 最能 选手,0
不 知道 楼主 器材 现在 想 升级 目前 觉得 高 低频 声场 没 推开 尤其 低频 比不上 动圈,0
不 赞同,1
楼 看到 的确 一款 争议 非常 大 耳机 很多 朋友 同一个 点上 争议 都 很大 低频 觉得 低频 下潜 很深 敏捷 够力 朋友 说 完全 不 同意 觉得 可能 比较 难以 搭配 原因 大家 换换 搭配 试试 目前 觉得 中频 高频 还 没有 达到 顶级 水平 再煲 煲 试试,1
美 标的 好 不 都 插头 硬 说好 可能 零地 能分 清楚,1
相位 没 问题 公牛   声音 不行,1
以为 公牛   换上 美标 荷宝   公牛 扔,1
换个 美标 插座 很 简单,0
相位 会 相反,0
墙 插 值得 认真对待 一下 普通 装修 墙 插 谱 墙 插 听 为数不多 不用 对比 明显 感受 差别 升级,-1
墙 插 很 好 换 几分钟 事儿 搞 相位,1
公牛 转接头 会劣化 声音 本身 能够 转接 上墙 原来 买 备用 后来 换 墙 插,1
绿坛 论坛 貌似 要火 总有 一段时间 有人 跳墙 急不可耐 哈哈哈 说 回来 绿坛 论坛 已经 死去 回复 量 突然 暴增 不外乎 突然 出现 神棍 大佬 晒 装备 一地 口水 尝鲜 吃 高价 螃蟹 低 智商 找 骂 帖子 有人 挑事互 喷 群 喷,-1
评价 不好 说 坑货 却说 秒 天 秒 秒 空气 不是 公然侮辱 众人 智商,-1
帖子 关了   再 讨论 下去   楼主 可能 上 房产证,0
路 还 很长,0
直接 台式 加 一代 推 觉得 还 行,0
换管,0
听 没什么 可说,0
平板 搞 不动,0
说 声音 沉稳 死板 调音 问题 很大 改 俩 点 改善,0
声音 透明度 高   不够 细腻 很 奔放 声音 耳朵 很爽 很 激情,0
上市 多年 价格 坚挺 二手 价格 高 还 难觅 不 认为 智商 税,0
铁三角,0
,0
,0
歌德 不 考虑,0
,0
听歌 习惯 算是 便宜 量 足,0
台服,0
应该 最强 一体机,1
天花板,0
玩意 现在 买 就算 赢家 基本 都 没货 状态 芯片 供不上,0
小乌要 换个 大 乌 耳罩 才能 变成 均衡 完全 体原 耳罩 闷糊 调音 完全 封印 小乌 性能 反衬 银乌大 乌 性能 导致 小乌 定位 成 流行 耳机 小乌 耳罩 没有 洞 绒 耳罩 银乌 洞 大 乌是 洞 皮 耳罩 耳罩 打洞 破解 小乌 闷糊 昏暗 高频 解放 声场 通透 度,0
欧 随便 推,0
价位 不是,0
只 手机 听 在线音乐 普通 版,0
蓝牙 反正 插线,0
楼 主要 做点 功课,0
大耳直 推 选,1
以为 拍卖 随手 一出 到手,0
耳塞 买个 降价 才 元 二手 才 听 玩 还 想 买 二手 才 元 多值,1
进来 看看,0
有彩 习惯 好,1
不是 都 好,1
俩 耳机 都 手里 还 问 能比 清楚 都 夸成 还 留 都 没 听 劝 相信 耳朵,0
都 留下 卖掉 回 不了 血,-1
国行 带 礼品 优惠 时 考虑 不要 礼品 去 询个 价 二手 价格 比较 香 早批 断线 维修 经历 比较 地雷,0
需要 找 保障,0
换掉,0
恶声,0
无脑 直 推上 放 都 不好 推,-1
看着 不错 升级 线软 好,1
搭配 系 退烧,-1
烧友 所说 买 平衡 线 买 必上 闲鱼 梗,0
假大空 手机 直 推 一下 知道,-1
不 对比 单纯 看 描述 感觉 不 出来 随便 找 耳机 不是 太差 插 手机 台式 设备 上 耳朵 分辨 出来,-1
结像 大 深度 远 密度 感 线条 感弱,0
只能 听个 响 细节 都 没 音乐 味道 都 没 人声 唱 人 感觉 太远 人声 没有 厚度 感觉 普通人 半个 病人 不是 专业 歌手 对比 价格 电脑 小 音箱 都 几千 耳机 差不多 小 音箱 可能 更好 听 一点,-1
缘起 性空,0
抢 老婆 不 回答 问题,0
晚 差不多 年 左右 声音 比较 暖 那种 最近 几年 出 应该 改进版 不是 木头 最 老 木头 距今 差不多 年 建议 找 不到 状态 好 要收 新型 号 应该 比较 想,-1
以前 老 听 人声 真是 每个 都,0
没 感觉 老糊 那种 暖 很 有力 声音,0
淘寶的 密度 不同 買 對 原裝 密 很多 會壓 高頻 買 原裝 耳罩,0
调音 棉干 还 嫌 不够 糊,0
买来 当天 撕掉 那层 海绵 不 调音 棉 防尘,0
玩家 表示 普通 工业 海绵 有没有 人信 前面 说 防尘,0
几十块 不贵 买 原厂,0
官网 买 淘宝 我买遍 都 假 一家 卖块 标称 老版   其实 不是 现在 硬质 泡沫   闷得 很,-1
老婆 丝袜 剪成 大小 替换 破 海绵 会 惊喜 发现 解析 素质 居然 提升 不少 再也 不闷,1
少帅 仿 歌德,-1
少帅 仿 歌德,-1
少帅 仿 歌德,-1
改个 平衡,0
看看 天津 李工 仿吧 他家 试听,-1
比略 好 低功耗 定价 确实 不贵 全网 都 统一 贴 好 预祝 大卖,1
变压器 做成 牛有 好 真是,1
真的 芝 杜 同一个 模具厂 基本 一模一样,0
楼主 可能 不怎么 听 音乐 音频 解码 来讲 最 重要 真 不是 芯片 视频 解码 倒 说,0
楼主 女优 利器 无关,0
楼主 无关,0
早起 路过 帮顶,1
喜欢 刺激 上,1
不知 相对,0
耳机 界 原油,0
联网 下载 专用 软件 遥控,0
新派 推 箱子 不错,1
字 挺 好 漂亮,1
随身 会 很 热,0
会 玩,0
感觉 随身 胆放 挺 危险 不 知道 电压 多高,0
坐等 听感 便携 胆放有 兴趣 可惜 没空 找 试听,0
好 东西,1
声音 好 真的 会 烫伤,1
原来 还 换管,0
期待 推 塞子 听感,0
听过 太大太热 没 缺点 相当 好听,1
其实 还好,1
觉得 蛮 好听,1
皮 亲肤 性会 好些,1
戴 皮 很 闷 出汗 戴绒 会 宽松 舒服 很多,1
个人 认为 海绵 很 好 看上去 不 上档次,1
赵 老板 化合 铍 确实 牛 逼,1
商标 注册 成功,0
港台 好些 行 人声 没 近 蛮 好听 年 入 听 年,1
千万 不要 买 声音 刺 戴 压 耳朵 疼 直接 上 继续 听,-1
,0
只会 类比 不会 分类 脑子 理解 数字 世界 根本 不 可能,0
认为 最 漂亮 耳机,1
这排 疙瘩 准备 第四次 出掉,0
不 知道 没换 掉头 梁 好 方法 没,1
非常 非常 非常 難受 一個 小時 受不了 耳機 摘下 來頭 頂 一個 包一個 包 紅彤彤,0
其实 不用 戴 很 紧 疙瘩 不 碍事 一戴 四五个 小时,0
头大   真的 很 无奈,-1
倒 没什么 感觉 觉得 佩戴 还行 铁三角 大耳 好多,1
都 光头 头上 一排 坑,0
我用 没有 感觉 不 舒服 可能 太 突出 明显 后来 设计师 身上 得到 改进 不 难受 按摩 疗效 呵呵,-1
感觉 戴 不能 理 短发 以前 短发 带 感觉 头发 会 压掉 现在 头顶 带 地方 头发 以前 少,1
挺 好 澪 都 没 说,1
觉得 好看 头 梁海 棉比 好看 好用,1
内敛   大气,1
最 漂亮 最 难看,-1
赞,1
个人 觉得     好看,1
支持,1
好看 点,1
好看,1
肯定 大理石 构造 好看 声音 比较 经典,1
样子 确实 不 好看,-1
更 醒目,0
更好 看,1
个人 更 喜欢 外观,1
银色 漆 具有 端庄 美而 大理石 纹路 更具 深邃 感,0
市场 价格比 贵米,0
平衡 大 推力 怼 上去 会 好 很多,1
觉得 软和 慢 不是 驱动 问题 同样 系统 下 不会 软慢 低频 入门 平板 调音 选择 问题 想 相对 动圈 一点 听感,0
看到 好几个 人 说 乐器 质感 差 好奇 差 乐器 质感 已经 一般般,-1
看 参数 大力 功放 怼 上去 试试看 听感 好像 不是太好 推 系列 全家 没 横向 很 正常,1
问题 不解 难道 不是 应该 读       阿难 达 安安 大,0
都 推 箱子 管子 推 耳机     类 奇葩,0
真的 挺 喜欢 现在 推个 机器 同样 曲子 很 晶体管 机器 放 出来 两个 曲子 耳机 口 输出 都 很 好 管子 都 便宜货 美元 加 起来 赶不上 好点 电源 变压器 不好 牛叫 极其 严重 耳机 听不见 心烦,-1
正在 听换 条线 尚可 再战,0
不 知道 现在 走向 是否 变化 中间 兜兜 转转 弄 不少 中间 定制 听来听去 感觉 威家 比较 规整 初 听 耳朵 不是 太 出彩 问题 听 久 最 解渴 白开水 可能 年纪 大 哈哈哈 现在 兴趣 升级 一下 正 准备 提问 赶巧 碰上 兄弟 帖子 胡说 几句,1
目前 手头 退烧 耳塞 威士顿 乐感 耐听度 都 很 好 人声 很 感情 比较 均衡 没舒尔 偏科 声场 立体 包围 感 价上 不 后悔,-1
改 蓝牙 只 听 蓝牙 配得 上 好 耳塞 音质 完全 发挥 大 耳机 苹果 送 耳塞 剩下 好 耳塞 不是 扔 改了,1
里面 是不是 直接 苹果 手机 使用,0
    解码 部分 很 不错 解析 很 好 尤其 高频 延伸,1
大佬 提供 下   驱动 说明书 谢谢 现在   网页 都 找 不到,0
准备 组个 体验 下,0
都 好 老铁家 调音 听 古典 大 编制 严格来说 不对味 还 不错,1
掰开 就行了,0
需要 换管,0
女声 挑 一下 铁三角 碗,0
看 楼主 架势 应该 主听 流行,0
這兩 隻 耳機 都 有過 最後出 掉 原因 因為 聽 古典 流行 比起 耳機 差口氣 出 掉 留著 來 看 電影用 效果 真是 好,-1
功率 太小 适合 低阻 耳机 建议 谷津 推力 大,0
闲鱼 搜伟良 推 没 问题,0
预算 玩 上 不,0
收个 二手 天鹰座 比较 温暖 热情 解码 推力 基本 够用,0
听响 手机 直 推 足够 之前 最 手机 直 推直 推 当时 手里 谢兰图 好听 后来 入,1
倒 建议 放弃 再 想,0
乐之邦,0
都 老老实实 攒钱 买个 好点 一体机 双木 三 林里 产品 推 拜亚 动力 感觉 都 够呛,1
试试 估计 二手 就行 肯定 推 没 几万 好 应该 还 算 听,1
隐士,0
不 觉得 银乌 人声 年轻化 效果 应该 说 柔化,0
没有,0
主要 中频 密度 高能量 感 十足 听 人声 突出 低频 其实 比较 没什么 下潜 耳机 特别 适合 听 欧美 乡村 男声 很 毒,1
买 看着 评价 销量 好点 应该 就行,1
班波 只 联想 史密斯 夫妇 蒙度 羚羊,0
斑驳 自带 电源线 牌子 乔普 镒 胜,0
斑波 不 建议 直接 用于 系统 上 旁路 比较 好 选择,1
墙 插 孔接 斑波   有点 作用,0
本人 斑波 插 器材 插 排上 没 大 变化,0
好 技术 分析 贴 留名,1
支持 支持,1
安心 玩 行 习惯 浓郁 感觉 耳机 奶油味 天仙 下凡 一尘不染 不 一定 还 听 进去,0
,0
前排,0
享声 棒棒,0
亲亲   能过   今天 试   没有 认证 不了,0
系列 啥时候 上 正式 固件,0
机 转接 接 阻抗 不 匹配,0
买根 同轴线 用做 转盘 马兰士 解码 放大 马兰士 解码 接才 正经 玩法,0
君子 都 性价比 很 高 品牌 很多年 前 机 市场占有率 不低 行星 系列 很 经典 没 记错 论坛 管理员 先生 一台 老 君子 个人 曾 入门 阿波罗 长期 使用 旗舰 最近 几年 机 市场 迅速 衰败 君子 品牌 慢慢 淡出 人们 视线 传闻 品牌 早已 国内 资本 收购 已经 国内 工厂 代工 生产,0
朋友 君子 解码 耳 放小 方盒 一套 觉得 不错 觉得 太 刺激 出,1
没有 国人 收购 传统 英国 厂家 大规模 英国 生产 廉价 设备 为主 肯定 入 不了 高烧 法眼 君子 确实 物有所值,1
主要 业务 唱机 上   坛子 里 没 人烧   君子 唱机 很 不错   性价比 很 高,1
君子 主要 产品 中 低价位 机 黑胶 机但 现在 论坛 贴 都 讨论 数播 解码 耳放 一体机 高档 机 二嫂,0
君子 还 不错 玩过 几年 不景气 其实 主要 做 黑胶 起来 上次 发 德国 牛 逼 机 加 胆 输出 换个 壳 卖个 差不多 块,-1
侧面 台湾 字,0
概率 比较 大,0
看上去 挺假,-1
大乌 符合要求   不行 试试 歌德,0
流行 要求 高 觉得 挺不错 素质 听感 平衡 很 好 剩下 搞 有源 箱子 不是 美滋滋,1
暖系   推荐 山灵 达 音科 玥 朋友 听 声音 偏暖,0
,0
估计 系统 一起 换 只管 耳机 提升 说 实在 没有 惊艳 感觉 只 推荐 耳机 后期 还 升级,1
已经 没法 听,0
    不要 复原 一下,0
怕 楼主 收到 对比 号 以后 发现 几乎 没 区别 一群 老鸟 出来 教育 说 耳放 不 力 线材 不给力 音源 不给力 电处 不 力 整个 搭配 不给力,0
个人 很 喜欢 头版 空旷 无 边界,1
耳机 无底洞 钱 砸 进去 都 回馈 出来 便宜 普通 器材 高频 刺 声场 小 很 神奇,0
作死 收过 一只 万号 已经 算 比较 后期 版本 依然 推不动 声音 没 感情 低频 糊脸,0
现在 手里 状态栏 几个 耳机 只能 对比 对比 先 试试看 买 主要 好奇 加上 对线 印象 不错,1
千号 以内 才 算 头版 前 号 据说 工程 机未 出售 实际上 副,0
不 喜欢 原价 出,-1
国内 谱,0
帮顶 台湾同胞 不 知道 楼主 前端 推 大耳,1
解析 听,0
应该 时钟 频率 不 匹配 造成 不用 时钟 单独 试一下,0
这种 看着 专业 东西 会 这种 问题 冷门 东西 这种 麻烦 出 问题 都 没人 帮得 上 忙,-1
引用 第楼   发表,0
求救,0
东西 真的 好 蠢 问题 电脑系统 都 重装 新 上面 去 之前 升级 现在 重装 回到 问题 主板 升级 主 板芯片组 更新 下 都 快 炸,1
一套         问题 楼主 一模一样 程度 严重 不 听歌 不断 出现 杂音 短时间 中断 时间 长 鼠标 漂移 死机 拆 下 时针 只用 界面 无 问题,0
缓冲 设置 太小,0
告诉 楼主 无线 网卡 问题 会 不会 太迟,0
换 粘完 搞不好 会 硬 咯 慌,-1
补鞋匠,0
应该 直接 换 耳罩 曾经 申请 试听 这款 耳机 耳朵 挺 惊喜,1
位置 胶水 会 脱胶 针线活 会,0
换掉 系统 里 最 便宜 那根,0
耳机线,0
首选 换大乌 换 解码 最后 才 考虑 换 耳机线 考虑 试试 纯银 耳机线 大乌 味道 也许 会淡 不少,0
耳放 电源线,0
信号线,0
线 真的 最 垃圾 电源线 最后 二手 商 低价 找 买 去 二手 商听 完 商量 退货 都 不 想要,-1
变化 大 后 往前 换话 说 弄 古河 镀 铑 当心 系统 声音 翘脚,0
电路 不 太 懂 电压 放大 直流 点灯 剩下 都 交流 点灯 应该 不是 推挽 机三管 并联,1
,0
风,0
素质 还 行 好不好 听 看 搭配,-1
前段时间 到处 都 没货 现在 有货,0
推别 韵味,0
顶起,1
声音 本来 有点 毛刺 感 升级 不会,0
推   声音 都 很 好 欧   欧都 非常 好,1
金丝雀 直 推 不会 刮 声音 应该 更 刺激 点,0
里面 不是 解析 最好 高频 拔 最高,1
线材 会 导致系统 干刺 过亮,0
录音 毛糙 反馈 挺 明显 三个 阻抗 版本 都 听 认为 音源 问题,0
搭配 歌德 照片 真有 质感,0
不 知道 提升 单 总是 差 口气,-1
以为 歌德 神器,0
推 完全 推不动,0
罩子 歪,0
顶顶顶 顶顶顶 顶顶顶 顶顶顶 顶 顶顶顶 顶顶顶,1
问题 太难受,0
最新 没 问题,0
没 遇到 问题 版本 估计 楼 主要 找 原因 解决方案,0
我用   最新版 没有 这种 问题 版本,0
服务 挂 重启 一下 就行了 实际上 把关 仍然 播放,0
偶尔 会 遇到 问题 不理 好,1
可能 服务器 问题,0
不 测评,0
上 听 感 摩擦,0
黑化肥 会 发挥,0
马克,0
标称 数据 没有 好 一件 觉得 很 有趣 事情 莫非 加 点 调音,1
顶部 容易 划伤,1
喜欢 声音 飞傲系 价格便宜 适中 山灵 性价比 不错 不到 两千 配置 还 行 声音 比较 偏暖甜 耳机 我蛮 喜欢 达音 科家 像是 都 很 经典,1
本来 有点 慢悠悠 偏 昏暗 感觉 前端 上去,0
都 是因为 没有 推好 造成 推好 了结 极其 凝聚 声音 极其 清澈 透明,1
猜 应该 耳放 推 不好 二个 音源 解码 不行 平衡 电路 不给力 三个 没 换掉 原线,-1
很 容易 推出 及格 声音 推好 很 难 觉得 很 考验 音源 音源 不好 解码 耳放 都 难以 弥补,-1
理论 上 来说 同轴 输出 音质 主要 取决于 后 端   同轴 最高 支持,1
小 音量 偏音 换个 电位器 电位器 开 最大 外面 加个 无源 音量 前级 看到 拆机 图 电位器 好像 型 标价 耳放配 真的 有点 说不过去,1
高端 步进 电位器 不会 偏,0
当然,0
不 知道 高端 感觉 说 满足,0
能换 保险丝,0
律动 架子 买   还 没 到货,0
顶楼 主同款 机架,1
同款 帮顶 架子 做工 很 不错 买 四层,1
不 谈谈 声音,0
仰望 高端 玩家 鑫 总,0
没 区别 看 解码 输出 口 电平 摆幅 平衡 口高 一倍 声音 听 上去 能量 感足 一点,0
看见 玩 音响 架 线材 脚钉 插座 说 音质 提高 都 会 莫名 喜感,0
这腿 没毛 还 很 白 尴尬,0
以前 不信邪 身 设备 都 机线 随便 搞个 架子 后来 试 架子 发现 卧槽 声音 真的 变化 线 换成 左右 声音 明显 改变 未必 提高 听 出来,0
妹纸 不错 话 说 一弄 以后 搞 卫生 折腾,-1
看到 那腿 姿势 美女 不是 音响 引起,0
不 穿衣服 讨厌,0
玩得 开心,1
应该 调整 音色   其实 均衡器 加 便宜 镀银 线 几分钟 搞定,0
目测 楼主,0
真是,0
刮 腿毛 声音 开挂,0
都 脑放 掐指一算 知道 没 区别,0
接地线 动态 大 有力 不 接地线 柔和,0
线 安全 第一 先 声音,0
顶一下 慢慢 积累 感受,1
,0
依然 差别 拆开 看看 知道 里面 带有 滤波 模组 防雷击 模组 雷击 一块 不 一定 所有 都 普通 公牛 里面 怕 电容 都 找 不 出来,-1
换 美 标的 插座 价格 低 高 选择   型号   再 买 谱 美标 插座 行 推荐   系列 再 搞 一条 线规 总线 基本 结束,0
其实 想 墙 插换 美标 排插 换 美标 连接 电脑 显示器 美标 电源线 国内 电压 环境 下 电流 极性 不是 反,0
排插换 墙上 插座 墙 里 线呢 入户 空开 觉得 不是 设备 已经 到头 闲钱 还 换耳放 耳机 来得 直接,0
墙 插 换成 美标 插座 即可 荷宝 这种 上面 一堆 低端 滤波 插座 声音 劣 化器,0
楼主 买个 便宜 最好,1
地妈 太 厉害 前排 跪拜,1
靜電 專業 玩家,0
膜拜,0
牛气 拜服,1
静电 達人,0
久违 论坛 清流 干货,0
帮顶 很 厉害,1
动手 能力 强,1
膜拜 太强,1
,0
,0
收个 二手 一千 出头 推 非常 不错,1
我会 推荐 原创 推 非常 靓声 令 驻足 细听 组合,0
第一 随意,0
感觉     低频 挺 猛   排 第几 不好 说,-1
拆开 耳机 单元 后面 调音 纸上 戳 几个 洞 低音 猛,1
先锋 家 性病 大 轮胎 应该 前 占 椅子,0
恭喜 这套 设备 安心 退烧,-1
开后 感觉 播放器 声音 干净 很多,1
应该 区别 音乐 不 清楚 网易 云 播放 下载 下来 不 太 网易 云弱 爆,0
酷狗 会员 下 再 听 酷狗 上 听 确实 稍微 干净 些,1
配置 要求 很 高,0
颤   败,0
未知,0
相信 森海,0
看起来 很,0
声音 肯定 会 提升 样子 太 难看,-1
应该 会 好,1
大伙儿 起来,0
不 看看 定位 价格 还 赌,0
不 好看 东西,-1
角度 看来 有点像,0
赌 一把 赌 人 都 会入,0
外形 看 很 外太空 感觉 应该 革命性 作品,0
买 蹭 听,0
占楼,0
目前 英 挪美法 混 搭 系统 听 还 不错 要说 最 个性 老 美的 声音 确实 粗 小提琴 拉得 锯木 头 习惯 之后 再 去掉 美国 元素 很 失落 感觉 气势 上少 一大截 听 都 小家子气 爱 恨,1
早就 不是,0
调音 技巧 只 服谷 之声,0
要说 成本 做工 建议 没事 去 拆 拆 德国 前级 机 拆开 估计 吐血 几千 上万 前级 拆开 变压器 加 稳压 电路 俩片 芯片 搞定 柏林 之声 拆开 遥控 干簧 继电器 一对 运放 二手 万多,0
其实 原线 还,0
不管怎么 说 一根 线 三 耳机 通用 楼主 已经 值回 票价,1
调音 骗术 这种 帖子 早点 洗洗 睡,-1
上次 不是 说 共 问题 几乎 无 解 前面 后面 机器 联通 之后 参数 达到 自激 条件 找个 音频 隔离 牛 应该 搞定,1
不错 长条 型 省 空间,1
搭 三代,0
好用,1
黑色 胶 贴纸 贴 一下,0
推 相比 金 画眉,0
觉得 万元 内 一体 比分 体强 玩家 形成 一波 打脸,1
,0
是不是 有种 监听 器材 有点 刻意 剥离 音轨 感觉,0
真正 好 器材 应该 久 听 不累,1
看样子 倒 一张 锐化 图片 相机 镜头 本身 不太好,1
万 器材 这种 仿真 长脸,-1
当初 看到 试听 贴 没 提起 兴趣 现在 胃口 吊起来 目前 看来 重量 上 可能 偏重 方面 看来 都 很 牛 已经 申请 试听 看看 厂家 还 不能 安排,1
国产品牌 不 起名叫 玉皇大帝 宙斯,0
,0
耳机 容易 坏 不,0
電磁爐,0
觉得 原线 黑 砖 都 记得 以前 搭配 便宜 耳放 没什么 问题 不太 清楚,0
老 第一 需要 时间 煲 开 原厂 平衡 线 现在 暂时 不 折腾 反正 听 都 安静 听 下去 听 几个 小时,-1
电磁炉 一票 西装 神秘 加成,0
解码 我用 耳放 力士 感觉 听感 很 好,1
需要 低 阻放 顺出 铁三角 坛友 价,0
我用   效果 出色 感觉 比好,1
万元 以下 国货 都 不行 力士 起步,0
换 耳机 解码 没,0
世爵,0
直接 淘宝 租,0
世爵 没有 大乌   年 年底 没,0
我前 几天 刚刚 盲 狙 感觉 还 不错 值得 一买 耳机,1
很重,0
凉 透透 二手 才 出 掉 赶上,0
今天 低估 明天 低估 后天 来个 看 都 一路货,0
一路货 这句 话 好 难 理解 人 喜欢 有事没事 逛 论坛 到处 骂骂咧咧 现 优越 这种 人 的确 不是 一路 人,1
正价 行货 不会 有假 买 假 几率 比较 高,-1
一代 二代 都行 好 推好 戴,1
铁三角,0
很 不错 选择 二代 声音 明显 问题 尤其 单端 三代 单端 非常 均衡 明显 更好 推 贵 几乎 没什么 缺点,1
看看 动圈 很 好 推,1
轻量级 补充 应该 最轻 平板 耳机,0
穷人 无 烦恼 目前 超 轻量级 耳机,-1
只能 接受 轻量级 银乌试 感觉 还 行 估计 原线 比较 轻,0
号 外 应该 补充 大奥 二代 耳机 重量,0
数据 应该 搞错    ,0
多克 莫非 海外版 加 钢板,0
应该 买 解码 耳放 一体机,0
相对 比较 稳 素质 太差,-1
大 编制 缺少 点 氛围 流行 小 编制 都 挺 好,1
好凶,1
玩玩 歌德 不少 认识 铁三角 玩家 兼修 歌德,0
新森海 部分 型号 倾向,0
铁三角 声音 太 变态,0
森海 女声 都 有点 女生 站 军姿 唱歌 意思 太 严肃,0
假货 无疑,-1
牌子 耳塞 对比 同价位 基本上 糊 声场 小,0
换个 套 试试,0
排除 假货 原因 耳朵 适应 不了 厚重 声音 听 一周 再 比较,-1
试试 原装 麻花 线 直接 插,0
威士顿 声音 不是 适合 所有人 耳朵 最早 有人 说 威士顿 全家 都 很 闷 可能 听音 喜好 问题 怀疑 耳机 模具 导管 关系 人 耳朵 听到 声音 可能 不太 超细 导管 很小 腔体 可能 人 压根 戴 不好,-1
楼主 试试 原装 长 硅胶 选 稍微 小 一点 插深 一点 试试看,0
应该 不会     声场 绝 绝对 不会 少   分析 力 应该 高,0
楼主 下 歌德 会,0
个人 最 喜欢 歌德 算是 世纪 瘦身 版 美国 小妞,1
很多年 前 对比 听 下来 感觉 歌德 比较 擅长 方向 上 做 歌德 更好 以往 森海 耳机 架子 大 不 搞 声音 小小的 表示 一下 搞 很 好 后来 年纪 渐长 感觉 森海 做 不 没有 必要 停 大概 发现 没 必要 做,-1
快 进到 进军 神经科学 领域 狗头,0
傻子 才 信 调音 科学 科学 没有 调音 听到 到底 脑子里 默念 这是 科学 这是 科学 这是 科学 重要 事情 说 三遍 直接 领域 真蒂,0
我磨前 机 对比 解析 部分 提升 耳放 部分 变化 不大 听 同样 耳机 细节 更 清晰 宽松 些 声场 略大 不要 指望 翻天覆地 变化 确实 可闻 提升,1
玩 心里 躁动 指望 磨 机能 天翻地覆 出 换台,0
我接 朗泉   耳放 都 推好 关键 看 音源 周边 都 力 会 暴露 前端 问题,1
便宜 左右 桌面 小功 放行 不行 推 平板 那种 有没有 推荐,0
新派     不知 行不行,0
原创   都,0
消灭 零 回复 沙发 上面 坐,0
相比之下 欧 比较 平衡 中正 能够 忠实 还原 音源 想 表达 意思 这才 称得上 耳机,0
请问 楼主 风格 音箱 不是 比较 接近 音箱 听 感,0
岂止 素 简直 干,0
欧 确实 好 耳机,1
实价 这俩 差 不少 接受 平板   现在 性价比 很 高,-1
谢谢 楼上 实价 大乌贵 好几千 性价比 应该 高,1
听 比较 人声 弦乐,0
论坛 说大乌 太重 看来 确实 问题,0
感谢 坛友 大 咖煮 一壶 陈年 六堡 继续 听教,0
以前 用过 铁三角 深海 赛尔 以内 换 耳放后 想 升级 耳机 顺便 换下 风格,0
隔离 变压器 转 电源线 耳机线 数播 信号线 音质 影响 很大,0
百度 一下,0
理论 上 数字 都 调到 耳放调 音量 最好 实际 很多 人 纠结 问题 说明 根本 听不出 区别 肯定 方便,1
苹果 家 调音 清淡 喜欢 低阻 高敏 声音 调 最高 震耳欲聋 直 推二欧 调到 最高 都 感觉 音量 大 点,1
亦       确实 音色 一流,0
还 蛮 耐 听,1
看 定义 现代 调音,0
,0
高斯 足够 复古,0
楼 主要 复古 不会 羽 管键琴 那种 不 动态 声音 也许 联合国 务 耳机 适合 楼主,0
楼主 开心 好,1
低估 耳机,0
纯银 不是 偏中 高频 楼主 低频 不 满意 换 纯银 线 满意,0
当时 考虑 换线 针对 原线 声音 特点 针对性 进行 选择 单晶 铜 单晶 铜 镀银 单晶 银 各有特点 比较 后 发现 单晶 银 特点 正好 互补 买 一条 试试 印证 判断,1
也许 还 应该 试一试 单晶 铜 耳机线,0
曾经 用过 将近 年 感觉 性价比 很 高 德行 块 以内 换 不同 设备 线材 去 听 都 无法 改变 最大 缺点 高频 中频 衔接 不 顺滑 偶尔 会 刺耳 低频 有量 质感 不太足 都 对比 现在 二代 观点,0
订购 古河 线 单晶 铜线 快到 好好 对比 一下 听感 差别,-1
银线 不 便宜 看 一下 最少 一条,0
一夜 过后 声音 正 渐入佳境,0
厉害,1
一边 两股,0
颜值 声音 俱佳 好 耳机 非常适合 单端 玩家,1
值得 拥有,1
不错 耳机 有点 夹头 受不了 只好 作罢,1
用户 确实 很 不错 耳机 听 都 还 不错 之前 没 设备 直 推 听 初 烧 便携 耳 放到 一体机 再   推 一路 过来 每次 加 设备 都 提升 明显,1
的确 好 耳机 三频 均衡 金属 器乐 光泽 感觉 动态 凌厉 收放自如 必须 上台 机才 推得动 相对来说 容易 推 不少,1
有钱人 支持,1
耳机 太重 先 申请 试听 玩玩,0
朋友 算了 一下 防弹 盒子 两幅 耳机 垫   航空 铝 线 最大 平板 膜 两边 磁铁 成本 都 不止 价吧,0
绝对,0
,0
欧留 住 听 纯音乐 时才 优势 杂食 党 无脑 好 到手 怕 骂娘,1
感谢 细心 版本 比较 得出 真实可信 变化趋势 若干次 折腾 经历 结论 差不多 越 老 版本 越 细腻 差别 很 明显 手上 号 细腻 程度 已经 非常 满意 不 打算 再 折腾,-1
其实 真 没有 折腾 必要 钱 直接 上 更 高级,-1
认为 小金 标 都 不 适合 听 女声 显得 薄 够 厚 有点儿 萝莉 正太 化,0
我出 掉 留下,0
写得 不错 推好 不糊,1
楼主 好人 后来者 很 好 指点,1
扔 好几年 想不起来 具体 哪种 感觉 妈 蛋 搞 想 再捡 一支 回来 听听,1
楼主 很 用心 好 贴 必 顶楼 主 应该 玩 国内 铜环 版 走俏 据说 日本 追求 黄金时代 版 不 知道 有没有 了解,1
出现 绿坛 白嫖王,0
顶 支持 思叔   永远 爱,1
完美 耳机 战术 后仰,0
楼主 结论 完全 反 买 声音 比大 乌糊,0
解码 耳放 传输 平衡 应该 纯粹 提升,0
耳放 平衡 输入 有源 监听 音箱 平衡 输入 都 抗干扰 还原 前端 音讯,-1
平衡 结构 机器 平衡 口 比单 端口 好,1
用过 银彩 路过,0
最后 选项 去掉 前 两个 里面 建议 线 世界 白金 超越,0
更好 天仙配 那条 大佬 都 说好 米 不起 没 听,1
卡达 时 不好 其实 换线 效果 不大 还 换 耳机,-1
用过 不少 升级 线卡 达斯 大 至尊 综合 性价比 不错,1
线 世界 纳米 白金 超越 基本 不会错,0
我用线 世界 银彩单 皇冠 线 听 声音 硬而脆 很爽 纳米 白 金星 超越 线 听 声音 丝滑 柔润 细节 丰富 二种 风格 都 很 好听 都 很 喜欢,1
超时空   天仙配,0
力士 单端 推铁三低 阻 都 没有 问题 都 放心 推 还 推过 出个 轮廓,0
推 各类 低阻 都 很 好 停产 尽早 收,1
游戏 本配 开放式 听 风扇,0
不 玩游戏   声音 还行 笔记本 性能 绝对 省心,0
  声音 不错,1
还 音源 听 古典 超级   值,1
一线品牌 中 高端 笔记本 基本 都 没 问题,0
安装 电脑,0
安装 电脑 程序 程序 音乐,0
收支,0
占个 位,0
请问 楼主 耳 放下 垫 钉 有何 效果,0
祝贺 新机 入手 安心 听 音乐   很 互补,0
恭喜 楼主 找到 一款 好耳放,1
耳机 音量 开得 再 大声 身体 不会 感受 音箱 发出 声音 尤其 低频 带来 体感 冲击 建声 摆放 没 问题 音箱 带来 空间感 耳机 很 难 赶得上,0
单从 耳机 音箱 对比 耳朵 带来 声压 音箱 烧毁 前 耳机 烧毁 前 绝大多数 耳机 都 耳朵 轰 废 音箱 不行 不是 声压 造成 这种 差异性 音箱 出来 声音 宽松 感 沉浸 感 氛围 感 差别 太大 烧油 会 喜欢 低频 宽松 大气 感觉 造成 很多 烧油 轻易 说 推好 入门 书架箱 吊打 万元 耳机 错觉 并不需要 太多 细节,-1
调到 音量 对比 确实 很 重要 声音 对比 都 注意 音量 问题,0
建议 卖 音箱 专心 玩 耳机,0
卫生 莫 这类 帖子 越来越,0
很 好奇 帖子 发 音箱 区会,1
寸 以下 箱子 下潜 都 不到 都 现在 千元 档 老 旗舰,0
看不到 距离 看不到 单元 腔体 大小 产生 物理 鸿沟,0
声场 小 一点 声音 素 蓝天白云 下 喝杯 开水 个人 更 倾向 推好 后 都 说不上 味道 机听 老歌 牵强,1
一代 二代 一代 素质 乐感 明显 好,1
好太多,1
实际上 封闭 一点点 开放 一定 反射 声 创造 小规模 细节 极其丰富 空间 做成 全 开放 感觉 丧失 非常 细节,0
好 推 推好 难 反正 不 喜欢,-1
风格 是不是 一如既往 气势 强大,1
预订 到货 本来 想 买来 鼓捣 下 走 热机 转盘 里 塞 张 听 晚上 解码 还 确实 够用 之前 一体机 解码 确实 太 两个 价格 差不多 提升 很 明显,-1
不 知道   沐声,0
补充 一下 音乐文件 内部 硬盘 里,0
平板 天花板 没 竞争对手 厂家 没 动力 研发 新品,0
希望 来个 易 推版,0
出不出 全看 米饭 心情,0
就算 出 易 推版 多数 人 不会 去 买 易 推版 声音 好过 现在 版本 道理 二代 三代 变化 后 买 人 本身 追求 极致 声音 难 推 多花点 钱 解决 好 声音,1
消费者 肯定 买 新 不 买 旧 看看 森海 白牙 知道 比起 声音 这点 细微 差距 品质   售后 往往 更 重要,-1
根本 不 知道 推好 反正 一堆 几万块 耳放 搞不定 功放 选择 去 没人 出个 功放 搭配 攻略,1
估计 用户 反馈 能出 个头 梁 细节 改进版,0
接口 更新 不 知道 声音 变 没有,0
出 新版,0
希望 改善 做工 基本 油管 評測 都 說 聲音強 做工 差,-1
木碗 太 娇贵,0
清淡 杂食 颜值 高   不买   买   真有 摸摸   颜值 不是 吊打   不会 真 有人   认为   好看   不会   不会,1
喜欢 好 铁三角 不谈 性价比 越前 漆,1
人为 自然环境 经常 潮湿 忽干 忽湿 声音 肯定 会变,0
不会 屁点 湿度,0
单元 塑料 一下 不是 长期 桑拿,0
不会,0
不会 封闭式 戴久 汗 哈气 严重,0
小时 不停 哈它,0
技术 问题 以前 研究 不少 载体 发行 音乐 有个 很 重要 决定性 一点 明确 反盗版 不能 做到 无损 复制 一点 主要 光盘 记录 数据 方式 决定,1
很久以前 研究 刻录 实际上 听不出来 区别,0
十年 前 还 没有 数播 网播 论坛 上 讨论 刻录 很多 楼主 翻翻 老帖 尤其 隔壁 紫檀,0
鲁艺管,0
直接 买 日常 插 手机 听听 相对 台式 换换 口味 不错 长期 持有 一条,1
现在 很 便宜 入个 没 钱 很 超值,1
买买 买 当年 参考 级 塞子,0
传 音频 稳定 可靠,0
  音质 更好   直 推 歌德,1
以前 耳机 论坛 只 知道 耳机 论坛 营销 数字 功放   现在   还 知道 天逸   不错   其实 很多 英国 日本 几千元 功放 驱动力 小点   以为 够用   难道真 推 小型 落地 功放   主要 功放 推 耳机 实践 太 少   希望 实践 朋友 讲讲,1
不 相信 价位 功放 推出 结像 双木三林 耳机 口 功率 看笑,0
尽量 买纯甲,0
根本 不会 推 驱动 参考 灵敏度 喇叭 尽量 纯 甲类 驱动,0
听说 天逸 标注 功率 有所 保留 实际 更大 刚刚 入手 数字 解码 功能 天逸是 纯 甲类 功放 附带 甲 乙类 自动 转换 功能 外观设计 比较 厚重 双木三林 没用过 看 外表 比较 现代 纤细 输出功率 太小,-1
我用 甲类 朋友 金嗓子 甲类 功放 本身 没 质量 问题 功率 越大 其实 越 不会 烧 音量 会 掌握 不是 往聋 听 还 不 小心 直 两次 前 级 吓死人 音量 都 没 啥事,0
功放 直接 怼 音量 从小 慢慢 调 合适 位置 啥事 没有,1
翻译 为雨后 初晴 绝对 不是 英语 好能 做到,1
直 推 比起,0
有个 适合 推低 阻 便携 耳房 声音 提升 都 巨大,0
这才 真正 玩家,0
音色 质感 放在 价位 很 不错 综合 实力 应该 超过 略超 持平 摸 屁股 水平,1
平板 推好 人声 很 质感,1
看 描述 适合 国砖 推力 很小 平衡 耳放,0
台机 这台 放 还 嫌 高频 太多拔 并联 独石 小 电容 上放 绝对 提升 巨大 吊打 手机 电脑 直 推直 推 有口 还 听 一下 楼主 洋洋洒洒 写 一堆 先 检查 设备 匹配,1
大耳 夏天 都 热 空调 走,0
电流 模,0
旷世 耳放 好像 都 电流 模 放大  ,1
电流 模 放大 不是 高大 上 东西 都 算 详见 科普,0
不 版本 新版,0
头梁 改善,0
求 对比 听感,0
老版 用户 路过 质量 很 可靠   没有 弱 不 经风,0
逛 贴 有人 说 版本 低频 以前 更加 凝聚 现在 手上 版 没有 对比 不太 清楚,0
是不是 换,0
玩机 过程 经验 积累 认知 提高 过程,0
透明 几毛钱 保险管 声音 素淡 密度 低 高频 延申 好 毛刺 感和机线 听感 相似 保险管 毛刺 感 明显 少 密度 提高 变得 厚声 反而 延申 感觉 比较 差 声音 走向 享声 那条 大 粗线 电源 很 相似 个人 更 喜欢 冷声 偏薄 一点点 声底 最后 留下 机线 瑞士 舒特 保险管 反而 廉价 搭配 适合 口味,-1
保险丝 上 量子 橙   牛 逼   再往 上 太贵 消费 不起,-1
烧 保险 应该 问题,0
感觉 随便 买个 成名 监听 即可 一两千 几百 都 够   开放式 考虑 舒尔 强烈建议 二手 价格 一手 差距 很大,-1
,0
松下 完美 符合,0
奥帝兹   蓝牙 直连 电脑 定位 游戏 耳机 不 发烧 不 最求 应该 最 适合 楼主 耳机 元 预算 没用 完 可能 一半 钱够,-1
看到 标题 第一 反应 赞同 举个 爪,1
谢谢,0
歌德 低端 耳机 随便,0
隔音 向来 比森海强,1
失真 进行 到底,-1
,0
模拟信号 加强,1
不 知道 接 以后 评测 耳放会 不会 起到 提示 作用,0
效果 会 更好 有源音箱 载 系统 中耳 放 相当于 前级 输入 信号 进行 缓冲 输出 信号 降低 输出 内阻 不加 放大 输出 声音 效果 会 更好 当然 前提 耳放 不能 太差 产品,-1
相当于 前 级 放大,0
学习,0
以后 找 机会 试试,0
我试 做 前级 不错,1
完全 赞成 不要 造成 音箱 输入 过载 会 发生 削波,1
鱼版 正解,0
接 已经 一年 完全 没 问题 耳放 前级 效果 很 好,1
以前 说 好 耳放 肯定 一台 好 前级 好 前级 不 一定 一台 好 耳放,1
好像 试过 推,1
呵呵   学习,-1
想法,0
近十年 歌德     黑标 最 个性 感觉 耳机 补充 不错,1
双修,0
低端 中低端 中端 无 后缀,0
留个 欧 全出 掉,0
听过 大声 场 再 听 声场 窄 想到 包子 褶 声音 捏成 一坨,0
是从 大声 场 往回 烧 刚 喜欢 大声 场 慢慢 喜欢 规整 声场 现在 更 喜欢 声场,1
觉得 耳机 声场 没有 大 说法 都 小得 可怜 音箱 面前 捏成 粉末 玩 耳机 追求 应该 精准 结像 分析 力,1
沙发,0
破 箱子,0
木头 盒子,0
不错 个人 更 喜欢 下级 开放式 型号,1
安培数 大 低音   早有 定论,0
都 再 大 没试,0
耳放 自带 有次 咨询 高登鸽 总换 保险丝 问题 直接 说换,0
机都用 路过,0
红心 支持 手机 遥控 使用 遥控器 方便 遗憾 不能 控制 音量 快 进快 退 按键 不好,-1
之前 用爵 聆 现在   预算 万超 感觉 音质 很 不错 细节 声场 都 出来 感觉 操作 适应性 没有 爵 聆 好,1
,0
单位 宿舍 没有 网络 倾向 数播 网播 无论是 硬件 软件 都 太贵 没有 网 还 不能,-1
不是 有个 配套,0
听说 含有 甲醛 空气 干净 空气 更,1
镇纸 即将 上市,0
今天 换 保险丝 录音 发 几个 群 事先 还 没 说 换 大家 都 觉得 换 视频 好 很多很多 人 猜 俩个 器材 说 答案 大家 都 沉默,1
说 很 多次 分为 二个 平行 宇宙 普通 宇宙 发烧 宇宙,0
不 避震,0
不能 苟同 煲 快 年 才 声音 才 终于 稳定下来,0
万元 左右 丹 声学 真力 有源 监听 音乐 类型 上 全面 超越 顶级 大耳,1
流行 人声 为主 选 音箱 古典 为主 选 耳机 两个 都 桌面 音箱 不能 指望 太 尤其 古典,0
  换     派   加 线性 电源   确实 耳朵 高频 延伸 低频 量 特别 小提琴 音色 明显 变化 以为 脑放   对比 一下   的确 提升,0
不 知道 可能 数播 真的 好 不到 去 做 达菲 数播 实在 好 太 不用 对比 一听 知道 可能 太烂 哈哈哈,1
转盘 提升 大 买碟,0
功能 机,0
数播 请 一万多,0
便宜 型号 都 停产 讨论 少,0
产品 太多 国产品牌 两双手 都 数 不 过来 展会 上 新晋 品牌 现场 促销 很 低 价格 价格 高 一倍 左右 玩意 自然 曾经 老 品牌 慢慢 淡出 视线 十五年 前 黄金组合 大 莱曼 推 现在 已经 没 人 讨论 曾经 火 现在 没人 讨论 加拿大 惊雷 前 几年 低价 御用 标配 现在 讨论 少     系列 曾经 很 火 解码 直 推 都 不错 和弦 出现 更 人 视野 里 再 两年 和弦 一定 会 淡出 视线,1
便宜 型号 停产 主要 因素 手头 确实 好听 颜值 高,1
为啥 不 降价,0
体积 巨大 分体 设计 价格 跳水,0
吹 人 不见,0
现在 真 好价 咸鱼 上 看到 一套 犹豫 分钟 没,1
最近 入 一支 正在 等功 放到 货,0
疲软 没有 那种 扎实 感觉,0
帮顶 帮顶,1
现在 已经 有版,0
会 很多 人 说 线 看 阻抗,0
套个 避震 网吧 声音 好 很多 做,1
盲听 真理,0
我覺 差 耶   正好 手上 兩條 都,-1
明显 不 我家 三位 半 表 阻值 声音 大不相同 木耳 都 听 出 线 做工 粗细 都 线 好 很多 线 搭 都 很 不 理想 声音 发虚 泛音 偏多 大家 试试 线 搭,1
维持 原线 好   换线,1
难怪 听 感觉 低频 泛间 原来 线 原因 声音 像是 录音室 回音,0
线 卖 贵 反而,0
,0
阻抗 不是 值   参考值   看 频率,1
  系统 每个 环节 声音 改变 混沌 效应   导致 无法 预测,0
听 不 说不出 好,1
头梁 杀人   好点   都 老 天龙,1
刚入 一只 二手 倒 没 觉得 做工 问题 确实 有点 顶头 听 流行 很 不错 直 插 手机 听 听 外 观看 个人 尤其 木纹 看运气 二手,1
没 存在 价值 播片,1
肯定 买 转盘,0
,0
干 同价位 转盘 不 值得 入手 干赢 不 值得 买 老烧 指教 一下,1
有人 说 能干 同价位 转盘 说 干过 万元 不 太 相信 冒险 吃个 螃蟹 入个 试试 不行 出 朋友家 听 舒服 嫌 买碟 换碟 麻烦 死 硬盘 几万 首 音乐文件 只能靠 数播 电脑操作 更 麻烦,-1
个人 建议 不要 买 转盘 声音 都 稀烂 包括 听 某鱼 上万 老实 买个 欧洲 机都 不会 多差 看看 德国 摇头 还 便宜,-1
解码 拼,0
支持 下 可乐 总,1
下一代 直接 内部 解码 降低成本   版 马上 年 入 国军,0
这次 瀑布 流式 理念 琐碎,0
革命性 退步 接下来 期待 密集 纠错 升级,-1
偏 苹果 化 个人感觉 失去 个性 要变 大众情人 倾向 喽 其实 都 接受 相比 之前 版本 相似 推荐 一位 艺人 全部 专辑 首页 没有 直观 星级 显示 感觉 吐 槽 下 很多 专辑 评星 非常 客观 综合 评定 很 厉害 值得 学习,1
说 疑似 同一 专辑 不同 格式 搜索 只能 找到 想要 找全 需要 进,0
已 退回 确实 以前,-1
目前 起来 感觉 还好 扁平化 以前 直接 一点,1
群晖 还 没有 安装 上 手机 自动更新,0
音质 应该 提高,0
觉得 高压 开关,0
看 接线 应该 转盘 解码 放大 一体机,0
自爆,0
绝好 脑放 内行 点破 遗憾,1
晚上 偷偷 人 听 听到 仙乐,0
变压器 略小哈,0
这是 开关 上面 写 开 合闸,0
大耳 没 难 推 现在 便携 功率 都 上来 不错 选择,1
日系 木碗 之流 随便 平衡 怼 德奥 系 插 听 不是 最佳 搭配 好声 不易,1
艾 巴索 听 古典 小 台机 平时 看片 听用   足够 好听,1
都 不是 人,0
电 避震 很 必要,0
人惠威 音箱 光纤 接到 电视机 上 停,0
其实 搞好 三 大件 之前 有人 去 搞 排 插 电处 界面 线材,1
楼主 耳机 先换条 好点 单晶 银 耳机线 试试 不小 改变,1
搞完 三 大件 发烧 之路 才,0
数播 网播 很多 都 功能 连串 流 蓝牙 都 手机 平板 控制,0
二万 内 一万 内 发挥 不好 墨菊,-1
配 墨菊 不错,1
搭配 有点 尴尬 确实 弦乐 管乐 确实 挺 嗨 不知 钢琴 感觉 都 上 不 去 人声 更是 惨淡 都 说 难 推 寻思 墨菊 推 起来 应该 不错 人声 真的 够,1
搭配 有点 尴尬 确实 弦乐 管乐 确实 挺 嗨 不知 钢琴 感觉 都 上 不 去 人声 更是 惨淡 都 说 难 推 寻思 墨菊 推 起来 应该 不错 人声 真的 够,1
常听 流行 希望 人声 耳朵 近 一点 盲 狙 有点 后悔,0
我用索 六万 听 感觉 人声 不远 额,0
我用 墨菊 试 觉得 还 有点 素 比金菊 好多 每个 人 喜好 不同 很难说,1
人声 不行 索 六万 表现,0
器材 耳机 越好 越 听 不好 人声 有声 小说 里 纯 人声 大部分 人 嗓子 不是 很 好 耳机 越 好听 起来 越 惨不忍睹,-1
墨菊 搭 铁三角 行,0
墨菊 感觉 还 行 解析 力 很 好 人声 弦乐 都 低音 感觉 差点 下潜 瞬态 都 很 不错 低音 音量 有点 小,-1
强迫症 会 接受 不了,1
贴 带 图 都 会 来看 一眼 咳咳,0
不 突然 想起 问题 真力 没有 音量 调节 必须 前级 控制,0
女友 不错,1
没前级,0
找 官方 试听,0
三菱 哪种 国产,0
当年 玩不起 三菱 现在 看看 玩不起 三菱 呜呜 看起来 不错 当年 找 中关村 熟人 买 铼 德 厂盘 都 没有 质量 真 好,-1
不能 以进 灰 说 拆修 凭据 手机 没 拆进 灰 很 正常,0
这货 不是 全密封 进点 灰 正常 内部 大量 积灰 问题,0
卖家 机器 稍微 进灰 很 正常   买家 信不过 问问 大家,0
所有 镜头 都 会 进灰 不能 说 每个 镜头 都 修过 卖家 商量一下 找 修 电器 地方 拆开 看 一下 有没有 补焊 地方 没有 一下 尘,0
执意 说 进灰 维修 很 无语   都 烧油 不是 商家 说实话 经不起 折腾 以后 还敢 交易,-1
自然 不会 拆 不是 见 不惯 几粒 灰尘 别人 说明 未 拆过 会 进灰 不了,0
卖家 点个 赞,1
会进 一点 灰 当初 用久 一点 不好 说 东西 没个 防 拆 标签 没法 简单 看 有没有 灰 判定 是不是 维修 在意 不要 买 免得 不停 猜测,-1
前排 留名 关注 楼主 营养 贴,0
我发 贴 都 垃圾 没 营养,-1
见过 说法 二代 换成 一代 耳罩 声音 成 一代 可惜 一代 耳罩 没 二代 耳机 没法 求证,0
现在 还 没 找到 推好 二代 耳放,1
开放 封闭 木头 少 做工 方面 没什么 明显 差别 看出 缩水,-1
写 真 好 前 几天 代和代 都 出 代,1
楼主 好 贴 帮顶,1
投资 有点 大 最贵 线 没 超过 预算 入个 玩玩 不知 搭 不 搭线 性价比 确实 不高 朋友 箱子 系统 听 苏默 蓝水 给出 评价 很 高 可能 耳机 听 听感 疲劳 反而 没 觉察 出来 推森海 拜亚 耳机 确实 不错 前提 好 音源 基础 目前 手头 留下 三支 耳机,1
听力 消耗品 宝贵 听力 去 耳塞 耳机 消耗 好好 保留 用来 听 音箱,1
更 喜欢 有线 耳机 不用 受 续航 限制,1
双修 很 快乐 可惜 都 换线 原线 实在 没法 听,0
买过     小乌 租借 最后 留       两年 古典 听得少 现场 越来越 齿音 音源 包容 度 不 适合 我系 二选 一选 相对 正确 选择 最近 古典 几乎 已经 不怎么 听 吃 灰 越来越 久 半个 月 都 很少 听 一次 平时 戴 最,0
系统 里 原线 已经 很 细腻 柔和 从来 没 觉得 燥 感觉 燥 觉得 不是 耳机 问题 倾向 解码 问题 我用   会 觉得 声音 有点 燥换 解码 不燥,0
均衡 不行 森海 完成 系列 后 算是 无欲无求,0
选择 双修,1
现在 发 广播,0
单 端线 森海 标的 号段,0
二楼 说 挺 全 响 曲线 很 重要 一点 人耳 低 音量 时会 降低 低频 高频 感知 会 觉得 两端 弱 很多 索然无味,0
大 音量 下 人声 更好 听,1
怕 损伤 听力 大声 更好 听,1
还 算 杂食 易 推,0
内 全新 天使 吉米 氧气 记得,0
浅田 樱花 木 穷 烧用 东西 穷烧 不 限定,0
云 试听 感觉 类似 那种 磅礴 大气 不 刺激 声 可惜 鱼上 没有 收到 合适 解毒,1
真的 很 喜欢 大师 入 现在 一体机 加听 年 还 想 搞 回来 武汉 听海 听 更 直白 直接 高频 比硬 一点 系列 不知 好,1
都 改 平衡 一段时间 声音 密度 比好 封闭 声场 没比 小 都 细 线条 耳机 配合 韵味 前端 会 好 配合 偏 解析 风格 前端 有点 刺耳 现在 用接   需要 调压 一下 高频 才能 听用 以前 觉得 最舒服 耳机 以后 觉得 压 耳朵 更 舒服 更 适合 长时间 佩戴,1
个人 认为 更 全面 推荐,0
再者说 觉得 数字编码 完全 完整 精确 还原 声音 记录 声音 不能 完整 还原 声音 模拟 磁带 相对来说 能够 完整 还原 完整 度 不同 不是 光 动态 好 音色 区别,1
普通 盒式磁带 无论如何 搞 都 温暖 不 可能 刺耳 金属 盒式磁带 搞 不好 冷 刺 环境 要求 不 高歌 录音 环境 很 敏感 搞 不好 硬 刺 去 总结,-1
不好 出货,-1
每个 时代 审美 都 不 规律 越 缺什么 越 觉得 珍贵 往往 不是 真的 眼前 好 是因为 没 得到 已 失去,1
三个 都 停产 耳机 帖子 应该 出现 年 后 两个 我玩过 放到 现在 都 不算 好   咸鱼 假货 一大堆 推好 能比 强 一点点 不 适合 听 流行 素质 般的 铁三角 调音 流行 塞子 大 耳机 里 老版 定位 现在 已经 凉透,-1
泪目 人 记得   第一条 塞子,0
理论 上 最好 单元 体积 摆在 物理 降维 打击 实践 上 最好 世界 上 第一条 圈铁 第一条 破万 塞子,1
第一条 塞子 楼主 问题 太 穿越,0
生物 振膜 好 多种 容易 坏些 天龙 福斯特 创新 都 不 容易 坏,1
出现 红点 录音 电平 比较 高 输出 电平 高会 出现 适当 调整 输出 电平 前级 不 支持 高电平 输入 可能 会 出现 破音 我用 耳放 都 没 遇到 过破音 现象,1
便携式 耳放 试试 台式 耳放 推 不错,1
就够 塞子 上台 没 意义,0
最终 不 内存 读取,0
无噪音 很大 优势 寿命 隐患 有时候 坏 起来 不是 一下子 完全 坏掉 可能 颗粒 信息 部分 丢失 不 一定 及时发现 之前 买 还 算是 高端 型号 三星 年 出现 文件 部分 内容 丢失 情况 歌 中间 缺掉 分钟 最好 同步 东西 备份 下 当然 纯当 消耗品 不 考虑 长期 保存 东西 肯定 现在 两个 机械 硬盘 噪音 真的 有点 大 考虑 用回 机械 硬盘 做 备份,-1
机械 硬盘 放在 远端 固态 临时 使用 拷贝 区 即可 完美 解决 双方 矛盾 问题,0
声音 没 区别 都 先读 内存 里 再 播放,0
应该 换个 概念 里 电脑 使用 固态 硬盘 机械 硬盘 产生 干扰 大 不是 硬盘 问题 电脑 本身 问题 完美 甩锅 电脑 上 看 码流 传输 都 够用   机械 硬盘 传输速率 根本 不是 问题,-1
该是 气氛 组 出来 欢乐,0
,0
觉得 玩 集邮 关注点 停留 音乐 上,0
共地 引起 自激 尝试 三台 机器 机壳 直接 接地,0
耳机 接口,0
插针,0
线,0
插头 接 法 特殊 需要 实际 经验 介绍,0
记得 插 不 进去,0
没事   一体机 春节 回老家 忘记 关   待机 天   现在 还 好好,1
很 久 之前 有过   其实 渠道 价 都 区间 没有 大 波动,0
价吧,0
拿下,0
加个期 免息 估计 很多 人 跳 坑,0
玩意 应该 最高 等级 滤波   不 应该 比差   是不是 系统 问题,-1
觉得 索尼 精选 古典音乐 音源 质量 很 好,1
试试 改晶振用 直 插 直 连用 大功率 线性 电源 供电 折腾 树莓 派 发现 这种 声音 最好 确实 太 折腾,-1
加上 看 评测 都 说 不错 听 下来 其实 还好 总是 感觉 解析 没有 高 有人 可能 觉得 数码 声重 觉得 树莓 都 已经 份 上 没 必要 再 折腾,-1
百万 有没有 好 解决方案 再 试试 还 不 知道 啥时候 回国 一趟     方案 不 知道 看着 精致 不少 烙印 做 玩意 总 透出 一种 土味,1
没 打开 看过 应该 超级 电容 方案,0
  还 真用 当时 没有 普通 电源 感觉   样子 声音 不 凝聚 发散 当然 普通 版 玩 都 差不多 不 知道 是不是 系统 问题 调音 样子 我用 系统 都,-1
低成本 玩具 不能 指望 太高,0
索尼 那個 金寶線 假 個掛 著金 寶 牌子 忽悠 傻蛋 假線 樓 上 那個 才 真金 寶的 耳 機線 事實 上 還有 三種 等級 單晶銅 單晶銅 鍍銀 單晶 銀三種 金寶線 作為 編織線 祖師爺 較 看看 索尼 假線 樓 上 照片 上 知道 差距 漢聲 出 線 編織 倒 金寶的 方向 走 功力 能到 幾成 沒 較過 不好 說,-1
金宝 觉得 还 行 体现 耳机 真正 想 表达 感觉 还 原线,0
习惯 玩线 玩家 声音 确实 会 带来 明显 区别 基于 本来 声底 完善 角度 来看 没什么 意义 只不过 素质 更高 一点 声音 更金宝 没 甚 关系 去 接接 乌托邦 会 听 出 类似 提升 大家 都 变成 耳机,0
第一张 照片 左边 墙角 圆筒状 低频 陷阱 好像 型号 选择 不太对 直径 太小 体积 最多能 削掉 一点 左右 驻波 再 低 不行,1
多大 低音炮,0
低频 陷阱,0
受教 好 帖,1
低频 陷阱 特意 回去 找 一下,0
牛 年 大吉,1
新年快乐 牛 年 大吉,1
新年快乐 大家 坛 越 办越 好,1
牛 年 大吉,1
新年快乐 祝 大家 牛年 听 上 更 牛 设备,1
活动 真不错,1
祝 大家 坛 牛年 越来越 好,1
牛 年 财源滚滚,1
人 张嘴 既能 喷 捧 真 认可 销量 证明,0
同价位,0
算是 家用 多媒体 里面 大 牌子 主打 小 体积 大 能量 场景 适应 使用 理念 比较 不 太 个人感觉 音质 还 多媒体 范畴 看 电影 流行 摇滚 不错 当然 家用 多媒体 选择 品牌 非常 差距 都 不大 哈曼 宝华 多媒体 雅马哈 飞利浦 銘威 发罗维 索尼 天龙,-1
高端 多媒体 追求 理念 氛围 感 舒适 放松 高端 追求 还原 现场 目标 不 很多 明星 设备 下班 回家 不是 一定 才 听歌 我玩过 设备 不算 少 做饭 休闲 个人 更 喜欢 手机 直连 蓝牙 音箱 不是 垃圾 蓝牙 定位 解析 声场 舒服 听音 感受 才 王道,-1
原来 一对 声音 倒 不错 感觉 不 方便 没有 蓝牙,-1
个人 认为 很难 修好 没 声音 可能 线断 好 搞 声音 声音 小 感觉不好 搞,-1
剃须刀 刷子 滤网 上 插 几下 好 曾经 两对 塞子 都 碰到 这种 情况 都 搞好,1
有没有 人 对比   耳罩 耳罩,0
听说 换线 版 出,0
还 改 一下 划算,0
耳机 真是 折腾 玩法 都,-1
原线 已经 不错 反而 换 耳罩   阻尼 会 更 大 惊喜,1
耳罩   皮 耳罩 原厂 接近 耳罩 耳罩 耳罩,0
能换线 毫无 换 冲动,0
不错,1
請問 們 都 甚麼,0
真心 好 东西 感觉 完全 没有 必要 换线 想 试试 双 三针 平衡 知道 线材 想 搞 双 三针 平衡,1
耳机 寿命 很长 我付 耳机 四五年 没 停机 现在 还 很 好,1
换个 银线 变,0
我刚 拿到 觉得 声场 大刚 拿到 大乌 觉得 分离 度高 结象 好听 一阵子 亮点 找 不到 感觉 耳朵 习惯 一种 声音 后 很 难 捕捉到 细节,1
正常 煲 好 就行了 煲机 音乐 很 重要,1
正经 产品 感觉 不会 这种 查询 方式 查询,0
不 推荐,0
好 复杂,1
看起来 很 牛 逼 大致 意思 了解 细节 晚点 再 看 比起 主要 优势,1
  最好 部署 虚拟机 上 最近 折腾 想 问问 非 英语 专辑 数据库 支持 很菜 抓鬼 扫描 不 出来 有没有 时间 音乐 标签 批量 自动化 处理 套路,-1
感谢 分享 系统 有意思 都 不 懂 想 讨教 下 网易 云 苹果 音乐 推送 大概 流程,1
谢谢 分享,0
没 复杂 装在 电脑 上 装在 上 一台 配置 稍 高 专机 再 加个 齐活,0
感觉 太 复杂 用个 苹果 系统 远程 控制 不 就行了,0
听说 驱动 文件夹 文件 加密,0
请 品牌 去 付费 年费 不贵,0
产品 里面 颗大晶振 系统 驱动 不行 换 系统 设备 驱动 兼容性 会 好些,1
有没有 懂得 破解 驱动 大佬,1
不止 驱动 固件 需要 一起 升级 配合 估计 先 刷新 固件 可惜 固件 很 难搞,0
,0
应该 都,0
都 实际 听感 不行 至少 得到 才能 听 无法 消除 噪音,-1
都 数据文件 形式 销售,0
早就 停产,0
估计 这俩 耳放 都 不行 现在 已经 当初 难 推,0
我换 管子 推,0
会响,0
声音 功能 都 正常   不在意 问题,0
前面 口 推 耳机 支持 双口   看 前面板 有个 耳机 口,1
没 说 清楚 前面 耳机 口 不是 支持 平衡 四芯 转双 平衡 线,1
单独 听 挺 好 对比 会 发现 差距 不 听 大 编制 好听,-1
同款 台灯 第一次 见到 听 感话 说 耳机线 插针 红色 套管 不是 通常 表示 右耳 看 图片 插 左边,0
原线 看 官方 说 里面 单晶 铜 单晶 银 混合 纯 单晶 铜 单晶 银 不至于 不佳,0
换 耳机 折腾 一下 电源 比换 耳机线 更 有用,-1
刺激 不耐 听 大部分 原因 都 音源 造成 原线 绝对 不 可能 刺激 反而 还要 糊 换 耳机线 去 改善 问题 恐怕 走错 路,-1
手持 天龙 表示 很 好听,1
同问 闲鱼 烧友 说 声场 变 大,0
原线 剪 改 平衡 线用 古河 镀 铑 插头 加 手工 不到 普通 插头 还 便宜 原线 丰达 线 时间 长 容易 扭曲 老化 基本上 老 天龙 这条 老化 之后 再 考虑 买 官配 平衡 线,0
换 楼主 换 线,0
用心 都   低端 耳机,1
高端 耳机 密度 最大 差距 密度 这点 符合 定位 声场 素质 有所 超越,-1
楼主 觉得 有没有 头中感,0
低频 残 觉得 金属 电子 应该 差,-1
男人家 直接 上 不想 投入 人 来说 真 入门 首选 佩戴 感受 无出其右,0
人声 有点 太尖 毛刺 感 录音 不好 音乐 不 友好,-1
千元 看下惠威 无线耳机,0
杂食 二手 欧 即可 相对 好 推,1
无线 推荐     有线 调音 铁三角   索尼 低端 强得 多纯 有线 开放式 推荐   没 新版 齿音 重 低频 量 大 宽松 点 封闭式 推荐 咸鱼 最近 全新 库存 别买成,1
直 推 蓝牙 都 直 推 不错 上放 更 出色,1
一步到位,0
以下 推荐,0
外观 确实 有点 居家 风格,0
支持 想 上 上 开箱,1
买来 记得 换管,0
说实话 声价 比不高 剩下 楼主 品味 楼 明白人,0
第四条 非常 充分 整,0
好 耳机,1
都 低端 货色 不值一提,1
森海 西装 套,0
机线,0
有钱人,0
可能 是因为 玩 台式 设备 人 通常 买 二手 不是 全新 原因,0
高阻 耳机 实际上 古典音乐 处于 低潮期 全球 卖 多年 编号 才 几万 号 看 出来,0
古典 包子 碟 十几 二十一 张 大师 演绎 廉价 结集 卖有 几个 买 头版 黑胶 市场 决定,0
三代 侧面 不会 塑料盖,0
特斯拉 单元 太 需要 煲 刚 到手 听得 很 迷虎想 这什 麽 东西 之后 每次 听 都 有点 不 感受 认真 分享 只能 稳定下来 才能 分享,0
最近 沉迷 消费 级 市场 不可自拔 没 上心 据说 今年 有大 动作,0
有过 个人感觉 挤 不 进去 调教 好 加上 拉 不开 差距 大 乌 这种 差距 明显,-1
平板 耳机 好不好 推 磁铁 质量 数量 成 直接 关系   强力 双面 磁铁   强力 单面 磁铁   用弱 隐形 非对称 双面 磁铁,-1
单元 按理说 潜力 很大 调音 总是 走得 比较 自我 挺 任性 喜欢 会 很 喜欢 不 喜欢 不 喜欢,-1
归根结底 火不火 关键 看 有没有 人 推 推 国内 更小众 实力 不 弱 说白了 没 代理 没人 推 做 不 出来 当然 产能 低 再 美国 老 毛子 实力 不弱 没 代理 北美 做 半死不活 叫好 不 叫座,1
确实 冷门 声音 一等一,0
出,0
继续 出 包装 齐全 再保,0
码 还 就要,0
还 还 就要,0
都 价了,0
现在 全 缐 耳机 都 没什么 动态   那比 对手 轻克 重量 基本 都 省 磁铁 质和量 上   好比 开配 入门 省油 引擎 美式 筋肉 跑车   有型 无实 虚,1
真 没 看 懂 低频 下潜 好 动态 不会 差 说 动态 指 残响 少 残响 少 声音 薄收 快 人 觉得 动态 好 平板 耳机 残响 个人 觉得 适中 比较 听 箱子 感觉,-1
欣赏 不 好,1
确实 好手 原线 过于 拉 跨,1
多数 情况 下 好,1
放心 哪根 都 不 咋样,0
没救 放弃,0
还 真是 哪根 都 不 咋样   换 银彩 线 稍微 好 一点   人声 见长 耳机,1
放心 都 很 好 都 听,1
卖 换,0
适合 听 古典 不 适合 人声,0
农夫 喽,0
几千 买 条线 不痛不痒 微调 还 再 买个 流行 耳机 翻天覆地 改变,0
以前 功放 推 气势磅礴 还 适配器 串 两个 电阻 事 很 简单,0
正在 搞 装备 看 装备 栏 正在 定做 老叶 适配器 将来 分享,0
耳机 加炮 投 好,1
以下,0
混音 指南 里 分段 低频     中 低频     中 高频     高频       软件 里 更 细分 方式,0
以下 低频 没法 人 耳 听到 音响 现场 身体 感受,0
非 精确 算法,0
不是 数码味 塑料 味,0
狗哥 到位 略 脆略 单薄 塑料 味 很 难 达到 致密 扎实 宽松 自然,0
上次 搬家 直接 扔 现在 想想 有点 后悔,0
头戴 大耳 耳机 吊打 同价 耳塞 听 一千 头戴式 耳机 听 不惯 同价 耳塞 声音 厚薄 亮暗 看 厂家 调音 风格,1
入耳式 原本 设计 初衷 觉得 不是 用来 欣赏 音乐 用来 工具 耳塞 入耳式 声音 都 不 外 耳廓 人体 自然 进化 形成 听觉 系统 不 匹配,0
现在 还 说 入耳 塑料 味 落后 年   森海 现在 老款 素质 掉队   新 塞子 做 一塌糊涂     东西 声音 不要 拿出 来说   中 上 水平 谢兰图 都 不会 塑料 味   发现 很多 台式 玩家 真的 已经 活在 梦里,0
不 符合 審美 一股 子 百多 兩 百元 降級線 辣雞味,0
纯 银色 感觉 不错 欣赏 不 耳机 插头 至今 依然 感觉 全世界 最 好看 耳机 插头 没有 古河 欧亚 德 插头 外观 出屎 最贵 插头 买过 智商 插头 没有 发现 牛逼到 去 倒 外观 恶心 死 一个月 都 没 坚持下去 换回 原配 插头 后来 很多 胶水 可能 个人 比较 喜欢 简约 风格 关系 仅 个人 审美,-1
个人 忠爱 碳纤维 插头,0
最 受不了 这种 透明 皮 编织 线,0
扬仕 宣传员 干嘛 老是 塞子 升级 线 扔 大耳 版块,0
说句 实在话 外形 非常 普通 人留 不下 印象,0
真 好看,1
关键 不 好看,-1
混编 没 觉得 银 好看,1
配色 一股 大秧歌 味,0
下 表示 欣赏 不 谢谢,0
歌德 耳机 很 特点,0
歌德 其实 一两个 就够,0
不 懂 帮顶,1
阿尔派,0
头梁 内侧 塑胶模具 看上去 开 不错 英文 商标 印 缺乏 水准 塑料件 看上去 做工 很 可能 模具 开 不好 可能 没 注塑 好 可能 没 拍 好,-1
以前 有过 牌子 汽车音响 很 不错,1
搓 不 就行了 电源线 简单,0
线基 线 不 值得 搓,1
买俩 头子 接 一下 不 好 比较 纠结 顶多 点点 焊锡 打点 热熔胶,1
不用 焊 真 不是 难事,0
狐狸 手艺 很 好,1
说 买线 基 头子 做 看看 狐狸 手艺 不错,1
控制,0
韭菜,-1
产品 评测 不 作业 不,0
换 大 乌 耳罩 很 通透   杂食   中正 想 听暖糊 换回 原 耳罩 相当于 互补,0
劲浪 问题 不 声音 好坏 质量 问题,1
没 必要 调音 很迷 不是 每个 人 都 接受 索尼 想象 中 大众 喜欢 流行歌曲 调音 不受 群体 待见 足见 索尼 音频 方向 势 危再 没有 那种 雄心勃勃 产品,-1
出 二手 前面 折腾 所有 东西 亏 都 少,-1
试听,0
国人 真牛,1
直接 双子座 双排 线 撕开 一根 做 信号 一根 做 供电 两个 头 还 省事,0
咸鱼 上 找点 大厂 线基 线 世界 白 金星 很 实惠,0
淘宝 买 纯银 线 做 供电 线 应该 不错,1
那种   蓝 水线,0
数字 线有 严格 阻值 匹配 屏蔽 规范 不 建议 手工,1
确实 硬 要说 感觉 下 最有 可能 飞傲 享声,0
只 听 口水 歌 的确 不用 上 笨重 台机,0
看着 不 平淡,0
桌子 不能 再 减肥,0
这一 桌子 太 二次元,0
脑 放水 杯,0
平淡,0
箱子 最大 问题 扰民 影响 邻里 和睦 夜深人静 想 听 音乐 只能 耳机,-1
买单 车 买 汽车 冲突,0
音箱 优势 部分 毋庸置疑 家里 声学 处理 跟上 最 要命 扰民 只能 玩 耳机 去,-1
家里 别墅 好,1
去 金色 大厅 听 一次 恨不得 音箱 扔 天边 永远 不想 听,0
进来 学习,0
试下 转不动,0
大乌 佩戴 确实 需要 改良,0
学习,0
确实,0
原装 左右 山寨 版会 改变 频响 曲线 仿 不到 原厂 一毛,-1
买 原厂,0
正常 价 便宜 挂 咸鱼 记得 讲清楚 不 声音 不喜 退货 再 淘个 带 原装 罩,-1
建议 天猫 上 买 原装 耳罩 调音 一部分 很 重要 耳罩 新旧 程度 都 会 影响 实际 听音 体验 买 原装,0
现在 很 便宜 旧 耳机 卖 再 买 新,0
丑爆 不 注重 外形 国产 机会 慢慢 淘汰,0
样子 有点 解毒,1
二代 合适,1
本来 不是 发烧友 碰 东西,0
来看 大奥 二代,0
确实 没 听 看 评论   缺点 明显 貌似 三频 脱节,0
说得对,0
大奥,0
说得对,0
那算 幾代,0
犹豫,0
推比 还 好听,1
方程式 老老实实 玩 平板 推动 圈 挺 难听,-1
版 高频 刮耳,0
后者 均衡器 均衡器 很 不错   比好   音质,1
打开 直通 模式 更上一层楼,0
破解版 花钱 版 效果,0
还 买 正版 发现 每年 都 割 一次 韭菜 直接 劝退 盗版 真香,-1
年 年 付费 更新 有点 坑,0
专辑 整理 难道 不香 自带 专辑 整理,0
本地   只认   音乐   文件夹   设置 那能 设置 成 移动硬盘 文件夹,0
再 弄 文件夹 分类 好 有时候 想 文件夹 听歌,1
学习,0
大 风扇 换 可能 还好 点 不会 死亡,1
这是 老烧 喷不动,0
楼主 不是 人有 办公室 音响 工薪阶层 配个 电脑 音箱 副耳机 已经 满足,0
氛围 必然,0
原装 没有,0
选   曲线   两头 翘,0
加多點 二手 大烏,0
,0
金属 摇滚 电音 这种 节奏快 鼓声 刺激 型 音乐 无脑 大 奶罩 就行了,0
下潜 强有质 有量 偏 凝聚 氛围 感没强 女声 不止 亮 亮 凸显 齿音 试过 推 不好,-1
大佬 抓个 轨,0
良心 网站 前不久 也定 一单 特价 国内 单买 价格 优惠 控制 张 以内 不会 税 可惜 部分 厂牌 没有 上,1
心目 中不比   大厂 地位 低,0
麦克风 品牌 型号 耳机 少话 放 搭配 很 讲究 楼主 认真 去 音频 应用 论坛 先 观察 观察,0
个人 背包 机上 一代 旗舰 两只 森海塞尔 两只 索尼 新闻 话筒 玩过 几次 之后 永久 压箱底 东西 兴趣爱好 去 玩 都 过于 复杂 主要 前期 录音 太 专业 后期 工作量 太 大,1
没人用,0
声音 不错 佩戴 难受 头梁 容易 断裂,1
,0
佩戴 难受 都 伤身,0
谢谢   喜欢 风格   没 办法,1
继续,0
低频 声音 非常 好头 梁会 开裂 有点 重 时间 超个 小时 会 觉得 累 是因为 被动 停下 耳朵 休息 挺 好 换 头 梁换 线 声音 会 混 一点 低 音量 多一点 头 梁换 垃圾 线 改 双线 出线 差不多 没 必要,-1
声场 窄 加点 东西 垫 里面,0
压头 带 不了 分钟 路过,0
谢谢   换线 必须 无论是   现在 问题   入 入   主要 听 抒情 欧美 女声 小 编制 抒情 音乐   谢谢,0
谢谢   换线 必须 无论是   现在 问题   入 入   主要 听 抒情 欧美 女声 小 编制 抒情 音乐   只 睡 前 听   谢谢,0
换线加 低频 不靠 谱   看看 上 耳罩 进行   应该 加强 低频,1
佩戴 都 不 太 舒服 声音 还 不错,1
觉得 声音 不太好 当然 这种 强点 价位 不错 选择,1
手里 三代 试试 方法,0
拆下 那层 调音 棉后 会 发现 里面 变得 二代 不用 担心 进去 杂物 带 起来 反而 更 舒服,1
定制 一条 银铜 混编 线 才 改善 闷 问题 楼主 说 办法 应该 更 有效,0
亮度 还好 高频 控制 恰到好处 不 锐利 不闷糊 齿音 刚刚 好,1
操作 之后 还 能装 回去 不敢 随意 下手,0
齿音 会 变重,0
不能 后 端 换 耳机 箱子 环境 才 可能 接近 惊天地泣鬼神 不是 聋子 非 烧油 都 明显 感觉 提升 前端 来回 仔细 对比 才能 好 点 感觉,1
高级 数播 优势 操作性 管理 能力 不是 说 声音 翻天覆地 变化,1
数码 部分 性能 稳定 即可,0
直接 看欧 蓝得,0
不 大 换 器材 里面 难得 真正 提升 前提 音 源文件 够 好,1
芯片 偏 韵味 东西 解析 都 做 不错 听过 答案 呵呵 专业 机 品牌 个人 比较 喜欢 品牌 东西,-1
做出 声音 细节 我用 金波 琥珀 代 解析 不足 透明度 差 高频 不 飘逸,-1
不错 听听 银乌 干净利落,1
家 表示 偏 素质 型,0
想 知道 东西,0
值得 买 万元 内 个人 觉得 无敌 存在,1
打算 近期 入 一副 试试,0
试听 入手 试试,0
履带 优势 低频 很 猛 需要 很大 电流 不太 容易 做到 适配器 功放 工作 正常 输出阻抗 下 方便 运行 线性 工作 区 适配器 输出 端 电流 连接 功放 输入 端 电流 倍 充分发挥 履带 潜能,1
去年 买过 低频 一整块 过量 控制 不住 感觉 不 知道 现在 是不是 改进版,0
高端 耳机   高端 器材   不够 低端 好,1
不 升级 没 原因 字穷 两个 字 没 钱,0
主要 穷,0
不想 整天 吃 方便面,0
我选,1
穷是 原罪,0
没 钱 难道 还会 第二个 原因,0
钱 原因 外 手上 已经 不少 耳朵 一双 脑袋,0
无 穷,0
穷 啊啊啊,0
这点 钱 肯定 关键 值得 不 值得 怕 折腾 骗,-1
穷 手动 大写,0
大多数 图一 新鲜 新鲜 劲过 处理 处理 家当 干嘛 干嘛 仅 少数 情种 涉足 深拔 不 出来,0
单端 转 平衡 指 输入 内部 假 平衡,-1
真 平衡,0
没有 好听,1
麻烦 英文 回复 贴 一下,-1
直连 开关电源 电 噪声 都 线 信号线 传递 解码 声音 变差 太 正常 最起码 搞 光纤 隔离 一下,-1
同意 同化 概念 耳放 下限 高 上限 低 手机 不会 上 解码 差 很多 上 高级 没什么 提升,-1
推   都 很 好听 素质 够用 绕过 耳放接 非常 好听 素质 不错 退烧,-1
至少 不能 解码器 模拟输出 比较 好 出掉   买 一台 更好 耳放,1
想 听,0
耳机 四节 头 支持 平衡 推上 平衡 细节 会 多些,1
帮顶 感谢 分享 请问 包装 里 是否 固定 耳机 纸架 空盒 耳机 放在 里面 会 逛荡,1
森海 新出 没见,0
听过 耳朵 创新 浓浓的 数码味 高频 刺激 哪来 感情,0
创新 老 硬盘机 串键 问题 不是 键 触点 老化 短路 芯片 识别 出错 换 按钮 开关 没有 下去 下 一曲 可能 识别 停止 问题 不好 解决 加 线控 想 不能 解决,-1
欧美 流行音乐 趋势 伴奏 更加 电音化 唱腔 更 元气 声 大量 运用 说 唱 夹杂 电音 中 低频 太 考验 机器 缺少 低频 播放器 听 歌曲 少 味道 耳机 孔 输出 不屑一顾 太薄 的确 创新 灵魂 人物 傅望 道 评价 国内 普通 音质 都 取消 耳机 孔太对 本来 鸡肋,0
请坛 中 大佬 赐教,0
听 欧姆 动圈 入耳 可能 开 十分之一 音量 就够 可能 有点 不 适合 糊 到底 解释 低频 重 混 无力 作者 未 详细 说明,0
创新   声音 偏硬,0
请坛 中 大佬 说 说,0
顶上去,1
请坛 中 大佬 说 说,0
请坛 中 大佬 说 说,0
顶到 天荒地老 谢谢 坛友 建议 想 买 老 硬盘机,1
不 值得 最合适 蓝牙 适配器,1
谢谢 楼上 两位   已经 冷静下来   准备 攒钱,0
便携 就算 上 台上,0
买 折腾 收个 二手,-1
这种 暖 调音 适合 人声 推力 够 大 平板 解析 都 会 提升 看 取舍,0
买 新 不 买 旧,0
不太 个人 认为 没 大 差别 随意 买 行,-1
花岗岩,0
喜欢 模拟 味 买 个机 听 黑胶,1
便宜 很多,0
好 成色 二手 不算 亏,1
不 上台 插 手机 随便 听听,0
年前 玩法 现在 怀旧   重拾,0
玩 便携 买个 好 推 低阻 耳机 不是 便携 准备 台机 都 不 一定 搞 好,1
灵敏度 灵敏度 灵敏度 灵敏度 灵敏度 会 出现 情况 非常 非常 吃 功率 耳放 推不出 声压 玩 都 家用 大功 放 差距 功率 就要 加 一倍 其实 非常 可怕 灵敏度 丹 出了名 大食 鬼 灵敏度 当然 这是 音箱 指标,-1
曾经 确实 比贵来 贵出 五百块 钱 年前,0
可能 楼主 听惯 高频 下 段 高耸 峰 不 敏感 听 觉得 薄亮 不耐 听 低频 很 好,-1
赞成 些许 缺点 瑕不掩瑜 夜里 安静 听听 琵琶 乐 大珠小珠落玉盘 感觉 很 不错,1
才能 买 得到,0
原装 耳机 架 小 心头 梁走线 断裂,0
帮顶 号斯产 高频率 听 好几年 最近 两三年 主要 插 看 网络 视频 根本 没有 一点 在意 可言 头梁 断线 问题 已经 没 耳 罩子 塌陷 鼓包 问题 不是 夸张,1
写 不错,1
写 好 学习,1
苏宁 太 黑 记得 当年 行货 价格 三千多,-1
第一个 耳机 听 年 最近 刚买 刚 听 感觉 区别 不大 听 一段时间 后 听 回 耳朵 摘 发现 好听,1
最佳 配合 折腾 几支 耳机   选 两货 佩戴 还轻,-1
不用 复杂 去 看 好 超越 同时代 各家 旗舰 存在 频响 素质,1
感觉 不行 第一件 事 不是 说 耳机 不行 音源 耳放 设备 真的 不入流 真 价格 无关,0
声场 不小 平衡 推 声场 歌德 大白 档次 小 半圈 当然 单端,0
三代 高频 少 一点   低频 很多   先 试试 喜不喜欢 耳机,-1
不要 这种 直接 买个 播放器 直 推就行 效果 比上 耳放好,1
欧 以下 都 没 问题 过欧 明显 软糊,0
机子 解码 值钱 耳放 部分 推日系 低 阻大耳 软 解码 档 非常 打耳放 掩盖 解码 水平,1
不 适合 适合 低阻,0
,0
,0
挺 好 还 送个 前级 功能,1
这货 搞 不 知道   没 详细 参数   没 条件 试听 只能 看看 参数,0
平衡 口太 鸡肋 推广 不力 吃枣 药丸,0
喜欢 听 人声 为主 干,1
暂时 持 保留意见,0
铁饭 空来 逛 不 去 更新 帖子,0
保留意见 喜欢 投,1
看 笑 爽,0
,0
,0
进来 看看 赢,0
小白 两篇 文章 分析 相当 透彻,0
传送 不到 屏蔽,0
只 听   感觉 非常 监听   性格,0
天天 厮杀,0
都 好,1
资源 很 好 感谢 大佬 分享,1
好文 好 资源 顶,1
手嶌葵 专辑 中 我常 听 青 図 書室,0
听个 曲 门道 谢谢 资源,0
好家伙 现在 菜鸟 入门 入门 门槛 都 仰视,-1
一步到位 类 音乐 气势 要求 高,0
觉得 非常 不错 选择,1
买个 底座 数字 输出,0
意义 不 大 配件 很难 找 音质 不好,-1
耳机线 大部分 情况 都 比较 明显 信号线 试 部分 情况 很 明显 部分 情况 不 明显 数字 线 很多 情况 不 明显 部分 情况 明显 电源线 没试,0
平级 同价位 考虑 升级 线材 耳机线 变化 强于 换 讯号线,1
个人 感受 耳机线 最大 解码 放大器 模拟信号 线 数字 线 电源线,0
这得 看 以前   以前 新 线 大 差异 个人 尝试 经验 来看   市面上   耳机线 目前 来看 影响 更大 概率 更大,-1
当然 概率   买 两条 耳机线 相近   可能 还 没 两根 线 区别 大,0
耳机线,0
想 试试 平衡 口 当然 先 搞 条 平衡 头 耳机线 原线 改 行,0
这种 属于 易 推倒 耳机 手机 都 没 问题,0
没有 听过 类似 独 一份 算是 静电 那种 通透 高频 可能 比较 接近 没 关系,0
静电,0
好 购买 渠道,1
不太有 德国 大师 耳机 味道 非常 独特 现在 没 找到 类似,0
静电 听 动 圈里 最 接近 静电,0
以前 区别 挺大 以前 出掉 一只 低频 完全 不少 感觉 低频 砍,0
估计 只能 往上走   其实 行,0
可用 声音 会 变得 更 均衡 不要 低频 直接 残废 听 都 一股 金属 味,0
淘宝 块 绒 耳罩 就行,0
收 何庆华 解码 再 收个 耳放,0
结论 开关电源 线性 电源 好,1
播音 效果 好 不能 代表 音乐 效果 好 播音 中频 就行了 还会 刻意 加强,1
几个 线电 都 好像 评测 几个 线电 都 垃圾,-1
线电 测试 个人 觉得 不算 糊 确实 明纬 系列 没什么 区别 稍微 对比 下 注意 糊 不是 指 高音 柔化 低频 有点 散 听感 主观臆断 太强 随便 扯淡 不作数,1
线电 看 噪声 更 重要 高速 动态 响应 还 普通 开关电源,0
试 电脑 谱 网线 绕过 中继 直接 接到 路由器 之前 电脑 用过 水星 网卡 推送 鼠莓 派 软 趴 趴 现在 电脑 鼠莓 派 都 网线 很 满意,0
线 玩 东西 过滤 一点 高频 噪声 有人 买单 钱 不 需要 动 脑袋 买买 买 行,0
正常 要求 本来 不 开关电源 加成 效果,0
意思 线 电 全糊,0
最近 新 派出 款元线 电 希望 有人 小白鼠 比鼠莓 派线 电好 考虑 双十 一入,1
很大,0
解码 耳放 都 还原 音源 音源 质量 高 不会 差 很多 我用 手上 一台 三万     做 数播 索尼 电磁炉 做 解码 耳放 电脑 输出 电磁炉 相比 电脑 轻微 低噪 没有 明显 差距,-1
数播   数播 差别 大不大 不 清楚   数播 电脑 直连 差别 很大,-1
森海 货加 转盘 提升 不 大,0
成品 数播 没 听 做 数播 瘦 客户机 线电 一共 三百左右 反正 再也 没 听 电脑,0
感觉 不同 网站 测 出来 好像 都 不 太     测 看着 比较 清爽 测 个峰 比较 小 很快 衰减,1
好文 帮顶 喜欢 大乌 外观 止步 佩戴 体验,1
音箱 高音喇叭,0
耳放 输出阻抗 耳机 低频 确实 影响 很大 没玩过 大 乌 歌德 耳机 插 不同 输出阻抗 耳放上 低频 有时候 说 天差地别,-1
音染 程度 受 驱动 影响 越 不 干净 自然 谐波 音染 更 大大 乌音染 存在 推 不是 很 重 染色 跟耳放 输出阻抗 关系 不大,-1
耳机 最大 毛病 单元 返修率 高,0
没 区别 音频 不到 大 速度 接口 之间 声音 一丝 差异 倾向 个体差异,-1
音频 数据 都 走 插口 上,0
试听 满意,0
用口 声音 好 很多 口 建议 使用 网线 并排 一组 靠近,1
楼主 对比 下 路径   发出 声音,0
装     推送     弄 成   样子 是不是 理论 上 支持 所有 流媒体   升频,1
据说 今年 要出 无损 播放列表 曲库,1
人声 齿音 比较,0
当然 禅,0
手持 小乌想 换 只 听 网易 云 流行 人声 不知 值不值得 换,1
做工 优良 佩戴 舒适 偏 流行 主要 弄 控制力 推力 好点 便携 都 搞好 适合 简单 不 折腾 人,-1
论坛 里 收 走 版主 坚定 放心,0
建议 论坛 收 不敢 闲鱼 买,0
好像 现在 不 支持 纯 鉴定,1
论坛 收 版主 鉴定,0
玩 十几年 高 危区 塞子 真心 不敢 走 闲鱼,0
本来 手里 一条 买 好多年 锦艺 行货 前些天 想 卖 收到 接口 不 卖 当个 随身 蓝牙 耳挂,1
听过 听 知道 真假 森海 声音 大气 厚暖声,-1
想 知道 几百块 最好,1
平衡   耳机 上限   投个 千买 耳放 不 值得 投个 千 还 不 投,1
,0
考虑,0
看 楼主 写 铝带 耳机 挺 适合 可惜 没有 大功 放 大功 放 一定 会 忍不住 去 买 一对 大 音箱,0
用到 现在   觉得 高频 手头 相比 差距 声场 确实 不小 相比 各有特色 高频 棉被 感 没有 齿音 估计 专门 修饰 预想 中 铝带 高频 不同 总体 总 觉得 有点 黯淡 不够 鲜活 更 喜欢,-1
不 喜欢 以价论 声 大家 都 知道 穷 真 法拉利 假,-1
现在 听 声音 确实 不错,1
接近 原机 线 换 必要,0
最 简单 原线 直接 改 平衡 投入 最小,0
原装 单 端线 其实 很 好 平,1
换 线   直接 原线 改   前端 耳放 不行 换 线 都 不好 使,-1
看来 原线 改靠 谱,0
沙发 应该 家 天花板,0
大试 推 平板 没,0
膜拜 大,0
好文顶,1
只 听 一次 耳放 还 巡回 反正 听 偏糊 高频 刺激 低频 缺 质感 行体 感 好像 两 堵墙 树 中频 标志性 暖 味 说实话 不 喜欢 这种 自带 混响 感觉 听感,-1
大家 坛 回事 难得 发个 真实 感受 对比 贴话 说 整个 论坛 人 搞 这种 对比 回 好像 不 积极 顶上去,1
真大烧,0
估计 推   声音 很 好 试过   推 两 耳机 很 不错,1
推 神器,0
机器 真 漂亮,1
基本 主推 放 解码 随便 看看 评测 耳机 挺 谱,0
加耳放 解码 收益 高得,0
先量 量体温 看 有没有 发烧 没 发烧 戴 上 耳机 听 音乐 看 好不好 听 觉得 好听 没有 必要 加 觉得 不好 听 找 地方 试听 听到 喜欢 再 买 发烧 缓解 痛苦 都 会加 基本 没救 退烧 日后 会 反复 发作,-1
个人 认为 并不需要 耳放,0
来说,0
氧化,0
听 古典音乐 拜亚 动力 耳机 最是 物美价廉 初 入门 建议   欧国行 现在 大概 之间 选个 之间 解码 耳放 一体机 足矣 左右 就行了 不要 想 一步到位 就要 以内,0
预算 剩下 整个 一体机,0
超出 点 预算 上 省心,0
撒才,0
建议 买 出入 基本 良好 覆盖 听音 类型 前端 共用,1
不想 走弯路 买 能力 范围 内 最贵,0
推荐 一代 价格 都 以下 推力 好像 差不多,-1
实不相瞒 几个 都 弯路,0
这号 太 新 应该 养 两天 再来 不 没 说服力 太 年轻,0
不 应该 差 可能 没煲 开,-1
现场 试听 声音 不是 暖厚 路子 还要 中性点 欣赏 那种 声音 应该 残响 少 很瘦 声音 个人感觉 人 耳朵 刺激 太薄,0
错 信 托,0
展会 听过 没 说 夸张,0
牌子 定位 不 高端 再 好 机子 声音 都 不行 都 出 声音 真的 差 看 英国 机 考虑 转盘,-1
别买 吸入式,0
用过 机器 几个 月 韵味 还 行 素质 解析 不行,0
今天 看到 帖子 说 艺雅     买 不 知道,0
我用 差不多 年 没有 楼上 说 不堪 解码 以内 不会 短板 素质 够用 乐 感到 位 声音 流畅 适合 双休 多休 只 听 建议 买个 唱机 划算,-1
片子 口碑 很 好 貌似 最近 出 新一代 系列 样子 有所 改观 唯一 不好 吸入式,-1
不明 觉厉 刚 买,0
影音 大耳 来说 飞利浦 家 好像 那么回事 当之无愧 蹭 听 大法 森海 差不多 同等 价位 拜亚   只 印象 中 坐在 电脑前 看 电影 确实 最爽 加勒比海 盗刚 下载 蓝光 震撼 声场 最 记得 一场 海盗船 就要 翻 配乐 大浪 紧张 气氛 临场感 十足,-1
低频 特别 适合 听大 动态,0
白牙 更 适合 看 电影 听说 白牙 低频 声场 不错 两只 都,1
今年 还 出 条       不 知道 楼主 原线 买,0
曾经 试过 大 法线 上 当时 接 御龙 解码 一体机 上 表现 自带 原 线下 声音 差不多 可能 推足 推饱 情况 下线 不同 已经 没有 耳朵 差别 其实 原线 不差 没什么 好 设备 直接 插 笔记本 上 听 情况 下换条 纯度 高 单晶 铜线 确实 音质 会 好点,-1
那条 线 最配 固定 搭配,0
已经 封闭 版 据说 低频 非常 猛是 影音 利器,1
国人 工业 审美 有待 加强 纯 国产 基本 没有 一家 产品 外壳 设计 到位,1
预言 楼主 会 试试 梅,0
这是 代工 解码 电阻 精度 高于 上面,0
机器 最大 特点 音色 比较 甜美 不亏 缺点 动态 氛围 稍微 弱点 适合 流行,0
,0
看到 架子 知道 大佬 大佬 预备队 候补 战士 班,0
天虫,0
知不知道 色域 饱和度 比好 很多 市场 淘汰 不 一定 差 劣币 驱逐 良币 理论 论坛 早有 帖子 建议 翻翻 取代 黑胶 方便 便携 不是 音质 便携 成为 可能 同理 取代 不是 音质 更好,-1
来得 有点 晚,0
谢谢 理解 支持 合作 噢 谷谷 竭诚 烧友 服务 欢迎 预约 试听 台式 系列产品 祝 大家 春季 愉快 牛牛 大顺,1
谢谢 理解 支持 合作 欢迎 烧友 约 听 台式 大耳 系列产品 祝 春节快乐 牛牛 大顺,1
国产 器材 售后 相对 进口 器材 售后 好得多,1
终于 发 有点 晚 拖 要强,1
身段 放 柔软 一点 事情 解决 余地,0
推 还行,0
想入 不 知道 接 耳放后 加 没有 必要,0
试试 平板 才,0
,0
推 平板 最好   万元 绝对 称霸   不好 说,-1
升级 款,0
  棒棒 哒   下来 听听,1
楼主 首歌 录音 电平,0
学校 做 配音 经常 用到 没 料到,0
学习 一下,0
学习 一下,0
比较 新 版本 配合 提升 非常 大,0
坐等 更新,0
楼主 应该 第一次 听到 平板 声音 初 听 低频 听 都 柔顺 慢慢 信号 不 纯净 问题 会 凸显 出来 之前 单位 淘汰 所有   换 丰达 平板 监听 全军覆没 年 之内 只 平板 换成,0
看 桌面 空间 发烧 热度,0
不 听 古典     冷门 狠货,0
高端 一堆 低端 不是 很 容易 选择 所有 力量 集中 一点 才 最强,1
一只 足矣,0
森海粉 杂食 党 来说 一副 中庸 杂食 耳机 就够 没有 兴趣 相反 找到 一首 好听 音乐 更 兴奋 入 前期 可能 会 觉得 不够 耐听 问题 其实 坚持 听 下去 时不时 找点 好 音乐 两年 下来 知道 变得 非常 耐听 问题 感觉 不到 说 暖 声 相对 变得 中庸 其实 觉得 已经 够 玩 不 那么回事,1
曾经 后者     小 乌三修 后来 三换 一入 旗舰 真香 绝对 素质 压倒 面前 调音 都 无所谓,0
完全 不 耳塞,0
曾经 非常 喜欢 塞子 质量 主要 问题 不是 修 送修 路上   水准 黑武士 差不多 流行 很 好听,-1
建议 楼主 最好 收个 二手 找个 试听 耳塞 低频 记得 以前 听 起来 声场 不 大 高频 不够 突出 调节 高 低频 感觉 整体 不够 非常 优秀,1
楼主 问 下     是否 认出 上 文件 看 介绍 应该 播放 支持 文件   网口 只能 认出 播放 文件,1
最近 一波 安利 人 心痒,0
建议 楼主 赶紧 写 邮件 官网 反馈 修复 一下 网播 素质,0
对外 置 移动硬盘 支持 文件,1
咨询 下   区别 本人 想 放 床头 听听 歌 貌似 蓝牙 直连 手机   方便 听歌,0
到时候 弄个 树莓 派来 做 网播,0
支持 使用 做 网播,1
飞,0
很 好 杂志 陆陆续续 买 过些,1
一部分,0
请问 不是 杂志 上 断断续续 买过 好几本,1
盗版   正版 打折 电子书,0
钱,0
,1
玩 估计 最大 不确定性 在于 耳放 便宜 量 足 几乎 没有 对不起 耳机 售价,0
试听,0
钱,0
希望 国产 技术 越来越 强,1
请问 缺点,0
下单 只能 看看 人 只能靠 试听 试试 次奥 大香 万元 级 更 愿意 买 平板 动圈 耳房 好 搞,1
人声 看 味道 不是 解析 声场 觉得 这种 情况 可能 觉得 听 流行 人声 插 手机       耳机 接 台式 一体机 好听,1
高级 黑,1
人声 不是 素质 越高越 好 声场 越大越 好 很多 耳放能 退出 声场 分离 度 不 代表 人声 好听 我大乌 电脑 直 推 人声 味道 惊雷 好听 太多,-1
刚 发布 说 东西 直 推挺 好听,1
先 排除 下电 电脑 带来 干扰 换个 电 电脑 试试 有没有 不行 听 单端 底 噪会 平衡 口小,-1
去 尝试 抗干扰 磁环   音乐 响起 还 会 在乎 细微 嗓音 科技 发达   城市 汽车   乱七八糟 声音   时常 都 会   好像 没 人 在意   演唱会   嘈杂 交流 声音 多人 去 听   说 声音 好听 骗 鬼   其实 去 见 明星 去,-1
买个 二手 没有 底噪,0
可能 接地 问题 可能 家里 电 问题 机器 挪到 环境 试试看 应该 解决问题,0
糊狗 耳机 口 还 不是 严格 意义 上 耳放算 数字 前 级 可能 更 合适 用过 大耳里 不能 说 推好 只能 说 比较 表现 差距 从小到大 依次 先锋 大师 银乌 剩下 个人 标准 只能 算 勉强 及格线,-1
耳放口 达到 超过 耳放口 水平 真的 万元 台机 随便 刚,0
极致 推 不错,1
配听   感觉 够用,0
风格 上 个人感觉 劲浪 都 还 大乌 金乌 喜欢 金乌 声音 做个 便携 套装 不错,1
写 首发 测评,0
使用 非常 厉害 国人 手笔,1
曾经 纠结 精音 选择 而加 牌子 群 天 直接 说 清除 精音 细作 踢 出群 东西 水平 不 知道 人 格局,0
应该 不是 解码 原理 相近 架构 听 蛮 人 说 很 牛 贵 价位 上 依然 实力 强劲 精品,1
强 插 不好 会 关进去,-1
怪 问题 条件 当然 直接 怼 墙上,0
上墙 插 荷宝,0
加点 预算 上 千元 最强 墙 插 古河 不香,1
左右 买 欧亚 德,0
解码 耳放 都 不 值得 收藏 古董 值得 收藏,1
古董 电子管 值得 收藏 耳放 解码 没 古董 说法,1
胆机 没有 老不老 说法 一堆   管子 都 年,0
没有 电子 古董 说法 电子 垃圾,-1
算了吧 不是 收藏品,0
二手 收个,0
收个,0
李工   推 相当 好听 推出 以前 没听到过 宽松 感,1
齿音 刺耳 先 检测 一下 耳机,0
解码 耳放 完全 只不过 前端 耳机 末 版 瓦楞纸 现在 播放器 感觉 声音 还 行,0
,0
都 闲置 说 齿音 还 真 没 遇到 咸鱼 收 手 保修期 内 听 起来 网上 枪文 相差 很大 没有 低音 中频 不厚 发给 售后 检测 售后 打电话 说 没 问题 不 认同 对比 听 换 单元 寄 回来 一听 舒坦 低音 声音 厚度 都 出来 可能 耳机 问题,-1
卖家 打交道 会受 点气,0
抄袭 口碑 国外 界面 用旧 固件 还 不是   没有 狼 教授 推它 普通 不能 普通 不值一提,1
确实 抄 缺陷 补上 原版 卖线 电纯 界面 部分 供电 缺陷 这部分 小 调整 不能 改变 抄 本质 价格 没太多 指责,0
耳罩 状态 影响 很大,0
钱收   想 收个 新点,0
确实 假 怕 上家 拆开 观察 耳罩 卡扣 没 扣紧 还好 说装 反 忘装 调音 棉 可能,-1
不同 设备 下 低频 结像会 呈现 巨大 差异,-1
耳机 还 没煲 开多 听听 好了没 大事,1
,0
解码 比较 糊 难道 人 错觉,0
咸鱼 搞个 二手 听 不 满意 出,0
属于 盲 狙 设备 前提 大件 都 耳机 系统 上 是否 要花 钱 买 看 预算 要求 箱子 系统 建议 条件 都 上,0
随身带 不得 再 背个 蓄电池 组,0
整个   太上皇 凯音,0
机器 碰到 机场 野蛮 搬运 胆胆 都 破,0
,0
签到,0
,0
,0
,0
,0
,0
,0
,0
,0
,0
,0
好,1
,0
支持 下,1
我天 复活   大 文 必定,0
一凡 大佬 我来 宙斯 好评 好评 小 核子 好评 弗朗索瓦 克鲁伊坦 拉威尔 最 好评,1
好久不见 一凡兄   支持 一下,1
一是 电压 二是 太大 不好 逃三是 太重 运费 不 便宜 未必 划算 再就是 保修,-1
主要 线 区别,0
耳机 没 区别 老大 乌 单买 那根 平衡 线 之后,0
区别 低频 高频 都 区别 不 一条线,0
音乐 魅力 在于 音乐 设计 本身 不是 回放 过程 好听 音乐 高斯 播放 足够,1
古代 贵族 都 请 乐团 现场 奏乐,0
现在 做 机器人 不难,0
自动 演奏 钢琴,0
多玩点 乐器 应该 不会 问 问题,0
迟早 事 乐器 不算 人声 都 完全 智能 自动化 初音 未来 原型机 现在 比较 机器人 音 要不了 多久 保证 无法 分辨 真人 机器人,0
八音盒 很 早就 发明 出来,0
上个世纪 日本 人 做 出来 机器 演奏 真 钢琴 还 听 雅马哈 弹得 难听 差别 好比 早期 机器 语音 真人 说话 大,-1
就算 控制面板 能用 放 采样率 都 没 问题,0
楼主 最后 解决 最进 想入 西装 套,0
无 语   系统 数字签名   换 解码 装 驱动 强制 关闭 数字签名   正版 早就 没有 强制 数字签名,-1
围观 围观,0
没 遇到 乱 亮灯 情况 播放 文件 才 会 亮灯 输出 设置 问题,0
月 下 夜想曲 少爷 经典,0
玩儿 最起码 以上 暴露 年龄,0
感觉 有点像 赛马 停产 很久 估计 欧 肯定 倒数 第一,0
相信   大乌 更加 适合,0
试试,0
个人 大头 带 不下 同样 松垮 横向 夹紧 力度 太小   更 像是 放在 头上,0
看来 头 大 戴过 最舒服 耳机,1
时钟 方案,0
北极星 秒 无 悬念,0
请问 国行 版本 顶部 字体 变成 四方 以前 国行 都 一行 字,1
数字 部分 牛,1
,0
线 电源线,0
同价位 考虑   机制 线 以为 目的 比起 这种 干活 线 起码 声音 上要 谱 点,0
看样子 电源线 黑水 一米 一米 五 块 国标 头 没贵 都 很 垃圾 成本 多点儿 觉得 划算 买 喽,-1
电源线 不要 买,0
国标 插座 插 美标,0
看 下 机器   可惜 不 支持 蓝牙   光是 功能 单一,1
额 关闭 脑放 安心 听 音乐吧,0
感觉 今晚 喝 有点,0
外观 很赞,1
正好 咨询 下楼 主   接耳放 音量 大小 一模一样,1
定价 太高 市场 部门 没 调研 好 大卖 现在 价格 东西 多好 目前 来说 牌子 缺点 底气 需要 时间 酝酿,1
求问 没有 瞬态 优化 取而代之 最小 相位 模式,0
针对 不错 出 体积 做 小点,1
传 数字 数据 解码 没 信号 转换 东西 国产 对付 没 问题,0
先 围观,0
实在 不行 搞个 界面 比较 不错,1
可买 全套 鼠莓 派,0
推 效果 还 推 好,1
亲测 推 大小 效果 都 不错,1
东西 蓝牙 耳机 电路 都 蓝牙 优化 插线 没 意义 直接 蓝牙 听,0
哑铃 买个 魔术 贴 捆绑 起来,0
剪短 换 插头,0
  基础 中 基础   刘汉盛 音响 二十 再 转 一次 想当年 楼主 入烧 看   应该 说 影响 无数 新世纪 烧友 一篇 文章,0
奶油味 不 知道 觉得 演绎 女声 时有 一种 类似 气声 发音 渲染 辉煌 感 觉得 混响 大 动态 大声 场 三者 之间 比例 协调 营造,0
学习,0
看到 三楼 熟,0
貌似 技术 派 厂家 反而 认为 开关电源 优势,0
新英 火牛,1
几年 前 玩 数字 功放 买过 明纬 开关电源 做工 稳定性 确实 一流,0
工业 电源   好好 标准 音频 电源,1
之前 好奇 换 素质 感多强 界面 线材 总是 不温不火 流畅 只不过 素质 高 界面 会 更 甜美 更 具备 女性 色彩 有点像 女 汉子 男人 女人味 少 现在 猜测 机器 电源 换 世界,1
现在 越来越 觉得 开关电源 好 通透 迅速 尤其 听 古典 线性 电源 所谓 背景 漆黑 安定 柔和 感觉 方面 弥补,1
好 文采,1
好奇 入 新英 一下子把 数播 烧坏 不敢,1
价格 赶紧 涨起来,0
解码 最高 支持 码率,1
一脉相承 区别 在于 音色 质感,0
不 适合 耳机 系统 听音,0
普通 還行   耳機 不行,0
顶 董壕,1
有意思,0
看看,0
见 董 老师   杰哥   音乐 做 对比   身为 杰哥   拥 趸   很 欢喜,0
两张 黑乎乎 照片 凑数,0
平衡 输出 是不是 接近 水准,1
不算 冷 基本上 偏 一点 暖 胆机 听 听 石机 都 觉得 冷,0
适合 倒 没错,0
这话 说 真 奇怪 交响乐 不能 引起 心中 共鸣,0
比较 喜欢 晶体管 放大器 甲类 比较 好听,1
一台 性价比 超高 耳放 个人 认为 不比差 解析 力 细节 素质 方面 更好,-1
想 入 可惜 没 钱,0
块 玩 确实 有点 小贵,0
爆音 卡顿 没遇 糟糕 电脑 才 会 事情 底噪 遇见 台式 电脑 接近 报废 机箱 漏电 会,0
爆音 接收器 过大,0
偏偏 很 残 雅马哈 声卡 表现 很 稳定 高端 货金贵 难 伺候,0
爆音 问题 真的 很迷 同一 台 电脑 装 不 爆装 爆 不同 设备 可能 爆 可能 不爆,0
楼主 问题 大概   输出 缓存 设置 太小 加大 没 问题 容易 爆音 设备 音质 会 更好 输入 信号 锁频 更 精准,1
觉得 认为 声音 不行 没用,-1
完全 需要 看 使用 方案,0
水王 数字 转盘,0
产品 最 明显 改变 静电 系统 上动圈 系统 变化 不 明显,0
半年 一只 爆音 卡顿 问题 后来 都 习惯   这货 当时 买来 上 没 去 对比 没 仔细 研究 当时 感觉 提升 若有若无 开 下 脑放 听 一次 不 知道 突然 出 问题 一用 上 电脑 死活 认不出 只好 拆下来 联系 维修 不用 情况 下 听 一下 才 发现 没有 声音 差 好多 声音 很 浮躁 感觉 吵 听 久 一会儿 觉得 烦躁 不堪 需要 音箱 停下来 休息 听 两天 都 后来 索性 不 听   天 联系 上 官方 官方 详细描述 一下 问题 看看 电脑 提示 插 上 神奇 好 一切正常 爆音 卡顿 都 正常 不了了之 继续 听带 听 浮躁 感觉 不敢 说 完全 解决 反正 以前 周末 早 听到 晚 直到 孩子 睡觉 才 依依不舍 关机,-1
偶尔 电脑 接到 解码器 直接 虾米 酷 听歌 方便 电脑 不 懂 想 问 一下 数字 界面 直接 接带 解码器 区别 加个 界面 到底 提升,1
多个 香炉 多个 鬼,0
用家 帮顶 年 净化 产品 只 听 两款 大鼠   级别 后者 级别 效果 明确 还 写 一篇 大鼠 文章 发表 高保真 音响 杂志 最终 留在 手里   太贵 买不起 原因 大鼠   需要 一根 电源线 一笔 投入,-1
凯乐 解码器 第一次 看见 倒 很 常见,0
贴图 好多,1
尽量 低 增益 加大 音量 减小 衰减 一般来说 低 增益 音量 以内 推好 不要 上 高增益,1
調低 音量 後 開 高增益   等同 蓋綿 被後開 冷氣   戴墨 鏡後開 大燈   踩 煞車 催油門,0
小巧 好看,1
耳放 不好 出,-1
耳放 很 不错,1
不是 说 光纤 光电 转换 次 反正 试 光纤 试过 没 区别,0
现在 台机 大多 接,0
当然 光纤 隔离 好,1
选择 毫无疑问 支持 以上 音源 光纤 只 支持 音质 音源 码率 高 占优 码率 低 两个 口 无 区别,1
搓线 师傅 搓 不了 光纤 自然 口碑 不行 带宽 的确 光纤 硬伤,0
对比 喜欢 听,1
楼上 多人 没 提,0
人 厌烦 论坛 吹     玩意 大谈 素质   监听   搞 监听 烧油 都 高级,-1
楼主 好心 劝 一句 删帖 下 很多 警察 出警,1
其实 差差 不大 佩戴 可能 好点 上 平衡 后 听 交响 很强 阻抗 更高 推开 之后 动态 更 强,-1
手上   都 说 人声 有股 淡淡的 甜味 尤其 听 完 一代 再切 回来 不想 说 觉得 没 森海 情节 东西 佩戴 上 爽 情节 玩 头版 反正 系统 上 长时间 仔细听 好友 头版 确实 有点 东西 现在   不 坑 没 特别,1
推到 成   会 感叹 惊艳 这是 唯一一 只能 这种 感觉 头戴,1
年 周围 烧友 一致 评价   十万 系统 搞个 九成 现在 退烧 多年 回来 不 知道 降,-1
记得 十几二十年 前玩个   都 必 需要 投入 几万块 钱 累 听 音箱 继续,0
所有 没有 具体型号 指引 等于 没说,0
神奇,0
新 耳机 都 前面 几十 小时 变化 明显,0
还 真 感觉 低频 最 明显,0
耳朵 煲 好,1
现在 换 版本   插件   声音 都 会 变化 包括 齿音,0
听 小时 再 听 试试,0
毫不犹豫,0
没 听 说 听 没 问题 觉得 不少 选择 价,0
不要 想 肯定,0
声音 感觉 低 一档 品控 不敢 入 说实话 选择 很多 不 一定 选 平板,0
建议 二手 闲鱼 几个 没用 多久 价格比 全新 低 不少,-1
正在 用做 解码 感觉 很 好 反正,1
貌似 几天 放毒,1
打算 只 买 一台   不 考虑 分体  ,0
应该 落后 两个,0
不 推荐 声音 初 听 还 行久 感觉 比较 生硬 自带 平衡 耳机 孔 不好 听 两个 没 听,-1
需要 大功率 耳放 推 直接 用功 放 推 声音 好 功放 直接 功放 加个 适配器 推 不错,1
耳机 有点 年头 不太好 推哟,1
现在 买不到,0
老 用户 飘过 推出 实在 太难 推,0
非常 不错 耳机 平时 不 听 时 记得 放 箱子 里 避潮 保护,1
很棒 耳机 看看 低 阻抗 下有 大 概率 台机 接小 攻防 屁股,0
医疗器械 外观 军民 融合 硕果,0
当时 应该 现在 价位,0
看 各人 耳道,0
比强,1
有人 展会 上 试听,0
支持 下 知足常乐,1
家 高频 亮 顺滑,0
推荐     本人 正在 使用 价位 楼主 上限 略 高 声音 应该 满足 楼主 要求,0
觉得 新版 达到 楼主 要求 中频 低频 很 好 喜欢 高频 明亮 泛音 近半年 折腾 很多 款 解码 还 没有 最终 决定 收留 哪款 目前 高频 暗 一点 都 满意 麻烦,-1
往上 看 一档 蹲个 二手,0
会 好,1
,0
看到 泛音 残响 分不清楚 知道 没 必要 看 下去,-1
实话实说 很多 理解 都 错误 看看 刘汉盛 音响 二十 学习 一下,0
用心 写 帖子 顶,1
顶,1
闲鱼 搞 不要 出 容易 点,0
查 定义 之后 重新 做 一根 线,0
打开 里面 有个 排线 插座 跳线 帽 解决,0
网上 有家 定制 才 定制 一条,0
跳线 只能 调整 声道 无 解,0
看样子 玩机 安逸 买 盘子 费钱,0
图 神似,0
不解 造型,0
做 回 圆形 其实 不算 很圆 考虑 佩戴 位置 声音 影响,0
用户 真的 没 人权 耳机 都 卖 才 敢 评论,0
箱子 声荟,0
楼主 不能 说 说 声音 区别,0
好 推 相比,1
这俩 声音 更 偏向 石机,0
都行 反正 听 古典 推开 就行 听 人声 可能 解决 下 中频 问题 上 胆机,0
人 国外 不去   上 研究 还 收收 平价 非常 不 建议 走 路线,0
两个 选 正,0
换 电源 尾 插 声音 不了 声场 不好 说 个人感觉 好点 看 音源,-1
自用 推换 不能 不能 打过 不 知道 没 听,1
不 清楚 代与代 中间 版本 电源 尾 插 真的 烂 原装 保险丝 换个 古河 不要 用带 保险丝 大小 不 声音 好 很多,1
感觉 更 适合 大乌,0
毫无疑问 选同 级别 里 翘楚,0
三代 声音 没 感觉 闷 低频 始终 一层 纱蒙 不肯 消散 感觉 氛围 人声 段 依旧 德味 那种 冷淡 感觉 仿佛 人声 一种 乐器 个人 不太 喜欢 这种 感觉 耳机 现在 样机 不是 特别 紧缺 建议 实际 听 一下 条件 允许 铁家 大钛子 对比 一下 三种 风格 反差 比较 明显,-1
挂 人 不好,-1
分别 推 推 差距 大不大 差,-1
哥们 出 联系 一下,0
真的 不 喜欢 封闭式,-1
楼主   对比  ,0
火钳 留名   最 喜欢 看 歌德 毒文,1
无语,-1
最 厉害 可惜 不 知道 才能 听到,1
一凡 歌德 脑残粉 膜拜,0
帮顶   写 不错,1
帮 顶一下,1
强帖 留名,1
好文 真正 歌德 爱好者,1
必须 顶,1
系统 解码 耳放 搭万 以下 搞定 不,0
一凡 壕 请 收下 月 膝盖,0
歌德 听 小 编制 很 好 听 流行 好好 搭配 会 失控,1
没有 便携 需求 性价比 很 低,0
真可怜 本来 还 勉强 背着 走 电源,1
升级版,0
本来 还 能带 入个 电源 正儿八经 入 台式,0
美国 制 史密斯 威森,0
更 凹 本身 中频 有点 凹 感觉 这下 提不起来,0
新旗舰 想 入会 降价,0
其实 说来说去 外壳 共振 可能 更加 封闭 拉 抬 低频 加上 高频 拉亮 失真 抬升 预测 声场 小于 月 见分晓,-1
不是 森海 官方 产品 合作方 搞 联名 款,0
电池 供电 底噪 竟然 还 大,0
老哥 请教 下 厦门 耳机 店,0
都 最好 关闭 好声   关键 精简 线程 提升 播放 优先级 降低 延时,1
机丝 力特 换 舒特 就行了 没 必要 电源线 周边 完善 之前 大 动 保险丝,-1
恭喜,1
牛 年 大喜,1
大 忽悠,0
雍容 大气 松弛 富贵 词儿 老烧 听得出来 厅堂 感 松香 更 高级 词 来说 好听 不好 听耐 听 不 耐 听 舒服 不 舒服,-1
年代 声音 还 不能 算差 居然 推出 水晶般 剔透 高音 大 莱曼 莱曼 会 更加 稳 一点 留 莱曼,-1
前 钻石 用户 个人 很 欣赏 乐感 清新 活跃 特点,0
买 假 大奥 换,-1
楼主 可能 觉得 玩意 应该 精致 玩意 糙 再 买个 歌德 觉得 精致 无比,1
上 卡 达斯 之后   整体   密度 进一步 提升   润泽 度   音色 都 更暖润,0
谢谢 辛勤 分享 看来 臻 之作 诚意 之作 配得 上 旗舰 名号,0
好長 好長,1
大神 打算 卖 米,0
中頻 問題 更 嚴重,0
高手 高处 不 深寒 懂,1
好 实力 搭配,1
体积 放料 为所欲为,0
喜欢 玩 分体 搭配 调整 起来 方便,1
现在 用家 不,1
之前 看 大佬 说版用 铜线 双头 梁版 钢丝 线 单元,0
版 做工 觉得 只值 元 入手 心理准备 真 不敢相信 森海 耳机 声音 中频 很 味道 样子 便携 耳机 耳机 实际上 很难 驱动 很多 人 说 耳机 没有 声场 声场 小 其实 设备 没 推好 没 声场 推开,1
版 更 轻,0
单纯 买个 玩玩 肯定 买款 不差 一餐饭 钱 后面 还要 心有 不甘,-1
官升线 单晶 铜试 感觉 很 顺滑 有点 太 顺滑 不大 习惯 喜欢 双子座 那种 大气 感觉,1
耳机 风格,0
人声,0
算了吧 声音 转盘 部分 太 落伍 最高 只 支持 曲目 关机 无法 记忆 操作 按钮 居然 设计 顶面 摆明 不想 设备 叠放 上面 只 叠 别人 上面 顶面 做成 弧形 路数 售价 完全 买 一套 不错 纯 数字 转盘 解码 耳放 分体 毛要 鸡肋 一体机 吐槽 一下 一体机 居然 铁皮 盒子 良心何在,1
不说 外观 声音 很,0
享声 最 值得 购买 机器 三部 官翻,1
平衡 二房 还 勘用 主要 功能 平衡 前级 接后 级 推 箱子 爽得 很,0
本质 电脑 需要 外接 显示屏 使用 遥控,0
网络 延迟 好重,1
华为 路由器,0
没钱 赚 做 消费 级 不香,0
年 加盟 华为 走 索尼 打法 弟子 都 叫好,1
这人 没 鼓捣 出过 好 东西 进 华为 后 感觉 消失,1
试问 新一代 新 技术 应该 作古,0
数字 转盘 锁相环 电路 干什么,0
,0
钱 直接 买 再 买 接 开发板,0
楼主 可否 加线 电做 评价 相比 前面 数播 韩国 谢谢,0
说 有点 素质 高 都 听 看 搭配,0
非常 同意 极致 设计 毫不妥协 做工 好 声音,1
请问 家   这种 入门级 数播   万元 价位 值得 买   这种 界面 起来 会 提高,1
没有 捷径,0
恭喜 明智 之选 专业 音频 厂 不会 人 失望 就算 森海 专业 领域 录音 麦 录音 器材 口碑,1
价位 换个 线 电 稍为 玩 一下 想 越级 挑战,0
严重 怀疑 是否 用过 仔细 对比   接耳放 推 二代     声音 太过 平面 解析 没有 优势 乏善可陈,0
利润 都 中间商,0
原来 森海塞尔 姓 正确 翻译 应该 圣何塞,0
楼主 耳放 颜值,1
天龙 这种 放飞 自我 调音 感觉 拿来 目标 曲线 对比 都 意义 不大 差 太远 听 完全 风马牛不相及,-1
味道 最重 偏干 最 柔和 没 味道 大方向 高音 搞好 不输 万元 旗舰,1
貌似 上面 都 黑 最 厉害 几家,1
都 几家 联合 黑 一家 联合 几家 黑 另一家 完美 形成 互黑 一个圈 都 黑 其实 平手,0
不说 日系 一堆 木碗 钛 碗 皮碗 颜值 挺 大众 消费者 胃口,1
经历 经历 该交 学费 要交 必经阶段 绕 不 过去,0
楼主 老烧 新烧,0
发烧 大致 经历 以下 阶段 一是 听 阶段 主要 表现 吐槽 声音 干 刺糊冷 音色 音质 问题 二是 看用 声音 构造 空间 声音 塑造 形体 这一 阶段 主要 表现 讨论 音场 定位 结像 空间 问题 三是 听 器材 入门 随身 音乐厅 搭建 完成 后 回归 这一 阶段 主要 表现 音乐 内容 讨论,0
德行 匹配 耳机 配 专门 适合 耳放 解码 德行 匹配 更好 不行 整个 中性 二手 歌曲 音乐种类 配 解码 看着 钱来 下手,1
耳机 音源 厚润后 莱曼 推 低音 有点 糊 买 仿 更好 还 省钱,-1
新烧 老烧 永远 都 路上,0
关键 心态 淡泊 如水 手机 加配 塞 听 很 量力而行 更 值得 投入 很多,1
话 说 堆 钱 买 机玩 避震 专线 墙 插 电源线 信号线 这话 新手 来说 觉得 骗 钱 玩 开心 好 论坛 看到 随身 推大耳 手机 推大耳 评论 头头是道 都 默默 关 误导 人,-1
必须 大 不是 级别 东西,0
口水 序曲,0
刚出 机器 价格 水分 太 大 买个 二手 先 玩玩 过个 大半年 再换 不 迟,0
必须 大,0
新 上市 价格 太贵 准备 半年 后 咸鱼 蹲守 一台 试试,-1
,0
上 功放,0
随身   大菠萝,0
价位 都 推个 非常 还 音源 解码 不能 忽视,0
理论 上 挺 好 实际上 恐怕 另一回事,1
平衡 驱动 平衡 传输 两回事,0
楼主 有没有 电路 单端 转 三端 平衡 电路,0
耳罩 頭帶 定期 更換 損耗 一定 程度 會 衰聲 怎麼 推 都 推 不好,-1
差不多 感受 出 万 号 留 号 耳罩 线材 全部 原装 闲钱 全部 投资 前端 上,-1
请教 问题 这种 两台 耳放双 推是 调整 左右 声道 平衡,0
说 人声 不好 听 主要 指 录音 质量 不太好 唱片 港台 流行歌曲 录音 优秀 爵士 人声 古典 人声 没 问题,-1
一段 好 录音 前端 音源 耳放 揭示 力 足够 情况 下 听 人声 真的 不 适合,1
功率 小   增益 低,0
至少,0
比较 吃 解码 音源 耳放,0
真 没 难搞 当然 上限 不错,1
没 听 更好 机器 推 五六成 单端 推 七成 平衡 口 大概 八成 平衡 声音 适合 古典 听 人声 结项 散 日常 单端,1
没 必要,-1
耳朵 谱,0
听 流行 没 必要 换 没有 好听,-1
先 新 坑 填上,0
楼主 耳机 算是 高烧 九段 九段,0
天籁 帮顶,1
这图 拍 真是 彰显 富贵,0
耳机 外观 真是 一流 声音 差不多 水平 顶级 旗舰 差距,-1
九段 大佬 挖 坑 月球 上 都,0
九段 大佬 坑 已经 心满意足 躺 里面,0
貌似 一体机 耳放 已经 解码 肯定 选纯耳放,0
推 耳机,0
建议,0
家 表示 很 满意,0
俩 差距 太 大连 功能 类型 都 不同 好 比较 省事 一体机 预算 足 分体 上限 更高,-1
珍爱 生命 远离 铍 膜,0
铍 味 到底 味,0
劲浪 厂子 一点 进取心 没有 大 乌托邦 加条 垃圾 平衡 线 一波 涨价 理由 差别 没有,-1
木耳 无疑 话说回来 真能 听 出 区别 学学 欣赏 音乐 来得 实在,0
低频 都 加 够 硬   还要 继续 加   进一步 化 不可 避,0
这波   这波 旗舰 森海,0
这俩 货 看着 丑带 不 出去,0
价格 分别,0
不 知道 终结者 内置 区别 终结者 内置 界面 不是 级别,0
朋友 搭配 终结者 设备 貌似 数字 处理 功能 不是 传统 界面,0
,0
应该 都 独一无二 身份证,0
森海 报告 里 一段 一段 频响 肯定 每段 取 平均值 才能 画成 一段 一段 直线 不能 频响 曲线 不 直观 只 秀 出来 没什么 卵用,1
支持 下好文,1
帮顶 面包 总是 不是 出掉 买个 功放,1
感谢 初烧 正好 搞懂,1
功放 推 耳机 玩 一段时间 最后 瓦 胆机 推 舒服 功放 老老实实 推 箱子 出彩 术 专攻,1
功放 补充 看 三个 耳放 不是,0
确实 细腻 甜   小 觉得 已经 细到 不 真实 地步   塞子 还 针尖 结像   静电 还 细个 几倍   长时间 听 接受 不了,0
求 功放 推 效果,0
定制 耳机 都 会 送 掏 导管 铁棍 掏 掏 行,0
是不是 应该 买 留着 始于 终于,0
赶紧 买 几个 老 平头 压 压惊,0
听 到底 调音 区别 大 耳机 说 没有 超过 调音 思路 调音 风格 中性 和暖 厚 两种 铁三角 歌德 囊括 进去,0
何庆华 定制 高增益 版供 低 灵敏度 耳机,0
听说 还 听说,0
耳机 找 一体机,0
真皮 容易 发霉 人造革 容易 掉皮,0
至少 耳罩 内圈 背面 头梁 接触面 不 容易 发霉 人造革 噗,1
里   最 喜欢 宽松 耐 听 不失 高频 细节,1
老哥 拜年 牛 年 大吉,1
不 值得,1
看来 突出 中 高频,0
测 出来 失真 普遍 偏高 不 太 了解     更 谱,-1
个人感觉 做到 曲线 外壳 可能 修改 也许 喇叭 改动 还 没有 外壳 大 不改 磁铁 音圈 觉得   不会 显著 变化,1
失真 曲线 变化 有点 意思,-1
更足 凹 高频 确实 没 本质 提升,0
线材 折腾 完 都 两千,-1
任性,0
糕 換墊 換線 见 淘宝 上 加厚 真皮 垫,0
真 任性 耳机 没 钱,0
原线 换 闲鱼 卖 官升线 略微 提升 官升线 再 换 左右 镀银 线 耳朵 提升,0
换线 主要 增加 密度 增加 高频 顺滑 高频 毛刺 蛮,0
换线 换 飞利浦 系列,0
条件 搞个 西电 线 试试 没准 胃口,0
顺便 还要 吐槽 一下 演绎 古典 流行 非常 好听 塞子 一到 金属 乐 变得 糟糕 不已 感觉 低频 染色 过度 好像 整个 舞台 都 跌进 鼓 贝司 里 中 高频 根本 分 不 出来 更 好听 看来 听 金属 上 大耳 箱子,1
个人 听歌 口味 非常 杂从 老柴 前卫 金属 莎拉 布莱特 曼到 张惠妹 都 听 这次 主要 想 补 一支 能量 硬 素质 为主 耳机 手头 做 互补,0
平衡 耳放 推靠 谱 需要 上 功放,0
二手,0
这货 二手 已经 不 正合适,1
入门 直接 用线 不是 更 谱 原厂 专业 线 左右,0
买 秋叶原 很粗 便宜 开脑放,0
推荐 黑水 多块 行 不必 纠结 插头   线尊 猎豹 奥 莱尔 几十块 想 大幅 提升 鼠莓 派 接个 界面 转 成才 正道,0
我入 线,0
专业 设备 指标 不错 当然 不会 多提,1
没 影响 直接 听 就行了,0
买根 发烧 网线 对比 一下 不 答案,0
都 音乐 网易 云 在线听   还 影响,0
当然 影响 知道 网线 价格 后 影响 都 接受,0
每个 人有 每个 人 玩法 一套 设备 伺候 多个 耳机 并不一定 都 发挥 很 好,1
有人 专一 长情 有人 三妻四妾 仍 不 满足,0
尝试 一套 系统 多幅 耳机 懒得 调换 耳机 听 不同 风格 音乐 耳机 搞定 情况 下 耳机 都 鸡肋,0
最后 选了 哪款 困惑,0
胆机 预热 时间 反而 短 胆管 都 烧 红 热得 不快,0
幽灵 姐 分享 文件 现在 还 没下 完 前面 下 完 人 都 不 分享,0
楼主 北极星,0
还 真 有点像 去,0
音质 有没有 变化 多钱,0
现在 最有 悬念 钱 外观 看上去 好像 蓝色 喷漆 个人感觉 可能 没有 原版 好看,1
炒鸡 小伙子 跪,0
网站 耳机 键盘,0
终于 生命周期 一环,0
今天 森海 新闻 一波 一波,0
兴趣 感觉 可能 没有,0
三年 确实 好 东西,1
买个 回来 批判 原理 来看 解码器 没有 锁相环 解码 效果 最佳 相当于 外置 锁相环,0
水平 差不多 这档 佩戴 不是 很 舒适 目前 二手 价 出头 性价比 很 高,-1
请 前辈 指导   不 知道 款 机子 木碗 对比,0
貌似 没人敢 吃 大闸蟹,0
貌似 国内 代理 弄出来 骗钱 货官 网 找 不到,-1
有没有 敢 吃 螃蟹 同道,0
话 说 不是 入 耳朵 收货 最 直截了当 求 详细 评测,0
纪念版 只 报道 介绍 上 建伍 标志   难道 建伍 合作   听说 好听   恭喜 楼主 二手 区 打开 第一 只,1
这货 价格 惊人,0
耳机 极度 不好 搭配 试听 试 二房 始终 没有 找到 满意 声音 先后 试 都 不 满意 倒 昨天 音展 上 木盆 书架箱 真是 良心 印象 深刻,-1
现在 推 效果 基本 肯定 不能 发挥 出 这货 实力 看来 得入 才行 折腾,-1
这货 太贵 没 听 听 双动 圈 单元 外观 时髦 做工 很 精细 分量 大家伙 声音 很 平庸 明显 飞利浦   欧版,-1
不 知道 是不是 吃错药 自信 满满的 耳机 定个 天价 大家 都 遗忘 世界 角落 去,0
,0
好文 支持 目前 觉得 系 最强 有点 靠森海 声音 肉肉 透明度 下降 档次 舒服,1
价格便宜 东西 脑放 打不开 商家 大款 都 不感兴趣,0
种草   系 声音 却 皮筋 拔草,1
支持 非常 好 帖子 老 系列 韵味 很足   系列 都 同价位 很 不错 选择,1
像是 牺牲 素质 而加 音染 女声 很 好听 真 监听 耳机 录音 好 听 起来 如痴如醉 录音 不行 一下子 听 出来 瑕疵 低频 不 应该 比多 官方 说 低频 加强 没 听,-1
说 不错 等待 分享,1
犹豫 两个 昨天 下单,0
咸鱼 都 没 看到 很多 人 都 说 很 强 不 知道 咋样,1
视频 真的 长 没料   一路 带货,0
好奇,1
人声 很 好 素质 上 感觉 差 口气 声音 不够 凝聚 可能 原配 线 问题 买 根澄线 晚上 听听 大 改善,-1
靠谱点 毕竟 卖 多年 口碑 小 牌子 卖 一年 没多 少量 售后 有没有 保障 都 不 知道,0
挺 关注 耳机 弄个 接口 没得 好 理解 说 桌面 耳放 寥寥无几 大部分 人用 还 去 买 转接头,1
人声 不错 交响 会 有点 闷闷 感觉 整体 偏下 盘 素质 方面 正常 素质,1
特色 好 帖   语言 矫情   瑕不掩瑜   很 激情 发烧友 才 会 产生 帖子,1
拆机 帖 不错 但点 进来 第一段 莫名其妙 装 逼 拍 脸上,1
真的 单元,0
收藏 好 帖,1
说   开心 必须 先 黄蓝 两根 细线 换掉,1
是不是 经常 领导 写 材料 挺 逗,0
结构 真是 流弊 似乎 拜亚 家 还要 更胜一筹 没有 螺丝 成本 低廉 设计 成熟 好 拆 好 修,1
牌子 都 不争气 感觉 犹如 魔声,0
毕竟 多媒体 时代 引导者 技术 沉淀 可惜 现在 已经 进入   时代,0
看到 这贴,0
創新為 何不 出 一款 旗艦 外置 解碼 小 臺 機沒位 插卡,0
壹仟 多买个   一体机 能比 贰 千多 声卡 差,-1
沙发 先顶 再 看,1
黄牛 倒货,1
沒用 怎麼 抬,0
已经 转型 玩 音箱 再见 大耳,0
价格 再 坚挺 下去,0
真够 夸张,0
听歌 看 音源 立体 声音 源 环绕声 音源 自然 以上,0
听 没 问题 很久以前 天龙 功放 推个 意大利 卓丽 书架 音箱 非常 棒,0
功放 优势 弥补 一下 房间 声学环境 最大 弱势 功率 比较 低,0
都 模拟 音源 内部 软件 算法 开出 环绕 效果 产品 主要 爆点 刺激 看 电影 优势 很大 演示 片 真的 很爽 听 音乐 不够 对味 之前 天龙 展示厅 里面 一套 倒 看 交响 演奏 挺 带感 不可 小觑 现在 高端 系统 香港 很多 大佬 顶级 系统 听 音乐 沉浸 感 很 好,1
据说 高端 箱子 不 分,0
一体机 纯 解码 买   差不多 价位 后者 新出 芯片 看看 评测,-1
奥 莱尔,0
觉得 蓝宝石,0
大乌 有点 价值 包括 小 金 都 差太远,-1
双十 一双 十二   时赠 原厂 耳机 架 耳机 包大乌 耳罩 月 延保 耳机 架 耳机 包 咸鱼 卖 相当于 小乌 本体 大乌 耳罩 才 现在 光 耳机 本体 性价比 大 乌 耳罩 小 乌 提升 很大 原 耳罩 暖糊 取向 更 像是 用来 封印 小乌 反衬 银乌用,0
其实 三千 新出 金 平面 平板 三千 价位 小乌 价位 性价比 说不上 多高,0
便宜 收藏 挺 好 大耳里 算 精致,1
劲浪 里面 大乌 黑色 壳 红色 耳罩 比较 值得 买,1
动圈 应该 不 需要 多大 推力 二房,0
孔比孔 更加 两头 翘孔 推开 声场 孔大 一点 两个 耳罩 都 不能 声音 变得 宽松 永远 非常 局促 空间 里 能量 聚拢在 一起 听 感上 耳 第一 感 听 久 感觉 都 闷 都 没有 不 收敛 高频 非常 不同于 保守 躁动 高频 一种 很能 放得开 感受 高频 非常 不 稳定 听 流行歌 大多数 没什么 齿音 不经意 间 高频 直接 炸裂 尤其 流行歌 节奏 突然 提上去 太 突兀 最 致命 声音 真的 无聊,0
  楼主 耳罩 不要 老换   差不多 换次 会 裂口,-1
试试       耳罩 会 惊喜,1
应付 次 旗舰 没 问题,0
好放 架子 甩个 链接,1
请问 楼主 对战 台机 机器,0
头版,0
华为 接手 或许 更好,1
拜亚 话筒 才 主业 森 海光 耳机 养活 不了,0
尼康 粉丝 关心 尼康 财务报表 然 卵 尼康 没有 销售部,0
水果 成 最大 赢家 坐等 大奥,0
会 第二个,0
消费市场 竞争 太 激烈 找 金主 一起 承担风险,0
住 楼房 别用 音箱 现在 房子 都 隔音 很差,-1
价格 箱子 唯有 丹   至少 认为,0
无源 系统 买 仿 音箱 好,-1
铁三角 那种 类 没有 音质 特别 好,1
不行 弄个 奥迪 兹 平板 耳塞 试试,0
刚刚 还 想 问题 看到 帖子 想 选个 办公室 听 低调 那种,1
其实 停产 已经 代表 深海 意见 发烧友 无法 接受 耳朵 相悖 事实,0
顾左右而言他 低端 指标 小白们 单纯 揪 峰 减少 毫不相干 地扯 森海 抉择 工程师 水平 废话 无法 去 面对 低频 偶次 谐波 大量 增加 事实 更 事实 代表 会 更 饱满 其实 更 混 速度 变慢 不 干净 总体 听感 真的 听不出来 一点,1
偶次 谐波 失真 好听 失真 和峰 消失 来说 优点 对比 好 多次 之后 选择 很多 人 表示 更好 妥协 最后 决定 取悦 耳朵 选择 更 耐 听 刺耳 耳机 本身 问题 实在 没 信心 懒得 去 搞定,-1
马克,0
写 挺 好 事实,1
补 一句 头梁 海绵 换成 感觉 舒服 很多,1
受教,0
其实 透明胶 粘 起来,0
学习,0
年 早 坏 耳机 厂 都 快 倒闭 没饭 吃,0
森海 东西 挺 皮实 只 海绵 老化 完好,1
质量 还 挺 好,1
受教,0
兽,0
,0
受教,0
同样 超年 所有 绵都化 一边 不时 沙沙声 老 已 老 不会 再 折腾 不会 再 听 新 时代 不 声音 去 欣赏,-1
额滴 神 壕 恐怖 赶脚,0
补张 图 重获   青春,0
曾经 几个   帮顶,1
经典 耳机 帮顶,1
耳朵 收货 试听 才 知道,0
石子 地面 公园 健 行路 小心 传染,0
不 随身 只 移动 应该 比较 好,1
同问 黑盒 版本 现在 卖 声音 区别,0
不 知道 地区 总代理 卖 黑盒 新版 价,0
,0
一堆 推荐 开放式 还行,0
谢谢 热心 同好 推荐 准备 租     试试,1
不能 出差,-1
好奇 森海 目前 财务状况,1
国内 已有 手机 公司 接洽,0
单元 应该 银 乌 算是 封闭 银乌,0
数字 线 影响 挺 明显 系统 一定 水平 一条 过得去 数字 线 必需品 欢哥 做 纯银 电源线,0
万隆     纯银   欧姆   咸鱼 看见   一根,0
,0
厂商 客服 说 软件 问题 工程师 后续 可能 会 解决   没有 其他人 反馈   觉得 很 奇怪 挂载 硬盘 应该 很多 人 都 会 难道 人 每次 都 手动 关机,0
不会 自动 休眠 硬盘 是否 接触不良,0
帖子 不 知道 东西 已经 见 不 下次 没有 答案 反思 下 提问 方法 是否 过于 伸手 基本 功课 做,0
听 流行 口水 歌选 森海 找罪 受,0
以为 假期 消失 现在 才 看到 文章 出来 看来 辛苦 新年快乐,-1
设计 平衡 线 很多 人 说 不好 听,-1
平衡 线 实惠,0
单端 电路 没 偷工减料 多数 平衡 推力 比较 大 家用 系统 线路 短 平衡 优势 体现 不 出来,0
发展 最大 瓶颈 玩 人 越来越少,0
几千块 线 可能 没什么 提升 超过 都 智商 税散线 便宜,0
这种 专业 线 至少 声音 没什么 怪味 素质 提升 价位 提升 提升 越 全面 一般来说 不会 翻车 旗舰 以下 价位 素质 倒 找到 有强 乐感 还 真 没有 替代,1
侬 过滤 棉在 买,0
好像 两只 耳机 内部结构 不 牛 逼,1
同款 线 世界 升级 线 请教 一下 烧友 插头 松 感谢,0
价位 试着 收 第一代 素质 绝对 档次 高 很多,0
换绒 耳罩 前提 正版 绒 耳罩 某宝 上 盗版 用过 不行,0
我见 两个 人互 怼 两个 说 不是 一码事 儿 左右 声道 反接 相位 反接 实际上 线 方向 反接 声音 会 受 影响,0
耳机 正负 接反,0
线 方向 接反 声音 会 结像 会糊 相位 反 喇叭线 一边 正负 反接 声音 会 有点 怪 难听 出来 左右 反 感觉 交响 一试 知道,-1
管弦乐 弦乐 四重奏 这种 约定俗成 小提琴 声部 左边 才 听得出 左右 是不是 接反,0
听 长时间 干什么 不 想要 耳朵 听 累 休息 不 听,0
耳朵 需要 休息,0
耳机 哪有 吉他 好玩 休息 一下 继续 爬格子,1
英文单词 改过来,0
请问 下 老 爱华 机器 界面,0
面板 改 太土 尤其 不 喜欢 红绿灯 当初 买时 建议 店家 字 不要 太 右上角 搞 出 叉,-1
本来 还 想 试一试 看到 放弃,0
玩意 老 早就 说 吹 挺 厉害 纯属 抱 吃 瓜 心态 拍 到时候 没有 吹 强 开帖 喷死 三宝,1
帮顶,1
好 养眼 好 东西 购买 链接,1
做工 还,0
好 高端 机器 很 不错 平衡 加 好 机器 伺候 更 没说的,1
数据,0
三件套 外观 好评 做工 很 仔细 想起 华硕 板子 电容 互相 贴 紧 真的 好,1
不错 听得 用心 写得 用心 帮顶,1
非常 带劲 赞要 赞,1
丹娜 型号,0
声音 大气 表现力 卓越 控制力 超强 声场 开阔 宏大 圆润 灵性,1
报价 朋友,0
目前 当纯 解码 安逸,0
目前     原线 改 平衡 为森马 背景 不黑   索 六万   墨菊     推 背景 都 不 黑   煲 小时,0
  上 水平,0
,0
字 时钟 同步 才 完全 体 大船 界面 自带 字 时钟 耳朵 提升,0
看 楼主 同轴 接口 接口 大概 同轴 八成 实力,0
推 平板 中 高阻 动圈 觉得 没耳放能 很 好 兼容,1
耳放 输出 耳放 控制力 好,1
组合 还好 升级 最好 整个 换掉 不知 主要 不 满意,1
不 懂求 问 换运放 结构,1
前端 加个 树莓 派 算是 比较 搭 调音 舒服,1
碰运气 至少 找 对方 盒子 说明 比较 爱惜,0
塑料 多长 寿命 发烧 会 自欺欺人,0
老 耳机 不 碰 不 碰 伤不起,0
换个 思路 寸 箱子 挂 耳边 效果 好,1
买 皮实 顶多 海绵 老化 脱胶 很少 单元 本身 出 问题 保养,1
停产 这么久 单元 老化 问题,0
只买贵,0
都 玩 方面 更 全面 高 低频 延伸 声场 都 差 档次 声音 很 特色 差不多 重,-1
科技 堆 不少   可惜 调音 太拉 胯,0
連金磚 都 還差點 黑磚 更別 說,-1
根本 不是 便携 推好 台机 推出 都 经常 拉 跨,1
搭配 随身听 只 算是 能响 程度 至少 索六 素质 才 算是 推 不好 很 好听 随身听 上 耳塞 更 优势 大振 膜 驱动 费电,-1
保底 以上 功率 以内 增益,0
有点儿 耳机 没假 大 放心,-1
七千 号 上 没有 问题 森海 取消,0
洗 看 完 老大 前面 段 不知 会 作何 感想,0
支持 佬 大 听感,1
支持 听 感振膜 磁极 不同 会 改变 灵敏度 特性,1
完全 性价比 代表 太 牛 逼,1
将来 一体机 党 随身 党 有福气 米饭 随便 搞搞 出 很 好听 声音 还 瞎折腾 老弱病残 风烛残年 老家伙,-1
还 好好 弄点 好 材料 弄 几个 限量   外观 致敬 限量版 剩下 独立 设计 外观 或多或少 保留 点 元素 量产 上来 直接 抄 还 特别 垃圾 材质 去 炒 真的 挖坑 都 年代 产品 讲究 用户 体验 服务 体验,-1
看 第一条 后 半句 真的 扯淡 直接 不看,0
结     准   确,0
会 说 不 耐 听,-1
优缺点 都 很 明显 耳机 才 争议 大 折腾 空间 大,-1
不是 机器 插 几个 耳机 一起 听 三个 接口 平衡 单端 一次 听 两个 耳机,0
羡慕 媳妇 大 乌 买来 老婆 看 都 不 看眼 更 听 整天 研究 香奈儿,1
买 对儿 音箱 解决,0
音箱,0
平板 耳机 换个 耳放 变种 感觉,0
听过 楼主 说 说   声音 区别 谢谢,0
补充 下   直 推 测试 测试 设备 国产 垃圾 平板 游戏机 国产 平板 下 加州 旅馆 吉他 声 产生 声场 非常 开阔 鼓音 出来 后 极度 凝聚 沉重 声音 实在 震惊 直 推 居然 低频 手机 类似 感觉 声场 开阔 当然 台机 平衡 下 小 两圈 低频 有模有样 完全 没有 声场 出不来 低频 出不来 声音 变薄 中频 凹陷 问题 记忆 对比 直 推下 声音 以前 用过 直 推 耳机 玩 效果 好 当然 器材 本身 素质 都 不怎么 行用 解析 力 强 耳机 去 听会 发现 很多 原来 便携 耳机 耳塞 听不出来 毛病 当然 直 推 无关 比较 好 随身 设备 接上 试试 官方 原配 三种 线   玩法 大大增加 真的 非常 赞,-1
烧油 家 听 很 失望,0
好 耳机   值得 拥有   声音 没得说   品控 质量 还 提高,1
手机 配 出来 低频 敲 铁皮 都 这强,1
古典 没 气势,0
钱入 声线 依然 偏厚,0
钱 花 值,1
男人家 耳机 调音 不错 很 喜欢 价格 有点 小贵,1
不不不現 已 經早 淘汰 發燒 友們 玩玩 主流 都 串流 連下載 都 不是,0
普通 正常人 早就 不买 烧友 瞎折腾 玩 磁带 都 还 算 先进,-1
东西 人卖 包括 二手 贵 不会 淘汰,0
朕 阅,0
使用 耳机 祖传 推 四个 耳机 效果 声音 素质 毫无疑问 价格 排序 声音 听 程度 接受 不了 都 出现 高音 剐 耳 情况 不难 推 耳放 推力 够 动态 没 出来 推力 完全 不够 素质 不好 四个 耳机 中 反倒 整体 来说 最好 听 平衡 口 推,-1
之前 网上 看 有人 说 暖 声 人声 一定 温暖 实在 没 听 出来 对比 前段时间 金 画眉 蓝牙 模块 电脑 声音 都 干冷 刺激,0
加 发烧 卡会 好,1
真的 不行,0
谢谢,0
不错   低频 下潜 好   不 大 乌 肥厚,1
收 低频 很 遗憾 目前 不 知道,0
收 低频 有个 简单 办法 拆开 耳机 壳子 里加 吸音棉 换 绒布 耳罩 再 调,0
上 穷邦要 便宜 穷邦 至少 推力 上 没 短板,0
入 肯定 错 不了 这是 国内 商家,0
属于 作坊 级别 敢于 尝试 楼主 试试看,-1
低频,0
买 金银铜 合金 制作 耳机线 成本 花 好几,1
买过 这家 纯银 线 解析 暴力 信息量 大 性价比 高 高频 略 刺 有点累 耳 主听 金属 后来 换 古河 线 感觉 更 均衡 些,0
一万多 一万 多数 播有 区别,0
考虑 下 二手 老 飞利浦 机芯 机 很 耐用,0
欢迎 加入 党 我入 后 二代 吃 灰 品控 差 传闻 人 瑟瑟 发抖,-1
包装 差 据说 是因为 耳机 本来 版 版 耳机 是从 包装 配件 上 降低成本 形成 价格优势 后来 没 谈妥 真 男人 卖,-1
挺不错 听 流行 其实 味道 更好,1
秒 何必 浪费 钱,0
现在 前端 觉得 还 算 比较 合适,1
别看 欧 阻抗 其实 特斯拉 二代 加持 不是 很难 推,0
听 古典 没 问题 声音 比较 正 声音 偏暖 包容性 比较 强,1
还 先 凑合 听,0
便宜 试用 买 试试 不好 退 东西 标准 耳朵 听 之前 都 不靠 谱,-1
存钱 上 他家 应该 不错 数播 操控 体验 声音 更 重要,1
推荐 鼠莓 派 用升 频传 鼠莓 派,0
真 不 一定 听 出多大 区别,0
他家 性价比 太低,0
心里 预期 随包 带 出街 不知 操控 方面 是否 完美 支持,1
建议 上 独立 界面 以前 做 输出 感觉 上 界面 稳定,0
,0
毒吻 连毒 图 都 无,1
没有 试听,0
还 没有 大规模 放货,0
目前 好像 几家 代理 样机 个人 客户 应该 还 没人 收到,1
不 喜欢 扁长 喜欢 正方,-1
不 做成 套装 真是 白 瞎 工业 设计,0
,0
小乌 流行 非常 大 编制 听 不了 换成 大乌 耳罩 高频 声场 才能 出 得来 原 耳罩 偏下 盘 糊   封印 小 乌 性能,0
正经 入烧 船 一体 完全 小 乌 更 适合 前端 预算 低直 推,0
价位 一套 耳机 只能 挡 左右 试试 平板 耳机,0
前 级 不是 鸡肋,0
,0
话 放在 这是 垃圾 前 级 耳放,-1
胆机 机内 都 单 端的 平衡 借口   奥力,0
好像 不太好 买,1
想 提升   不 意味着 加钱 行,0
换个 应该 感受 不,0
搞起 觉得 贵 试试 精音,0
都 别谈 煲机 正常 听 就行了 与其说是 煲机 不如说是 煲 耳朵,0
插 都 好听 不用 煲,1
正常 听 好 不用 煲,1
不是 贴 水 不了 经验 煲机 都 正常 听个 几个 月 就行了 不用 故意 放 音乐 振膜会 震动 空气氧化 达到 最 理想 使用 状态,0
正常 听 开声 不难 听 干嘛 非要 去 煲 一点点 变 好 不是 更好,-1
不用 煲 根本,0
线 纯银 单晶 铜 无氧 铜 调音 区别 非常明显 不是 越贵 越 好 弄不好 系统 搭配 一对 无氧 铜线 纯银 线 还 均衡 试听 好,-1
最好 纯银,1
俩 管子 整流管 放大,0
推挺难 算 达标 大 编制 古典 听 下去 还要 自行车 系上 搭配 应该 更好 换管 玩法 论坛 里 很多 人 早就 分享 不 赘述,1
感谢 上海 甲苯 南京 甲苯 试听 服务 特别 耐心 去 南京 甲苯 实体店 试听 服务 很 热情 小姐姐 很 热情,0
机器 兴趣 请教 一下 两 只管 是否 匹配 问题 换管,0
目前 手里 更换 搭配 效果 比较满意 不 知道 能否 推得动 拜亚 闲鱼 上 刚整 还 没有 到货,0
接线 感觉 还 人 设备 感觉 国产 推 起来 合适 一点 待机 太短,1
请教 下楼 主 前端 搭配 线材 方面 推荐,0
很 全面 初烧 指明 方向,0
楼主 玩 明白,0
有个 群友 说 极 低频 砍 一刀 中 高频 扁平 齿音   明天 去 滋阴 堂 听听,0
不上 论坛 看 各路 神仙 放毒 退烧,-1
看着 投入 几十万 变成 几万 退烧,-1
没 钱,0
心态 退烧 退烧,-1
吃药 就行,0
都 不 知道 楼上 都 说 话 大香大奥 简单 回答,0
音乐 总是 听 硬件 升级 正常 升级 不 来回 折腾 没事 退烧,-1
香榭丽舍 解码 好耳放 同价位 耳放 最强 应该 金 画眉 听说 金 画眉 调音 古怪 解码 问题,1
多谢 回复 了解 坛友 都 不吝赐教,0
效果 不错,1
香榭丽舍 功能 比较 齐全,0
听过 个人感觉 声音 很 糟糕 不 推荐,0
拥有 这两台 大神 请 赐教 多谢,0
一体机 考虑 解码 素质 不错 耳放 推 大多数 耳机 还行,1
本人 用户 有点 种草 没有 必要 再 入,1
  像是 耳机 界 教科书 永远 值得 参考,1
有钱 上,0
必须 带来 声音 最大 变化 升级 耳机,0
一定 上 烧友 烧友 可能 提升 版本   放着 不 尝试 尝试 过后 觉得 不好 还 保底 用回  ,-1
箱子 主力 意义 没 大 看 预算 宽裕 买,0
伟 良家 东西 必须 行家 才能 买 性价比 都 代价,0
家 买 配件 东西 好坏 先不说 卖家 态度 很差 说 说 东西 问题 再也 没 回复,-1
在伟 良家 买 零件 十次 七八次 发漏 错 件 事后 都 会 补 得多花 冤枉 邮费,0
现在 配件 都 很少 他家 买 太坑 每次 问 一下 客服 态度 都 掉 渣 天 特别 问题,0
店铺 活 多年 自有 方式 价值 便宜   服务   态度 还要 售后 哪有 好 事,1
不是 说 他家 只能 买 零件,0
不要 要求 太高 毕竟 伟良 东西 不 满意 无条件 退货 这店 不会 难为 修 三次 没 修好 直接 找 店家 退货 不 退 找 淘宝 投诉 论坛 曝光,-1
奸商,0
低端 货都 速速 升级,0
最近 老外 非常 火,0
录个 云 视听 就行了 骡子 马 听 知道,0
一分钱 一分货 意思,0
外媒 获奖 无数 看看 金 平面 未来 是否 获奖,0
是不是   出 主意 降价 左右 进行 降维 打击 扼杀 金 平面 平板 上 上 挑衅,0
看到 原道 帖子 知道 宣布 退烧 不远,-1
需要 高频 柔美 一点 前端 推出 很 特别 美感 推 反而 硬 一点,0
喜欢 才 最 珍贵 所谓 千金难买 心头 好 再 贵 不 喜欢,-1
办公室 帮顶,1
准备 买 音源 机器 还 播放 刻录 不错,1
顶,1
顶,1
顶,1
天龙 机子   觉得 先 听 听   试试 喜不喜欢 调音,-1
具备 播放 光盘 上 刻录 文件 高达 高清 音乐 数字 文件 还 可播放 光盘 刻录 采样 频率 高达 音乐文件 相当 实用 功能,0
二嫂 自然 木内 撒 唐 贵妃 成 白骨精,0
请问   款,0
一体机 高 低频 都 少 点 声场 扁平 点 声音 分离 度 层次 不算 好 味道 甜甜的 数播 解码 还 不错,1
每次 买到 新 耳机 都 阶段性 退烧 时 长 不定,-1
调音 整 高级 点 好,1
佩戴 难受 不 前面 几个 贴 人 都 说 受不了 撤场 楼主 以为,0
用过 大佬 讲讲 大概 戴 多久 会 感到 不适 重量 本来 不 考虑 吹得 太 厉害 种草,1
本来 听 流行 耳机 不是,0
国内 真的 挺 冷门,0
中玩草 之后 条件 去 试听 下绿檀 已经 变味,0
估计 声音 应该 还 太重,0
到货 快 一周   确实 非常 值得 吹,1
看 评价 说 推好 级别 差不多 性价比 很 高,-1
毕竟 吊打  ,1
前排 顶狗哥 看起来 太 豪气 不敢 试,1
同价位 副耳机 性价比 不错 毕竟 木壳 锌合金 头梁 成本 比高 包装箱 更 不用说,1
狗哥 第几个 试听,0
耳机 感觉 外形 设计 太 花哨 摆 好看 戴着 尴尬,1
包装 做工 真想 搞,0
补充 下 受限于 声场 听 器乐 场面 太小 能量 过于 集中 日系 小家子气 听 动次 打次 流行 会 非常 劲 场面 大得多 更 宽松 耐听些,1
今天 仔细听 确定 耳机 干 奶罩 中频 太凸 高频 有点 薄一到 高频 乐器 特别 明显 擅长 流行 女声 听 小 编制 差 点 意思 听感 太紧,-1
再 补充 评价 请 不要 带 偏见 耳机 不是 去 同价位 封闭 一点 都 不输,0
同意 封闭 耳机 应该 拿来 封闭 耳机 倒也不是 说 开放 耳机 感觉 风格 理念 都 差太远,-1
生命不息 折腾 不止 恭喜 新 玩具,-1
珀 璞 产品 意见 同价位 好 说 出来 听听 高论 说来 听听,1
大 拿音 精珀 璞 刚 便携 接触 台式 小朋友 觉得 已经 秒 天 秒   翻译 听听,0
艹 太快 还 没 做好 战斗准备,1
贴 贴 起来,0
坐等 评论,0
说 说 听 感 打架,0
恭喜 狗兄 喜提,1
武晓江 摇人   没,0
狗兄 说 说,0
包月 一百多,0
高 规格 格式 录音 好不好 一毛钱 关系 都 没有 录 烂 更 难听,-1
想 准备 升级,0
国内 会 挡 会 很 卡 觉得 挺 好,1
原来 黑神线 区别,0
,0
感谢 介绍 考虑 方案 私 一下 买,0
现在 闲鱼 上 渠道商 私下 卖 好像 当时 便宜 一点 玩 入门 机器 手里 必须 好 线材 界面 优质 音源 等于 白买,1
风扇 呼起来 声音 不小 我试 放弃,0
胆机 适合,0
都 留 厉害,1
党 庞大 松散 联盟,0
煲机 学者 正在 赶来 路上 交给 楼下 科普,0
关键 看 有没有 编号 没有 编号 不 存在 这种 品控 问题,0
使用 时间 耳罩 塌缩 都 关系,0
看 系统 揭示 力 是不是 够 级别 够 器材 箱子 耳机 避震 都 值得 搞,1
我用 杠铃 片 很 嗨,0
搞 听不出,0
估计 很大 意义 说个 反面 例子 几天 手痒 记得 以前 音箱 有木 脚钉 贴 三颗 耳放 地下 声音 糊 一批 想 砸 心 都 上 不了 图片 半球形 硬木 做 脚钉,0
红芯带 解码,0
买个 蓝牙 播放器       都 很 不错,1
真是 飘 敢 点 进来 看,0
两天 真火 据说 咸鱼 出现 基本 秒 没 搜 一下 咸鱼 根本 搜 不到 耳机,0
写 好 每个 人 听感 喜好 区别 楼主 表达 很 真实感,1
请问 解码,0
还 差 四个 速速 呼唤 神龙 许愿,-1
真实 准确 好 贴,1
初烧 预算 够 西装 套 买 不用 看 指标 西装 套 都 满足 不了 变成 老烧 一定 鉴别能力 研究 一下 更好 方案,1
欧洲 格雷 牛 不,1
很 好 贴 内容 扎实 料,1
一条 蕉 做成 生意,0
羡慕 楼主 吃 林 总 香蕉,1
买过   飞秒,0
试听   中,1
贴 竟然 没什么 人 回复,0
流行 人声,0
解码 两片,0
歌德 党 帮顶,1
看来 歌德 大耳 都 比较 舒缓 擅长 悠扬 古典 小 编制 估计 第一次 听 人 没听 过会 以为 传说 中,0
系列 走 清爽 流要 重 口味 还,0
帮顶,1
送 毛线 耳机 耳塞 出去 吃饭 旅游,0
看 姑娘 听 歌 看样子   极致 铁三角 系列   大厂 都 花花绿绿 时尚 系列,0
送 女朋友 肯定 选能 直 推有 外放 才,0
耳机 没有 女朋友,0
还 海蓝 之谜   雅诗兰黛   不送 送 耳机,0
电流 东西 设备 电源 供给 通常 不会 电流 过大 问题 说 供给 功率 不够,0
,0
插 排用 上   效果 明显,0
手上 几年 前 瞎 玩 留   准备 出手   拆包 几小时   还 买 一对 原装 大 耳罩   有要 顺手 出,0
别碰 先天 缺陷 货,0
杂食 偏 欧美 流行 非 德奥 动圈 俩 都 更 合适,1
具体 说 说,0
,0
加       老实 说 蛮 想 玩玩,0
国内 第一次 见 上海 矩 声带 展台 感觉 应该 最轻 平板 大耳   颈椎病 患者 福音,0
  相比 价格 声音 均 没有 优势,0
稍微   好点 耳机线 上万,1
一定 档次 贵 来准 没错 不好 说好,-1
    不 改动 原线 调音 情况 下 透明度 整体 变 好 之前 家 听过 改 调音 改 太 厉害,1
找 朋友 定做 银 铜 混,0
想 这种 线带 耳机 试听 以后 再 出手 比较 合适,1
找 强人 性价比 最高,1
顶顶,1
资瓷 先顶 后 看,1
人声 很 暖 低频 很强 听 鼓诗 鼓声 很 强 泛音 很 讨好 初烧者 口味,1
请问 下楼 主接 提升 真的 很 明显 谢谢,0
抛弃,0
预算 不用 考虑 分体 天鹰座 二选 都行 看 喜欢 声音,1
谢谢 回复 能否 简单 介绍 一下 一体机 声音 特色 个人 比较 喜欢 暖 一点 风格 搭配 天鹰座 比有 耳朵 提升,-1
见 去年 发 帖子 说 摩擦 低阻 耳机 上 高阻 更 不用说 现在 市面上 都 库存 好多年,1
干嘛 还 考虑 现在 价 唯一 可取之处 两个 平衡 输出 不是 真 平衡,1
考虑 一年 后 现在 跳水 发布 久 没有 大量 供货 似乎 清货 电路 部分 肯定 稍 下降 考虑 预算,0
跳水 等到 左右 不错,1
现在 价格 加一点 买 二手   说 性价比 很 低,0
女神 好听 不要 开玩笑,1
其实 试试,0
非要 只 人声 不 出彩 耳机 里面 做 选择,0
女声 高阻 开放 大耳要 轻 不是 指定,0
彻底 变成 聋子,0
回知乎 不 适合 传道 真正 玩过 很多 器材 人 还 信龟工 脑瘫 对线 去 站 找 吴老板 去 对线 坛 里 一部分 烧油 年纪 比较 大 不 知道 点破 事,0
测 一下 不同 时期 原版 区别,0
哪来 麦 文学 鬼斧神工 耳机 混 坛子 都 听 很多 设备 扯 听音 经验 人 去 找 一堆 都 没 听 过小白 去 分 出来 才 见鬼 门槛,0
不是 玄学 设备 演绎 出来 声音 好 不好 自然 会 时间 检验 需要 实践 需要 去 听 所谓 科学 搬出来 非常 恶毒 会 告诉 耳朵 不能 相信 所谓 理论 混淆 物理 调音 数码 调音 会 导致 很多 小白 以为 电脑 上拉 一下 原道 秒 大奥 这么回事,-1
越俎代庖   整理 一下 排版 见谅,0
皮套 小心 点用 年 完全 没 问题 至少 耐用 塑料模具 做工     好 很多 国产 过头 梁 导线 设计 水准 很 高 拜亚 毛 不 学学 低频 过量 非常 干净 耳罩 压力 大 却 非常 舒服 不能 久 戴 实在 太闷,1
帮顶,1
感觉 此帖 会 引发 论战 音源 解码 耳放 都 未确定 光聊 后 端 没有 意义 线得 看 解码 耳放 级别,0
厉害 没 听,1
好多 耳机 支持 一下,1
字字珠玑 皆 血泪 十年 征戍忆 辽阳 真实 非枪文 贴,0
新年快乐 慢慢 观看,0
耳放 调音 太 传统 日系 寡淡 萝卜 声 周边 需要 针对性 调整 一下,0
耳放 耳机 匹配   不是 说好 扩差 扩 区别,-1
近来 耳放往 德系 偏 去,0
手机 暗光 渣图 大白 留下 两个 奶圈 之后 消失 不见,0
我收 二手 耳朵 下来 完全 失望 完全 比不上 震撼 来得 大 升级版 听 最 不 喜欢 歌德 都 挺 好听 大白 挺 感兴趣 收不到 合适,-1
大白 听 有种 歌德 中 拜亚 味,0
听过 耳朵 大白 口水 持有 持有 好文 支持,1
做好 解码 耳放 一体机 花费 肯定 不少 很多 厂家 都 不 做,1
大部分 一体机 都 很 便宜 主要 满足 不爱 折腾 听音 要求 不高 用户,-1
觉得 调音 问题 仅 个人 来说 很多 一体机 素质 推力 平时 休闲 听 音乐 都 完全 够 调音 做到 很耐 听 能够 长时间 聆听 却 不算 华为 手机 推个   素质 不好 听个 几小时 看看 电影 都 不会 觉得 累 一体机 很多 也许 过于 追求 素质 做 声音 薄 声音 高频 挺 不了 几首歌 回 不想 听,-1
太少 要求 太高,0
不难 疯子 杠,0
大功率 耳放 不是 必须 小 功率 耳放 声音 很 好 主要 看 设计师 水平,1
一堆 人 钓鱼 问题 范围 太 大 不同 耳机 设计 初衷 都 不 不是 所有 耳机 都 需要 大功率 设备 不是 所有 耳机 都 手机 直 推 具体 问题 具体分析 科学 精神 不是 知乎 上 杆子 打翻 一船 人 伪民科,0
关键 耳机 负载 阻抗 不是 恒定,0
两个 选 三百次 选,1
几个 乌 里面 觉得 银乌 最 好看 大乌 最丑,1
抵抗力 差 买 银乌 期待 一下,-1
买 两只 一只 听   看,0
转接头 需要 母机 内线 公 尤其 机 内线 这一 环节 搞不好 音染 觉得 上 线材 不 应该 转接 没 提升 反 倒退,-1
拜亚 转 声音 品控 不好 一只 听 起来 特别 刺换 个头 好,-1
提示 原装 平衡 线有 爆皮 风险,0
酒精 棉球 擦 干净,1
增塑剂 析出 酒精 擦洗,0
想 知道,0
,0
目前 金牛座 想 升级 一下 中,1
,0
必须,0
,0
森海 西装 套装 感觉 还 行,0
功率 欧下 上 随便 推,0
听风,0
现在 入手 标配 新 调音 纸和线,0
还 编辑 不 科学,0
觉得 小 编制 室内乐 挺 吃 空间感 特别 乐器 顺序,0
这种 情况 下楼 主 需要 第三台 设备 一下 很 简单 手机 直 插 位置 不 一致 群里 至今 无人 提及,0
有个 网站 站 油管 里面 立体声 左右 声道 测试 看看 是不是 线插 反,0
左右 看 后面 标识 台机 反,0
应该 线插 反,0
左右 声道 插反 没 插 反换 一换 位置 无所谓 没 插 反 机器 里 做 反,0
插反,0
一台 左右 声道 反,0
入门 选择 确实,0
应该 推荐 价位 推 差不多 耳放 便携 应该 不少,-1
初 听 都     耳机 上限 有限   再往 上 堆料 不会 惊喜   性价比,1
不知 是不是 个例 收 只 老 版本 不 开大 电流 模式 单端 有底 噪连 平板 都 听到,0
百老汇 单端 推 感觉 不错,1
推,0
感谢 分享,0
请问 楼主 主听 古典 器乐 几个 耳放中 推   拜亚 一代 效果 更好,1
中高阻 便宜 谱 放 试试   声音 完成度 很 高,0
正在 百老汇 直 推 相比 声音 凝聚 饱满 不少 体积 小巧 好 东西,1
不太 正常 寄给 帮 试试,0
目测 一大 波 电源线 无用论 正在 赶来,0
高芬 苏墨 老烧 眼里 基线 哈哈哈,1
帖子 人 喷,0
付诸实践 之前 坚定 电源线 无用论 直到 一天 我试 一下 差别 比换 信号线 还 明显,-1
当年 挺 喜欢 股子 奶油味 声音 细腻 音染 不 太过分 挺不错,-1
改 平衡 上大 机子 金丝雀 推比 起来 不是 一档 存在,0
挂 耳机 架 方法 好评,1
新年好 去年 收 奥产 万多 号 耳罩 塌 换 耳罩 听到 今天 依旧 美滋滋 国产 几万 号 很少 碰 说不出 听 感上 太大 差别 感觉 差距 很 微妙 微妙 差距 就让 欲罢不能,-1
最新版 国行,0
国产 版本 声音 或许 存在 不 稳定 情况 买 中频 很 干 完全 不是 以前 感觉 失望 之下 劝退 不知 是不是 个例,-1
楼主 挂 耳机 方式 好评,1
买个 排 插 壳子 几个 墙 插 攒 便宜 还 更 符合 需求 乐趣,0
我用 同为,0
买 带 储能 技术 弥补 动态 不足 滤波 插排,0
声韵 不错   多块 不带 滤波 美标 国标 相位 调整 好 没有 很多 插座 美标 插上去 相位 相反 问题,1
预算 排插 东西 便宜 几十 高到 几万 随便 数数 都 十来种 推荐,0
一千多块   狐狸 糊涂 买 插座 做 老叶 位 两个 看看,0
尽量 不要 买带 滤波,0
倒 觉得 滤波 倒 不是 音响系统 总要 有点 台灯 电脑 都 接 滤波 上面 影响 音响系统 音响 相关 上 墙 好,1
声韵 孔位 排 插 不带 滤波 还,0
机柜 插座,0
买 插座 不用 迷信 插座,0
系列,0
插队,0
不来 张 声卡 音源 试试,0
前排 插入   终于 等到 文章,0
钟 好像 输入 才 有用,1
用户 帮顶 自带 耳机 孔   推低 阻 耳机 不错,1
好文 有料,1
求 更新 要脑 冲血 买 下去,0
帮顶 看 后文,1
求一波 更新,0
额 坐等 更新 坐等,1
大 兄弟   轮回 发烧 路 帖子 更新,0
是否 上     档试 下 开 不开 完全 两个 解码,0
最贵,0
不 知道 推好 需要 换 管子 得用 大盾 洛伦兹 风根,1
高阻 大耳选 胆机 换管 调音 留下 不小 空间,0
选 胆机 选 还 选 赛尔 之声 个人 觉得 胆机 局限 不可避免,0
选胆 选石 看 个人 口味 喜欢 胆机 中频 润泽 高频 极限 解析 当然 都 需要 优秀 管子 支持,1
试试 歌诗德 不要 问,0
保有量 太少 都 传家宝 还 买 新,0
价格 坚挺,0
坛子 上 很 推荐 杨 箐,0
,0
馒头 都 不 值得 买系 建议 直接 走向 一定 类似 调音 很 健康,1
    以后 可能 索 六万 那种 一体机 天下,0
利基 市场 下潜 故事,0
告诉 笑话 大 馒头 代 似乎 有线 耳机 内部 功放板 放大,0
占个 楼,0
再 占 一楼,0
同帮顶,1
米,0
有用 推过,0
内置 解码 过换 解码 区别 还 没来 大 估计 只能 发挥 外置 解码器 成,0
希望 看到 分体 组合 之间 对比 有点 兴趣 不 知道 部分 是不是 偏弱,0
接 电脑 是不是 电脑 播放器 音量 没有 开 最大   这种 单 端口 最大 都 不会 点 平衡 口 更 小 七八点 位置 音量 足够 音量 不要 太 大 注意 保护 听力,0
芯 平衡 电平 低 古典音乐 点 流行 点,0
花 几千块 直接 上 胆机 好声 拼 石机 难度 大,1
花 几万块 钱 推 不得 幸福 死,0
本能 喜欢 简化 一种 本能 驱动 没完没了 向往 没玩过 器材,1
一般来说 机线 电源线 要换,0
电源线 要不了 几个 钱   蓝水 高芬 帮 打开 新世界   听 出线 区别   一定 听 出 电源线,0
不急 买 一根 几百 大牌 专业 线 试一试 不能 听 出来 区别 高芬   听不出 不用 换 听得出来 考虑 几千 线,-1
这种 老古董 不知 坏 耳机 转 音箱 入 真力 摆位 声学 处理 好 脱箱 感 声场 解析 细节 都 不了,1
实际 听过 左右 一体机 卡农 口 推 不好 可能 同价位 功放 推 不好 情况 下 带来 震撼 碾压 动态 不大行,-1
尽可能 大力 情况 下 弥补 细腻 谈不上 互补,0
器材 不是 非黑 白 两件 器材 特点 会 交集 特点 风格 相反 尽量 决定 声音 主要 器材 取长补短 搭配,0
器材 肯定 特点 契合 器材 搭配 不 认同 互补 搭配 方式 互补 玩法 最后 每个 器材 优势 都 器材 不足 抹 杀掉 风格 特长 一致 器材 搭配 起来 才 会 每个 器材 都 发挥 最佳 水平,0
退 最好 退,-1
素质 不错 超越 价位 调音 比较 中正 看 送 线 不错 挺 实在,1
拍 挺 好看 专业,1
和弦 解码 相当于 长相 会 化妆 打扮 女人 以为 美女 解码 相当于 长相 不会 化妆 打扮 女人 以为 不是 美女,0
铁三角 钛 碗 买 旗舰 推 不好 买 浪费 高阻 耳机 够呛 低 阻里 调一调,-1
建议 极致 歌德 耳机 极致 开放 版 极致 限量版 说不定 会 适合,0
非 为难,0
推荐 银乌,0
推力 现在 大块头 国砖 都 差得 老远 别用 大 耳机 难为,-1
节后 机会 试听 再 做 决定,0
看 听感 像是 机器 里,0
典型 类 听感,0
比较 有意思 口 对应 高敏 耳机 口 对应 低敏 耳机,0
马氏 调音 柔和 韵味 没 软蛋 一枚,0
马兰士 东西 音染 音染 糊,-1
很 素质 声音 味道 楼主 说 电源线 墙 插 很 重要,1
差,-1
对比 不少 机器 马兰士 最好 听耐 听说 马兰士 不好 抛开 听音 类型 问题 是否 先入为主 人云亦云 因素,-1
直冲 天灵盖 高频 都 能糊掉 马栏 山,0
宙斯 不错 听感 类似 大乌,1
前排 留名,0
挺 期待 顶,1
现在 宙斯 声音 纵深 差点 外 已经 很 满意 不 知道 换 调音 纸   代比,-1
老师 歌诗 德耳放 单端 推,0
价位 推荐 小不点,0
请教 前级 耳放 工作 选择 老师 器材 架 看得人 提心吊胆,0
一句 刚猛 凌厉 基本 归为 不 合格 水平 之列,1
喜欢 裴艳玲,1
大乌 中频 人声 非常 好 口型 声线 细微 变化 非常 细腻 比起 同样 细腻 平板 静电 中频 更加 真实 通透 压不住 中 高 谐振 自然 解析 跟不上 更是 高多 听 歌剧 非常 棒 人 不 听 当然 流行 之王 毕竟 高低 两端 声场 确实 相对 短板,1
喜欢 拿大乌 听 郭德纲 相声,1
大乌 重量 真的 无法 长时间 佩戴 颈椎 真是 十分 难受,0
下载 听 对比 一下 格式 同一首歌 无论是 声场 动态 氛围 厚度 的确 高 很多 楼主 提供 文件 没 问题 参数 太高 硬件 设备 更 高 要求 一团 糊 嘈杂 楼主 反映 杂音 特别 高潮 部分 谢谢 楼主 提供 高清 文件,0
,1
谢谢 分享,0
谢谢 分享,0
谢谢 楼主 分享,0
只 听 第一首 感觉 好多 破音,1
前排 观看,0
佛山 佬 东西 支持 天无 理由 懂,1
这店 买买 元器件 差不多,-1
目前 来说 可能 机器 更 值钱,1
出声 想要 做好 准备 张 以上 毛 爷爷 比较 谱,1
价格 很 合适,1
磨机 入,0
黑化肥 易 发挥,0
同问 复刻 买,0
回归 音乐 好,1
关注 问题 希望 听 回答 下,1
低频 重量 感 非常 好,1
比强 太多 上 箱子 系统 对比 耳朵 听 出来 耳放 部分 可能 都 按着 揍,1
楼主 最后 入 好奇 这货 还 想 知道 两个   有没有 人 来说 说,1
沙发 两个 都 加贵 好,1
只能 二选 首选 界面 钟 最后 已经 很 完善 还 想 再 好 一点,1
支持 硬解 升级 界面 选用 接口,1
条件 上 数播 再 折腾 不了,-1
珍惜 生命 遠離,0
打算 搞 回家 试试,0
搞,0
能升频 最高 设置 不卡顿 真香 毕竟 功耗 优势 很大,0
说 搜 不到,0
名字,0
看看 单核 性能 跑 起来 到底,0
额前 一阵 看 有人 普通 版本 最高 跑   着实 激动 一把 后来 明白 哥们 升 瞬间 觉得 不是 牛 今天 得知 似乎   下 驱动 限制 最高 只能 支持 输出 不知 是不是 回事儿,1
是不是 刀,0
预测 短期内 升频 只能靠 高频率 完成 架构 代码优化 需要 一段时间,0
,0
价值,1
平衡 推   不 听 古典 足够,0
买个 歌德,0
不是 初 心 平板,0
哪台 隐士,0
不是 说 三宝 界面 比强 很多,1
万元 还要 落地 太难 点 国产 博良 看看 推好 不输 同价位 进口 全频 老 曹 看看,1
价位 国产   美之声   博良     本色   去 找 找,0
像是 本色     这种 二手       世霸     可能 价位,0
新 二手,0
已经 书架箱 基础 脚架 脚钉 配套 设备 建议 继续 玩 书架 博良 时代 真的 一对 不错 箱子 高音 看样子 好像 已经 不是 早期 绅士 宝 高音 升级 退级 不得而知 万元 落地 都 没想 出 比较 理想 进口 箱子 达尼 里面 或许 价格 比较 适中 性能 还过得去 万元 落地 意力 去 找 找,-1
万元 书架 很 舒适,1
枫叶 之声,0
仪器 太 专业 做个 好 产品,1
其实 有点 不 理解 频响 网上 不是 很多 测 不 直接,0
好文 支持,1
最外 道 选手 蝶泳 別肩,0
历史 文 有意思 顶顶顶,1
老烧 年 以后 老三样 次 旗舰 看法,0
好文 学习,1
拜亚 无敌,0
说不定 抄,0
回顾 耳机 发展史 楼主 用心,1
老烧 好文,1
只 听 未必 选日系,0
远 没有 到头,0
想 买 大家 说 说,0
不好 听,-1
塑料 外壳   可能 美元 成本,0
没有 好听 真的 声 真的,1
我会 加点 钱 买       关键 推大乌,0
买 不怎么样,0
两极分化 拿不定 主意 估计 没 调音 很多 人不喜 估计 基本素质 还,0
,0
,0
傲立 老 还 凑合   新 估计,0
,0
素质 耐 听 都 刚买,1
朋友 有台 成色 非常 好 傲立 出,1
想 了解,0
个头 好大,1
听过 这根 光纤 线 已经 优化 专机 提升 很小 可能 本身 输出 口 干扰 很大 普通 有用,-1
维修区 找 大神 解决 疑难杂症,0
需要 修修 焊焊,0
广埠 屯 资讯 广场 楼 明天 电器维修 中心,0
正常 听 已经 比较 大声 音量 包间 里 声音 都 大得多 觉得 没有 测试 必要,0
图一乐,0
光看 失真 表现 其实 下 差别 不 大   失真 表现 才 比较 翻车   个人 口味 哈曼 入耳 里 开放式 大耳里 低频   当然 暗淡 中 高频 凸起 峰 比较 反感,-1
认为 音量                 真是 心疼 去 耳机,-1
调小 音量 失真 变化,-1
刚 插 上 好像 清楚 一点点 齿音 应该 收敛 一点,1
好几千 这点,1
版本 天空,0
卡 达斯 线 适合 系统 亮 暗,0
现在 蓝水想 买 欧亚 德 担心 提升 并不大,0
平衡 口 听 单端 差点 意思,-1
其實 有個 問題 這台 機器 換管會 一定 程度 增進 嗎 雖 說 一口 氣換配 對 好 四根 以前 曾 給換 過管 感覺 沒 甚麼 變化決 不是 換管 如換機 還是 說 對 這種 前 管後晶 機器 換管 不起作用,1
价位,0
耳机 样子 绝对 漂亮 试听 上海 只能 店 试听 押金 试听,1
振膜 设计 很 有趣,0
出来 很久 没 看到 卖,0
展会 上 听 确实 天花板 非常 高 耳机 大声 压 下 表现 非常 从容 自信 爱,1
设计 制作 佩戴 真的 非常 无敌 声音 以价 来说 倒 不 出彩,0
蓝牙 确实 没 不堪 考虑 成年人 听力 逐年 下降 事实 个别 断崖 式 下跌 已经 足够 满足 场景 使用,0
蓝牙 无损 连接 看 一下 手机 设置 里面 蓝牙 连接 模式 一种,1
蓝牙 再 升级 估计 直接 播放 无损,1
还 没 上市   高登 淘宝 官方 店 都 没 上架,0
两支 耳机 基本 通吃 所有 音乐,0
学习 正 打算 入,0
电磁炉 推力 都 偏弱   推   平衡 明显 更好   觉得 一套   线 电磁炉 声音 不差   认为 比起 电磁炉 推 还 更好 听点   高频 没 暗   更通 吃,-1
个人 感受 墙 插 更换 带来 改变 电源线 书房 国标 墙 插 换成 静神 体验 电源线 选择 其实 声音 取舍 问题 看 需要 方向 改变 一般来说 厂家 成品 线 大陆 销售 实价 建议 至少 一档 买 声音 会 相对 均衡 些 要求 表现 全面 差不多 准备 预算 买 条线 建议 看看 系统 中 电源线 最 敏感 设备 确定 预算 分配 最后 耳机 系统 上 追求 声场 个人感觉 投资 大 收益 小 通透 凝聚 线 看看 中 高端 型号,-1
换墙 插 性价比 最高 选择,0
先换 墙 插 古河 一步到位 电源线 一步 不了 位,0
膜拜,0
赞 口水 成色,1
感觉 还 很 新 样子 保养 真不错,1
头梁 垫 完好 真皮 其余部分 塑料 应该 很轻 很 舒服,1
毫米 左右 单元 小 单元,0
极致 以能 下厨房 卖点 还 环保 高级 脑放 无限 开 大 更是 上 厅堂 插 数万元 台机 更好,1
相比 大乌直 推 不难 听要 搞好 比大 乌难,-1
不是 声场 大是 太小,0
包装 做工 看上去 挺值 耳罩 看得出来 下 功夫 官方 有没有 测过 频响,1
很 专业 评测,0
推,0
看 评测 路数,0
森海 旗舰 应该 不会 低阻 化发展,0
旗舰 带头 砸 招牌 好事 品牌 贬值 有利于 普及,1
楼主 理解 很 深刻 顶,1
三 确实 有点 蛋疼 二 貌似 短板,-1
算是 比较 客观 评价,0
看 频响 整个 中 低频 都 凸起来 中 高频 凹下去 加上 拜亚 祖传 高频 凸 还 没 听 不知 声音 估计 会 很 难听,-1
刨 去 品牌 情怀 三代 真的 一只 很难 人 喜欢 耳机 真心 有点 失望,1
低端 本来 都 不 耽误 差远了,-1
本来 不错 硬 素质 两个 前辈 提升 棉被 依旧 棉被 基音 感觉 比较 现代 不 知道 新版 大幅 提升 灵敏度 后 声音 老版 差距 多大,-1
所有 耳机 都 留下 总会 一张 碟 听 起来 最 搭,0
不要 信 试音 该出 赶快 出 已经 觉得 不好 听 现在 张 碟 表现 一下 之后 会 发现 角落里 积灰,-1
测完 感觉 耳朵 不要,0
那用 听 碟 会 变成 都 普通 耳机 一只 居然 能卖 一千多 赶快 卖 换个 蓝牙 去 听个 声 蓝牙 方便,0
子木 还 原装 吃 音源 没有 好 音源 不好 听,-1
吃 音源,0
讲讲 价看 不能 降到,0
没有 最低 更 低,0
不是 最低 现在 涨 上去,0
听说   没 看到 价,0
京东 开过 车 还 不是 很 合适 跌 空间,1
不说 平时 优惠,0
高频 噪声 很多,0
都 散热 风扇 风扇 噪声 很大 看 不能 忍受,0
今天 方案 试 高频 毛刺 好 厉害 不加 好,1
升频 直接 听,0
早起 看到 邮件 试下,0
汉化 不 彻底,0
感觉 串流 都 变 好听 现在 已经 控制 不住 脑放 亦 刚 起床 听歌 感觉 好听 些,1
新版 操作 流畅 度 非常 大 进步 依旧 需要 加油,0
感受 一致 春节 大礼,0
感覺 變好 聽,1
这波 牙膏 挤得 有点 厉害 汉化 努力 一下 界面 里 英文 中文 混着,1
特地 查 所有   根本 没有 一句 提到 音频 核心 优化 更新 以后 不 可能 来回 版本 对比 音质 更好 说法 没有 依据 没有 办法 验证,1
创新 产品 确实 不错,1
请问 刷   直接 运行,0
安卓 支持,1
实测 安卓 系统 新 固件 不能 关闭 线 充电 功能 插线 最 坚持 小时,0
手机 做 音源 据说 有种 小头 小头 连接 方式 听歌 这种 方式 不能 关闭 手机 充电 还 没有 买 请 坛友 试试,0
金 平面 器材 比较 搭 买 想配 器材,0
难得 看 新 号 还 玩,0
凯音 套 耳放 二手 价 很 超值 解码 评价 对应 老三样 倒 够用 最好 加个 界面 不要 直 插 电脑,1
换成,0
换成,0
还 以为 贝多芬 莫扎特 巴赫,0
首批 用户 帮顶 强力 耳放 专治 不服,1
银狐 操控 设置 耳放要 复杂 今天 看到 一台 银狐 展会 上 插 做 试听 关键 增益 设置 居然 没有 开 最大 还 不是 模式 建议 商家 做 展览 好好 用户 做好 设置 一台 耳放 插 几个 耳机 说 其实 知音 堂 都 不 知道 操作 银狐,1
机器 建议 大家 坛 搞 巡回 我先 报名 试听,0
别忘了 上 一根 电源线,0
都 音源 还 电源线 插,0
单独 插 滤波 电源 上 会 比较 好 产生 噪声 不会 传到 墙 插 上,1
建议 单独 墙 插,0
撒,0
不错 烧 阶段 都 离不开,1
单纯 频响 看 御 三 家里 最正,0
极致 现在 价格 超 美丽,0
,0
声音 正 人声 突出 靠前,0
初心 之声 平板 这货得 功放 推,0
,0
前端 音源 跟得上 最佳 选择,0
举例 只 适合 小 推理 玩意 上大 推力 整个 声音 会 彻底 散掉 小 推力 会 显得 略为 紧张 生硬 不够 舒展 喂饱 后 整个 声音 会 非常 立体 一种 站 起来 感觉,0
比较 杂 大罗,0
价位,0
二手         随便 挑 试试 不 喜欢 出 再 换,-1
,0
二手 极致,0
不说 歌手 唱 去 偶尔 频率,0
期待,0
三台 放 都 很 不错 商家 能力 很 诚意 尤其 以前 真乔 不 上 定价 很 低 以为 低档 货听 愿望 都 没 这次 一听 声音 还 真的 好 良心 商家,1
以前 爱 潜水 现在 想开 推广 一下 国产 好 器材 好 事情 不 吹 不 黑,1
两台 都 买 工作 闲下来 后 出个 评测 确实 近期 听过 非常 不错 器材,1
莱尔 以为 美国 牌子   一看 国产   支持,1
适合 不 适合   耳机 很多 人 说 适合 森海 不 喜欢 森海,-1
没有 顶机 耳机 还 没玩到 高,1
交响 无感 上 顶级 欲望 不 强 现有 耳机 听 都 够,1
听 吐,0
不 知道 楼主 脸 还 头上 长着,0
一代 还 吊打 以上 耳放,1
原来 刚 出来 价 出头 现在 都 停产 长时间 贵,0
才 最惨,0
早就   现在 主要 跳水,0
同型号 出 新品 速度 太快 不 跳水 很难,0
价格 合适,1
拜亚 中 高频 销魂 耳朵 受不了 半小时,0
试试 双子座 感觉 不错,1
人声 感觉 话 说 黑神线 插头 好像,1
黑神 还 不错 感觉 泽丰 黑色 贝九 更好,1
一根 线,0
张扬 线 物美价廉,0
功放 口 不 知道 输出功率,0
賣景圖 這設計 太 好看,1
太漂亮 想 买 信任 品牌 声音 绝对 保证,1
背后 单端 平衡 两组 输入 接口 选择开关,0
抹 绿 有点 骚气,1
备份 不买个 机械 盘 反正 都 硬盘盒 装着,0
打个 酱油,0
机械 硬盘 希捷 噪音 小些 西数略 大些 最大 日立,-1
不是 纯银 线有 好 原线 实在 太渣 耳机 上 铜线 纯银 线 差距 没 大,-1
不 知道 可能 原线 专业 用途 设计 看 用做 编曲 混音 大佬 原线,0
原线 通透 感 相比 都 没有 优势 线 估计 高仿,-1
本来 透 换 透线 更 透,0
感觉 闷 更 腔体 结构 皮 耳罩 锅 听 声音 闷 大厅 里 声场 很大,0
闷,0
耳罩   会 原来 更 清晰,1
说 原线 闷 真心 建议 挂个 耳鼻喉科,0
原线 差 不至于 不了 闷,-1
推 楼主 觉得 两台 好些,1
认可 楼主 大部分 观点   对比 很 简明,0
真的 很 互补 缺乏 堂音 舞台 感全 补全 声音 虎虎生风 非常 带劲,0
歌诗德 刺激 谷津 暖糊 都 不 喜欢,-1
冬天 去 东北 舔 舔 铁栏杆 知道,0
肖 生克 救赎 经典,0
去 听 一下 音特 美的 平时 听 耳机 比较 会 很 明显 差别 铁味 耳机 都 冷声 凌厉 坚硬 听 舞曲 电音会 非常 爽快,-1
塑料 味 砖味 铜味 红木家具 味 自然 会有 铁味 拉 发烧友 吞噬 细菌 变得 啃过 东西,0
好 搞 金乌 不好 搞,-1
,0
主要 收藏 价值 都 搞,1
买同 品牌 才 更好 比较,1
没试 推 只能靠 脑放,0
请问 有人 是否 比较 搭配   搭配   手头 新款   总 觉得 声音 略闷 不 通透 隔 几层 纱 前端 笔记本 上,0
推荐 站上 音乐 鉴赏 课程,0
网易 云 电台 找 韩嘉天 有个 免费 系列 元 收费 系列讲座 觉着 很 好 先 听听 免费 不是 很 全面 觉着 讲 收费 好,1
看书 作用 不 大 最好 音画 视频 讲解,1
罗杰 凯米 恩 听 音乐 音乐欣赏 教程 世界 图书 出版社 出版,0
主要 好听,1
喜欢 低 音质 好量 足 不会 影响 高频 发挥 低音 不 喜欢 洪水猛兽,-1
主要 低音 准快 狠 实在 太 喜欢,1
,0
曾经 森海饭 准备 耳机 退烧 同档次 耳机 拜亚 振膜 成本 高于 森海 算是 喜欢 拜亚 理由 更好 听 我会 乱说 觉得 前端 揭示 力好 三大 品牌 同价位 耳机 四平八稳 耳机 两千元 价位 很 难得 同样 清新 更 大气 同样 均衡 更 味道 同样 中 正比 更 通透 越来越 喜欢 德国 大师 品牌,-1
声音 通透,0
喜欢   欧版 平衡 冷静 自然 型 能直 推,1
拜亚 平衡 度 正点   得票 最   瞎,0
卧槽 我能 说 拜亚 耳罩 圆 森海 椭圆 喜欢 拜亚     圆,1
据说 相同 价位 拜亚 素质 最高 用料 最足 歌德 次之 森海 呵呵,-1
解析 力 素质 双高 价格 厚道 才 主要 原因,0
现在 听 基本 很 满意 玩 朋友 感觉 全部 实力 不能 完全 发挥 直到 遇见 仿制 版 现今 搭配 下 大气 不失 甜美 细节 丰富 人声 中频 不失 感觉 很 满意 都 知道 原版 好 价格 不是 贵 买 一套 不错 喇叭 系统 找,-1
纯水 帖 沉,0
听   果断 出掉,0
听 加后 出,0
耳机 没 看 出来,0
狗狗 兄加 两个 配件 前面 黑色 作用 效果 加 不加 区别,0
同号 算 知音 前 阵子 老婆 听 大耳 听 完 竟然 一句 淡淡的 还行 说 简单 竟然 说 还 没 手机 外放 带劲 其实 不是 发烧友 听 音乐 根本 不在乎 乐器 高频 低频 听个 氛围 听边,0
还 真是   同城 同好   知音   前 几天   有个 同城   要来 买   挺 开心 说   买 不 买 没事 互相 交流   电话 聊 几句 以后 没影   不 知道 说错 觉得 烧 不够,1
大 奶罩,0
银乌,0
投一票 适合 流行,0
万 耳机 专门 听动次 打次   超强 低频 学习 中,1
知道 下潜 和量 感是 两回事 下潜 深 不 代表 量感 会 好 感觉 最 频段 其实 频段,1
饱满 耐 听 不 花哨 适合 阶段性 退烧 总结 到位,-1
这耳放 听 很 均衡 不 出彩 其实 森海 都 特点 前端 出 素质 出 气势 出 味道 最后 均衡 耐 听,1
乾龙盛 两个 解码 价位 差不多,-1
具体 测 万用表 测 两端,0
楼主 不是 装在 插座 线 端的 那根 线 叫做 线,0
需要 插座,0
估计 你家 地线 没有 接地 真正 接地 地线 不会 带电 地线 电 都 落地 何来 还 带电 地线 带 电 估计 感应电 电流 很少 安全 没有 影响 记住 个人 估计 只作 参考 不 明白 请个 合格 电工 搞 下,0
机 机壳 带电 意思 感应电 有没有 试过 将机 两脚 插头 对调,0
最近 有点 犹豫 这款,0
支持 下,1
支持 下,1
支持 一下,1
钱,0
支持 试听,1
凡是 试听 都 支持 真金不怕火炼,1
帮 顶一下,1
属于 潜水员 型 想 试听 不 知道 是否 符合要求,0
前排 支持 一下,1
用户 帮顶,1
  经典 经典,0
贴 很多 坛子 里 老烧 比较 年轻 烧 便携 老 烧 箱子,0
多年 前 曾经,0
多年 前 曾经,0
左右 买 估计 亏 索性 留 胆耳放 里面 颜值 算 不错,1
凯音 差点 买,-1
凯音 还 换管,0
便宜 美诗 贵点 沐声,0
泉水 姐姐,0
泉水 姐姐,0
不 存在,0
不上 平衡   耳朵 提升 上 平衡 提升 很大,0
价位 算 便宜 交响乐 最难 表现 配置 享受 不到,0
看 很多 人买 天津 李工 放 很 便宜 不 知道 有没有 吊大 说 下,0
走起 盲 狙稳,0
起步 很 好 选择,1
留意 一下,0
必须,0
楼主 大乌戴 头疼 不疼,-1
感觉 不太 适合 推大乌   整体 有点 糊   三挡 增益 调节   没有 起到 实质性 作用 声音 调高 会 刮 耳   调低 会糊   下 声音 差别 很大   毕竟 石机 平衡 线 换   单端 试   个人 不 觉得 适合 大乌,-1
我用 大 乌银彩 双三芯 觉得 不是 特别 追求 极致 安心 听 下去 石机 推大 乌能 推出 中频 厚度 本身 很 稀少 石机 里 已经 算 不错 年 月份 北京 展会 听过   推单 端 原线 大 乌 效果 现在 组合 好听 很多 人 说   推大乌 不 适合 比强 不少 主要 在于 中频 厚度 暖洋洋 氛围 感 高端 胆机 缺点 贵,1
我用 大 乌银彩 双三芯 觉得 不是 特别 追求 极致 安心 听 下去 石机 推大 乌能 推出 中频 厚度 本身 很 稀少 石机 里 已经 算 不错 年 月份 北京 展会 听过   推单 端 原线 大 乌 效果 现在 组合 好听 很多 人 说   推大乌 不 适合 比强 不少 主要 在于 中频 厚度 暖洋洋 氛围 感 高端 胆机 缺点 贵,1
素质 肯定 好些 调音 不好 说 日系 耳机 总 感觉 偏科,-1
尴尬 在于 推得 都 还 情况 下 没有 必选 理由 基于 价格 太香,0
缺乏 性价比,0
高 磁通量 机 推 变化 都 不大   没 潜力,0
有个 大 乌 听 流行 是不是 再 搞 几个 变态 平板 感觉 没 能力 搞 前端 推好,1
奥 莱尔 千万别 买 巨坑 闲鱼 卖 软件 差 音质 软 抢手,-1
红芯 秒杀 另个,0
很 简单 两个 旗舰 耳机 刚 推出 最好 声音 后来 所谓 改进版 喜欢 声音 厂家 发现 很多 人 搞不定 不 一定 喜欢 最好 声音,1
改进 款 相对 老款 改进 都 腔体 声学 设计 上 不 完善 带来 频段 失真 听惯 一般化 更失 真的 声音 更 真的 声音 成 失真,-1
炒作 成分 远大于 实际 差别 听 几个 一代 耳罩 新旧 程度 造成 声音 差异 远远 大于 编号 差异 人 初版 吹 上天 无非 是因为 大部分 人 没有 听过 想 说 说好 垃圾 橙色 东西 高价 出掉,-1
封闭 耳机 听大 编制 直接,0
闷 隔音 做 太   选 隔音 肯定,0
隔音 比较 好代 隔音 送 一根 线省 折腾,-1
隔音 都 不错 听 古典 大 编制 肯定 选,1
觉得 漏音 都 不大 印象 中 封闭性 好点 对内 对外 都,1
来看,0
来看 坛子 上 斗 爱马 士,0
最大 体验 流畅性 增加 声音 似乎 更 透明,0
玩数播 最 值得 投入,1
加上 新出 今年过年 玩,0
声音 不错,1
交互 先 比过 音乐 再 讲,0
会 不好 出 绝对 不买 大 概率 不好 听 还 亏 钱,-1
买 大牌   口碑 好   一年 内 二手 比较 合适,1
当然 考虑 冷门 器材 谨慎 买,0
会,0
家里 有矿 不用 考虑,0
线材 类 考虑,0
打卡,0
重量 佩戴 舒适度 上 有何 差异 请 楼主 讲 讲,-1
土豪,0
没   不想 买,0
看 侧重于 随身,0
看来 不错   比有 进步,1
做工 明显 进步 很大,0
毒,1
手头 出来 后换线 对比 感觉 完全 换 线 耳罩 腔体 薄 些 很大 区别 灵敏度 显著 高,1
改是 比较 成功 真的 太细 拽 易 掉 最 主要 好 推,1
看着 两个 金属材料 好像 不,1
造型 配色 很拉风 喜欢,1
推 不,0
看上去 很 不错,1
推好 完爆,1
去 看 错 原来 问 不好 听 卖掉,-1
祝 烧友 烧 健康 烧 快乐 烧 心情舒畅,0
牛 年 快乐,1
二手 以下 买 得到,0
一代 单端 推 声音 厚度 不够 成色 好 不好 找 建议 买 二代 原线 改 平衡 再换个 耳罩 试过 声音 极其 接近 代用 半塌 耳罩 声音 平衡 驱动 还行,-1
交响 耳机 不,0
肯定 不 意义   直接 二手  ,0
差 几百块 钱 遗憾 下去 没 必要,-1
二手,0
激进 点 保守 点大 编制 方面 两个 声价 素质 针对性 都 很 不错,1
请,0
听 自然 声 去 现场 体验 回放 设备 包括 专业 设备 这方面 都 失 真的 没有 例外 没有 例外,-1
,0
大自然 声音 气息 才 关键,0
马桶 垫圈 架 脖子 上,0
太重 现在 不错 还 便宜,1
东西 确定 耳机,0
现在 卖 价位 很少 看到 森海有 前卫 造型,0
玩意 不值钱 一千多块 钱   音质 不 远不如 现在 几款 穿戴 式 音箱,1
出 街 回头率 绝对 百分百,0
始终认为 耳机 听得 质感 声场 其实 不是 耳机 侧重点,0
扛 耳机 出街 画风 最强 耳机 不服 来辩,1
颈机,0
鸟 适配器 太大 不是 很重 看着 没有 带走 欲望,0
第一 耳朵 确实 这种 封闭式 耳机 还 做出 不错 声场 有点 惊讶 耳机 太 妥协 放不开,1
对比 大 乌大乌 变态 低频 均 好 特别 高频 拔 高 不 刺 真心 无敌 佩戴 方面 对头 特别 大 人 不 太 友好,1
厉害   还 没 机会 听过,1
大 喝彩 牛 逼 貌似 早就 卖完,1
思路   音源 耳放 前面 弄个 隔离 牛   功放 最好 都 不接 实在 不行 接个 单级 滤波 不要 接双级 产品,1
同问 办公室 摆 大 台机,0
坑货,0
预算 不好 环境 电 特别 烂 建议 退烧 认真 好 电处 全套 加 起来 贵得,-1
穷烧 不玩电,0
第二个 感觉 搬 不动,0
差距 主要 单元 不同 腔体 反射,-1
买过         全 金属外壳 薄绒 耳罩 都 很大 不同,0
最好     叫作,1
觉得 提升 巨大 声音 凝聚力 层次感 完全 不 之前 软和 散 基本 一扫而空 唯一 听 感上 稍微 有点 不足 人声 会 略微 缺少 点 感情 可能 抖动 压制 带来 效果 本来 想 买来 试下 不行 出 掉 现在 完全 不 下来 锁定 界面 雅典娜 锁定 基本上 秒 内 接受,0
声音 安定 感 背景 黑度 这是 解码器 事情 不是 能够 改变 毕竟 解码器 提供 高质量 数字信号 设备 不能 替代 解码器 功能,0
比较 感兴趣,0
银 枫木 颜值 便携 里 算是 天花板 调音 似乎 低频 过多 些,1
都 胡桃木 看着 比宙斯 高级,1
對 於 音頻 文件 來 說 不是 簡單 一個 錄音 問題 錄音 時候 分 軌錄 錄 完之後先 做 軌母 帶 做成 雙聲 道 多聲 道 再 做 相同 錄音 專輯 不同 版本 不同 專輯裡 聲音 不 一樣 正常 較 一下 兩 首歌 電平 不一樣 不同 沒什麼 奇怪,0
老歌 新专辑 中 再次 发行 时 做 比较 常见,0
胆机 前级,0
推荐 出   千元 够格 搭配 跪下 大神,0
,0
,0
不算 难 推 买个 适合 推低 阻 耳放,0
小 功放     加 转接线,0
比难 推 吃 电流,0
凸铭 没有 早期 平铭 通透 顺滑,0
买 好像 国内 没 看见,1
普通 铜环 版 声音 很 好听 素质 确实 比差 半档,-1
朴素 后期 版本,0
云 视听 模拟 味挺足 安逸,0
后期 布 滤网 凸铭版 声音 肥厚 精髓 早期 平铭版,0
需要 上,0
放 大部分 好像 转换 相关 电路 理解 成是 线路 输出 适配 类型 阻抗 灵敏度 耳机 难免会 出现 推不开 情况,1
定位 一台 便携 解码 耳放 相当于 送 曾经 耳放 部分 超过 欧 大耳 驱动 都 不 甚 理想 推低 阻大耳 控制力 还 行 解码 部分 素质 差不多 价格 差异 相当于 市场 定位 差异,-1
对比 解码 部分,0
正常 素质 好 台机 差 远,-1
对比 感觉 听 人声 流行 更 合适 拿来 听 交响 听 现场 比好 很多 声场 大 些 低频 下得 去 高频 线条 感好 结项 好些 听 人声 流行 没有 感情 拿来 互补 一下,1
平头 铁三角 松下,0
手头 估计 十年 从未 推好,1
买过 机个 仿耳放 感觉 好像 稍 好,-1
山灵 能配,0
香榭丽舍,0
求 大侠,0
子木 仿 接 主板 听听 好 差 解码器 还 主板,-1
解码器 都 界面,0
手拿旧 板 顶一下 更换 系统 全套 线材 后 解码 低频 冲击力 侵掠 感 降低 很多 变 很 柔顺 中频 略毒 信号线 电源线 全是 杜兰 解码     耳放   有时 会 接上 平衡 版 百老汇 之前 没有 好 平衡 线 百老汇 上显 控制 不住 前 几天 有空 平衡 线 弄 一条 杜兰 差别 很大 变 顺滑 明显 更好 百老汇 程度 没想,-1
绝对 不算 冷门 旗舰 耳机 年度 投票 人气 可不 比大 乌低 比起 三剑客 持有 量 逊色,0
羡慕 想 弄 专门 伺候 古典 乐 形成 互补 身边 玩过 朋友 泼冷水 说 不好 伺候 推好 未必 推好 预言 直接 推 不好 纠结,-1
素质 上 有没有 明显 提升,0
见 刑具,0
声音 太暗,0
最老 一字版 低频 震得 皮肤 都 颤抖 轰隆轰隆 感觉 爽,-1
不 适合 楼主 试试 耳放 推 推 很 难听,-1
品位,1
对比性,0
全家 重量 都 偏重 不 离谱 存在 感 明显 耳罩 都 箍 住 类型 加上 重量 主要 分布 单元 上 甩头 容易 动 不 动 只能 箍 更 紧,0
见 戴 会 往下掉 摩托车 头盔,0
加上 一体 头梁 比较 难受 地方 悬挂 式 会 好 很多 没法 改,1
克 头梁 重心 很 奇怪 带久 多克 台湾 产 半罩 摩托车 还 难受,0
大乌 耳机 范畴 里 属于 比较 重 裸机 接近 摩托车 头盔 完全 没有 可比性 全 包裹 摩托车 头盔 没见 低于 不少 摩友 颈椎病,0
用过 感觉 头戴 都 重,0
耳机 最大 缺点 听不出 情感 没 韵味 优点 温润 耐 听听 女声 最好 配官 升线   高频 提升 很大,1
播放器 输出 方式 设置 错,0
确实 音频 设置 问题 选 自动 选择     搞定   从来 没想到 播放器 设置 问题,0
国内 国外 买 不 知道 国内 海淘有 更 省心 渠道,0
价位 声音 偏好,1
真正 深入 了解 平板 考虑 功放 推,0
香格里拉 还 不错   很 惊艳   低频 弱 点,1
循序渐进 一定 玩 越级 打怪 典型 代表,0
看看 目前 美行 美金 加上 税 转运 估计 人民币 以下 拿下 价位 暂时 没 想 出来 对手,0
上 淘宝 买 几米远 东 熊猫 单股 无氧 铜 电线 再 买 一对 便宜 插头 插尾 做 就行了 包管 吃 高频,0
晾衣架 拆开 铁线 试试   记得 加 绝缘,0
铜彩 低频 厚 高频 暗 典型 代表,0
觉得 指望 砍 高频 延伸 还 买 个人 头麦测 一下 适当 以上 往下拉 一点 就行了 电源线 影响 零点 几个 恐怕 都 难,0
真 平衡 推 输出功率 同机 单端 大出 很多 大功率 台放以 阻抗 灵敏度 额定功率 单元 及振膜 直径 参数 综合 考虑 不是 特别 吃得住 大功率 可能 会 出现 单端 状态 下 雄壮 均衡 平衡 状态 下 中频 异常 凸起 频段 距离感 整体 前压 情况 小 功率 放 目前 没 尝试 不得而知,0
耳放 假 平衡 才 听不出 区别 就算 单端 做 很 好 平衡 区别 很大,-1
锅 正常 系统 结 像是 耳朵 区别,0
解析 强 耳机 单端 平衡 往往 感到 声音 变 大 素质 变化 不 明显 平均 水准 耳 放下 觉得 会 很 明显 不仅仅 声音 变 大 解析 动态 声场 都 耳朵 提升,1
換掉 重點 耳放 不是 耳機,0
单端 没有 平衡 电路 推力 更大,0
当然 锅,0
平衡 单端 两 副耳机 声音 区别 明显,0
  平衡 平衡 区别,0
佩服,0
安桥 单元 直接 买 得到,0
外观 铁三角 做工 歌德,0
手艺 佩服 佩服,0
贴子 花 半小时 看 完 楼主 真是 大手笔,0
实践证明 不 深入 辨析 不能 听到 最好,1
非常 敬佩 马勒 看到 超级 艺术 天才 通常 在思想上 都 超越 时代 五十 一百年 马勒 交响曲 年 柏林 爱乐 马勒 亲自 担任 指挥 举行 新作 首场 发布 音乐会,0
楼主 爱 音乐   懂 音乐   研究 音乐   我能 做 紧跟 楼主 脚步 好好学习,1
好久 之前 收 二 手上 家 年底 买,1
耳罩 海绵 没塌 淘宝 买个 小羊皮 耳罩 原 耳罩 海绵 拆出来 换上 小羊皮 外壳 声音 更上一层楼,0
肖邦 离别 曲,0
表演者 庸才 没 才情 很 难 去 理解 作品 烂 歌,0
说 一下 个人经历 几次 听 确切的说 应该 看电视 里 别人 唱歌 一次 电影 里 黑人 教堂 合唱 一次 岁 小姑娘 全英 一叮里 表演 英文 完全 听不懂 唱 听 听 眼泪 不由自主 流下来 所谓 感动 当然 这种 感动 应该 包含 视觉 上 影响 歌者 表情 动作,1
引起 人 情感 共鸣 音乐 好 音乐 其实 最 重要 说到底 听 音乐 感动,1
不 认为 电位器 加价 买得起 应该 不差 这点 觉得 性价比 更高 买,-1
结像 方面 结像 其实 更 小 难得 一点 反超 精准度 更胜一筹 结像 总 感觉 有点 飘 或者说 劣势 主要 根源 在于 动态 密度 由此 带来 音乐性 鲜活 感 气势 上 大幅 劣势 吊打 情有可原 其实 单听 觉得 已经 很 通透 听 一会 再 换回 感觉 声音 明显 没有 打开 显得 很 紧 有种 振膜 手 按住 没有 舒展 开 感觉 知道 素质 本身 很 不错 面前 输 惨 着实 没有 想到,1
最后 眼镜 党 介绍 小妙 招 平时 戴着 眼镜 戴 耳机 夹得 耳朵 很 疼 会 影响 耳罩 贴合 性 影响 音质 试下 不用 眼镜 镜 腿 拆掉 换成 口罩 眼镜 变成 套头 式 听歌 戴 副 眼镜 轻便 舒服 觉得 眼镜 不太稳 鼻托处 夹个 海绵 耳塞 非常 完美,-1
眼镜 真 尼玛 秀,0
换购 保修 政策,0
请问 下楼 主音 源 耳房,0
,0
主听 流行 相对 杂食 平衡 为主 考虑 平衡 强项 不 排斥 暖厚 浓郁 声音 声力 很 合适,1
跪 老烧 年 注册,0
发帖 顶,1
听风 拿来 推 主要 听 古典 满意,0
现在 十 一周年 版 单端 强过 以后 不 打算 上 平衡 耳机 更好 些 听 风 没 听,1
平衡 推 試推 耳机,0
没 感觉 平衡 单端 提高 音量 增大 木耳,0
再 顶 再 问,1
复杂 现成 线 插 行 没 区别 当然 做 一根 线 的确 有点 麻烦,-1
原来 楼主 骗子 钓鱼网 骗 支付宝 打款 版主 封号 惯犯,-1
无图 无 真相 楼主 上 几个 图 看看,0
关键 买 玩意 线 头痛,0
很丑 样子 很 山寨,0
界面 蛮 好 国内 所有 界面 都 干 趴,1
搞个 平衡 线用 挺 好 适合 单端 单端 太 废,1
偶尔 古典音乐 老老实实 听 反正 不常 听,0
单端   很耐 听 挺 好,1
不会 失望,0
古典 神器 流行 听 男声 好听 古典 很 好 不 适合 听 女声 听 女声 推荐 听 古典 比较 强 不是 风格 主要 便宜 才 八九百 块 建议 看看,1
不让 沙 发,0
木纹 好点 自然 一点,1
木纹 感觉 上档次 点,0
玫瑰 木 诱红 难言 怀旧感,0
师兄 都 不 喜欢 喜欢,-1
请问 声音 上 区别 马   没 听 木头 版,0
木版 声音 竹版 声音 区别 具体 好坏 不多 说 耳 听 为实,1
好毒 学会 拒绝,1
感觉 玫瑰 木 比较 显 档次 一点 好 耳机,1
竹子 好长时间 佩戴 能轻 一点 一点 没有 断裂 风险,1
木头 已经 好几个 烧友 出现 开裂 现象   品控 好像 不是 很 好,1
喜欢 竹子,1
喜欢 木头 哒,1
其实 竹壳 版 开裂 问题,0
买 老板 告诉 竹版 拼接 而成 更 容易 开裂 没敢 买入 玫瑰 木版 木版 确实 更好 看 两个 都 喜欢,1
没得选 木质,0
玫瑰 木 好看,1
提升 肯定,0
不错,1
丹娜 新界面 没人 讨论   都 上,0
楼主 不是 去年 玩过 还 发 帖 说加 听不出 区别,0
界面 不要 完 关掉 这货 需要 热机 需要 一定 时间 去 稳定 开着 别关,0
二个   区别,0
机壳 电流 碰 机壳 触电 意思,0
香榭丽舍 原线 很 辣鸡 建议 换块 同为 机线,-1
都 很 平庸 没什么 吹,0
听过 个人 听感 明显 强于 尤其,1
机会 去 听听 才能 比较 别人 终究 别人,0
歌德 家 听 热情 氛围 适合 类型 多些,0
通篇 看 下来 结论 加 钱,0
老师 简洁 接地 气 评价 点赞,1
推,0
沙发 自留地,0
说句 不 爱国 国产 解码 问题 从来 都 不 测试 指标,0
指标 好 搞 好像 高清 照片 像素 够 问题 喜欢 油画 喜欢 水彩 国产 一类 需要 艺术 人文 底蕴 找 搞 音乐 人 一起 折腾,-1
实际 听感 个人 更 喜欢 目前 要贵,1
楼主 高级 黑,1
加 底座 比较 好,1
机会 听听 支持 新年 活动,1
活动 持续,0
说句实话   试听 惊艳 感 细节 很 难听 出 活动 不错 力度 够 一波草 割起来,-1
期待 机会 听听,0
不错 武汉 沸谷,1
连市 啥意思 都,0
连市 意思,0
大耳 想 听,0
我用 还 调音 对味,0
上 是不是,0
這耳機 比較 特別 好像 前端 插什麼 都 這耳機 味道,1
听 下去 无线 无线 方便 升级 换个,0
已经 足够 好 插 上线 听 流行 绝对 足够 不会 德奥 中端 差,-1
男人家 产品 很 特点,0
闲鱼 多收 听 完 跳 加个 素质 空间 层次 分离 度 切 香肠 声音 非常 扎实 毫不 拖泥带水 幸亏 不好 推 不 可能 低 感觉 白捡,-1
头戴   路过 都 很 喜欢,1
,0
系滴 神,0
建议 试试 好听 不贵 还,1
楼主 没 那根 破线 换掉,0
小 说实话 这种 灵敏度 人 已经 聋,0
耳罩 不是 真皮 以为 真皮 耳罩,0
明年 还要 换 金 嗓 二嫂 保值 性好点,1
二嫂 价位 不二 之选,0
天琴 声音 不错 音源 退烧,-1
仰望 高端,0
选 二手 明年 继续 升级,0
太 厉害 居然 小姐姐,1
太 厉害 居然 小姐姐,1
网上 看 评测 总结 天鹰座 解码 没 毛病 凯音 套 里 耳放 不错,1
都,0
这钱 还 搞个,0
天鹰座 再 个把月 后续 产品 提升 不小,0
天鹰座 后续 天鹰座 还 增加 平衡 接口,0
  天鹰座     没 多久   会 不 满意,0
都 不用 考虑 钱 攒够 直接 上 万元 预算 再 折腾,-1
不想 折腾 先 考虑 下 二手 一代 谷津 可看 下 说 几个 升级 不上 平衡 都 不大行 配合 还 行 香榭丽舍 配合 不好 配合 还 行 天鹰座 不用 考虑 那俩 同价位 搭配 推力 够 解码 界面 挺菜 想 升级 最好 入 享声 大 推力 耳放 没 以上 真 不好 伺候 升级 试试 好 伺候,-1
考虑 增加 选项 钰龙 马上 推出 天鹰座 二代 可玩性 声音 都 很 不错 听 几次 样机 觉得 推荐,1
个人 建议 先 不要 换 设备 先 原机 带 机线 保险丝 换掉 听感 影响 很大 墙 插 插排 影响 很大 不 满意 再 考虑 换 设备,0
国砖 转盘 出 保凯 音收 降价 包邮 很 新,0
谷津 先 推 还 勉强 够用,1
两年       级别 一体机 推 绝对 没有   老 旗舰 好听 更何况 前端 要求 更高,1
谷津 还 行 旷世 就算,0
谷津 不错 耳机 入 后 买 回 谷津 现在 两个 换 听,1
谷津 高频 亮丽 挺不错,1
田雨 音响,0
留着   换 肯定 后悔   听 一阵子 没有 新鲜 劲   两个 差距 不算 太大 耳机 换 听 还 接受   差别 太大   没准 听 不 下去,-1
玩玩 呵呵 支持,-1
出 買個 加個 好 塞子 直連 手機 方便 好 聽 退燒 安心 享受 音樂別 想 升級 別想 降級,-1
现在 只留 两个 耳机 放在 书橱 里 代表 曾经 玩过 耳机 放在 书桌上 用来 听听 音乐,0
很 冷门 不 知道 声音 一下 素质 应该 块,0
纯粹 古典   人 声声 场 小点 没关系,0
逼格 古典 党,0
犹豫不决 举棋不定 买贵,0
,0
只 听 刚 拿到 发现 插 上 都 没 好听 熟悉 以后 发现 泛音 振动 感 甩 几条 街 确实 值 价听 乐器 大 编制 好 是因为 泛音 丰富 原因 泛音 丰富 独唱 大部分 合唱 都 不错 每个 耳机 都 特点 可能 没 发现,1
送 一条 平衡 线 免去 额外 出钱 买 比较 划算 后悔 没买,0
觉得 应该 差距 不大,-1
声音 不 妥协 原则   随和 圆融 专业   好像 现在 大多 旗舰 都 方向   后者 稍微 有点 做作 假正经 听久 怕 性格 会变   反正 我选,-1
均衡 随和 圆融 专业 基础 上 改进 难道 森海 工程师 不 清楚,0
喜欢 器乐 前期 版 喜欢 均衡 后期 版 喜欢,1
地方 试听 好 可惜 三线 小 城市 拿不定 主意,1
目前 上佳 古典 耳机,0
有钱 买贵 没错,0
平衡 好 还 是非 平衡 好 喜欢 好,1
等待 听果,0
耳放 下面 避震 钉 瓷碗,0
好文要 顶 毒图 更 顶,1
好文好 图,1
市场 上 三款 全部 退市 现存 新版 楼主 所述 声音 特征 大相径庭 楼主 不妨 听 新版 再 写 感悟 更有意义,-1
看 完 原来 一条 老枪,0
不错呀 可惜 没 银子,1
毒 毒,1
很 好 文章,1
随时 不要 台式 电压 电流 限制 没法,0
一万 台机 一万 平板 打游戏,0
享声 官宣 工程 样机 吊打 所有 台机 哈哈哈哈 当然 价格 可能 不是 一条线,1
实际 体验 五六千 双台 机比 同样 双 万元 多国 砖 两万多 韩砖 明显 好,1
来自 灵魂 发问 买 两三万 随身 砖有 必要 出差 插 手机 回家 听 台式 不香,-1
试 低端 便携 播放器 低端 解码 一体 鸡 便携 声音 薄弱 根本 没法 听,0
不值 几年 前 买 一手 价格 都 低,1
耳机 声音 不错 做工 拿在手上 总让 山寨 货 错觉,1
看不到 图,0
不用 动手 充 大佬 分 分钟 揭老底 揭到 觉得 愧 人,0
问 劲浪 乌托邦 箱子 露馅,0
真是假,-1
看 背景 知道,0
看 图片 发现 似曾相识 贴主 貌似 炒家,0
觉得 有没有 买来 听 再 买 退烧 花 时间 写 帖子 分享 经验 感受 够 楼主 真是 有点像 太平洋 警察 有没有   听 没 听 过关 啥事 赚 卖 白菜 钱 操 卖 白粉 心,-1
驱动 耳机 输出阻抗 都 不 最少 需要 输出 变压器,0
捂着 钱袋 少 听 忽悠 韭菜 永远 割 不 完,-1
耳机 第一步 数播 第二步,0
直接 换 音源,0
解码 糊 换 解码 加 数字 界面,0
这种 问题 奸商 狂喜,0
有点 搞笑 还 需要 放 或者说 搞 难听 放 垃圾,-1
没有 倒 很 长时间 潜力 不是 很大 万元 级 独立 耳放 伺候 有点 浪费,0
万元 机 纯属 浪费 即可,0
最强 解码 山灵 机器 基本 二手 左右,1
不好 听 这台 解码 素质 数码味 重 同价位 歌 诗德高 登钰龙 都 更好 选择,-1
素质   听感 还,0
二手 美诗 不 知道 左右,0
投精音 黑豹,0
小不点 双 细腻,0
说 小 电脑 刷 达菲 再也 不 碰,0
自带 媒体播放器 支持,1
数播 两头 兼顾 骑墙,0
主要 电脑前面 坐 当然 不 需要 搞 数播 客厅 数播 开关机 方便,0
数播 操作 反 人类 不 习惯 习惯,0
价值 在于 看 电影 时当 开 游戏 时而 数播 只能 播放 音乐 完全 投入 搞 回报 不差 电源 净化 解码 上 时钟 三样 搞好 声音 会 很 柔和 安定 模拟 味,-1
长期 习惯 本地 烧友 突然 改变 去 用会 更加 反 人类 界面 上 操作 实在 用不惯 看似 炫酷 实则 非常 鸡肋 用过 都 知道,0
问多 几个 代理 好,1
买 东西 一定 讲价 切记,0
年   年絕 對 可能,0
有人 知道 换购 价格 会 降,0
看来 出头 买贵,0
现在 代理 都 没有 货 讲 不了 价,0
再 弄 放 家里 听听,0
啥意思,0
谢谢 楼上 两位 推荐 打算 入金波 还 设计 胆放,0
帮顶   国货,1
不错 再 找 听听 升级版,1
换 张纸 有点 意思 新 耳机 老 审美,0
写 很 真诚,0
感觉 说了半天 等于 没说 音质 芯片 没有 一定 必然 关系,0
数字 定 生死,0
不 直接 关闭 所谓 关闭 工作 特定 要求,0
这种 芯片 是不是 对外 接 界面 数字 设备 不 敏感,0
听感 主要 看 模拟 放 大部分,0
大奥 二代 一片,0
看来 都 不错 哈都 挺 好,1
百灵鸟   价格 差距 实际 起来,-1
年 平衡 推力 还 单端 差 点 意思 看 耳机 听 音乐 不错 当然 听 古典   最好 当用 最后 上,-1
羡慕 嫉妒 标题 中 优字 去掉,1
回头 生日 送 一套 名牌 包包,0
求和 都 听 些 意见 推荐 耳机 不怎么 听 古典 主 流行 日漫,0
耳放 平衡 舒服 点,1
单端 平衡 好 森海塞尔 韵味,1
忘 说 放 还 换运放 玩 换 运放 分离 度 立竿见影 运放 值得 一试,1
铁三角 还 不错 推 铁三角 耳机 都 挺 合适,1
至少 官方 西装,0
直接 整,0
是不是 都 非常 快,0
失真 噪音 人 疲劳,-1
同意 楼上 楼上,0
特色 听 小时 没 问题 再 不行,0
音响 单元 做,0
佩戴 音色 共同 作用 国内外 觉得 大乌 听 累 烧油 看过 不下 不少 流行乐 喜欢 高频 电 平调 高 高频   点 耳机 耐听些,1
几首歌 累 都 前面 问题,0
可能 颈椎 顶不住,1
最近 听银乌 都 觉得 累得 快 劲 浪家 重 点,0
解析 太高太多 细节 表现 出来 不是 影响 整体感 细节 出来 听众 耗 更 心力 去品 辨 其实 不是 这歌 最 主要 歌曲 最 主要 人声 配乐,0
累 说明 不 宽松 不耐 听 堆钱 换 耳机,-1
声音 密度 高 解析 强结 项大 会累 推好 宽松 耐 听,1
高频 失真 大   魔音 入脑   中低端 解码   大乌 起到 放大 效应,-1
听 越 听 越 想 听 不想 摘下来,0
关注,0
感觉 耳罩 都 越 洗 越 塌,0
森海 耳罩 以前 天 真的 洗 一次 还 原来 后来 直接 买 副 新 原装 发现 声音 比旧 好 很多 耳罩 比较 影响 声音 效果 最好 省 钱,1
当初 洗 耳罩 搓 半天 洗碗 状态 更差,-1
问题 皮 耳罩,0
已经 掉 渣 耳罩 不要 下水 下水 成 芝麻糊,0
棒 音源 手里 原道 听 不 刺激,0
听 炮姐 卡其 脱离 太 确实 刺激 稍 好 一点,1
大家 知道 谢谢,0
东西 标准 机箱,0
说 枪 超级 雅典娜 普罗米修斯,0
东西   玩玩 好 集成 数字滤波 入门 听久 燥,1
面板 蓝色 不错,1
发现 东西 没有 地方 试听,0
上 几个 图,0
特别 好听 人声 感染力 强耐 听 舒服,1
照片 拍 不错 用户 帮顶 感觉 进坑 还 上,1
建议 耳机 去 听 一下 春节 序曲 太 好听,1
不少 刻字,0
真是 漂亮,1
支持 下 歌德,1
广州 耳机 展上 厂家 有个 电池 耳放 搭配 歌德 限量版 忘 型号 听 起来 声音 真棒 听 都 愉悦 后悔 没有 看清 机器 型号 我私 以为 机器 不是 很 挑放 电池 耳放 确实 很 不错 纯净 通透 组合 挺 好 相比 他家 大 机器 新 解码 听来听去 上述 玩意 有意思,1
完全 不够 玩 原来 以为 极致 玩 限量版 没想到 歌德 玩 更 厉害,1
,0
好看,1
不错,1
歌德 退烧 之选,-1
楼主 辛苦,0
纯小白同 去过 北京 音响 展听遍 所有 系统 觉得 最好 听 歌德 黑 标号 绝得 抓 耳 配   上面 播放 古典 比一众 好 很多 准备 收个 玩玩,1
上市,0
试听 最 保险 森海 西装,0
盲选,0
闲鱼 上 貌似 一台   才,0
实际 听 百老汇 平衡 版 原创 后选 主听 流行,0
搞个 解码 耳放 听风 行,0
上周 去 一家 店 听 下推 不错 流行 交响 都 挺 好听 仅供参考,1
分体 没用过 一体机 用过   金 画眉 现在 耳机     主要 听大 编制 一体机 推荐 流行 似乎 金 画眉 还 更 味道 点,-1
,0
最近 看上 何庆华,0
包邮解 君愁,0
有钱人 耳放 都 台台 买,0
之前 帖子 莫名其妙 转 各地 交流 谈天说地 区 尴尬,0
我用 何庆华,0
,0
请 心中 默念 大乌 最 顶级 动圈 大耳大 乌是 最 顶级 动圈 大耳大 乌是 最 顶级 动圈 大耳,1
耳放 解码 不错 解码 数字 界面 不大行,1
老何 东西 国内 算是 谱,0
不 知道 说 耳 放行 解码 不行 结论 得出 买 已经 咸鱼 出掉 不 存在 吹 目的 外形 看 应该 套装 档次 水平 三个 耳放 比较 后 都 马上 挂 咸鱼 想法 具体 声音 细节 少 纵向 声场 差而 解码 好几个 解码 比较 都 没有 马上 要出 掉 想法 当时 买 说 比较 歌 诗德 声音 薄 一比 玩意 后者 解析 很 好 好 声场 捉急 最近 比较 二 解析 更好 分离 度 更 高 声音 有点 软 有点 散 尤其 低频 个人 觉得 不是 正确 声音 后者 风格 差不多 声音 密度 高 厚实 高频 讨喜 声底 糊 一点 当然 何家 更 高价位 耳放 没 听 比较 呵呵,-1
何家 模拟 设备 性价比 高 界面 不错 以前 用过 旗舰 解码 解码 中 算 上层 唯独 没用过 不能 试听 选择 品牌,-1
老何 解码 不错 超过 解码 准备 升级 更 高档 出 解码 已经 升级 版,1
单端 输出 看 面板 插座 上 标的 以为 双 平衡 输出 设计,0
昨天下午 沸谷 哥们 今天 握手 他家 两个 都 没 褒开 不知 当时 线换线 可能 好 很多 毕竟 换 张扬 线 听 原线 温润 耐 听 感觉 线材 玩意儿 真 神奇,1
大乌 声场 很大 距离感 没有 远,0
听 人声 没 必要 留 德奥 耳机 是非 典型 这种 终极,-1
爱坏,0
尽量 买 全新 带保 都 级别 贪小便宜,0
都 只 敢 买 新 说明 到时候 玩腻 相出 二手 难,0
去年 月底 买 目前 问题 都 没,0
听说 换 一对 单元 就要 一万多 买得起 修不起 建议 买延保 时间 最长 那种 小 投资 大 收益,0
发此 贴 有感而发 假期 泡 论坛 时间 发觉 大家 兴趣 点 见解 状态 很 不 博闻多识 推己及人 烧油 增广 异闻 短浅 孤陋 固执己见 人 擦枪 走火 引发出 出 闹剧 背后 其实 折射 发烧友 所处 层次 阶段 正常 情况 下 烧油 之间 沟通 层次 不 很多 烧油 只以 认识 标尺 理论 衡量 实践 衡量 经验 评判 更有甚者 价值 贵贱 评判 基准 造成 很多 鸡同鸭讲 怪异 画风 或许 处在 假 退烧 状态 朋友 往往 掺和 说 上 很 出世 话语,-1
电源 设置 屏保 休眠 方面 找 找 原因,0
一体机 里面 解码 部分 接 电脑,0
疑问 小弟 只用 耳机 是不是 其实 不必要 一体机 解码,0
平衡 推会 提升 推荐,0
发觉 解码 必须 实战   枪文 不靠 谱,0
山灵 解码 感觉 风格 类似 都 那种 整体 宽松 柔和 型 比较 耐听,1
音质 很 不错 心中 预期,1
申请 试用 接上 系统 听听 声音 拿捏 值不值,1
救,0
好 帖 学习,1
立体声 论坛 有个 解码 大聚会 激情 碰撞,0
写得 真好 难得一见,1
张扬   黑神 感觉 还 原线 改,0
搓 条卡 达斯,0
恭喜   很多 烧友 心中 最 优秀 耳机 值得 换线,1
换 平衡 听 不了 多久 感觉 平衡 没有 单端 耐 听,1
管子 貌似 不错,1
关注   很 喜欢 木碗 造型   太 冷门   没 听 搜索 评测   看出 应该 做 大面积 推广   妹子 隔壁 看到 出 帖子 之外   目前 貌似 还 没有 人写 正式 听感,1
今天 入手 直 推 听 十分钟 马上 付 款,0
好 直 推 很 好,1
看样子 贴 牌货 老风根 神韵 应该 找 不到,0
声音 染 特别 娘 慎重 购买,-1
太 冷门 估计 很少 有人 敢 去 尝试,0
董壕 不 尝试 一下,0
丰达 代工 完毕,0
自上 世紀 年代 初后 再也 老德律 風根 沒有關 係,0
非常 易 推 好听 值得 拥有 感觉不好 夹头 太紧,-1
听过 一下   特点 很 好 推   缺点 没 潜力,1
期待 聽感,0
声音 比较慢 倒 挺 好听 很 容易 推偏 暖 接 电脑 听 潜力 说 不准 价位 真的 挺值 泛音 很 充沛 试听 做 对比 解析 感觉 声场 比大,1
说 很 中肯 直 推 已 安逸 听 音乐,0
加收 一台 钰龙 试试,0
加点 钱 西装 非常 不错,1
大 财小用 以后 还要 升级 考虑 已经 很 不错,1
加 天籁,0
,0
二手 马兰士 估计 左右 够用,0
楼主 适合 玩 紫檀,0
大哥 俩个 变压器 标准 线性 电源 不是 开关电源,0
带有 基于 阻抗匹配 特殊 输出 这种 方法 使用 长度 超过 米 标准 电缆 不会 造成 损失 干扰 还 提供 标准 输出     同轴电缆 硬件平台 支持 网络 存储 中 流 传输 强大 平台 平台 提供 在线 流 传输服务 分辨率 最高 达,-1
专有     技术 引入,0
法子 想要 块 找 韵味 先 厂家 数码味 淡化 一点 再 谈 韵味,0
只能 牺牲 解析 找 老 解码器     上 界面 糊化 听感 看看,0
都 不 支持,1
真想 大喊 一声 垃圾,-1
驱动 设备 说明书 装 驱动 好 比喻 电脑 看 设备 说明书 电脑 更好 使用 设备 当然 不看 说明书 同样 操作 设备 没有 好,1
不 装 驱动 情况 下 调用 自带 驱动 去 做 适配 情况 下 不 支持 只能,1
转盘 不是 使用 同轴 输出 还 真 不 一定 电脑 谱 印象 里 之前 有人 做过 类似 对比,0
个人 觉得 光纤 输出 做 好 声音 更 细腻       线 亲测 不错 很多 淘宝 线 不能 输出 高 码率 文件,1
绿联,0
单晶 铜 线材 比较 好 个人 用线 尊 牌子,1
厉害 声音 区别,1
实物 宣传 图 好看,1
估计 款 保值,1
好羡慕,1
出 纪念版   是不是 快要 停产,0
小 木碗 一律 不 推荐 染色 很 重 不好 听,-1
觉得 都 没有 味道,0
买 老 木头 新 木头 有点 黄色 不 好看,-1
小 木碗 只 推荐 天龙 声音 相当 好 太旧,1
,0
,1
歌德 没有 不 适合 人声 左右 买 行,0
绿毯 成为 民科 神棍 指标 党 聚集 胜地,0
电源 部分 换线 敏感度 估计 很大 明天 时间 玩玩,0
金银线 指 根是 纯银 铜 镀银 铜 镀锡 根为 纯铜 线 电源线 信号线 纯银 铜 镀银 铜 镀锡 纯银 镀金 为佳 耳机 音响 喇叭线 用银铜 混编 纯银 镀金 铜 混编 为佳 线材 纯度 越高越 好 相差 音质 天地 之别,-1
拿掉 耳罩 直接 戴有 惊喜,1
以后 口碑 会 越来越 好 都 想 搞 全新 收藏,1
已 不是 现今 旗舰 水平   性能 质素 秒杀 同价位 歌德 完全 没有 问题,0
当年 想 听 厂 耳机 觉得 完全 不行,0
终结者 推 不错 感觉 比好 妖味 不见 但艳味 不减,1
瞎子 很 容易 类似 方法 证明 视觉 不 可能,0
听感 差别 很大   别用,-1
区别 很大 三种 都 区别,0
耳机 展时 进行 盲听 有奖 比赛 论坛 论战 强多 好处 会 出 一堆 耳朵 厉害 人来,1
声音 柔和,0
区别,0
歪个 楼 输出 只能 不行 发现 却 请教 里 设置 走 输出 原生 稳定,0
后者 声音 更紧   听 出来 后者 更耐 听,1
系统 下 瞬间 切换 次 声音 都 毫无区别,0
切换 采样率 经常 换 采样 不 换 时间 一首 歌曲 切换 回 经常 卡 慢速 播放,0
楼主 做 测试 得出 结论 信服,0
证明 设备 不太好 耳朵 比较 差 还 想 说明,-1
谢谢 评测,0
好文 玩意 很感兴趣,1
没有  ,0
很 实在 评测,0
马上 商场 上 做 活动 二千 八 以上 耳放 都 很大 优惠,0
舒服,1
一体机 香榭丽舍 高登,0
,0
未必 以前 声音 底子,0
不,0
大家 都 怀旧 铜环   音色 柔软   毕竟 老式 铜 线圈   不是 一整块 女 磁铁 技术 确实 没有 新版 先进 听感 别有风味 中间 差价 只能 衡量,-1
稀有   炒作,0
餐饮 来说 现在 经常 听到 很多 人 说 怀念 以前 味道 不 排除 原材料 厨师 技术水平 硬件 因素 现在 口味 选择 多样性 忙碌 世界 怀旧 心理 作祟 耳机 共通性 里面 当然 上面 朋友 提到 物以稀为贵 利于 炒作 商业行为,0
主要 二手 好 卖,1
耳机 本来 前期 用料 后期 好 前期 后期 调音 优秀 不能 一概而论 不适 用于 所有 耳机 具体 问题 具体分析,1
看 高价 收 头版 说 后悔 没,0
楼主 直接 打消 尝试 箱子 念头,0
感觉 人玩个 万元 监听 回不去 耳机 人 观点 刚好 相反 一对 寸 全频 都 回不去 耳机,1
音箱 没有 好 一点 听音 环境 算了吧 不说 音箱 左右 距离 拉开 米 以上 距离 近 声音 很 难受 耳朵 没 问题 玩 耳机,1
箱子 适合 单身,0
萝卜青菜 各有所爱,-1
要求 不高 其实 系统 很 不错 两个 自带 房间 侦测 根本 不用 考虑 驻波 相位 问题,1
上 几寸 箱子   按理说 客厅 来个 五寸 没 高 要求,0
广告,0
质量 级 产品 最大 伤疤,0
换 平衡 线要 上台 平衡 转四芯 卡农 转接 耳罩 原厂 太 刺激 没用 直接 耳罩 柔和,-1
先入 试试 看着 不 适合 躺 床上 怕 坏,0
没有 网上 说 魔性 素质 很 高 副耳机,0
有个 问题 请教 下 推 来说 出来 声音 素质 会 级别 差距,-1
平时 左右 听歌 算 小,0
拉 补偿 一下 响度 好了吧,1
高斯,0
似乎 符合,0
两头 翘 耳机 补偿 两端 响度,0
典型 买 显示器 看,0
加钱 可解,0
确实 不好 伺候 前端 素质 要求 很 高 之前 一体机 直连 推 耳机 听 古典 大 编制 还 凑合 听 爵士 人声 出来 声音 真是 很 直到 上 一整套 鼠莓 派 才 大有 改观,-1
初代 主要 头梁 太薄 受重 不 均匀 贼 难受 换个 悬挂 头梁 起飞,0
重量 上 应该 差不多 还要 重,-1
  测量 出来 倒腾 下   平时 几乎       带 没 压力   最老 棉 耳罩   分钟 以内 会 头疼   太阳穴 一块 压力 之大,-1
还好 没 买 戴 不住 耳机 再 好听 没用,-1
颈椎病 很惨 真的 很惨,0
没见 包装 还 大言不惭 说 成本 刀刃 上,0
老婆 扫码查 价格 买,0
闪送 闪 送 下雨天 基本上 没有 包装,0
看 版本,0
歌德 感觉 热情 活力 动感 人声 不是 重点 满足 热情 活力 动感 后 最后 考虑 人声,0
不是 版 不是 版 末期 过渡时期 过渡 版本,0
觉得 歌德 听 人声 实心 小 海绵,0
上个月 刚收 声音 特点 确实 鲜明 相比 绝大多数 耳机 热情 活泼 优点 不 提 个人 觉得 不太 满意 点 整体 声音 略 有点 粗糙 颗粒感 明显 人声 贴耳 缺憾 尤其 突出 全 开放式 耳机 低频 滚降 导致 下潜 不足 通病 上 造成 高频 亮 挺 喜欢 上述 缺点 权衡 起来 有点 人 纠结 听 半小时 比较 累 两天 想 找个 同档次 高 一点 等级 耳机 替代 无功而返 不知 是否 烧友 推荐,-1
电池 供电 电源 供电 电池 供电 没有 电流 声 电源 问题 电池 有无 解,0
转卡 接口 声音 更 干净   听 习惯   再也 插不回 主板 接口 那根 线 换成 高芬 这货 屏蔽 做 相当 牛 脏东西 换 声音 干净 很多,1
光纤 线,0
不用 做 音源 解决   当然 试试 百万 光纤 隔离   舍得 小投 一把,0
主板 设计 缺陷 折腾 后面 滤波 浪费 钱 根源 不 解决 后面 都 扯 以前 看 网上 有人 说 苹果 本子 有款 问题 无 解,-1
风扇 声 深受 其扰 没 解决办法 禁用 显卡 都 试过 没,-1
这种 机器 太大 我整 一台  ,0
一时 脑热 拍 准备 随身听 连耳放 推推 歌德 看看,0
几十只 只 左右,0
两个 不 常用,0
听 很杂 留下,0
大乌,0
见 装备 栏,0
没有 相关 数据 没有,0
信号 传输 距离 稳定性 会弱些 很多 设备 卖 商家 说明 都 写 介绍 里 长距离 稳定 传输 商家 一定 一大 热门 大 卖点 会 介绍 资料 里 吹嘘,0
看不起 真是 良心 之作,1
低频 不算 太强 当然 不弱 不 闹 人 低频 再次 推荐 百灵达 调音台 当耳放 便宜 好,1
还 真是 新 产品线 里 个人 觉得 最 全面 有点像 版,0
国产 版,0
吹 一波,0
样子 货   不 适用 头梁 高度 都 问题   喜欢 买,1
不怎么 好看,1
包个 海绵 就行了,0
高频 残疾,0
偏暗 特色 非 缺陷 不 做,0
结论 反 中老年 才 更 喜欢,1
重要 设计 理念 调音师 理念   不常 听 高频 影响 整体 高频 听 干嘛 还 弱化 消减 掉 接受 念 自然 喜欢 产品,1
高频 简单 来说 纯粹 人声 部分 女生 带有 高频 对比 同个 故事 鬼吹灯   男声 低沉 版本   艾宝良 女生 高音 版本   青雪版能 忍受 长时间 不 和谐 高频 人声 尝试 听   青雪版 当初 受不了 抑扬顿挫 高频 尖刺 女声 直接 改听 男生 版 部分 人群   不 喜欢 高频 尖刺 自然 调音师 会 耳机 产品 上   弱化 高频,-1
前端 周边 线材 搭配 提升 高频 量感 搭配 再 去 接 耳机 会 齿音 刺 不 耐 听,-1
喜欢 氛围 感而 不是 高 解析,1
老版 黑盒 听 很 清楚,0
去年 月份 买 下面 大牛,1
牛 好坏 原来 大小 来定,1
还 没 拆开 看过 起来 我斤 耳放 更 重些 希望 缩水 承认 更 看重 环牛 大小 重量 土鳖,1
大 好多 美快 去 买 淘宝 解码 装 四个 巨大 牛 不要 几个 钱,1
袖珍 小牛 形成 鲜明对比,1
当年 看 说 电做 很 好 买 却 冷门 同样 走 电源 路线 火 原来 牛 太小,1
解释 都 没用 想起 原来 饮料 缩水 时 感觉,-1
无语,-1
果断 不买,0
确实 应该 说 减配,0
一向 电处 很 牛箭 牛大看 的确 踏实 些 想象 一下 打开 机器 盖怒 大 留白 处 放置 一枚 开关 变压器 感想 呵呵 当然 新版 声音 没 听 不好 说,-1
赞 热心 配件 确实 改变 不能 说 好坏 各人 心里 笔账,1
偷摸 改 配置 还 直接 搞 分体 本体 缩小 电源 外置 蓝宝石 岂 不是 显得 高大 上 还 单卖 电源 赚 一笔,0
问题 十几块 塞子,0
到位,0
搞 麻烦 换个 牌子 玩,-1
买 老 好 双修,1
直接,0
一种 可能 尝试 下 调整 下 左右 两边 高度 人 耳朵 高度 不 一定 完全 对称 单元 位置 高低 相差 一点点 听感 其实 差别 挺大,-1
不是,0
单个 天价,0
额 重点 其实 单买 组合 还 便宜,0
机器 保值 率 很 高 一万多 买 一万多 卖 听 一年,1
国行 不 开发 票价 拿下,0
新人 大手笔 老烧 拾 垃圾,-1
多谢   改天 去 店里 耳机 都 听 比较 下   再 做 选择,0
人声 不错 买个 直 推 好,1
反正 静电 耳放 比较 低 或许 接 听听 性能 已经 比较 差 不 建议 使用 电子管 买 纯 晶体管 耳放,-1
记得,0
前端,0
还 好好 折腾 下 预算 玩 实在 不行,-1
求 放过,0
不看 指标 买,0
不是 纯 独立 供电 看 说明 传输 口 取电 做 移动 解码 后面 打算 接 胆机 恐怕 不 太行,0
指标 数字 这俩 售后 好离 近 买,1
办公室 不 应该 搞个 一体机,0
准备 入手,0
便宜 感觉 这两台 放在 一起 听不出 区别 买 便宜 省钱,0
出门 蓝牙 在家 台式,0
发烧 选择 音质 舍弃 便携 便携 当做 补充 音质 接受 就行 选择,0
大 乌托邦 应该 上耳放,0
钱,0
本机 深圳湾 第五届 耳机 杂谈 年度 盛典 展会 中 展出 欢迎 新朋 老友 前往 围观 试听,0
钱包 颤抖,0
,0
恭喜 杨 老师 大作,1
换购 会 不会 出官 翻版,0
帮顶,1
适合 耳机 不会 推低 阻,0
两用机   没 看到 功放 接口,0
这段话 看 原文 作者 的确 强烈 不 建议 系统 只能 输出 才,1
求 大神 分析,0
编制   插件 并不一定 发烧友 不要 看着 英文 信以为真 耳 听 为实,0
确实 不要 说 程序员 不是 发烧友 再 不 懂 只会 钱来 计算 性能 发烧友 懂,1
晕 用时 才 信号 直出 解码 会 影响 音质 证明 人 设备 驱动 问题,0
耳罩 压 到位 之后 不是 听到 卡扣 明显 咔哒 声嘛,0
处女座 强迫症 不 存在 这种 问题,1
双修,0
喜欢 拜亚 小 编制 小 编制 拉 跨 砸 钱 都,1
做工 一般般,0
两个 机器 大小 很 接近 碳 膜电位 器是 继电器 电位器 个人 觉得 各有千秋 很 有意思,0
老黄 斩杀,0
性价比 肯定 完胜,0
传说 外壳 成本 电路 贵 剩下 请 自行 脑补,0
赞,1
很难 挑出 缺点 很 平衡 放,0
都 没 听 只能 支持 下,1
当前 级 比较 一下,0
好奇 价格,1
现在 试听 活动,0
钱 询问 下 有意 动圈 版,0
动圈 优惠 些 还 平板 太贵,-1
看 描述 低频 轰炸 型 耳机 累死 索尼 不 知道 声音 有无 类似之处 觉得 还 挺 好听,-1
放心 便携   做个 二奶 听 流行 挺 好   稍微 有点 动次 打次   手机 上 表现 挺不错,1
听过 觉得 沾不上边,0
前不久 就入 分别 直 推 只 听 流行 足够,0
声力 宙斯,0
足够 听,0
足够 听,0
足够 听,0
好 推 素质 平平 听感 平平 声场 纵深 差结 粗糙 直 推 听 流行 还够用 没有 封闭 需求 随便 找个 歌德 好听,-1
解码器 不 了解 搭配 其实 够 普通人 退烧,-1
好听 舒服 就行 看 楼主 这套 搭配 非常 合理,1
全系 无坑,0
得闲 听听 玩玩 好,1
树莓 派 线 电 升级 还 提高,0
音质 都,0
觉得 收,0
二手 考虑,0
当红 代 秒 出 买 看 预算,0
二代 差距 没有 想象 中 大 全新 很 划算,-1
当然 值得 据说 一代 调音 还 更 讨好 些,1
躺 床上 直接 手机 惊雷 这种 小 体积 解码 耳放 一体机 上 感觉 很 香,0
没有 性价比 接受 这点 才能 玩 下去 直 推 永远 最具 性价比,0
同森海 玩家 定,0
一说 一有 人 是因为 森海而入 坑,0
批发,0
水货,0
水货 价格低 偷税漏税 不是 假货 耳机 不 可能 假货,-1
个人 听过 最好 动圈 耳机 大 乌 各擅胜场 全新 水货 蛮值,1
日雅 拍卖 水分 看看 会 明白 耳机 来源 不是 日雅有 日雅 占 很小 很小 日雅 玩家 去逛 地方 商家 渠道,0
耳机 没假 不用 担心,-1
二手 充新 展示 机 打折,0
细 前 粗 后,0
电源线 砸 钱 去 摸奖 别人 说 都 没用 系统 口味 清楚,-1
学业 为重 听歌 时间 多交 两个 女朋友 将来 做 老婆 大学毕业 之后 紧实 女人 难 找,1
高登,0
直接 买个   手机,0
支持 楼上 观点 看 听音 喜好 感觉 更 适合 些 不错,1
是不是 相对 不太好 推,1
买,0
难 推 不 建议 欧选 比要 温和 点 偏 人声,1
其实 不好 搞 现在 价格便宜,-1
没 听   欧在 档里 非常 玩 旗舰 后 手里 唯一 留着 收藏 千元 机把     都 出 当然 强项 只 纯音乐 器乐 流行   党 千万 别碰,1
线 电 做到 一起 支持 平衡 输入 前置 没有       推 效果,1
这有 年代,0
原线 单晶 铜 考虑 下换 材质,0
大 东北 室内 干 只 担心 耳机 木碗 会 裂开,0
霉菌 咬破 表面 永久 损伤 真皮 找 弄 皮衣 高手 还 弄假 皮 没戏,-1
觉得 浪费 钱 耳机 声音 底子 不行 声音 薄刺 乏味 不好 听,-1
一百多 觉得 高斯 糊点 还 算 好听 有钱 加钱 上个,1
耳机 素质 的确 有元 左右 水平 听感   调音 不行 冷薄 刺     年 月份 买 听 月   出   年 淘宝 双凑 单   有入 全新 想想   接到 耳放上 试试看   变化 没   失望   听 月 除掉       创新 耳机   都 偏 素质 听感 不行 俗话说     耐听度 差,-1
块 价格 建议 舒 伯乐,0
耳机 头梁 双面胶 固定,0
天 龙头 梁 设计 太短 我拉到 满格 都 不够 耳罩 紧紧 卡住 耳朵 下 耳机 称 出来 不 重 压头 感 强烈,1
佩戴 舒适 大部分 耳机 相比,1
真 垃圾 做工,-1
黑 天龙 都 竟然 黑 天龙 做工 所有 耳机 里 算是 精致 毕竟 日系 比德 系好 太多,1
确实 手里 做工 最差 格叽格 叽 还 顶头 基本上 日系 之耻 不 知道 能否 正名 算 国货,-1
湖人   方程式 级别 上 差距 昨天 刚 安润 听 试听 耳机,-1
用家 感觉 耳机 口比 单端 大概 低 半级,0
海贝   安桥   中子 很多,0
手机 做 转盘 玩法 都 年 效果 实在 太,0
本身   设备   内建 串流 瞧 不 上 接 解码,0
功能 真不少,0
无聊 望见 犹豫 达到 理想 不太易 赶紧,0
直接 降价,0
现在 钱,0
不好 听 调音 怪怪的 低频 感觉 还 有点 轰头 日系 耳机 调音 真 不 习惯 第一个 日系 大耳 劝退,-1
挺不错 推荐,1
耳机 听 流行 价位 还 佩戴 劝退,-1
样子 不错 往后 精细化 产品 会 一条 不错 路线 傻大黑粗 东西 看太多 审美疲劳,1
模糊 模式 拍,-1
耳放 推 非常 到位 高阻 还 没试 按钮 做工 松动,0
楼主   解码 配 耳放 还要 上面 推 耳机 夸张,0
兄弟   买个 好点 手机 拍照   真的 糊,1
楼主 手机 挺 好 报纸 都 看 清,1
防抖 功能 都 没用 抖动 频率 挺高,-1
胆机 推 很 醇厚 杂食性 还要 好,1
大部分 人 认为 调音 比好 说明 更多人 喜欢 强调 中 低频 声音 毕竟 高频 泛音 太多 听 久 累 解析 清晰 些,1
胆机 没有 负载 不行 石机 没 问题,0
顶一下,1
解码 部分 做 不错,1
不 認為 加 個 會 讓 飛越 哪裡 去 真的 一定 一體機 應該 還是 會 好,1
上 排除 纯耳放加 解码板 效果 都 很 玩块 耳放 一定 不会 想 自带 解码 建议 湖人 惊雷 机器 溢价 有点 高 近年来 讨论 不,0
感觉 看 设备 上 本人 黑色 塑料 插 设备 上 声音 很 好听 设备 上 听 不 下去,1
声场 低频 氛围 感比 好 最大 问题 中频 两头 都 很 舒服 人声 没 味道 声场 做到 大 单元 效果 声场 博士 都 好,1
拜亚 动力,0
,0
千元 以上 才 算 地摊 二十块 耳机 才 大王,0
金 平面 铝带 耳机 个人感觉 静电 耳机 旗舰 耳机 都 一战 性价比 好,1
拜亚 二代 毕竟 旗舰 现在 便宜,0
好 贴 没人 回好机 声音 不同于 暖 厚 更 柔顺 更 精致 更 细腻 机器 日本 金嗓子 同级 售价 还略 高   叠好 感觉 压力 好大,1
想不到 马兰士 耳机 口比 单端 还 强 耳机 口 机 真的 很 不错,1
,0
看 价格 渠道 判断 八九不离十 光看 图 其实 意义 不 大 以为 捡 白菜 那种 收来,-1
流行 银乌 古典 森海,0
从大乌   里 挑   烧 音箱 都 知道   劲浪 不买 乌托邦 系列 其实 没有 多大 意义,0
主听 流行 劲浪 银乌 性价比 很 高 前端 铁三角 家 西装 听 流行 绝,0
手里 海贝 没 上台 玩不转   发挥 不出 银乌 没 经历 很 难 理解 建议 楼主 马上 购买 二手 银乌 现在 买买 以后 懂,1
事儿 困惑 只能 说 找 机会   听 一段时间 解惑,0
好,1
大概 风头 都 抢 反正 提起 第一个 想到,0
感觉 推 很 好 插 左边 右边 调音 不 正常 人声 比较突出 高 低频 都 削 一点点 厂家 故意 弄 估计 方便 人声 后 耳机 插 都 不是 地方 对比 肯定 偏差,-1
画个 架构图 写 多字 没有   很难 理解,0
画个 拓扑图,0
串串 走火入魔,0
蓝水,0
看 推 耳机 前端,0
原装 欧亚 德 电源线 成色 都 还 不错 原装 线,1
无脑 推鼠 大 电源线,0
买 大千 电源线 真 搞个 电源 处理器 撒 一劳永逸 会 发现 机线 电源线 反而 最 平衡 换成 发烧 电源线 声音 都 不 平衡,0
楼主 试 不能 听得出 电源线 区别 呵呵,-1
男女 杂食 砖头 容易 驱动 听 清亮 型 女声 缺乏 高频 兴奋 度,0
能省 很多 钱为 上台 做 准备,0
二手 银乌 加根 耳机线,0
别搞 开放式 推推 差不多 非要 开放式 顶多 这种,-1
好 定义 上 试试,1
配置 差不多 三宝 加 同轴 感觉 买 区别 不 大,-1
欧亚 德,0
黑水   同轴线 足够,0
欧亚 德 素质 最高,0
全新 高登 序曲 考虑一下,0
顶一下,1
二手 万元 左右 小不点 记得 左右,0
难看 考虑   解码 耳放 足够 推 平板,-1
聊聊 喜欢 歌手 流行 范围 很大,1
偶尔 听 古典 不要 考虑   歌德 里面 选,0
现在 义务教育 做 确实 不错,1
听 流行 便携 不 考虑 下,0
个人感觉 欧   实惠 不 折腾,-1
看过 海外 用家 评论 使用       情况 下 加持     隔离 声音 进一步 得到 改善 唯一 缺点 贵长 草中,0
非常 有用 真的,0
资源,0
高登,0
湖万配 解码 是不是 太 憋屈 弄,0
应该 问 都 年 产品 重量 卖,0
年 买       推力 大过 市面上 绝大多数 便携 一体机 大菠萝 推力 参数 强 同价位 插电 一体机 很 好奇 小 推力 做 大,1
他家 机器 烫 煎 鸡蛋,0
现在 便携 播放器 都 做到   觉得 算是 一种 技术 进步 未来 便携 推好 大耳 不是 梦 的确 专攻 台式机 厂家 有点 压力,1
动圈 平板 后者,0
无胆 不欢,0
高端 我会 选择 胆机 中低端 看 个人 听音 喜好 胆机 可玩性 声音 石机 不能 做到 中低端 胆机 确实 存在 底噪 素质 问题 相对 石机 基本素质 上 更 保障,1
好像 都 不 便宜 这种 架子 感觉 很 单薄 样子 确定 防震,1
推 应该 不错,1
官放 推大乌 都 不 太行,0
推力 给够 声音 不差,-1
可能 换 线 耳机 还贵 现在 市场 整个 偏,0
说句 题外话 楼主 耳机 很感兴趣 互补 正 考虑,0
楼主 不要 激动 假 真 不了 真的假 不了 放在 市场 上 历练,-1
不少 人 好像,1
说实话 玩意 买 最 当个 玩具   为啥 会 丢 出来 说 垃圾 还 不是 一群 人 天天 喜欢 吹   成 小白兔 成 反正 出声 成 不是,-1
哈哈哈哈 不 适合 接,1
看看 商家 介绍 就要 承担 质疑 风险,0
楼主     歌诗德 是不是 利益 往来,0
看来 生意 慢慢 做 大,0
  打翻 老陈醋   哈哈哈,1
有没有 成熟 电池 方案,0
学习 赶紧 一套 试试,0
看着 好像 做 更 便宜 代 不 知道 方案 网易 云 网络软件 原来 用过   国内 软件 支持 不好,-1
有意思 感觉 已经 很 不错,1
别用线 电   锂电池 效果 好得多,1
想 支持 比较 美妙 似乎 需要 硬件 支持,1
树莓 派 还 安装     据说 很棒 俱乐部 烧友 带路 贴 最近 打算 动手 搞 树莓 派,0
顶赞,1
收藏 写 很 好,1
看到 想起 十几年 前用 汽车 电瓶 做 电源 时代 差点 着火,-1
不能 读取 电脑 上 歌曲,0
好巧 看到 篇文章 听 陈洁仪 心动,1
交个 朋友,0
外观 高贵 范 丢失 殆尽 感觉 背个 麻袋 上街 讨饭 造型 跳水 已经 没有 悬念,0
听过 站 人头 录音 声音 吓傻 同期 录音 好听,1
请 时刻 记住 喂饱 次 旗舰 远比 吃不饱 旗舰 好听,1
旗舰 推 不好 恶声 不 提 好听 词,-1
足够 推好 中端 次 旗舰 前端 设备 之后 再 卖掉 耳机 换上 旗舰 不 迟 无论如何 声卡 入门 砖来 直 推 一只 旗舰 耳机 都 不会 好 选择,-1
外部 时钟 内部 钟 参数 高多 价格 高,0
测试 看 时钟 合成 性能 很 不错,1
太 舒服 加钟 加钟,1
热机 后 有变 更 稳定 估计 没有 测试 价值,1
其实 里面 这类 高精度 时钟 肯定 外置 更好 体积 价格 太 吓人 类,1
加钟加 界面 只能 二选 情况 下 选择 加,0
购买 凭证 不是 完全 谱 买 一条 真线 一条 假线 真线 购买 凭证 假线 卖,-1
不是 拜亚 动力 三十多年 前 耳机 想 说,0
明天 正好 去 店里 玩 重要 听 细节 可能 没有 肯定 去 听听看 做 参考,1
建议 去 上海 淮海中路 索尼 旗舰店 电磁炉 各家 耳机 店 基本 都,0
苏州 实体店 已 死去 无锡 上海,0
搭配 的确 很 重要,0
没有 爷爷 秒 孙子 全面,0
听 一下 好听,1
不是 人 吹 苹果 线 最好 数字 线,1
楼主 描述 默认 盲 狙盲 狙 建议 品牌 口碑 优先,0
凤尾 不要 鸡头 基本 原则 尤其 市场 比较 混乱 牛鬼蛇神 都 坑蒙拐骗 大 环境 里,-1
想 大厂 无 低端 大厂 生产 低端 不是 大厂 小厂 自封 大厂,0
看 测量 好,1
大牌 前 旗舰 闲鱼 捡 垃圾,-1
都 买 一下 懂,1
换   欧亚 德   改 平衡 才 打通,0
原线 声音 很 毛糙 我试 换成 配机 线 提升 明显,0
工推起 还 不错,1
珀璞 功放,0
我用 耳放 只能 干 活 界面 墙 插 电源线 解码 同轴线 都 跟上 才 行差 声音 垮掉,-1
嗓子 其实 看着 预算 选 型号 就行 他家 芯片 出来 声音 一脉相承 新机 上市 必然 价格 水分 多点 蹲 相当 不错 选择,1
不 懂 合并 机没 必要 纠结 里面 原理 反正 都 不是 独立 时钟,-1
金嗓子 别管 芯片 最终 出来 都 声音 风格 没 必要 研究 技术 上 问题,-1
买 好像 奥地利 产 当时 高端 耳机 现在 成 低端 烂 白菜 科技进步 确实 人类 带来 巨大 好处,-1
听说 早期 奥产 更 味道,0
奥产 国产 不是 一回 事儿 奥产 各有千秋,0
都 听 留下 声音 相对 更甜,0
目前 看好 矩声     功能 很全 不 知道 声音 再就是 金 画眉 可惜 功能 太少,1
大佬,0
矩声 妥,0
有用 意见,0
西装 绝对 不 翻车,0
推 听个 响 只想 插 电脑 听听 歌 远比 合适,1
  应该 才,0
都 不是 档次 区 对比,0
顶 恐怕 搞不定,1
耳机 蓝牙 一起 买来 方便,0
做工 感觉 好多,1
左转 闲鱼 新 找人,0
不是 回事,0
据说 差别 很小 找 不到 机器 应该 声音 很 好,-1
崇祯 已经 同治 不是 朝代 反清复明 都 闹 不知 几茬,0
目前 蹭 听 下来 感觉   凌厉 温润 一点 胆机 价格 只 听 没有 对比 不好 说,-1
,0
我用 楼 主要 小 看看,0
飞傲 这种 级别 随身 作 音源 信息量 完全 不 饱 旗舰级 耳机 建议 老老实实 台机,0
想起     汽车 节目 里 说 空气 动力学 看不见 大象   大象无形,0
卧槽 这品 控 劝退 买 还 担心 质量 不 省心,-1
陳 潔麗 相思 河畔 還有 很多 歌 都 毒,1
阿南 达 手机 直 推 都 更 没 问题,0
很 容易 听 反正 插 随身 出来 声音 都 比较满意,0
半年 过去 关注 帖子 报告 下 最后 选择 上 惊雷   逐渐 意识 石机 世界 里 想 搞 最好 不用 耳放 更 适合     这种 中性 火气 大 推力 足 类型 耳放 动圈 耳放上 搭配 不太 合适   风格 逐渐 厌倦 出掉 考虑 价格 因素 之中 选 确实 相当 搭配 还 买 改 平衡 线 推 没有 底噪 算是 通吃 较为 满意 本来 想收 一代 价格 都 谈 好 很 满意 关键时刻 一位 老烧 喝 阻 告诉 未必 会 喜欢 日系 调音 价格 方面 不是 很 合适 再有 收 一代 收 二代 一代 入手 后 不 喜欢 很 难 出手 现在 大家 都 奔 二代 不要 做 接盘 侠 感觉 现在 收 二代 其实 非常 困难 短时间 几乎 没有 问 二代 全新 以上 实在 超 预算 最后 属于 没有 选择 余地 运气 很 好 买 觉得 很 满意 声音 不是 中性 监听 声 大力 粗 耳放 宽松 耐 听 风格 很 不错,-1
出 直接 上 微翼 静电 耳放加,0
上 老欧  ,0
功放 加转 接口,0
帮忙 做个 排除法 不 适合 喜欢 比较 冷硬 声音,1
看样子 胆 买 国内 省心,0
考虑 升级 个耳放,0
电子管 真空 密封 电离 味道 闻 不见 说 应该 机箱 太热 发出 味道,0
灰尘 螨虫 烤熟,0
热 变压器 浸漆 会 味道,0
胆机 不是 就要 追求 味道,1
空气 中 病毒 细菌 烤熟,1
油漆 化学物质 受热 后 味道,0
还 以为 说 声音 味道,0
高温 味道 多度 还 试过 听听 下 胆机 火牛 冒烟 屎,-1
目前 这款 解码 评价 还 很少 感觉 不错 价位 没有 太多 选择 总 感觉 这是 世纪 格雷 试 水产品 次 旗舰 可能 后续 还会出 更加 高端 产品,1
声韵 之间 徘徊 二手 贵 选择,0
嘻嘻   祝 抽中 实在 不行,0
受不了 退 嗡嗡响 很 难受,-1
可能 牛 电 一定 关系 前 几天 旷世 突然 后来 尝试 测 电压 正常 以为 电压 高 引起   换线线 越细 声音 越小 原因 不明   接插 排 国标 细线 公牛 插排 声音 劣化   牛叫 基本 听不见   上 滤波 牛叫 基本 听不见   还 开盖 看 一下 有盖 无盖 情况 下 声音 差 很多 应该 跟上 盖 引起 共振 以上 各人 折腾 仅供参考 新买 机器 最好 换 退 老 机器 折腾 一下,-1
只能 怨电 不好 机器 无关 怨 国家电网,-1
几个 耳机 想 推好 一台 耳放怕 不太够,1
选 放弃,0
简陋 一点 支持 上班 人 苦衷 能够 体会,1
谢 分享 接个 地气 预祝 朋友 新 一年 里   享受 听歌 时间 越来越 长,0
老 物件 黄色 小东西 模拟 味 不错 解析 算不上,1
看 听 风格,0
听说 大气 一点 没有 接口,1
买 台机 更 漂亮,1
还 不错 不够 宽松 声音 紧 点 价位 几乎 没有 对手,1
实际 成交价 新机 贵 一倍 余钱 够 上 钱 不够 不 需要 纠结,0
性价比 来说 肯定 耳机 展 两个 都 听 没有 明显 差异 价格 相差太多,-1
灵敏度 好 低,1
挺 好看,1
便宜 不少,0
没 人 吃螃蟹,0
官方 宣传 单元 配 壳子 道理 能比   客观 数据 好 好像 不是,1
坐等 评测 好 推,1
品控 好像 很 不错 材质 细腻,1
之前 塑料 壳 档次 太低 换个 壳 涨 一波价,0
单元 自闭 乌 宾利 乌 调音 微调 卖点 可能 主要 外观,0
声音 银 乌 档次 好 最 关键 重量 不 知道,1
他家 耳机 太 娇贵 换个 耳罩 钱 都 买个 做 粗糙 耐用 点 反而 更为 实际,-1
跳到 不是 难事,0
不 涂成 红色 是不是 颜色 不 安润 说 颜色 不,0
胆机 觉得 听 爵士 很 味道,0
胆机 听 都 柔柔的 估计 不太 适合 重金属,0
看过 胆机 测试 正确 还原 低频 很少,0
感觉 适合 传统     听   还 再 往后 极端 金属 不 太 适合 可能 还 算 适合,0
毒毒毒,1
好 贴 楼主 玩得 很 认真,1
赞 多谢 兄弟 目前   感觉 基本 吻合 当然 没 仔细听 撸 主 说 想 入个 试试,1
没有 玩,0
支持 一下 楼主 研究 精神,1
好 帖 码特,1
研究 一下 保险丝 原理,0
手 残党 只会 换线 找 不到 保险丝,0
来个 跳板 式 一台 入门 一体机 首次 刷新 听感 感觉 基础 逐步 跳到 更 高级 一体机 分体式,1
买 二手 就算 不 喜欢 亏得 不 冷门货 少 碰,-1
钱 解码 耳放 一体机 解码,0
随身 推 觉得 浪费 耳机 没 必要 考虑 换个 耳机 更 直接 些,-1
听过 一次 很 喜欢 不错,1
店里 试听 分别 黑豹 推 差别 很 明显 提升 很大 本想配 一套 现在 入 耳机 还 没 买,-1
楼主 最终 前端 买,0
买 楼主,0
认为 技术 贴 都 没有 人 看,0
还 弄 价格 还 便宜 记得 年 旗舰店 买,0
单边 改 平衡 不算 完全 真正 平衡,0
,0
肾 耳机 关系不大,0
有时 去 烧油 家里 试听 音量 真的 大 吓人 在家 听 都 不 超过 分贝 估计 长期 听音 保持 以下 才能 不 损伤 听力,0
同问 国内 丰达 官方 授权 修理 地方 国行 代理商 家 找 第三方 修理 说 需要 寄返 日本 维修,0
国行贵,0
不 低端 上  ,0
计划 买个       正好 参考 下,1
标记 一下,0
穷富 问题 说 蹭 听 都 买 说 穷 买 说 我富 不是 吹牛 在座 应该 没人 手机 差买 洋垃圾 屏幕 算是 坏 勉强 看 音质 好 苹果 都 不换 吃 穿 坛子 里 绝对 算 最底层 衣服 没有 超过 愿意 花钱 真正 喜欢 东西 上 说 买 五万 不到 一点 在座 两三年 难道 攒 不下 钱 无非 觉得 不 值得 好歹 二手 还 出个 三万 来块 还 买 钢琴 二手 三折 都 出不去 扛不住 喜欢 现在 致 爱丽丝 土耳其 进行曲 水平 　 解码 耳放 耳机 觉得 算是 最 省钱 爱好 不 掉 大坑 二手 都 不错 价格 出掉 买 车 昨天 买 今天 卖 至少 八折 没准 八折 都 卖不出去,-1
评价 比较 中肯,0
一代 对比 解码 调音 不错 但耳放口 偏弱,1
标准版 版,0
机器 天天 水 商家 水 都 拒绝 没人 不 公开 试听 不 公开 内部 构造 还 不 允许 买家 拆 这种 营销 方式 迟早 完,0
早前 说 双升 提升 很大 以前 用过 新派 可能 还 记忆 中 外观 太 厂商 确实 不会 营销,0
田螺 爷用 退烧,-1
前端 黑 砖 做 音源,0
天下第一,0
应该 占 位 毕竟 三代 都 合并 三代 先不说 区别 一代 二代 区别 大,0
大乌     都 哈哈哈,1
小时 合并 应该,0
合并 确实 说得过去 感觉 合并 价位 第一 都 不用 投票 知道,0
可怜 拜亚 没 上榜,0
大乌 第一 蛮 意外,0
耳塞 耳机 都   不 可能 大家 认可 只能 做到   大家 认可 一部分一部分 人 认可 耳机 部分,0
前排 提醒 图中 楼主,0
卡 达斯 经典 组合,0
现在 一根 苏墨 太阳神 接听 交响 现场 一根 原线 转接 听 大部分 流行 人声,0
试试 卡 达斯 卖 年 线 没点 东西 早垮,0
接受 二手 咸鱼 不能 接受 淘宝 挑 最 便宜 耳机 几乎 不会 坏,0
怕 买 成色 不好 最好 双 这种 时间 下手 淘宝 店 砍价,-1
东西 差 不了 几百 搞 活动 降 几百 还 行卖 贵些 还 低于 行情 平均价 太 心 都 不信,-1
某宝 上 有家 卖 不 知道 会 不会 翻新,0
闲鱼 上 买 新,0
写得 不错 先 收藏 慢慢 看,1
明白,0
使用者 好奇 不同 电源 张卡 提升 大不大 犹豫 不要 上个 好点 线 电,1
上 追梦 声卡 直接 走 不 香,0
矩声 卡 过滤 好,1
过块   日系卡   刚 惊喜   回头 对比 发现 更 听 卡 风格 带来 区别,1
不错 现在 两台 电脑 分别 装 各块   儿子 看 动画片 都 特别 带劲,1
声韵,0
耳机 上 其实 更 适合 嘻哈 听 西海岸 说唱 很 带劲 大乌 表现 相当 好,1
照片 拍 有点 毒 脚架 耳放 之前 去 店里 听 店员 搭 奥力 速度 很快 肉肉 感觉 少 很多 感觉 会 适合 嘻哈 楼主 时间 试试,1
钱 买 告知 问 几家 都 没货,0
可能,0
解码,0
解码 不是 苹果 端的 网络 智能 传输 数字信号 没有 解码 解码 以后 变成 模拟信号 只能 电线 传播,0
肯定 物理 没 好好学,1
大佬 说 笑 耳放 传输 信号 都 数字信号,0
位置 吽 咖有 关系,0
楼主 特别 不 看重 声音 表现 或者说 不开 脑放 单纯 想要 便宜 架子 搜 路由器 架,0
爱丁堡 那种 四个 脚 支撑 桌面 应该 专门 桌面 款 两层 小 架子 更 谱,0
路由器 打印机 架子 完事,0
上台,0
真 没有,0
,0
,0
我会 留着,0
,0
,0
,0
拜亚,0
,0
,0
买过 一副,0
网上 找 耳机 修理 店铺,0
不 一定 其实 比较 声卡 解码 内置 界面 好,1
本质 比较   声卡 转出   同轴 数字信号 机内 转成   机 内   界面   转   质量 界面 很 稳定 质量 低 同轴 输出 音质 小于 界面 逐步 质量 上升 同轴 信号 界面 音质 高质量 同轴 信号 音质 肯定 界面 好 结论 用钱 去试 不断 提高 同轴 设备 质量 最后 总会 比机 内 界面 音质 好,1
沙发,0
期待 下集,0
快快 下集 不要 停,0
连载 搬 凳子,0
呵呵 兴趣 等待 下集,-1
寰 堟 湁 鎯 呰 叮 鐨 勬 劅 瑙 夛 紝 鍙 堟 湁 鐐规 儏 璋 冧 簡 鈥,0
很 喜欢 那段 描述,1
很 不错 续集,1
写 好,1
好 谢亚龙 下课,1
期待 下集,0
非常 棒 文章,0
期待 后面,0
不错   王朔 风格,1
,0
确实 我用   低频 相当 饱满 几根 中 最 饱满 一根 对比 线圣,0
昨天 我刚   退掉 线 听 起来 凸 硬盘 线 没下盘,-1
事 没 想 明白 双子座 厂家 定位 应该 录音棚 模拟 线 用到 数字 线上 大家 评论 依然 风格 略 奇葩,0
双子座 买 私 一下,0
原来 那根 双子座 跑 手上 焊锡 下 不少 料 声音 前端 影响 很大 低 档次 线材 会 生存空间,0
问题 不大有 还 更 赚,0
没 问题 我用 电压 选项,0
今天 想 拆开 看看 内部 啥样 翻来覆去 看 半天 不 知道 下手 网上 没有 教程 哪位 拆过 指导 一下 谢谢,0
顶一下 凯音 拆开 看 一下 请 明白 指点,1
新 版本,0
入耳 大耳 音响,0
大耳能 防止 中耳炎,0
其实 想 问 平板 动圈 是不是 平板 更 伤害,0
没有 专业 仪器 是不是 没法 测量 大耳 入耳 音量,0
选 推力 大 好 小不点 欧博凯音 看看,1
红 太子,0
太 高级,1
先 试试 金 画眉,0
平板 其实 不 挑耳放 素质 好 一点 就行了 推力 要求 高,1
现在 收 不 知名 小 功放 感觉 有点 推,0
听书 当然 手机 针对 中频 特殊 强化 实在 要选 里面 最好 买 一代 长款 六千 样子 二手 四千 样子 小 不 建议,1
听 个人 声买个 公园 大爷 听 广播 带 太阳能 手摇 充电 支持 卡 收音机 就行了 退休 都,-1
听 小说 高端,0
放 客厅   最 符合 楼主 要求 已 停产 二手 价格 真香 支持 频段 蓝牙 有线网 口 都 具备 更 具备 功能 手机 配对 碰 一下 就行,1
闲鱼 买个 小爱 音箱 不到,0
另辟蹊径 买个 回音壁 玩,0
试 低频 略偏 肥厚 方面 都 挺 满意 不仅仅 低阻 神器 中高阻 不 逊色,0
楼主 觉得 推 不 理想,0
不仅仅 低阻 神器 中高阻 不 逊色,0
,0
手机 资金不足 别选,0
适当 考虑 系列,0
瓦楞纸 新版,0
都 一般般 可能 都 嫌 没 味道,0
手机 不要 看看,0
森海 一只 型号 足够,0
解决 方法 听 高品质 录音 制作 人声,1
白金 线,0
银彩 声音 细腻 顺滑 可不 代表 动态 阵亡 大 编制 换 一种 听感 不再 直白 凌厉 好处 可太多 适应 更广 更好 听,1
采用 磁铁 磁力 密度 偏低   宽 体积 补救   只 剩下 狭窄 间隙 声音   估计 耳机 结像 应该 不太好,1
有图 可能 屏蔽,0
磁铁 比较 好 应该 数量 少 磁力 高 其实 成本 可能 差 几百块,-1
明白 塑料 筐 说明 磁铁 磁力 不强 先 玩 两天 试试 不 喜欢 出 掉,-1
感觉 不 像是 钕铁硼 铁氧体 类 磁铁,0
感觉 铁氧体 磁铁,0
相信 磁铁 磁力 不是 很强 其实 塑料 筐 估计 都 不强 耳机 低频 很 好 非常 不错 中 高频 不 出彩 双面 磁铁 降低 失真 很 帮助,-1
看 一下 设计 都 差不多,-1
非常 影响 心烦 听 都 不 心情 好 都 好听,-1
感同身受 感觉 判断 一件 器材 听 一段时间 尽可能 排除 情绪 身体状况 影响,0
上火 整个 头 热 听 都 暖 声,0
心理声学 解释 力,0
觉得 好看,1
顶一下,1
关注 烧油 其实 完全 买   校准 一下 耳机 挺 好 不贵,1
问 怕不怕 封,0
国外 这种 第三方 耳机 测试 团队 很多 国内 比较 欠缺,0
测 前端 算是 发扬光大 之前 测 耳机 已经 很多,0
不测 很多 没有 改变 测 不会 好听 变 不好 听 不好 听 变好 听听 感 数据 都 客观存在 之间 联系 客观存在 遵从 本心 实事求是 不会 测试 毒文 影响,-1
我用   效果 加 淘宝 几百块   测 出来 非常 平 耳放   测试   猜 怎么着 听过 一次,0
最 看看 失真,-1
光纤 同轴 输出 输出,0
买个 老机 转盘,0
带   耳机 插孔 还 不能 算纯   转盘 播放机 到底 播放 送 数字 输出 送 不知 不敢 入手 里面 功能 太,0
更新 下 新 线材 听 感见楼,0
声场 表现,0
老周 木 纤维 耳机 听 不 知道 对比 起来,0
不用 煲机,0
难搞 很 不 当初 一群 人 群策群力 搞 难度 小,0
啤酒肚 好评,1
帮顶 新款 耳罩 羡慕,1
色相,0
楼主 感觉 低频 量感 不够 建议 考虑 更换 耳机线 耳放用 胆机 上 平衡 电路 结构 石机 都 会 不小 改善,0
交 作业 比较 好奇 老师,1
最近 多金 平面 帖子 交 作业 优惠,0
去 挣钱,0
这是 合格 发烧友 瑞思拜,0
购置 不动产,0
买买 买 一定 买 新,0
月 分期   没有 不 下来,0
绿谈 洗脑 典型 特征 戒除 论坛 一个月 自愈,0
花,0
都 没 说 预算 没法 推荐,0
大 莱曼,0
一体机 整一个 香榭丽舍,0
都 已经 量子化 可能 不靠 谱,0
黑个 屁 科技 国家 推动 量子 通信 之外 见到 卖东西 宣传 量子 直接 定义 骗子 虚假 宣传 错 不了,-1
百度 下 没有 相关 产品 使用 感受 比较 好奇,1
推荐 楼主 买 一本 量子 物理 学习 一下   知道 量子 电源 处理器 不靠 谱,0
老 解码 不错,1
出 光子,0
量子 不行 买 核动力 高音 推到 喜马拉雅山 高,0
这种 个人 东西 不提也罢,0
他家 不 知道 看起来 高大 上,0
谱 一分钱 一分货 卖得贵 开脑放,0
有没有 人 听 纠结 量子 两个 字 没 两个 字 所谓 科学家 别来行 不 请教 真实 听感,0
智商 税,0
声音 谱 为啥 还要 加个 量子 看到 两个 字 直接 打消 购买 欲望,0
三个 里面 选 选森海,1
漂亮,1
,0
快 音质,0
挂 咸鱼,0
完美 系统,0
入 二手 别人 帮 煲,0
小时 左右,0
感觉 振膜 较厚 前期 正常 听 音量   后面 直接 最大 不破 音 音量   轰一 轰   现在 酷狗用 重低音 音效 感觉 低音 刚刚 好,-1
国产 煲 小时 奥产 大概 小时,0
不必 太 刻意 煲机 前期 自然 听 音量 不要 太 大 就行了 年 抗战 现在 已经 煲 透,0
年 零个 月 应该 快煲 好,1
比较 想 知道 做到,0
下 声音 小 没 味道 声音 大 有点 听 不长,0
上 平衡 更 更 听 不 下去,0
问问 大佬 界面 有无 推荐 价位   界面 买过 折价 退 卖家 牌子 目前 看中 界面 推荐 希望 分享 一下 听感,-1
很多 二手 都 便宜,0
期 免息 价格 不错,1
尽然 抢 恭喜,1
现在 价格 太 生猛 比手 都 低 很多很多,1
这贴 跟踪 一下 楼主 记得 发听感 比较,0
几个 月 前 国外 出 合 人民币   跳水 价 无敌,0
单 磁路 对比 双 磁路,0
应该 搞 单词 路 版本,0
低频 氛围 感比强 一点 搞不好 还 容易 糊 基本,-1
印象 对比 调音,0
看置顶 投票,1
建议 选 大法 听 最 均衡 耳机 不同 耳机 发出 相似 声响 耳机 能够 听到 很 细微 音乐 底噪 耳机 相同 声响 时 听 不到 做工 很 细致 重量 平板 轻 首歌 试试看,0
素质 人声 没有 好听 据说 大佬 说 水平,1
段同 前端 下 对比 蓝色 版 个人 认为 更好 声音 层次感 更 舒服 太 强势 感觉 游刃有余 空间感 差 一截,-1
推好 很 好听 更好 弄,1
两个 耳机 声音 完全 不 建议 两个 都 买,0
全部 买回来 试听 一下 不 知道 试听,0
选 可能 会 考虑 玩,1
高登 产品 更新换代 太快 很 难 国外 经典 产品 长 生命周期 外观 琥珀 一代 买闲 鱼出,0
低阻 中高敏,0
听说 是不是 下 一年   这家 品牌 速度,0
前端 插 电脑 想 搞 耐 听 程度 挺 折腾,-1
同问 戴 有点 松而 贴合 点 稍 重有 耳罩 掉 渣 问题 品控 问题 二者 二手 都 左右 驱动力 要求 比较 接近 调音 属于 一类 频响 特点 比较 相似,0
看 听歌 类型 强 质量 上,1
动态 瞬态 赢 一点 声底 更 干净 高频 比较 自然 不 觉得 用胆 机会 更好,1
楼主 说 下 胆放 家 旗舰 不用 怀疑 搞 早期 版 会 很 惊喜 喜欢 产 风格 相当 搭调 这货 个动圈 放 不 建议 搞 平板,1
楼主 款 搭车 同问 一下,0
同求 刚入,0
块 推 徐徐 如风,0
卖 价 一下 也许 还 拿到,0
看样子 雄起 都 非常 低调 厂商 黑时 依然 一言不发,0
常规 先 提价 再 打折 现在 折券 折后,0
请问 价位,0
非常 小型化 矩声家 机器 普遍 带 省 一条 网线,0
矩声 出个 纯数播 转盘 好,1
矩声 用户 帮顶,1
感觉 这种 小 体积 一体机 最好 设计 成 那种 推中 低阻 耳机 易出 好声 解码 做好 一点 用户 买来 后 再配 高 阻耳放 基本 完美,1
小巧 好看 不 知道 内功 期待,1
看上去 很棒 关注 一下,0
用过       感觉 调音 还 需要 继续 加油,0
持有 试听 习惯 听 德奥 系 耳机 大 编制 会 不 习惯 大 编制 表现 声底 属于 低频 下潜 深   泛音 猛 中频 顺滑 人声 略远 高频 听 燥 齿音 不刺 整体 来说 声音 密度 偏向 下 盘 高频 素质 在线 不是 很 顺滑 喜欢 低频 重 喜欢 偏 清亮 声音 德奥 系 更 适合,1
素质 应该 同级 更 饱满 声音 偏 平淡 更 刺激 中频 略 凹 纤细 不 知道 会 不会 好点,1
据说 东西 普通 版 实测 指标 比版 好,1
,0
楼主 说 功能 响度 修正 滤波 模式 交叉 串音 都 明显 改变 声音 接 音箱 不同 参考 电平 声音 会 变化 机器 不同 功能 互相配合 调成 口味 比较 有意思,0
玩意 最牛 逼 地方 在于 调小 音量 还 做到 地球 上能 做到 一点 解码器 真不多,1
口水 机子 挺久 无奈 没 地方 蹭,-1
看来 听 金属 比强,1
说 大部分 人 更 喜欢 不是 口味 轻是 口味 实在 太重,1
语文 是不是 应该 加强 一下,1
带 我入 坑 老表 森海粉 跟着 入坑 黑盒 爱版 试听 男人家 东西 不会 拒绝 目前 想试 下 铁三角 木碗 女毒 想 双修 一下,1
森海 保值 率 相当 稳,1
双股 线 歌德 每个 单元 不 都 需要 双股,0
会 不会 避免 扭线 设计 以往 歌德 双股 线 单元 连接处 容易 扭 外观 难看 导致 接触不良,-1
一代 头版 铝合金 箱,0
现在 还 买 到代 成色 真 好,1
一代   家里       全部 出掉,0
拜亚 头梁 卡扣 容易 松 还 没什么 好 办法 修复 头疼,-1
一代 可换线 好,1
曝光 简洁 有力,0
台湾 寄过来 块 包邮,0
前排 兜售 瓜子 花生 鸡 爪子 啤酒 饮料 快乐 水,0
产品 过保 维修 都 宰猪 价 买 新 算了,0
记得 以前 买 百老汇 耳放 上家 台湾 维修 只收 来回 运费 共 人工 都 不收 厂家 不同 吃 相是 有点 难看,-1
润丰 呵呵 总代 懒得 说,-1
好家伙 倒个 手 多收,1
沙坪坝 兄弟 伙 表示慰问 兄弟 还 没 修好 需要 修 推荐 雅兰 有个 地方 修 价格 实惠 稳当,1
顺丰 公斤 元 表示 很 好奇,1
索尼 过保 售后 那才 杀猪 价 全新 蓝牙 音箱 卖 主板 坏 保说 换良品 主板,0
这台 胆机 推 音箱 效果 不错,1
毒,1
感谢 分享 楼主 吹喇叭 长屏 直 环带 铁片   照片 发 一下 不,0
请问 听 人声 柳州 需要 换 管子,0
,0
照顾 箱子 不少,0
毒性 强,1
录音 设备 太 差,-1
录音 设备 收音 能力 远不如 回放 设备 回放 能力 录制 都 分不出,0
日常 使用 当然 这货 功能 可多 界面 解码 耳放 功放 蓝牙 麦克风 混音   安卓 苹果 手机 插 上当 音源 至今 不愿 挂 闲鱼 印象 当中 推低 阻 耳机 耳塞 底噪 明显,-1
当耳放   行想 听 好   不行     开启 模式   不错   不想 烧   行   日常 够,1
年 买   外置 声卡   如果说 发烧   差点 意思   玩意   真的 万能,-1
换 耳机 变化 大 说 变化,0
播放器 配 塞子 播放器 不 可能 适应 所有 塞子 塞子 不 可能 适应 所有 播放器 动铁和动 圈 塞子 明显 不 不 可能 同一个 播放器 还 发挥 出 最好 效果,1
磨合 一段 时间机器 要煲 录线 煲 刚 上 手 有点 火气 慢慢 收敛 下来,0
毒文毒 图 群友 帮顶,1
看起来 美好 不 适合 这种 喜欢 动来动去 人,1
不错 不错 挺 好 温度计 带 磁力 方便,1
套上去,0
其实 买个 屏蔽 网 两头 热缩管 卡住 就行了 软质 材料 避震 效果 主要 重量 这种 橡胶 轻 很多,0
似乎 很重 样子,0
我用   界面   看来 不 兼容 版,0
音量 开 最大,0
同样 使用 连接         都 没 问题,0
几个 选项 没 听 出 明显 区别,0
不说 耳机 型号 推荐 设备,0
抱歉 抱歉 忘记 说 指 住宿 里 不带 出门 使用,0
大家 不用 去 猜 耳机 耳机 出来 声音 好听 就行了 才 追寻,1
赞涨 知识 留 图 以后 备用,1
收藏 以后 清理 时用,0
收藏 一下 谢谢,0
为啥 退 静电 坑 请问 楼主 之前 用来 推 耳机,-1
闲鱼 蹲 一下,0
感觉 很少 上次 看到 个国行 半年 多出,0
买 瓜   忘,0
谈谈 声音 特点,0
飞利浦   便宜 低音 轰 基本 耳机,-1
三五百 二手 都行,0
非常适合 看 电影,0
,0
飞利浦   海淘 已经,0
我用 电脑 上 看 电影 都 很 过瘾,0
素质 放 一边 很 享受 这种 年代 健伍 音响 感觉,0
新 时代 电音 看 电影 直接 索尼 家 咸鱼 才 一两千 超值 米 家里 有矿 直接 上 不 纠结,1
飞利浦 不好 听 建议 小 音响,-1
足以 不用 担心 强项 耳机 口 推力 其实 不小,1
不 说 说 都 耳机 办公室 是否 听 开放,0
不上 放 都 没 睡醒,0
好文 香槟色 好看,1
风扇 装 牛 逼,1
都 牛 逼,1
怀疑 有没有 看过 女 武神,0
收纳 赏心悦目,0
流行乐 很 不错 我用 耳机 之前 人声 更加 温润 高频 顺滑 点 没 刺 特别 声场 分离 度 很大 提升 主要 听 流行 摇滚 主观 听感 很 不错,1
说起 突然 觉得 总 挺 牛 逼,1
选手 查出 服用 兴奋剂 兼 冒名顶替 取消资格 剥夺 比赛 终身,1
没弄 明白 音源 指,0
反正 肯定 金牌,0
顶 频响 控,1
帮顶,1
依然 坚信 耳朵 过来 表示 支持,1
水贴 好多 频响 东西 只 能看懂 一点,1
收藏 谢谢 分享,0
感谢 帮顶,1
好 帖子 前排 坐,1
真不错   恩,1
这贴 一定 顶 频响 帝 不止一次 帮 找到 我要 曲线 感谢,1
频响 确实 最 重要 官方 公布 都 不可 信 耳机 新 上市 都 宣称 平衡 给出 曲线 直得 面条,0
支持 科学分析,1
天龙 不 折腾 足够,-1
,0
谢谢 大佬 建议 推荐 名字 说 具体 点 更好 有时候 有点 看不懂,1
不 注重 低频 考虑,0
千多 买个 行,0
建议 老老实实 听 耳塞     都,0
一路 玩 下来 感觉 电源 总线 墙 插 很 重要 不换 换 就要 好好 斟酌 关系 后面 所有 器材 很 偏激 货色 后面 系统 调整 都 奇奇怪怪,1
室外 电缆 换 尤其 换 变压器 效果 更 明显,0
电源线   影响 很大 很多 人   觉得 玄学 可能 解码 系统 解析度 不够   不是 玄学,0
萌新盲 猜 关注,0
确实 很少 手 个人 比较 倾向,0
,0
价位 比较 适合 小 编制 估计 不 适合 楼主 大 编制 可能 没有 玩过 道听途说 值得 考虑 玩 气势 感 强大 解析 不错 他家 芯片 风格 都 比较稳定,1
不 正好 河洛 家泉 二手 价位 泉 非常 好 值得 推荐,1
,0
考虑 下 二手 新版 黑龙 解码 大概 八千 左右 浮动 效果 真的 不错 耳机 口 音箱 耳机 双修,1
好机 想 买个,1
双修 中   随后 再入,0
换条 铜线 稍微 改善 高频 厚度,0
试听 随手 插过 台式 感觉 提升 程度 似乎 论坛 上 没见 几篇 仔细 玩 帖子 恭喜 楼主 找到 想要 声音,1
最好 上台 机 音质 肯定 不 不妨 试试 马兰士 原创 耳放,1
参数 科学 技术指标 都 声音 没 听 翻车 可能性 估计 不 大,0
最低 钱 现在,0
黑车,0
安 卓有 买 没有 网络 音箱 不能 怪安卓,0
小米 蓝牙 打开 开发者 模式 设到 最高 音质 再 对比 看看,0
没有 办法 一向如此 网络 蓝牙 无线电波 稳定性 数据 流量 肯定 不 早 几十年 技术 肯定 缺陷 买个 苹果 不 好,1
装个 手机 控制 支持 这样的话 音源 部分 提升 苹果 安卓 都 控制,1
最 简单 安卓上 唯一 使用 传输 音质 不比差,-1
不想 折腾 直接 耳机 输出 连接 端口 不 接 无 延迟 无 损耗,-1
收 二手 不 就行了,0
相对 直 推 还 不错 想 玩 收个 二手 双修,1
还 真 有人 换购,0
提升 灵敏度 后 变成 灵敏度 提升 变成 声音 下降 灵敏度 提升 都 代价   提升 灵敏度 逃脱 规律 磁体 技术 参照 改良 声音 会 更 通透   已经 够 通透   不满 点 通透性 随身听 上 表现 考虑 换购 不是 就算 潜力 有没有   大 还 说 不好,-1
换购 现在 感觉 意义 不 大 换个 风格 换个 品牌 玩,0
看起来 不错 包装箱 好大个,1
不 知道 今年 剁 手 最后 一支 大耳 今年 剁 手 最后 一支 天龙 大耳,0
佩戴 没有 改良 一个样 感觉 没有 诚意,0
听过 耳朵   声音 很 诚意,0
展会 听过 素质 确实 不错 当时 听 展会 播童丽 烟花 三月 很 强 齿音,1
佩戴 压头   不 喜欢,-1
好看 觉得 最 好看,1
乱花 漆面,0
可否 麻烦 版主 说 说,-1
请问 楼主 耳机 声场 解析,0
头梁 没有 一点 改进,0
实在 超出预算 音展 听 两次 每次 都 立刻 下单 冲动 感觉 乌托邦 封闭 版 密度 极高 很大 声场 完全 不像 一只 封闭式 耳机,0
同样 入 帮顶   坐等 更新 配搭 台机 组合,1
双十 入手 合算,0
找 模特 拍照 耳机 戴反 还 放 出来,0
准备 钱,0
迪卡 大包 在售,0
以前 有套 飞利浦 第二集 倒 很 不错 古典 入门 合集 可惜 绝,1
恭喜 入坑   哈哈哈,1
淘碟 过程 路 走 别人 推荐 好 鞋跟 不 脚 知道 恭喜 入坑,1
没 拆机 晒 解码 芯片 运放 功放 芯片 电路 电容 差评,-1
推 音箱,0
快 过年 想 出 掉入 小箱子,0
咸菜 系统 里面 性价比 最低 存在 绿檀 以上 人 都 没 必要 考虑 尤其 电源线,-1
挺 奇怪 卖线 一堆 新人 问东问西 耳机 都 没 玩 明白 折腾 线,-1
烧友 水平 都 厂家 工程师 高人 厂家 测试 多条 线才定 下来 原配 线 真 男人家 烧友 随随便便 提升 不得不 佩服,1
线 没 关键 器材 都 没 搞定 玩 线 很多 都 觉得 奇怪 没法 换线 都 鼓捣 换,0
新人 记笔记,0
观念 里 恰恰 目前 系统 很 满意 才 折腾 咸菜 不 满意 折腾,-1
换个 粗线 径 电源线 提升 不少,0
有时候 平衡 线 没 办法   原线 大部分 都 单 端的 单端 不 一定 平衡 差 问题 平衡 系统   不用 总 觉得 浪费,-1
火星 半年,0
灵敏度 最高 高阻 耳机,0
声音 走向 不 楼主 说 没 试听 条件 盲 狙多 东西 跑 一趟 听听 靠谱点,0
听 新世纪   轻音乐 老歌 不好 说 歌算 老歌 反正 听 很 不错     的士高 算 老歌 听 挺不错 那种 中庸 耐听 类型 想 耳朵 爽 不 太 适合 驱动 确实 需要 好些 耳放 书 老耳放 谷津 感觉 还,-1
淘宝 租 星期 块钱 哈哈哈哈 油费 来回 保价   掂量,1
玩过 大 奶罩 耳机 真心 挺 难搞 听 流行 挺 好听 只 听 流行 贵 耳机 挺亏 听 曲子 尤其 频响 跨度 大 乐器 总 觉得 高频 低频 不 节奏 上 封闭 耳机 有点 闷,1
两个 耳机 都,0
用过 佩戴 还 声音 那么回事 声音 体积 不 成正比 推,0
何庆华 似乎 不以 推低 阻 见长 可能 用不上,0
百度 免费,0
我用 银盘 桥接 很 好,1
海贝 音乐 好像 支持 百度 云 账号 直接 听前 两年 试 不太好 不 知道 现在,1
搞 有人 系统 介绍 下,0
楼上 几个 方案 都 挺 好 楼主 路子走 有点 另类 某宝 某鱼 上 买 一个月 三四十 都 觉得 昂贵 无话可说 网络 不好 架个 梯子 一个月 十几块 钱 还 能干 点 百度 不 开 会员 想 在线听 无损 传输速度 感人 关键 在线 高 品质音乐 走到 听到 哪不香 不 十几块 钱架个 梯子 事 信息时代 基本 生存 技能,-1
,0
系列 耳机,0
,0
听 比较 御姐,0
一票,0
,0
,0
平衡 线 没 做好     单端 平衡 差 不少 特别 听 起来,-1
熊猫 老何 买 淘宝 店,0
十月份 买 德行 三代 还花 降价,0
最好 换个 银线 提升 下 人声,1
楼主 谱,0
买套 耳机 退烧 咯 不是 功率,-1
这台 听 那台 记得 星期 下家 才 收到 货大 广州,0
感觉 说 石机 不好 听用家 更加 不服,-1
目前 难得 稍微 解决 频响 问题 耳机 遗憾 以下 频响 解决 好点 问题 毫不客气 说 解决 成 坨 屎 出来 遭 喷 后来 慢慢 慢慢 有人 发现 频响 正常 点 都 坨 屎 耳机 挺 好听 森海 至少 目前 却 没有 打算 再 条路 走 下去 问题 太 难办 怂,-1
楼主 听过 听风 没 不知 对比,0
杜德伟 大师 学习,0
乐于 换管 同学 知道 换管 声音 变化 最大 后面 那根 整流管 声音 影响 加 起来 都,0
好 帖 写 恳切 胆机 厂家 选择 标配 很 重要 例子       听取 测评 意见 后 改成 德律 风根 管儿 出厂 起点 比较 高 测评 意见 比较 统一,1
看着 好像 乌托邦 二代 原线,1
线 避震 做 不错 比较 中性 高频 独特 味道,1
线 民用 系列 透明度 乐感 都 很 不错 三频 衔接 声音 流动性 很 好 中频 能量 充沛 素质 依次 提升 三者 都 不是 太 强调 素质 线,1
互黑 都 牛,1
试下 回路 里 串 电容 钳位 二极管 那种 滤波 结构 个人 怀疑 电网 直流 成分 牛磁 饱和 环牛 抗磁 饱和 能力 很差,-1
试听 直接 买,0
内部 图 赏心悦目 支持 一发,1
好 福利 可别 沉 更 人 看到 顶上去,1
试听 机 已经 巡回 中,0
新版 盲选 没 问题,0
喜欢 高频 透气 点 喜欢 暖 厚点 全新 买罗产 行 二手 建议 瓦楞纸 建议 罗产,1
一票,0
新版,0
新版,0
换 推撒 必须 风生水,0
平板 上 胆机 一定 变压器 输出 胆机,0
听说 超级 难 推 没试 只能 听说 一下,1
老周 版本 普通 版本 推 还 能略 好 一点 都 几个 问题 第一声 场 放不开 低频 扩散 不 开 第三 整体 声音 没 弹性 推 仨 耳机 都 说 及格 仨 耳机 都 还 很 潜力 轻松 榨干 钱包,1
基本上 三个 耳机 声音 比较 难 伺候,0
好文 推 差点 意思 对比 纯甲 功放 推 绝对 没有 实力,-1
原线 觉得 全家 都 很惨,0
个人感觉 这种 高光 材质 线 热缩管 会 线材 造成 一种 低端 感觉 颜值 造成 脑放 大部分 人 颜控,1
线头 没有 穿过 焊片 孔 焊接 楼主 显然 没有 搞 无线电,0
塑料 味,0
一票,0
没人 投 阿米 罗 投一票 听 欧美 流行 很 国外 评价 很 好,1
网线 非常 不错 目前 屏蔽 侧接 交换机 声音 实而 不华娇 不燥,1
请问 外网 接 单独 口 单独 口 一侧 三个 口 一组,0
网线 买,0
内置 硬盘 格式 要求 是否 支持,1
建议 收个 眼睛 版,0
这种 灌输 思想 成 炉火纯青 思想 击败 买单,0
店铺 名 公屏 上,0
接 真力 低频 比好 点 缺 韵味 配根 韵味 信号线,1
都 想 避而远之,0
阻抗 不是,0
版 频响 为啥 不买 原版,0
人生 几个 年 开心 好,1
坏 平板 耳机 买,0
看 咸鱼 上 修 平板 看看 振膜 感觉 早晚 必须 挂 图片 真的 蛮 恐怖,0
非版 偏音 挂 后 买 版 目前 还成 挂 不 玩,0
听 人声 上大乌 新出 没 容易 坏 价格 现在 降下来,0
老兄 大神 联系方式 只 老 完 犊子 迹象,0
旧 不 去 新 不来 喜欢 天天 用到 坏 不错 前提 经济 上能 挺住,1
动圈振膜 破 照样,0
感谢 分享,0
谢谢 分享,0
感谢 分享,0
屎 牌 东西 向来 其实 挺 稳定 国内 代理 不上 心,-1
国内 品牌 上 心点 早就 火 解码器 调音 好听 白 瞎 竟然 没 中国 市场,1
,0
据说 他家 解码 好听 耳放 垃圾,-1
可能 更能 接受 家 耳放 这是 四大 都 搞 四大,0
琥珀 推力 太小 不太 搭,0
推 还行 貌似 前级 强项 没用过,-1
享声 好像 只 适合 用来 推 平板 耳机,1
金 画眉 还,0
很久云 下路 酱 录音 居然 听 起来 还 更 甜 更 锐利 比较 质朴 出乎意料,0
如期而至 静待 更 听感 分享,0
觉得 很 不错 已经 定 歌 诗德 比较 谱,1
黑化肥 会 发挥,0
先 老婆 推 舒服 很快 睡着 想,1
打开   模拟 耳机 点击   右侧   锤子 选择 对应 耳机 阻抗   应该 选择 欧 选项 老虎 卡 价位 非常 优秀 雀 有别 听 信口开河 评论,1
现在 都 太 聪明 老婆 淘宝 一下 价格 出来     要出 掉 本来 上 真力 现在 只能 改装   独显   老虎 卡惠威 小烧 一下,0
老虎 卡就行 只能 单端别 指望 改线 平衡 改不了 兄台 竟然 喜欢 重 口味 实属 难得 估计 帖子 里面 推荐 解码 耳放 一体机 都 没 听过,1
看 输出功率 适合,0
假 平衡设计 解码器 耳放 最好,-1
再 买 真 平衡 耳放换 听 不 好,1
发烧 量力而行,0
求 使用 技巧 姿势 才 有用,0
颈椎病 很 痛苦,0
楼主 讽刺 耳机 黑 硬 便 便,0
市 电 问题   插座 问题 闭路 环流,0
听风 人 更 惊喜,1
都 觉得 听风 系列 不错 真想 听听 东方 之声 配合 效果,1
有底 噪 不,0
听风 岂 不是 更让人 期待,0
直接 上 听 风,0
看不懂 看到 听风   顶,1
推  ,0
推低 阻 耳机,0
推,0
歌诗德 贵点 矩声,0
只能 选择,0
不 限定 国产 看看,0
想要 动态 大 解码,0
动态 好 满足 强 瞬态 线条 非常 棒 找,1
下个月 拓品 上市,0
英文 听不懂,1
看来 真 不 喜欢 上次 直播 黑 还 狠 说 老半天 其实 总结 一句 话 素质 介于 之间 调音 问题,-1
看 别人 测评 娱乐 意义 买回来 听 知道 不是 不能 退 看 测评 牛比得 很 听 不 喜欢 那种 声音,-1
对称 磁铁 看来 力度 动态 上 的确 大有 优势 方面 可能 没 突出 不 知道 接下来 还会 不会 出 更 高级 平板,1
说 出厂 调音 缺点 不是 那种 大家 都 接受 调音 会 都 还行 看 便宜 份 上 素质 差点 还行,-1
现在 战略 应该 慢慢 国外 撒点 钱,0
看 做工 相当 精细 感觉 没 听 只 评论 一下 外观,0
听 几天   感觉 适合 二奶 机   主力 全面性 问题   听 流行 性价比 足够,0
听 完放 耳机 架上 原厂 耳机 罩 罩,0
刚好 问题   听 一段时间 之后 左右 偏头 会 听到 类似 耳朵 进水 声音 这是 情况,1
套个 原厂 耳机 罩子 没 娇贵,0
防潮箱 放 反正 线 扁 没 问题 完全 没 娇贵,0
换,0
套个 弹簧 就行了,0
弹簧 大法 看似 不错 其实 弹簧 弹性 很难 找到 合适 太软 基本 没用 太 有劲 耳罩 拉 不 下来 老 上 拽 头 大小 找 弹簧 七八年 几乎 天天 出厂日期 算 离开 已经 十年 皮筋 没松 皮筋 寿命 看 使用 保管 区别 很大 两三年 就断 不是 皮筋 用料 缩水 使用 保管 太过 野蛮 觉得 后者 大 概率,-1
这俩 都 垃圾 比好 很多,-1
关键 重放 设备,0
都 过程 经历 这种 痛苦 快乐 慢慢 长大 直至 找到 真 爱,0
早日 进入 贤者 模式,0
拒绝 洗脑,0
,0
难度 大 弦乐 好 保 高频 女声 好 保 中频 低频 肯定 牺牲 多些 手机 推不出 低频 质量 中 高频 过得去 手机 推 拜亚 试下,1
欧 版本,0
飞利浦,0
老婆 专用,0
手机 大家 不要 推荐 大 耳机 其实 买 喜欢 造型 便携 耳机 类似 铁三角 一众,1
,0
听 弦乐 真的假,-1
推档 增益 开 满 舒服 素质 水平 国产 万元 机不 一定 打得,1
据说 素质,0
看来 没 逛 站   几个 还 没毒 吹,1
说 价让 死心,0
上凯音,0
买个 纯放 够 上台 上台 便携 解码 耳放 部分 推 不了,0
没 听 样子 好像 一头 猪 造型,1
楼主 这是 设备 降级 干冷 刺 难免,0
线性 电源 最好 供电 直接 供电 不要 接口 供电,1
不行 声音 扁平 结像 小 低频 糊轰头 差 挺 现在 价格 还行 推听 女声 已经 很 好,-1
不太像 很 不 铁三角 地方 主要 不错 低频 质量 不近 人声 喜欢 老铁 风格 不会 喜欢 其实 人声 铁式 人声 结像 清晰 偏薄 没 甜远 点 顶 锅盖 来说 一句 挺 喜欢 表面 叛逆 有点 天龙 风格 内在 铁三角 式,1
牌子 粉丝 最近 出 新品 感觉 没 以前 追求,1
小 手雷 买过 根本 没有 一点 改变   难道 核电 太 纯净 退,-1
手雷 我试 不断 开关电源 长时间 使用 再拔 下 对比 没有 听 出 一点 区别,0
有人 上 测试 小 手雷 底噪 比较严重 音箱 系统 有用 本身 系统 没 问题 没 必要 买 耳机 系统 上 没 听 出 明显 区别,-1
没有 双子座 听感,0
黑 参考 大气磅礴 目前 拿来 主力 线,1
原線,0
试过 线 世界 超时空 觉得 最 适合,0
金宝,0
还 挺 喜欢,1
说穿 烧油 想要 出,0
推 活活 折腾 好几年 湖人 耳 放到 玉龙 再到 湖人 再 再 惊雷 北极星 解码 再到 沐声 再 草医 再 去 收 惊雷 现在 高文 多套 系统 真正 推好 两套 折腾 三年 现在 已经 玩 到头 改玩大 乌,-1
说白了 古典 耳机 监听 耳机 不是 用来 听歌 非 用来 听歌 只能 搭配 好 系统,1
高频 声场 素质 不比差 唯一 中频 寡淡 声音 薄不耐 听久 听会 很 累 没 推好 会 人 觉得 一服 好 耳机 不 适合 用来 欣赏 音乐,-1
需要 控制力 楼主 不满 地方 极 高频 失控 低频 肿 其实 耳放 部分 毛病 阻抗 适配器 牛 多个 香炉 多个 鬼,1
呼呼 呼呼,0
心里 作用   这会 感觉 白天 听得 舒服 感觉 周围 安静   没 声音,1
估计 电处 线路 中 不能 排除 电源 线路 中串 入 杂波 彻底 断开 市 电 通道 独立 电池 电源 最有 希望,0
晚上 声音 好不好,-1
淘宝 上 搜 搜 不 避讳 牌子 主要 音乐 丝带 斑波 路霸 酱 四个 丝带 较贵且 不是 丝带 插排 暂时 排除 主要 看上 剩下 三个 大概 先买 俩 斑驳 路 买 五个 不 知道 有没有 效果,0
手雷 有点 指望 脱胎换骨,0
晚上 点时 声音 清晰度 会 稍 好 一点,1
帅气,0
上镜 全是 低阻 耳机,0
路过 捧 个场,0
老头子 耳放,0
这灯点 漂亮 很 贵,1
指,0
前级 东西 先 确定 预算 预算 太 低买 台 独立 前级 极大 几率 还 解码器 自带 数字 音量 调节,0
价位 二手 正经 当个 不错 放 还 前级 应该 一代,1
享声 考虑 预算 可能 高些,0
垫 机器 避震 垫 器材 架 都 确定 有用 压 上面 多半 副作用 音箱 避震 鼠 量子 帖,0
避震 垫 脚钉 有用 碟 镇 没什么 说不定 还会 传动 转盘 负面影响,0
确实 没用,-1
有用 更 没用 时间 详细 写下,-1
哥们 肯定 心想   真的 很 服气 今天 人 杠 线材 有用,0
听感 主观唯心 有人 说 潜 完爆 尊重 接受 不是 心里 骂 一句   不,0
模拟 线 有用 数字 线 没用,-1
肯定 上 界面 流行 小船 就够,0
看 前端 音乐文件 听 流媒体 肯定 高品质 音乐,1
,0
全部 渣 渣,0
发烧 主观 过程 感觉良好 千万 不要 听 摆咙 坚持 初心 好 直到 腻歪 壕 老 烧们 会 听 感驳 体无完肤,1
这货 需要 强大 推力   解码 耳放   都 少不了 手机 来说 听个 响   上限 大概 千元 水平 不 值得 投入 太,1
没人用 很定 原因 都 声音 不 认可,0
  家   绑定 确实 好线 知道 人少 煲线 期长,1
听 流行 预算 少 海 淘 预算,0
样子 不错 支持 一下,1
万元 档 试试 铁三角 家 完全 革命 耳机 他家 之前 氛围 不 知道 好 圈铁 结合 不会 出 恶声,1
当然 歌德,0
其实 搭配 好 听 不大行 味道 不够 都 不错     不错  ,1
百事可乐 比较 甜 可口可乐 比较 呛,0
基本 不 喝 百事,0
好 搞笑 话题 高考 以上 人 数学 不及格 难道 数学 问题,1
没 搞懂 畅销 不衰 不 觉得 好听,1
头像 过于 牛,1
耳机 都 朦朦胧胧 人声 特别 糊 前端 关系不大,0
结论 马烂 屎,-1
台 好 机器 最起码 人声 放 不错,1
获奖 无数   出   性价比 景丰     两片,0
听说 声音 台机 更厚 暖,0
典型 共 噪声 问题 几乎 无解 做 电路 开发 人 一定 遇见 找 上 几天 都 找不出 问题 最后 重新 设计 问题 解决,0
三观 不正 人 不配 问 问题,0
应该 平衡 三 芯 本质 上 三 芯卡侬,0
放心 谢谢,0
买 没什么 搞 二手 跌 不了,0
不是 推 平板 放试 都 推不开 就别 想着,0
用不香 平板 不 合适,1
试听 海鲜 不是 腥,0
版本 很 新奇,0
流行 为主 前端 考虑 歌德 直 插 电脑 手机 小尾巴 小声 卡 都 推得 很 好 听 流行 感染力 非常 好,1
不 搞 推力 足够 科学 放 味道 音源 解码 来调,0
再 稍微 加点 二手 八千 左右 不是 要求 特别 高 推 已经 很 好,1
很 好 加一点,1
七千 左右 买个 一代 不 换壳 升级版,0
飞傲 便携 砖头 应该 搞 动凯音 旗舰 试试 如今 好像 都 流行 便携 台机 太大 占 地方 还要 整 供电,1
二手 听风,0
不 容易 祝贺,0
试听 活动 申请 一台 听听,0
牛 逼 试听,1
海外 口碑 很 好 支持 支持,1
恭喜 恭喜,1
好多年 不 折腾 重新 回归 找点 事 做,-1
自占 沙发 太 不 厚道,0
兄弟   入手 价,0
东西 好像 很少 有人 搞小众 东西 注定 孤独,1
本来 想 升级 维瓦尔第 价格 涨 厉害 好像 界面 不行 没有 网播 大佬 都 建议 上 时钟 件套 奈何 能力 有限 只能 追求 力所能及 省心 方案 最终 锁定 维米尔 不用 外加 时钟 貌似 前级 不错 界面 好像 网播 声音 行 相比 简直 超级 省心 现在   不能 转盘   网口 输出 显示 维米尔 插 普通 电脑 感觉 对不起 解码 已经 卖 只能 令寻 转盘,1
买个 万 机 已经 很 好 必要 搞 贵 留 钱 旅游 泡 妹子 不好,-1
围观,0
这套 入门 好像 不错,1
答案     推     比较 好,1
顶   求 答案       推     比较 好,1
楼主 问 半天 全是 推荐 金 画眉 没人 正面 回答 楼主 问题,0
最近 大半年 论坛 上 评论 比较 一体机 几个       金 画眉 搜索 一下 应该 很多 对比 帖子 印象 好像 搭配 评价 高 金 画眉 普遍 评论 推 推力 稍差,-1
答案     推     比较 好,1
换 一台 电脑 试试 换线 再 不行 找 售后,0
重启 换个 插口 试试,0
他家 驱动 有点 不 稳定 以前 我用 经常 抽风,0
估计 口出 问题 之前 出现 一次 板子 烧掉 情况 外加 谷津 一体机 驱动 真的 一言难尽 机器 出来 后 不 更新 明显 问题 地方 不 改进 大家 去 买 界面,-1
大菠萝 签名版 好,1
品牌 最后 实力 说话,0
几年 发力 很 猛,1
倒 想 他們 更新 一下   下一代,0
搞不懂 便携 大 推力 干什么 不是 主打 耳塞,1
最 方面 很 难 不错,1
,0
耳朵 本身 偏耳 管子 有点 偏音 正好 调换 左右 平衡,1
感谢,0
声音 不错 一体机 非常 方便,1
性价比 组合,0
买 解码 送耳放   那耳放 可不   总体 性价比 很 高,0
播放器 已知 推得动 播放器,0
单端 应该 差不多 感觉 耳塞 没 难 推,-1
翠绿 确实 难看 严重 拉低 耳机 颜值,-1
黑 参考 这线 音质 方面 没 问题 碍于 话筒 线 原因 做 耳机线 太粗 不 灵活,0
颜色 真棒 吖,0
话 说 中二病 爆表 中文名 都,0
换皮 耳罩 后 声音 变化,0
旗舰 大佬,0
学习,0
老年 路过,0
牌子,0
晶彩 合作 升级 线,0
原线 不行,0
提升 哪一块 不同 线 风格 不同,0
配   原线 声场 大 收 点点 低频 人声 好,1
,0
第一款 分立 平衡 解码器 飞马 座 请 大家 多多 支持 兴趣 试听 欢迎 报名 请加 官方,1
报个 名 还 没 听 解码 尝尝 味道,0
,0
好 活动 报名 参加,1
耳机 展会 听过   接 随身   人声 还   偏 柔和,0
大家 好像 跑题,1
才子 大佬 可乐 这款 耳机 评价 都 蛮 好 趁现在 优惠 已经 下单 路上,1
比好 呵呵 手机 没玩过 当年,-1
造型 太 难看 功能 略 单一,-1
选择,0
国人 耳放 功放 里面 都 知名品牌 原 器件 接插件 声音 不错 外观 土炮 如美星 胆机 几大万 永远 土炮 外观 说 再 好 没 听 外观 一点 想 买 欲望 都 没有,1
真能 推 感觉 有点 虚,0
听 一次 奇葩 组合 索尼 专用 接口 连接 再 连接 方程式 推 声音 觉得 不 知道 环节 问题,0
想 问 方程式 推是 水准,1
电池 耳放 第一次 见到 不 知道 推 塞子 是否 恰当,0
正常 选择 没 必要 留,-1
顶一下,1
大 牌子 成品 线 改线 行 反正 别买 小作坊,0
发烧友 智商 低 比较,0
好家伙 这年头 交换机 都,1
国产 大部分 产品 都 支持 天无 理由 觉得 不值 不买 没 必要 说 风凉话,-1
世界 分为 二个 部分 普通 世界 发烧 世界,0
胆机 内部 都 没法 看 乱 算是 比较 好,1
不 知道 听 起来 线路 别有用心,1
看起来 挺 复杂 觉得 好看 鬼,1
胆机 觉得 更 应该 搭棚 飞线 做 比起 搭棚 更 适合 复杂 电路 平衡 转单 端的 部分 底噪 调整 旁边 三极管 上面 一堆 电阻 分别 做 没什么 问题 核心 电子管 放大器 部分 不太 应该 周边 电路 一起 做成 一整块 还 管座 直接 固定 上 整块 减震 很 成问题 底噪 调节 旁边 部分 上 银白色 东西 看起来 残留 松香 锡炉 残留 焊锡 珠 焊锡 珠 做工 真的 打个 问号 机子 绝缘 地方 都 没 做 起码 输入输出 座 焊线 包上 热缩管,0
机子 磨过 台阶 面 运放 都 假 记得 论坛 普及 帖子 厂机 不会 老 二手 元件,-1
这耳放 楼主 还 没 出手,0
葱花 总好 文顶,1
箱子 换,0
看 周围 环境 酒店 想 楼主 出差 旅游 一堆 东西 打包 搬走 比较 猛得 一件 事情,-1
小橘 套,0
猝不及防,0
看到 最后 确实 惊 一小 下,0
最近 回坑 想 说 收 一台 回味 一下 一看 闲鱼 还 卖 四五千 心态 爆炸,0
森海 官方 商城,0
流口水 直接 搞个 耳放 不 好了吗 高档 机 解码 数模转换 应该 大部分 机器 解码 好,1
个人 马兰士   模拟输出 已经 很 不错   懒得 在外 接 解码,1
自顶,1
实力 很强   几个 性价比 高,1
很 鸡肋 想 折腾 出好声 代价 不低,-1
建議,0
想试 平板 买个 蓝牙 版 味 比较 浓,0
想起 死 一次 洗衣 事件,0
耳机 没 意义 当年 买 没多久 线 老化 断,0
好图 金波 看 流泪,1
三宝 界面 我用 还 不错 一大堆 现货 哪要 鸽,1
学校 机房 耳麦 算不算,0
戴上 非常 舒服 再也 摘 不 下来,1
同意 都 没 必要 换线,0
试过   黑 参考 还 不错 做 几条 短线 方便,1
很 喜欢 效果,1
原线 长外 没 必要 换,-1
搓 双子座 黑 参考 真的 强 沉稳 扎实 大气磅礴 当然 结像 变粗 问题所在 个人 很 喜欢 原线 改 平衡 感觉 无功 无过 四股 超细 垃圾 漆包线 实在 开不起 脑放,-1
黑 神算 好点 洗脑,1
自带 电源插头 两脚 没有 线 应该 感应电,0
用三孔 接地 线,0
没地线 造成 不伤 机器 不 伤人 摸 可能 有点 伤心 挺贵 机器 不来 三孔 电源线 设计,0
没地线 好事 不会 地线 相连 设备 共同 接地 导致 噪音,-1
不是 换 电源线 换 三 插口 电源线 试试看 图 方便 先 家里 电饭煲 电源线 先 试试,0
两脚 插头   外壳 金属   都   感应电,0
难怪 接电源 明显 触感,0
貌似 没有 现象,0
從金屬 殼 處 勾個 銅線 窗框 應該 好,1
欢迎 年轻一代 话 说 推,0
大手 办,0
学生 建议 买 耳塞 不要 早入 大耳 坑 还要 上台 太 折腾 不 方便,-1
萨克斯 录音师 混音 师 正确 收音 放在 声部 音量 比例 合理 设备 听 都 会 萨克斯 手机 外放 普通 耳塞 贵价 旗舰 耳塞 大耳是 音响 普通 音响 小城 找 几个 会 吹 萨克斯风 人 单独 听下 声音 好 还 学习 吹奏 会 吹奏 都 听 出来 还 辨别出来 真 吹 录音 软件 制作 浪漫 萨克斯风 吹 好 女朋友 喜欢,1
老 都 不错,1
没 听 低频 冲击 感 中频 略 虚 高频 耳朵 没什么 特别 感觉 听   很 力 可能 会 桶 音 觉得 有桶 音 反而 效果 好 因人而异,1
三秒 摘 虽略 刺 正常 欣赏,0
翻车 路过 高频 能量 感太强 不能 久 听,1
换根 解析 好 铜线 太 好听,1
性能 已经 落伍 毕竟 多年 前,0
人声 都 不错 现在 芯片,1
介绍 下用 代表性 解码,0
很 简单 模拟 味 不是 芯片 做好 模拟 味十足,1
看看 金嗓子   好像 系列 做   效果 调音 才 水平 芯片 随便,1
告诉 金嗓子 器件   二嫂 旗舰 英国 莲   早先 器件   后来 变成 琢磨 去 芯片 不是 关键 看 设计者 水平,0
只 看 芯片 不靠 谱 做 双 解析,0
太糊   所谓 模拟 味 来自 数字滤波 算法,0
君子 阿波罗       台式 解码 都 没 记错 一流 味道 机,0
有种 耳鸣 神经性 耳鸣 具体 百度 查一查,0
这种 问题 肯定 第一 时间 去 医院 检查,0
咽炎 导致 偶尔 会 耳鸣 服用 抗生素 会 耳 毒性 会 造成 短期 耳鸣 不 一定 耳机 听音 造成,1
最好 两 小时 耳朵 休息 十几分钟 烧油 备 分贝 仪 看看 平时 听音 多响 分贝 以下 长期 来说 比较 安全,1
很多年 很 安静 环境 入耳 封闭式 才能 感觉 平时 没 感觉,0
令人 崩溃 助听器 更贵,0
一看 耳鸣 烧友 还 不少 平时 倒 没 感觉 系统 搞 现在 音量 越来越 小 听 时间 越来越 短 再 观察 下 看看,0
,0
解码 觉得 短板,0
跌下 神坛,0
这三 人声 都 很 单独 听 习惯 还行 其他人 声好 对比 露馅,1
蛤 文字,0
整体 调音 挺 当年 出 入 俩 都 认为 偏 监听 耳机 不好 评价 记着 感情 少 一点 有点 太,-1
自带 平衡 线 收个 转接头 就行,0
转接头,0
不 打算 换线 收个 芯 转 好,1
刚 会 不 舒服 机器 安定 下来 原线 改 平衡 更优,-1
建议 原线 改 平衡,0
请教 楼主 这台 一体机 能接 声道 有源音箱 黑胶 唱机 谢谢,0
支持,1
啥意思,0
这货直 插 电脑 没法 听得 上 界面 还 整电 好自为之,1
不去 对比 差别 不 大,-1
需要 仔细 才能 听 出 提升 应该 没 必要 去 升级,-1
一分钱 一分货,0
十万 瑞士 机械表 肯定 手机 手环 准 心理 感觉 完全 碾压 式,0
听 不 回去 区别,0
模式 切换 驱动力 巨大,0
感觉 蹲 二手,0
觉得 说,0
国都,0
,0
搭配 声音 相当 棒 很 经典,0
先说 预算,0
赚,0
钓鱼 贴 不 玩 箱子,0
好文 感谢,1
科谱 好看 文章 没 搞 明白 多多 科谱 学习,1
留 记号,0
音质 更好,1
网易 云 都,0
背 出来 就行了,0
,0
感觉 好多 都 行呐,1
萧大 难得 发个 听感 看来 耳机 还,0
火线 反,0
接地 不良,0
电磁炉 插头 两眼 三眼,0
搞个 地盒 接 闲置 口 试试,0
确认 一下 电源线 相序,0
估计 电源 问题 楼上 说 火线 反 可能 相位 问题 遇到 相同 状况 不是 耳放 笔记本电脑 接上去 会 震动,0
不 接地线 正常 操作 出现 干扰 噪声 确实 尴尬,-1
没 接地 搞 接地 好 从前 级 口 引出来 这种 两孔 电线 接口 地方 没 问题 地方 会 这种 现象,1
忘 线 推荐 一下 内 即可 古河 是不是 很 难分 真假 听说 还 不错 才能 买好 线呢,-1
感觉 更 合适 桌面 系统 人声 小 编制 很 好 中 高频 亮丽 顺耳 音乐味 浓 动态 不足 低频 软糊 估计 先天性 仅靠 改善 电源 估计 解决不了 这方面 不足,1
价位 推个 叶音   同类 性价比 很 高,0
元 老老实实 开关电源 算了,0
三宝 界面 配 叶音 线 电 还 不错 线 千元 性价比 高   卡 达斯     新 应该 买到,1
块 买 降噪 电源 其实 苹果 原装 充电 头 不算 差,-1
没有 看到 哪家 淘宝 介绍 里 说 送 转接头,0
,0
没有,0
沒有,0
看 错 地方 没人 玩意 当回事,0
版主 都 不 鉴定 货 最老,0
真的   简直 噪音,-1
大家 快 来看 大逼测,0
含蓄 说 还 真 看 不来,0
突然 整个 帖子 都 逗 楼主,1
不鉴 告辞,0
铜线 即可,0
好点 单晶 铜线 应该 不贵,1
歌德 耳机 贵 二手 买 低于 都 一般般,0
还 价位 蛮 人 惊喜 讨好 耳朵 过瘾 够劲 普通 餐馆 菜 味精 够吃 起来 包 爽 家常菜 那种 平平淡淡 长长 久久 恐怕 就要 花 更 钱,-1
两个 耳机 走向 差不多 区别 素质 差距 小碗 听 流行 爵士 风格 音乐 退休 现在 比较 难收 低价   都 算是 歌德 系 入门 连续 几年 评为 千元 内 最 值得 购买 耳机 原因,-1
想 买 歌德 耳机 前 第一件 事是 照镜子 看看 自已 有没有 严重 外翻 耳   省下 钱 不用 买,0
买 不要 买 后缀 型号 每次 都 推荐,0
预算 不够 就够 买 贵 越 贵越 好 价位 非常 好,1
歌德 家 一定 买 大 罩子 单元 感觉 都 鸟样 值钱 那大 罩子 买 淘宝 山寨 原厂 罩子 内侧 做 焦糊 处理 表面 光滑 反射 过多 山寨 更 通透,1
歌德 家大 耳罩 不划算 听感 不见得 比小 耳罩 好 不 推荐,1
听 流行 摇滚 人声 当然 买 歌德 预算 买多贵 歌德 基本上 不会 翻车 黑标 系列 除外,0
顶 起来 歌德 好 耳机 流行 之王 无 机能,1
恭喜 恭喜,1
,0
考虑 过线 问题 转 转 可比 线 线少,0
不 一定 单强 我用 西装 套 一两年 声音 一体 性 完成度 很 高 肯定 建议 上 平衡 平衡 单端 强 不是 一点半点 解码 耳放 都 平衡 不上 平衡 真的 说不过去 执意 不用 平衡 解码 入 专业 机 声音 不 一定 喜欢,1
建议 试试   直接 模拟输出 当然 走 值得 尝试 走 感觉 不比强 去 总 觉得 方案 一定 关联 上 走 声卡 路子 实在 些,1
玩家 来说 提升 挺大 声音 变得 更加 安定 机 声音 解析 同时在线,0
可惜 用不上,0
请问 比较 差距 大,-1
理财 理财,0
似乎 有点 贴 风格,0
恭喜 恭喜,1
牛,1
恭喜 楼主 最强 动圈 毫无疑问 之后 动圈 封神 之作,1
玩意 没有 假,-1
成色 有点 战场,0
真的,0
真的 耳机 没假,-1
听风 推森海 全家 没有 不好 听,-1
牛 夫人 变成 小甜甜,1
听风 看起来 好 骚气,1
黑 参考 双子座 更加 适合 交响 素质 更 高 低频 下潜 高频 延伸 耳朵 提升,0
一代 万号 内,0
看 之前 帖子 弦乐 个人 觉得 拜亚 里 找 合适 二代 都 小 编制 器乐 独奏 擅长 本身 听 器乐 独奏 宽广 空间感 中 器乐 演奏 不是 每个 人 都 喜欢 那种 感觉 本身 美声 类 人声 方面 演绎 相当 不错 不 知道 想 追求 韵味 人声 风格 女声 目前 接触 都 相当 不错 各有千秋 流行 男声 听,1
大乌,0
,0
弄个 平板 听 流行,0
平板,0
米 主动 线 钢 需 必须 入,0
专门 注册 推销,0
高频 线 根本 不是 越 粗越 好 才,1
,0
倒 雷电 扩展 坞 电气 性能 产生 怀疑,0
楼主 科学家,0
建议 楼主 去 试试 八类 网线 做成 耳机线 试试 再 来发发 听感,0
恭喜 值得 细细品味 好 耳机,1
耳放 推,0
很 中正 大气 女声 其实 还 蛮 甜美,1
下 一支 玩玩 路上 不玩 一下 总会 遗憾,0
第一 只大耳 年前 买 至今 还 很 怀念 声音 解析 声场 比好 很多,1
上   转盘 明显 长进,0
想 问下 推开 声场 真的 媲美,0
看 器材 列表 里 说 带来 提升 幅度 相对 于加 系统,0
整天 放毒 感觉 迟早 入 坑,1
接,0
达到 万元 左右 转盘 水平,0
银彩 古典 缩水,0
拜亚 动力 欧,0
戴着 舒服 都 没 问题 剩下 音量 小到 程度 区别,1
人耳 小 音量 下 高 低频 没 敏感 需要 两头 翘 调音 补偿 一种 方法 响度 二楼 推荐 道理,0
不 知道 铁家 耳放,0
无 校验 数据流 转码 指 源码 转 源码 放 东西 不同 可能 可能,0
数播 网播 办法 分辨 传输方式 好像 都 没有 明确 说明,1
以前 我用 手机 推送 音乐 树莓 派 树莓 派 显示 音乐 来源 一串 地址 最后 推测 协议 告诉 数 播音 源 位置 路径 音乐 地址 音乐 数据 传入 数播 本身 网络协议 不 知道,0
专有 协议 传输 很 好 操控 最强 信息 数据库 庞大 没法 不用,1
友情 提示 纸板 千万别 下水 尼龙 版 审视   不 知道 是否 会 脱胶 音乐 丝网 版 尽情 用牙 刷刷,0
还 震惊,0
还 带 弄 忽然 心想 想 手残 瞬间 没 贼胆,0
拿到 洗 眼镜 仪器 里面 震一震会 不会 好,1
站 老 韩 耳罩 洗挂 笑 死 耳罩 千万别 洗,1
知道 朋友,0
实在 买不到 耳机 海绵 罩 看来 只能 换个 耳机 耳机 调音 风格 喜欢 有点 舍不得 放弃,1
时间 引进,0
喜欢 好 身边 朋友 专买 旧 不 差钱,-1
为啥 买 旧 第一个 基本 一手 玩家 腰斩 二手 玩家 基本 不亏 第二个 新出 基本 都 涨价,0
现在 新 耳机 不 稳定 不 知道 林志玲 凤姐,0
刚出 新款 确实 观望 以下 比较 好 无论是 老 厂家 跳水 新 厂家 未经检验 延迟 满足 能力 几乎 永远 正 回报 大概 买房,1
说 新 耳机 大家 比较 好,1
楼主 理论 适合 进进出出 折腾 党 大幅 减少 出手 巨额 贬值 风险 爱 吃螃蟹 追求 新鲜感 没 差钱 玩家 来说 不 适用 当然 不是 说 火 买 结合 经验 参考 友人 建议 决策 里,-1
优秀 新兴 国产 厂家 出头 耳朵 试听 无 理由 退货 牌子 大力支持,-1
天聊 死,0
金 画眉 二代 搭配 耳机 声音 咋样,0
吐槽 下 官方 提供   插件 安装 播放 视频文件 时 几乎 卡 不能 动 找 官方 售后 问 半天 未能 解决 最后 只能 改回 老 版本,0
隐士 适合 高阻 低阻 耳机 银色 琥珀 区别,0
隐士 机子 外观 不错,1
用过 都 知道 隐士 不行 上,0
北极星 不是 厚声 典型 那种 纤细 欧洲 声,0
地板 上 低音炮 够 威武,0
北极星 牌子 还,0
图片 中 应该 比差 档次,-1
不要 再 错误 路上 越走越远   干瘦 线条 声底 砸 大钱 调 周边 换个 厚 声音 箱来 效果 更 明显,0
楼 兄弟 已经 给出 正确 答案 看法 一模一样,0
只 铁味藏 比较 深老铁味 新 木碗,0
耳机 不 楼主 有福,0
这是 滞销,0
价格 跳水 再入,0
上 平衡 再 一套 压 高频 系统 推力 不要 太大 听 久 会 发现 铁三角 味 反复 人声 真是 一脉相传 感觉,0
试听 感受 质感 比好 声场 比大 能量 感 不错 纹理 清晰 佩戴 不错 感觉 性价比 略 高,1
声音 非常 好 透明 流畅 音场 大 超越   挺 可能 不好 推 关系 闲鱼 上 出 二手 不少 二手 价 不断 走低 现在 估计 很快 会 低于 非常 超值,-1
一票,0
再 加 备选 乾龙盛 求 大佬 指教,0
强烈建议 鼠莓 派 新鼠 声音 不说 保留 手机 操作 一点 就够 体验 上 优势,1
看来 大家 都 不 支持 享声 数播 估计 声音 红 芯 乾龙盛 起来 不行,1
淘宝 上 没有 试听 机 之前 问 只能 盲 狙,0
偶尔 会 耳鸣 不 严重 注意 休息,0
偶尔 还会 幻听 一次 听到 几声 合唱 梵呗 声音 突然 消失 发现 周围 没有 人 合唱 时才 意识 幻听,0
  听 首歌   休息   带 耳机 不会 超过   半小时,0
撸 太,0
耳鸣 好像 几年 怀疑 是否 老,1
耳鸣 肾亏 身体状况 关系 三年 前有 段时间 长时间 耳鸣 后来 身体 状态 恢复 后 好,1
耳鸣 又称 耳朵 萌度 不够,0
实在 不 明白 耳机 开 大声 后 不 等于 站 一堆 货柜车 中间,0
据说 耳朵 里 纤毛 坏 没法 恢复 永久性 自重,0
左耳 中耳炎 貌似 洗澡 后 长期 没有 耳朵 里 水 倒 出来 现在 左耳 闷得 不行 几乎 都 听不见 真 卧槽,0
确实 尤其 不要 耳塞 大声 不要 持久 频繁,0
几年 偶尔 会 耳鸣 杯 具,0
瞎搞   小心 搞坏 身体   休息,0
树莓 派 更 适合,0
原来 听 前端,0
听过 人 分享 人 很少 建议 论坛 帖 里 翻 一下 老 帖子 毕竟 耳机 出来 年头,0
比闷糊 人声 没 突出 只能 说 便携 强 稍差 一档 胜在易 推 能够 感受 大耳 水平,-1
为啥 不上,0
一楼 自占,0
上面 列举 机器 多数 都 认真 听过 不 短 时间 似乎 价格 区分 声音 质量 不太 合适   万元 机器 还 牛 再 拓品 声韵 相反,1
补充 下睿志 音响 何庆华 产品 相当 不错 很具 性价比 外观 不具 观赏性,1
拓品 感兴趣,0
现在 比较 火   梅 上 对比 测试,0
万元 以下 国产 解码 听感 暂时 最好 瑞 梵 音频 解码器 价格 近 六千,1
耳机 说 各有胜负 换 会 丢掉 优势 我记 没错 低频 泛音 一块 建议 跳开 再 买 一副 人声 弦乐 耳机 补足 换 没 必要 换 大 平板 大乌 这种,-1
没 意义   留 更 适合 好 中频 味道 好 一点 声底 极为 相似 俩 双修 不 起来 弦乐 建议 试一下 拜亚 人声 看看 日系,1
其实 中 低频 凸起 点 一点点 差距 一下 感受 下 就行了 单元 调音 棉改 改 不是 换 单元,-1
机 悬梁,0
两颗 银色 音色 电容 单运放,0
类似 莱曼,0
仿机,-1
看样子 像是 两种 电路 混合 应该 莱曼 电路 加 运放 调味 银色 电容 做 输入 耦合 之用 后面 带 散热 推挽 设计 电阻 实在 看不出 哪家 电阻 整流 看着 快速 味道 机用 快速 其实 没 必要 牛 不错 看不出 真假 玩意 箭猪 假货 实在 太多,-1
耳放 主要 负责 持续 稳定 驱动 后端 味道 失真,-1
看样子   放 莱曼 电路,0
谱 系 主要 怕 橡皮筋 松掉 小心 点,0
据说 批货 容易 一边 无声,0
是不是 解析 不错,1
感恩节 会 优惠,0
一年 前 最低 关注 想 再,0
建立 听音 观 不 应该,0
谢谢 喽,0
问过 杨 老师 说 最好 加个 稳压器 延长 电子管 寿命,1
这是 伟良 马甲 产品,0
低端 卡 达斯 真品 线 其实 照样 闷糊,0
好 贴 帮顶,1
晕   刀片 挂 下 掉 成 铜色,0
下 血本 好 帖 帮顶,1
不用 切 都 看 出来 假 逼,-1
东西 开关电源   不是 牛,1
毋容 置疑 绝对 会 变化,0
无以 言表 眼神 已经 足以 表达 观点,0
请问 楼主 大概 评价 下 笔记本 不 插 电 插 电 升级 电源 后 插 电 声音 想 做 下 参考,0
换 都 会 有变 或多或少 注意 有变 不 等于 改善 有时 需要 时间 判断 有时 搞 半天 原来 好听,1
没 说 最 重要 音源 建议 不要 加 很 可能 没用,-1
低频 房间 密切相关,0
数码音 源 低频 最 难搞 加 发烧 交换机 改善 肯定 不能 彻底解决 问题,0
懂 贴 快别 逗 直接 上 硬 广告,1
不是 网播 没 必要 上 交换机,-1
不 可能,0
说直 推 估计 都 托 不用 耳放 退 咸鱼 乖乖 上放,-1
听感 更 像是 音源 问题,0
不是 推 问题 听 歌 问题,1
好奇   价是 价,1
,0
整个 森海塞尔 无线耳机 系列 电视 音频 发射 端 耳机 直接 接收 不是 蓝牙 转 蓝牙 方便,0
耳机 留     台机   音箱 真力 够玩 很久 埋没 好 耳机,1
楼主 真 有钱 鉴定 完毕 实诚 羡慕 楼下 请 发言,1
来张 合照,0
好 东西 丢掉,1
  档次 声音 相似 度 开放 封闭,0
老大 帖子 先顶 再 看,1
老大 耳里 成绩 再 乘以 索粉 五倍 信仰 结论 买买 买,0
大法 今年 爆发 一年 几个 新 产品 评价 好像 都 不错,1
相对来说 便携 播放器 性价比 比较 低才 算是 基本 符合 身价 高端 货 参考 上市 价格,0
耳机 观察 好久 搭配 听 好 几次 楼主 美化 一词 感觉 渲染 厉害 整体 层次感 比较 出色 感觉 耳机 贵配 上 索尼 感觉 贵 斩 腰价,1
机会 买,0
会 数据测试,0
挺 期待 耳机 降价 再 入,0
耳机 挺 好看 太贵 些,-1
耳机 人声 挺 好听,1
价位 先不限 似乎 选项 不,0
蓝光 音频 碟 没 资源 基本 都 数码 版 蓝光 转盘,0
沙发 考虑 入,0
原来 期待 二 更 喜欢 风格 希望 有个 开放 进入 目标 目前 仔细听 二代 觉得 差距 差距 不 大 越 好 前端 耳 放下 差距 会 更 明显 对比 后 或许 会 带来 些 不同,-1
手持 很 关注 有点儿 解毒 感谢 分享,1
纠结 中 飘过 拜亚 将要 出,0
有意思 喜欢 特点,1
前端 稍微 给力 一点 档次 差距 拉开 很 轻松,-1
传统 艺能,0
上 电磁炉 不香,0
蛇油 满满,0
应该 卖 美金,0
诺贝尔奖 应该 颁,0
厉害 诺贝 奖 正在 上 赶来 路上 会 店家 会 说 最新 科技 量子 低温 不是 常规 绝对零度 哈哈哈 遇事 不决 量子力学 解释 不通 穿越时空,1
瞎扯 纠结,0
最终 解释权 商家 不 知道 商家 会 不会 最终 解释,0
反正 骗 文盲 钱 买 卖 都 不在意 正常人 看 傻子 图一乐,-1
真的 震惊,0
沐浴 更衣,0
开 空调 就行了,0
楼主 冬天 跑 一圈 头上 肯定 冒烟 蒸笼 头,0
扯 跑步 冒烟 事情 哈哈哈 哈哈哈,1
买大 品牌 耳机 都 盐 雾 测试 耳罩 经常 换,0
冰库 里 听 还 有利 耳放 散热,0
霍夫曼 故事,0
老柴 曲子 旋律 都 非常 优美 本身 非常适合 入门 胡桃 夹子 天鹅湖 都 经典 中 经典 建议 听听 全剧 小提琴 协奏曲   钢琴 协奏曲   交响曲 都 品类 里 排名 前 曲目,0
问 下手 上 推 效果 最近 看狗东 价格 想 入手 回家 做 床头 机用 三四千 台机 差距 大不大,-1
疫情 去 不了 只能 在家 听歌   挺 好,1
现在 没有 接口 解码器 不多 全新 找人 定制 一台 取消 口 解码 二手 闲鱼 倒 见 几个 无口 需要 界面,0
维尔 瓦帝 感觉 都 大 落地箱 耳机 浪费 维尔 瓦底 音响 展听 几次 还 不错,1
买 仪器 指标 最高 东西 不 可能 民用 器材,0
天花板 不 可能 声价 平衡,0
时钟   电 隔离 设计 整台 机里 解码 设计 贵 部件 整合 一起 才 天花板 单独 出来 天花板 价格 无 天花板 音质,0
第一眼 看到 标题 以为 出 新 旗舰版 原来 耳放,0
声音 清爽 直接 耳机 不,0
发现 耳放 推老款 铁三角 还 我用 推 很 对味,0
光速 翻车,0
  楼主 出差 带 东西,-1
出差 大 箱子,-1
指 研发 重心 放在 外壳 上,0
好 工业 设计 很贵,1
以上   需 模式,0
喷泉 了解 不 确切   不 懂 工程,1
有点 意思 想到 著名 喷泉 设计师 加藤 鹰,0
都 重要,0
摄影 做菜 形容 更 贴切,-1
不是 树莓 派 不是 直接 插 网线 电脑 端 直接 打开 树莓 派 地址 控制,0
树莓 派 不是 网线 口,0
现在 家里 没有 不,0
现在 没网 钱包 瘪 还 难受,0
我晕 居然 不同 版本 插头 选择 新版 太爽了 之前 害 花钱 买 转 转接头 我用 德森瑞 大耳 固件 推得 很 不错 爽歪歪,1
搞不懂 卖家 想 为啥 不 两条线 配齐 单卖,1
太重 不 喜欢,-1
送个 转 不 完事,0
直接 气动 四 芯 平衡 转线 第一批 用户 网上 买 转四芯 卡农 头才 几十元 气动 转接线 接单 端 平衡 口 耳放 对比 起来 不难 推 便携 播放器 推力 大点 推得 很 好 播放器 比较 应该 专门 用于 播放器,1
觉得   台机 横截面 积     体积   干   耳机 体积 增加 台机 横截面 积     体积 优先 耳机 多个 台机 多台 一台 专门 斥候 耳机,0
找个 店 试听 下 合适 才,1
,0
地位 有点 尴尬,0
没有 好听 素质 都 虚 好不好 听 才 真的,-1
都 卖 听 原道 算啦,0
推大乌 确实 挺,0
旷世 几套 祖传 解码 一体机 解码 特别 好听 耳放 部分 推推 低阻 灵敏度 高 耳机 还 不错 难 推 比较 歇菜 大师 版 性价比 普通 版,-1
旷世 大师 版 推 大 乌 还 没 折腾 咸菜 感觉 还,-1
感觉     铁三角 大耳 应该 不太 搭 建议 大乌 觉得 楼主 听到 后来 大 概率 会出 掉 继续 升级,0
一万 一体机 旷世 没 尝试 草医 一体机 都 试过 拿来 推大乌 都 不好 听,-1
补充 惊雷 不好 听算 帮 楼主 排个 雷,-1
展会 听过 旷世 推大 乌是 展会 上 所有 搭配 中 数一数二 烂 糊 刺,0
现在 钱 想 买 对比 声音 控制 一点点 乱 特别 高频 试听 过有 改进 相同 问题 办法 解决 想 买 感觉 声音 写 修饰 过分 一点点,0
新版 感觉 比较 失望 不 知道 老版 声音 区别 不,0
上个 好点 台机 音源 试一试 磁极 不 音色 很 不错 没有 易 推 认为,1
不 知道 这款 当时 看 上 这款 最后 发现 更 省钱 收,0
觉得 推力 高 要求 尝试 几个 耳放 原创 功放 口金波 平衡 口 小不点 胆石 机 平衡 口 推出 声音 都 局限性 很大 基本 纯粹 人声 耳机 建议 只 听 人声 方面 歌曲 前端 宽容一点 听 比较 杂食 需要 更强 推力 耳放 放弃 选择 更 易 推开,1
优劣势 毕竟 贵,0
    突然 想 了解 一下 谢谢,0
看 介绍 驱动力 有点 打退堂鼓,-1
其实 官方 有个 升级 到位 时 声场 将会 变成 好 不 需要 更换 现在 耳机 建议 用户 部分 官方 群 朋友 知道 说,1
观望 这款 站 测评 对比 咖喱 耳机 好听 现在 还 选耳 放在 观望     两款 耳放,1
只 听 推 不是 菜 出 掉,-1
听过 好听,1
三个 都 听 感觉 最 全面 烧友 烧到 后面 直接 上 不上不下 味道 浓郁 听 人声 考虑,0
构架 解码 好像 不能 硬解,1
网络 上假 挺 录制 效果 差 现场 音乐 还,-1
一部分 电位器 大概 以下 时 偏 音区,0
碳 膜电位 器 通病,0
碳 膜电位 器 通病 好 碳 膜电位 器偏 音区 会 小,1
可能 耳机 偏音,0
没有 问题 是因为 电平 低电平 高 同样 音量 下 高电平 需要 开 更 小 音量 电位器 偏 音区,0
偏音 有时候 使用者 心理因素 一边 耳朵 过度 使用,0
排除法 即可 耳机 没 问题 基本 碳 膜电位 器 问题 换个 常见问题,0
没听 过金 画眉 低频 应该 算 比较 声音 算是 暖声 相比 我用 谷津,0
耳机 换成 歌德 适合,0
其实 楼上 水友 说 一定 道理 歌德 耳机 听 流行音乐 有种 特殊 味道 感觉 块 听 流行 贵得 耳机 好听,1
建议 换 耳机,0
停下来 感觉 低频 力道 大 听 流行 般的 金 画眉 流行 还,0
听 周杰伦 还 不算 明显 听 活泼 俏皮 热情洋溢 声音 懂,1
不换,0
想 加入 不 知道 那個 好點,1
七天 无 理由 退货 先 听听看,-1
两个 都 感觉 更 适合 条件 听听,0
三个 看 目前 评价 都 风格 迥异 耳机 挑是 没有 弄清 想要,0
看见 胆管 想 锤子敲,0
二代 都 拥有 过代力 大声 粗老 美的 传统 风格,0
其实 听 感流,0
觉着 大 编制 不太可能 好 推,1
,0
古典 试试,0
古典 不错,1
耳塞 听 流行 味道 还行 听 古典 大 编制 耳机 差太远 楼主 没说 前端 块钱 块 买 块 买个 一体机 认真 去 听 古典,-1
古典 更 考验 音响器材 金属 乐 同样,0
纯 器乐 应该 情感,0
哈哈哈 没有 人声 听不出 情感,1
明显 还 没 入门 古典 没 感情 没 叙事 越 高端 线 感情 越差 明明 器材 太差 上 好 线 暴露 出来 问题,-1
听 古典 乐 从来 都 不是 优越感 喜欢 古典 乐 且不说 歌剧 艺术歌曲 器乐 都 情感 每位 作曲家 演奏家 都 会 赋予 音乐 不同 情感 听 很多 电音 老 流行 欧美 日本 国语 粤语 摇滚 金属 新世纪 音乐 很多 冷门 流派 音乐 来说 最后 长久 打动 人 内心 古典音乐 巴赫 维塔利 恰空 生活 中有 悲伤 经历 听到 这两首 曲子 会 不 自觉 流出 眼泪 穿越 时间 空间 真正 扣动 人 心弦 古典 乐 回放 准确度 要求 更高 纯 电子 合成 乐 很多 山寨 手机 播出 震天响 还 不错 效果 好 古典 乐则 需要 很 高水平 解码 功放 喇叭 才能 乐器 能量 感 比较 好 模拟 出来 管风琴 钢琴 那种 声音 回放 个成 绝对 令人 灵魂 出窍 美好   翻译成 古典 乐 其实 不妥 古典 两个 字 容易 人 一种 阳春白雪 曲高和寡 感觉 应译 经典音乐 古典 系 其实 经典音乐 一时期 古典 不 意味着 大 编制 很多 四重奏 六 重奏 重奏 独奏 都 非常 动听 大 编制 令人感动 现在 陪伴 最 其实 莫扎特 小 编制工作 生活 余 感受 那种 纯粹 快乐 烧 器材 不是 炫耀 砸 人民币 听 所谓 高雅 音乐 分享 快乐 音乐 更好 地被 欣赏 身心 获得 平静,1
听 古典 乐 从来 都 不是 优越感 喜欢 古典 乐 且不说 歌剧 艺术歌曲 器乐 都 情感 每位 作曲家 演奏家 都 会 赋予 音乐 不同 情感 听 很多 电音 老 流行 欧美 日本 国语 粤语 摇滚 金属 新世纪 音乐 很多 冷门 流派 音乐 来说 最后 长久 打动 人 内心 古典音乐 巴赫 维塔利 恰空 生活 中有 悲伤 经历 听到 这两首 曲子 会 不 自觉 流出 眼泪 穿越 时间 空间 真正 扣动 人 心弦 古典 乐 回放 准确度 要求 更高 纯 电子 合成 乐 很多 山寨 手机 播出 震天响 还 不错 效果 好 古典 乐则 需要 很 高水平 解码 功放 喇叭 才能 乐器 能量 感 比较 好 模拟 出来 管风琴 钢琴 那种 声音 回放 个成 绝对 令人 灵魂 出窍 美好   翻译成 古典 乐 其实 不妥 古典 两个 字 容易 人 一种 阳春白雪 曲高和寡 感觉 应译 经典音乐 古典 系 其实 经典音乐 一时期 古典 不 意味着 大 编制 很多 四重奏 六 重奏 重奏 独奏 都 非常 动听 大 编制 令人感动 现在 陪伴 最 其实 莫扎特 小 编制工作 生活 余 感受 那种 纯粹 快乐 烧 器材 不是 炫耀 砸 人民币 听 所谓 高雅 音乐 分享 快乐 音乐 更好 地被 欣赏 身心 获得 平静,1
听 类型 音乐 高人一等 思想 撇去 更好 很多 歌唱 艺术家 艺术性 不见 古典 更 低 要说 大 背景 下 古典 技术性 艺术性 明显 乐种 高 估计 没 人 反驳 好多 人 听 古典 小编 交响 同样 感同身受 听得 入神 个人 听 流浪者 之歌 每次 都 听 很 入神 不是 感情 确实 不 知道 解释,1
再 加个 圆满,0
一下 后续,1
中排 吃瓜,0
过个 胆机 暖烘烘 未尝不可,0
解码 可能 短板 都 挺 好,1
跨 几倍 价钱 比较 莫名其妙,0
它家 手雷 效果,0
低频 稍微 一点 盖住 中 高频 解析 仔细听 得话 都 听到 很 清楚 男声 厚 很 好听 感觉 女声 差一点 换 几根 线 低频 声场 差 点 方面 提升 搭配 黑 蔷薇 残料 线基 蓝 蔷薇 线 纵向 声场 好 声音 更 立体,-1
感觉 人声 最 中正       男声 厚 好听 女声 好听         女声 好听 男声 比厚 好听,1
声场 解析 差点 纵向 声场 最好 声音 更 立体 横向 声场 最好     低频 差不多 低频 少       高频   最好 听 次之 最后,-1
以上 均 个人 听感 欢迎 交流 指正,0
耳放 做 特制 版 应该 很 不错 不 知道 脱贫 牌子 小心 点为 好,1
解码 推荐 奥地利   左右 配置 双 调音 制造 都 放在 奥地利 本土 性价比 超高,0
我用 还行 主要 蓝牙 方便,0
以外 都 楼主 听感,0
楼主 准备 搞定 不是 说 定制,0
刚入 目前 直连 推 效果 真的 已经 很 好 简单 说 通透 层次分明 细节 丰富 很 符合 调性 值得 推荐 后面 想 再 入个 解码 看 是否 改善,1
不 知道 主要 听些 音乐 主要 网易 云 建议 一波 消费 降级 解码 看看 二手 天龙 解码 耳放 看看     约 双木三林 耳放 一套 下来 带 足够 美滋滋,0
楼主 音源   普通 电脑 接口,0
话 说 拍照 水平   真是 一言难尽,-1
,0
声场 大 直接 小 闷,0
这种 类型 音乐   好些,1
两个 里面 选 合适 点,1
好太多,1
好得多 价位 选择 早期 一代,1
赞,1
觉得 耳机 非常 不 健康 声音,0
歌德 一定 保留 一点 声音 亮度 现在 这款 真 歌德 系列 声音 太软,0
原 管子 另配,0
小 系统 多好 漂亮   不 占 地方,1
小胆放 歌德 真的 绝配 建议 换管 原配 俄罗斯 音色 太,0
问下用 单端 推 平衡 区别 大 新版 都 只 带单 端线,0
大 号 字体 美 图,0
西装 好听 穿 汉服 还 听 不,1
正版 音乐 防止 纠纷 天后 过期,0
差点 以为 四件套,-1
看 电影 重要 声场   才 看 耳机 毕竟 立体声 场   平面 声场 完全 不是 概念,0
,0
全程 同期 声 电影 看 十分 棒,0
表示 看 电影 有种 电影院 味道 都 达 不到 这种 效果 尤其 看 欧美 大片,0
新手 学习 楼 主讲 很 详细,0
金 画眉 曾经 搭配 歌德 听过 感觉 本来 透彻 高频 降低 一下 耳机 整体 声音 下移 低频 有力 中 高频 失去 透明度 是不是 不太 适合 低阻 高敏 头戴 没有 设置 好 参数 经销商 没有 解说 反正 耳机 直接 插上 听 四种 耳放 模式 虚地 模式   并联 模式,1
成都 办 一场 耳机 设备 真是 齐 有没有 计划 做 万元 级别 纯 解码 定位 金 画眉 之间,0
西安 试听,0
人声 耳机 看看 频响 曲线 听 乐器 声音 都 走形 耳朵 大 关系 戴 时间 长 夹 难以忍受 索尼 配戴 差远了,-1
其实 人声 还好 没有 特别 妖 钢琴 声是 真的 骚,1
玩家 支持 西装 下 更 丰满,1
耳机 现在 价了 好像 买 一只 铁家 女毒 耳机 越来越少,1
感觉 没 听 歌德,0
视频 走远,0
目前 同价位 同价位 数 播音 质 更好 碟片 不是 好找 暂时 没玩 数播,1
老 录音 采样率 太低 当然 后来 出 不错,1
楼上 朋友 说 中肯 主力,0
愣 绿坛 玩出 营销 号 感觉,0
机 太贵 便宜 机 还 不 如数 播,-1
不 折腾 安心 听 音乐 数播 老 想着 找歌 切歌,-1
听听 古典 纯乐 估计 小 乌托邦 留不住,0
都 买 听 个把月 再 谈谈,0
升级 解码 耳放 音源 出小乌,0
听 古典,0
独占 模式 音乐 元 活动 开 一年 绿 钻 下载 解码 再用 听 每天 听歌 小时 送 一天 会员,0
音乐 网易 云双修 路过,0
网易 云能 开 独占 音质 提升 点,0
试试 索尼 精选 有首 免费 试听 商城 试听 觉得 听 最好 在线 音质 索尼 日本 音质,1
,0
音质 却 非常 好,1
直接,0
手持 一年 耳机 适合 听 人声 流行 摇滚 前段 不要 上台 随身 推 声音 反而 好听 煲机 耐心 开声 声音 不 稳定,1
记得 以前 很 火玩过 听 只出 印象 很 不错 最后 留下 两只 爱丽丝 系列 后来 没有 再 玩 歌德 流行 味道 很 不错,1
四大 耳机 都 歌德 评上 没想到 布鲁克林 大妈 手工 厉害,1
刮耳 剁,0
至今 无差评 准备 二进宫,-1
表示 真是 好 耳机 目前 非常 满意,1
收副 价钱 不错 歌德 可能 几年 后 还 涨价,1
二手 比前 几年 贵 很多,0
改 摄影 坛,0
问题 还 真 问住 办公室 只能 说 都 很大,0
开放式 办公室 不能 听得 尽兴,0
这种 用途 考虑 封闭式,0
感觉 少 一点点,0
,0
漏音 非常 严重,0
重量 品控 劝退 封闭 易 推 耽误,-1
佩戴 劝退 一次 亚马逊 卖 替换 头梁 宽 大概 刀 好像,-1
奥帝兹 半自动 脑残粉 帮顶 没 听 封闭 奥帝兹,1
重量 官网 技术 资料 里 说 选择 轻量化 材质 声音 质量 会 妥协,0
不 听 古典 大 编制,0
小不点,0
原创 推听 黑胶 不错 贵 很多 更好 听 古典 听 流行,1
,0
台机 没 几个 胆机 更 几乎 没有,0
二次元 流行 素质 解析 结项 声场 觉得 氛围 最 重要 解析 声场 录音 里 都 没有,0
变量 太多 顺便 建议 仔细 看一遍 说明书,0
银乌 调音 大 乌 两种 风格 偏亮 速度感,0
银乌 还 不错 曾经 考虑,1
搞个 银乌 听小编 流行 岂 不美哉 差不多 级别 好像 二代 选,-1
中乌 还 没小乌 好听   特点 都 丢 差不多,-1
请问 灵敏度 艾伦 铝带 比较 高,0
耳机 数播 好不好 很 容易 分辨,-1
销售 强调 要用 欧瓦 功放 推吃 功率 楼主 推,1
补充 图里 一只 各有 千秋,0
看来 评价 相当 高,0
床单 一模一样 搞 都 想 爆照,0
同感 听 几个 旗舰 不 觉得 好,1
中低端 前端 确实 大 编制 单端 平衡 气势 两个 都 黑盒 版接 一体机 隐约 感觉 增大 音量 比要 稳,0
老虎 卡别 升 老老实实 挺 好,1
不 上台 放 也许 逆向 提升,0
反向,0
耳朵 会 更 暖和,0
老虎 卡 推不动 还 沉睡,0
先 试一下 声音 不能 接受,0
反向 升级 不是 老虎 卡能 吃得下,0
升 升 都行,0
配件 的确 有点 划算,0
金嗓子,0
南瓜 不错,1
加钱 上 维米尔,0
前排 准备 出个 静电 耳放,0
换耳放 买高文 嗓子 合并 机,0
十万 竟然 不 考虑 箱子 耳机 拿头,0
不错 现在 进坑 人,1
穷苦 木耳 仰望 璀璨 大佬,0
碟机 有着 重量 绝对 好 东西,1
一下 喜欢 马一 亲兄弟,1
恭喜 恭喜 惯例 发听感,1
听 金属 考虑 极致   歌德 交响 金属 两个 耳机 合适,1
没有 具体 比例 量力而行,0
看 百分之一 就行 万 器材 百线 本来 一百块 耳塞 上 线 值 块钱,1
平民   就够,0
线闲鱼 千元 起步,0
建议 耳机 价格,0
之前 看紫坛 一篇 评测 帖子 里 出现 当时 还 想 下 一步 升级 系统 想 试试 没想到 快 设计师 就要 退休,-1
这有 浮夸 骄躁 人 去 不 思域 秒 天 秒 秒 保时捷 调调 车圈 这种 秒 秒 去 去 光 内战 百年 有余 事实上 最近 看到 内战 抖音 一帮 傻 哔 做 几个 指鹿为马 视频 奥迪 奔驰 宝马 奥迪 视频 放任 大家 吵绿坛 不 看 看得少 人 都 红 脖子 气粗 秒 秒 去,0
低龄化 阅历 少 判断能力 差,-1
更新 太快 传统 台机 厂 基本上 五年 一大 更 编写 砖头 塞子 基本上 一年 更,0
平衡 线 饱满 线条 清晰,1
双子座 好线 声音 很大 差距 说 性价比 黑线 好,-1
现在     有没有 必要 换 黑 参考,0
以前 换线 不 都 卡 达斯 线 好像 还 挺 贵 这线 好 性价比 高 便宜,1
双子座 上 有点 朦胧 黑 参考 适合,0
开过 光,0
大哥 激动   仔细 听听 再发,0
顶 有人,1
真 人 都,0
本来 都 困 一整 戴 上 耳机 整个 人 都 精神 哈哈哈哈,1
男人家,0
蹲个 银乌,0
听 流行 试试 三,0
受不了 刺金 平面 建议 半年 价格 估计 掉 会 很 厉害 小 牌子 撑 不 起来,1
不是 说 全新 二手 钱,0
越新越 好,1
能接 蓝牙 播放 比较 好玩,1
推力 不小 弄 二手,0
买 两个 过于 空灵 纯净 耳机 重 放 钢琴 会 局限,0
钢琴 放弃 耳机,0
,0
金 平面 铝带 耳机,0
夜深人静 回乡 下 之后 状态 最好,1
支持 楼主 打算 发听感 会 不会 认为 水军,1
天无 理由 很赞 手里 耳机 出掉 一两支 考虑 进 一支 玩玩,1
听感 其实 很难 描述 过多 形容词 没什么 意义 听 写 一两句话 大致 说 一下 就行了,0
底座 送 另配 竖起 来太省 地方,0
黑色 会 更好 看些,1
,0
功能齐全 做 入门 机器 挺 好 搞 小 音箱 齐活,1
应该  ,0
看出 性价比 高,0
链接 点 进去 选再 看看 钱 这种 都 好多 物品 链接 外边 显示 最 便宜,1
假货 泛滥 一大堆 现在 同价位 不 太行,-1
假货 多个 物品 合用 链接 最低 价格 需要 点 进去 具体 看,-1
高仿 非常,-1
听感,0
还 记得 当时 还 回复,1
各方 评价 都 太 主观 这种 吹 上天 这种 觉得 纯 声音 角度 比好 国内 试听 方便 建议 直接 押金 试听,1
今年 新 产品,0
神 这种 头回 见到 没 这种 字,0
记得 罗版 最初 都 一批 大理石 纹 爱版出 非 大理石 纹,0
钱 富余 花 出去 一种 享受,0
说实话,0
三个 口碑 都 看 喜欢 调音,1
,0
再 提供 两个 享声 乾龙盛,0
这水 跳 好 不 平衡,1
自沙 不信 坐 不到,0
耳机 最后 最求 计划 中 那位 割爱 新 上不起 穷人,0
刚入 台机 高 文章 支持 好文 学习 中,1
强帖   终于 有人 说话,1
楼主 用心,1
表现 耳机 一件 器材 本身 原貌 表现 想 领略到 味道,0
好文,1
以后  ,0
呵呵 日后 绝对 不少,-1
好 非常 好 实话 说 好,1
好,1
建议 怪兽 电源 换掉,0
强顶,1
走 下 神坛,0
赶紧 东东 看好 文,1
好 文章 至少 使 更 冷静 对待 谢谢 期待 今后 更 呵呵,-1
水月雨,0
更 哈曼,0
  定位 高点,0
明显 定位 更加 高级,1
蓝牙 界面,0
产品线 越来越 丰富,0
放,0
声学 研究 博士 受邀 前来 顶帖,1
琥珀 并存 关系 声音 走向 应该 琥珀 不 适合 低阻 高阻,0
建议 看看 日系 耳机 耳机 本国 歌曲 器乐 表现 更好 日本 传统 乐器 我国 传统 乐器 渊源 比较 深 内在 相似 度 大于 西洋乐器 我试 几个 不是 注重 器乐 日系 耳机 个人感觉 丝竹 表现 德奥 系 注重 器乐 几个 耳机 更 顺耳,1
妙 听 最好 琵琶 要求 应该 类似,1
花大 几千 买个 期间 耳机 理论 上 歌曲 类型 都 驾驭 最 级别 器材 对比 之下 风格 差异,-1
都 小编 独奏 都,0
弦乐 真的 天籁 之音,0
万元 左右 解码 耳 放下 下 大 编制 能比 好,1
觉得,0
本人 小 类型 编制 乐曲 比较 大规模 好听,1
闲鱼 操作,0
忽然 咸鱼 操作,0
家 小东西 基本 都 归宿,0
不是 一起 打包 出掉,0
试试 歌德 想法 变 听 流行 摇滚 非常 好 个人 觉得 胜过 大乌大 乌 非常 优秀 中音 肯定 没有 歌德 魅力 我用 歌德,1
  其实 大多数 曲子 旋律 都 中频 上   中频 凹   都 不 知道 听   特地 听 鼓,0
带个 听听 孙露 童丽 中频 凸不凸 都 贴 耳朵 唱歌,0
耳机 前端 一定 关系 想 体验 中频 建议 马兰士 铁三角 挑 型号 两家 坑 爹 型号 都 特别,0
哈曼 曲线 典型 特点 人声 凸出 立于 背景 前方,0
哈曼 曲线 主要 比较 靠前,0
软件 硬件 都 玩 开心 最 重要 极富 感染力 声音 失真 都 很大 好听 好听 不 完事 何必 在意 别人 说 硬件 电路 上 不同 阻容 运放 线材 都 一种 调音 无源 前级 不少 一种 硬件,-1
一分 价钱 一分货 原理,0
试试 不接 网线 接上 网线 大概 知道 交换机 没有,0
觉得 发烧 住宅区 安排 上,0
本质 上 电源 思路 去 安排 交换机 效果 肯定 几十块 好 敢肯定,1
傻 交换 应该 买 当年 百兆 交换机 够用 质量 好,1
不 交换机 收割机,0
古典 过去 小众 反而 今天 过去 都 流行,0
装 逼使 人 进步,0
互联网 随时 搜索 背景 资料 自我检讨 加强 思想 改造,1
西方 古典音乐 不是 时间 粗暴 划分 作曲 技法 表达方式 传承 发展 进行 界定 二十世纪 至今 依然 古典音乐 作品 不断 问世,0
流行 更 容易 人 读懂 听懂 看 懂 古典 称之为 古典 历史 长河 里 涤荡 之后 保留 下来 坚不可摧 东西,1
大众 意思 乌合之众 头脑 简单 盲目 流行 东西 都 很 浅 很 直接 才能 广为 接受 感悟 非凡 心灵 很 深沉 人 毕竟 少数,0
推 估计 拿到 手 干冷 硬刺,0
价不在 高 听 开心 好 价格 不到 百元 解码板 只能 支持 采样率 声音 特别 好 非常 原汁原味 声音,1
创新 很 老 新诗 派 音箱 看 电影 玩游戏 很 不错,1
疫情 还 没散 安全 第一,0
不 明白 铜环 指 部件,0
别想 好 推 好听,1
不 建议 买太老 耳 机动 圈 单元 老化 很 明显 年前 状态 未必 胜过 新,0
感觉 瓦楞纸 版 金属网 最好 听 活泼,1
悦耳 程度 铁三角 不相上下 应该 最好 听 一只,1
看 看 楼主 晒过 耳机 相信 确实 很难 玩,0
已死,0
入手 第一 只大耳 传说 中 使用 至今 差不多 年 现在 森海 双修 喜欢 轻盈 通透 喜欢 堂皇 大气 找到 喜欢 声音 安心 欣赏 音乐 不 折腾,-1
已经 投胎,0
好听 不难 推用 超 线性 推 很 好 挺 女声 超棒 低音 少 一点 楼主 大概 低音 控 自然 不 喜欢 还 请 去 买 那种 耳机 比较 能够 满足 具有 艺术性 音乐 美的 耳机 真 不 适合,-1
不是 都 玩 大京线,0
我定 疫情 出 不了 货,0
好像 价格 不错 京线   原线 不错 上京 线 更优   声音 舒展 耐听,1
差不多,-1
使用 最低 数播 同轴 解码 电脑 解码 耐听 切 不 回去 解码 想 数字 部分 等级 差异 不 大 差异 解码 部分,-1
忘 说 没有 数字 输出,0
先 准备 好,1
不错,1
入门 宝碟 君子 好点 清澈 二手 多能士 美歌,1
入门 都 差不多,-1
索尼 不 推荐 铁三角 高端 换个 唱头 还 不     君子 好像 以上 还,1
三支 我选 三频 均衡 素质 在线 调音 唯一 问题 结像 小 听 人声 不 过瘾 少 点 感情,1
更正 一下 陆续 三条 原线 改 平衡 线 声音 都 不 区别 不是 特别 大 久 听 下来 之前 两条 闲鱼 收 乐感   流畅 度   整体性   衔接 都 单端 原线 差 很多 以为 平衡 味道 天生 单端 直到 后来 收 条 原线 耳放 单端 推力 很菜 推不开 可一 对比 这才 喜欢 声音 流畅 浑然一体 之前 真不该 原线 出掉 兄 指点 下 找 本坛 大神 改 平衡 平衡 口下 味道 单端 之前 两条 更 接近 单端 乐感 味道 整体性 都 很 满意 奉劝 不要 闲鱼 收 焊接 手艺 焊锡 声音 影响 不可 轻视,-1
改啥 线 买 几次 耳机线 都 干 原装 平衡 原 线管 几氧铜 都 没用,-1
楼主 意思 看 明白 元 原线 卖 再 咸鱼 上花 买 条 原线 改 平衡 线 等于 花 元 钱 原线 寄过去 商家 改 便宜,0
说 下 卖 原线 一次 意外 交易 闲鱼 标价 顺丰到 付 小时 内 确认 收货 返 运费 买家 上来 一句 话 都 没 说 直接 拍 下 不 讲价 真假 一看 闲鱼 全是 线材 感觉 倒卖 二手 还给 人 改线 问 是不是 二手 贩子 大方 承认 当时 确实 有点 担心 问 敢不敢 出一想 发顺丰 没 怕 出 仅过 两天 确认 收货 心想 顺丰 不能 快 一查 物流 还 路上 整 有点 懵 联系 买家 说 点错,-1
意思 一进 一出 亏了 块 上来 发 一下 牢骚,1
原线 森海 商城 里 价格 元 原装 转接线 觉得 单卖 个元 会 有人 元 买 一套 确实 太 便宜 原线 改 平衡 光 古河 平衡 头 就要 多加 手工 加线 成本 多元 改 平衡 效果 不错 更好,1
一套 纽 崔克 平衡 公母 头 好多钱 改 亏了 买 改好 便宜,1
保 真的 线 换成 真假 不明,-1
,0
没 必要 换 真 没有 必要 推,-1
干嘛 不 直接 手机 推,0
很 强大 黑标 用户 帮顶,1
颜色,0
打听一下 蓝标 支持 解码 升试 没有,1
写得 乱 看官 见谅 本来 想 明天 早上 写 知道 今天 晚上 不写 晚上 会脑 补一晚 话题 导致 失眠 睡个 好觉 都 爬 上床 爬 回 电脑 字 敲 出来 晚安,1
支持 觉得 真 男人 挺 好 买 现在 还 去 买 台 金嗓子 推动 圈 买 耳放 玩 接近 台 喜欢 真 男人 平板 声音,1
男人家 只玩过     听 起来 都 不错 都 不想 长期 现在 降到 觉得 很 好 可能 真是 不在意,1
没人 黑 声音 跳水 勉强 接受 品控 问题 致命,1
跳水 后 声价 的确 非常 高 价格 国外 比较 坚挺 作,0
确实 歌德 耳机 同价位 更 低价位 耳机 硬 素质 基本上 吃亏 好听 迷人,1
金瓶梅 小 单位 抓 死命   卖 几个 就够 小本买卖 利润   价位 的确 卖 不错 好 靶子,1
同意 最近 卖 二代 换 初 听 平板 有点 惊艳 还 需要 煲机,1
做工 品控 山寨 都 强 耳放 外壳 山寨 中 山寨,1
非要 两个 选,0
市面上 耳机 架 大多 高度 不够 接线 处 没法 舒展,0
心痒,0
以后 想 升级 耳机 玩玩 平衡 叠叠 乐单 端 不变,0
闲鱼 淘个 天鹰座 一代 谷津 都 价位 特别 推 很 好听,1
其实 直接 单买   自带 耳放 不是 很难 推 不行 上根 平衡 线,0
没 下半身 颜值 下半身 胸小 点,1
一票,0
  三进 三出 留下   弦乐 真 好听,1
巨 花钱 地方 正版 高 清音 源,0
音源 无底洞 呵呵,-1
推   都 很 不错,1
耳放 不好 找,-1
玻璃 味 除去 素质 声场 固有 优势 音乐味 离罗版 满载 数码味 相当 距离,0
听 气势 宏伟 史诗 感 电影 原 声 音乐 更 合适,1
,0
其实 音质 那么回事 糊 闷 调音 细节 缺失 严重 芯片 硬生生 调 糊 现在 质量 太 差 天天 音质 没得说 吹,-1
不 大幅 降价 去 库存,0
现在 价 等海 淘,0
中 高频 薄刺 低频 一大 坨 没 层次,0
高频 尖锐 低频 散 中频 虚无,0
低频 散 高频 刺,0
说金 平面 到底 是不是 金 钛 极 换马甲 宣传 方式 挺,0
比较 好奇 这种 产能 低 供不应求 产品 还 支持 天无 理由 退回来 耳机 新 再 卖出去 会 国外 代理 标注   打折 卖,-1
关键 耳机 拆开 报废,0
耳麦 一窍不通 大家 推荐 千元 以下 就行了,0
拜亚 两个 游戏 耳机 基本 耳 麦类 顶级 商家 套 套近乎 一千 以内 应该 没 问题,1
买 耳机 单独 弄个 麦克风,0
最 直接 最 可靠 方法 起码 自称 金耳朵 人 可信,0
实际 体验 蛮 吻合 听 久 耳朵 判断 差别 蛮 大 听久 之后 换回 以前 低端 设备 听到 很多 原本 以为 听 不到 细节 说不定 系统升级 其实 耳朵 进步 创造 一点 契机 一码 一码 消费者 挑选 设备 肯定 更加 倾向 这种 高速 判断 方法 准确度 低 效率 很 高,-1
高登 蓝宝石 三 远不如 耳放 不 知道,0
都 收 二手 回来 听 好 喜欢 留 声音 主观性 太强 喜欢 才 好看 说 情况 高登 售后 优点 年 保修 一手 二手 有票 没票,1
展会 听过 蓝宝石 隐士 风格 楼主 喜欢 那种 透明 声不太 一致 感觉 金波 这套 组合 白开水 味道 中间 会 更加 沉稳 赶不上,1
双木 出来 来个 西装 套 算了,0
买   金波 多香   铝壳   完美 听感,0
剑桥 到底 正宗 英国 牌子 假洋鬼子 牌子,-1
目前 几个 听过 耳机 来看 发现 样子 包括 难 推 音箱 横向 声场 音箱 里面 非常容易 做出 摸 不着边际 声场 纵向 好 真 没听到过 难退 搭配 上 高价 功放 之后 都 表现 出 优秀 整体 声场 规模 纵横 都 非常 精致,-1
纵向 声场 需要 推好 才能 出来 相对来说 纵向 声场 很 容易 听 出来,1
说法 一定 道理 目前 玩过 耳机 来说 高阻 耳机 确实 声音 容易 更 规整 声场 更好,1
确实 没什么 纵深 导致 耳机 结像力 非常 需要 很大 力气 才能 推出,0
平衡 推推 好 都 不错 纵向 偶尔 乐队 一排 一排 感觉 都 感受 感觉 不是 真的 数 几排 那种,1
难 推 价格 走低 跳水 更 离谱,0
性价比 无敌,0
不 妥协 保留 特色 才能 成为 经典,0
齿音 比较 重 低频 有点 不好 推 很棒,-1
  最近 全部 出光 万号 之前   一代 最好,1
前不久 闲鱼   整     感觉 舒服,1
罩子 听 摘下来 改造 方向,0
第一眼 都 没 看 出来 这是 银乌   这改 完 外观 太日系,0
快点 更新,0
价位 差不多 不 知道 搭 不 搭,-1
美国 烧友 不,0
人 北美 买   二手 相当 好出,1
马云家 买 木架 海运 过去,0
美国 不 开个 群,0
北美 整个 群,0
手机 直 推,0
耳挂 线 粗 硬 戴久 不 舒服 声音 不错 比榭兰图 更 干净,-1
兼顾 大乌 感觉 比较 难 预算,0
大奥 已经 不香,0
耳放 听   回头 再 听 不是 耳朵 嫌弃   很 不错 耳放,1
还要,0
这波 操作 狗东 躺 枪,0
官方 调音 至少 声音 一致性 推力 肯定 没有 太子 高 高 解码 文件 太子 好,1
有线 只能 接 电脑 外接 蓝牙 模块 蓝牙 可接 模拟,0
好 价格,1
价格 扁平 版 岂 不 更 香,0
价格 挺 好 腰斩 扁平 版 都 更 刺激 估计 还 这版,1
都,0
曲线 认真 深海 品控 真的 牛,1
看 曲线 偏向 娱乐 偏向 监听,0
两个 编号 频响 图 完全,0
开放式 不值 那价,1
大 降价 风格 变换 太大,0
老老实实 算了 测试 好 几次 真心 声场 分析 低频 震撼 感   有点 几头 不是 人 感觉,1
频响 分析 已 更新 知乎 部分 近期 更新,0
数播 小白 折腾 坑 太,-1
一分钱 一分货,0
巴托克 好,1
看着 很 眼熟,0
　 试试,0
被单 挺艳 女 烧油,0
只 看到,0
只 认识 歌德 耳机 收藏 爱好者,1
开 个人 耳机 展了,0
数量 必然 听 不 过来,0
建议 买 掉 耳机 发黄 墙面 刷 一下,0
人耳 敏感 细微 差别 很 容易 捕捉 声音 变化 好坏 很 感性 不能 定论 说 变差 先 听 老版 再 听 新版 先 听 新版 再 听 老版 先入为主 耳朵 适应 情况 下 比较 容易 抗拒 改变 后 声音,-1
森海 买 好 都 老 型号 新 很少 有人 讨论,1
借楼 问 一下 一定 奥产好,1
小不点 耳放,0
肯定 要耳放,0
一点 不 有趣 增益 都 不 拉平 声音 高低 不齐 还 需要 设备 支持 没有 大 几千 设备 就别 去 听 两个 选项 未必 一定 准确 运气 因素,1
真正 老烧 从来不 做 这种 测试,0
第一次 做个 分 反着 做 一次 上,0
一次 可能 运气 成分,0
没细 听,0
耳朵 都 快 张出 蘑菇,0
试试   交响乐,0
要分 出来,0
木耳,0
几千块 机器 否定 存在 价值 应该 会 不 甘心,1
没 出 插件,0
突然 有点 好奇 大乌 编号   两年 热度 最高 超 万元 级 选手,1
威士顿 塞子   随身 退烧 索尼 玩 还 喜欢 港台 流行 兴趣 一致 没 楼主 有钱,-1
放弃 分体 不 可能 展会 上金波 六千多 耳放 对比 自带 耳放 基本 耳朵 差距 展会 听 一体机 耳放想 追上 独立 耳放太难,-1
还 不错 价位 蓝宝石 琥珀 更 强,1
奥 莱尔 可能 不错 选择 贵点   何庆华,1
不要 小看 手机 里 集成 耳放 芯片 少 很多 中间环节 特别 优化 推低 阻 保真度 很 高 分体 不 认真 做 还 真 不 一定 搞,0
楼上 推荐 旷世 赞同,1
看 耳机 咯薄亮 风 听 感觉 和暖 厚风 两个 搭配 方向 魅族 听说 骗 阻 听 玩意 有底 噪 条件 考虑 收个 二手 小尾巴 说实话 声音 会 高一 截 毕竟 平衡,-1
魅族 双买过 声音 还 华为 原配 耐 听,1
魅族 标准版 都 已经 魅族 换下 紧致度 解析 力 很大 优势 当然 用来 替代 笔记本 板载 声卡,0
,0
老,0
金 羚羊,0
维纳斯,0
正规 老牌 大厂 调音 都 谱 反而 国内 所谓 参数 爆炸 机子,0
占位 待续,0
好文 支持,1
大开大合 到良 拨千斤 玩物 意境 升华,0
赞同 钢琴 试音,1
真理性 文章 没人顶,1
不 长   发现 几乎 总是 被贬   说 实在 不是 很 理解   个人 现在       感觉 迷你 系统 表现 十分 出色     音乐格式 无损     听 起来 压缩 完全 不同,1
强帖 占位,1
路过,0
痴痴,0
强贴 期待 下文,1
难得一见 好文顶,1
听音 风格 不 捏 只能 耳朵 适应 耳机,0
秋 回复,0
劝 折腾 预算 乱花 继续 努力 工作 赚钱,-1
实在 要求 不高 耳机 直 插 电脑 不难 听,-1
建议 闲鱼 百收个 听 碎 屏 当个,0
节奏 坦克 小夜曲 乂 度 都 试试看,0
楼主 买 估计 要换 耳机 对比 电脑 台机 区别 很 细微 估计 可能 心里 因素 才 会 觉得 台机 好 包括 播放器 对比 电脑 当然 手机 直 推比 耳机 区别 台机 很 便宜 国产 产品价格 不 代表 更 高级 台机 可能 提升,1
买 后 发现 以前 大力 播放器 不太 适应 不 知道,0
几个 月 前 不是 说 吊打 家 所有 老 旗舰,1
价格 有没有 初步 范围,0
北京 展会 上 听 这款 机器 声音 真的 很 好 特别     这种 高端 流媒体 非常 合适,1
感觉 对不上 号,0
没有 水果   好评,1
烧 不轻,0
唯一 异议 已 死,0
丹 真力 亚当,0
小 吴   鬼 斧   脑放,0
听过 蓝色 那条 不是 假洋 包围 感 很 好 解析 力 电源线 一起 很 好,-1
高芬 听 非常 好 线,1
此等 设置 感觉 不 复杂 图片 视频 指导 操作 看 习惯 多码 看着 不想 动手,0
百老汇,1
关键 电源 管理 芯片 升压 降压 操作 是不是 谱,0
好像,1
好好 好好 好,1
接 两只 有没有 提升,0
,0
会 不会 声音 大,0
是从 芯口接 一条 双三 芯线,0
没 觉得 心 好,1
,0
三 芯 芯口 区别 不会 相差 很大,-1
下午 听 小时 更深 感触 双芯 平衡 相比 芯 平衡 音场 延伸 解析 方面 进步 中频 厚度 好像 一点点 薄 味道 略略 变淡 一点点 变化 很小 很小 不 很难 感觉 必须 听 熟 一二 首 曲子 才能 隐约 感到 一点,1
双芯 耳机 接,0
只能 说 听 感是 下 插,0
请教 音色 中性 偏冷 偏暖,0
双是 单端 双 推 卡农 平衡 没有 平衡 双推 这种 接法 看来 双 推牛 一点 双推 四套 放大 电路 只用 两套 是不是 有点 浪费 单端 秒杀,1
双三芯 真正 平衡 接 法 不是 双 耳机 口 双 推,0
极 高频 东西 听 出来 冬瓜 哥,0
极 高频 听 不到 确实 音色 上 感觉 出来 无损 普通 区别 感觉 器材 上 不 知道 去 分辨,1
出 怪声 怪,0
试试 化工 便宜 声音 不会 怪,0
听 味磨 味 不,0
高端 高压     几个 重要 成员 楼主 没 介绍,0
容量 低 是因为 材料 技术 低 比容 电解电容 有个 规律 通常 情况 下 比容 越高 电容 损耗 角 漏电 性能 越差 小 体积 高容量 代价,-1
电容 都 搞 保真,0
天 后面 信号线 接,0
双机 并联 牛 逼 订购 到时候 看 效果,1
电位器 机器 好像 刻度 都 没有,1
音量 调 左右 声道 单独 调 保证 平衡,0
玩 实在 没什么 意义 草 医出   机器,0
听个 带 去 广州 展 可惜 听 好 排队 买 喽,1
对比 下来 一定 竞争 余地 都 没 原来 价位 耳机 金 平面 真 强 想 试试,1
再   做 靶子 本来 销量 不 高 找 找 大法 深海 相同 价位 试下 也许 能破局,0
个人 听感 大于,0
听 一会儿 咸鱼 见 调音 说不上来 感觉 很 不 习惯,0
感觉 美女 长 一脸 豆豆 干净 不 喜欢,-1
退烧 原线 改 平衡 推 素质 听感 都 很 好 尤其 很赞,-1
真 寸 显示器 色深 过渡 吊打 寸,1
邻居   大 动态 享受,0
强,1
理论 上 下一代 口碑 都 应该 比上 一代 好 下一代 口碑 影响 上 一代 二手 销量,1
算不算 觉得 罗版 比爱版 好听,1
一时间 还 真想 不 出来,0
参考 歌德 系列,0
罗产 包装 做工 缩水 严重 声音 比前 几版 爱产 好 没想到,1
科技 便宜 加 效果器 不 适合 玩,0
用户 不 交 研发 费 厂家 深入 研发 圈子 用户 太 少 利润 少 研发 周期长,0
以内 老三样,0
看金 平面 曲线 失真 比坛 里 热议 宙斯 谱,-1
平板 应该 都 横向 好点   纵向 没法   横向 掰 手腕   人声 宽松   类型 歌曲 听 起来 乏味 点   吹 有点   价位 反正 优势 蛮大   越级 算了,1
素质 密度 能刚,0
其实 原理   电源 净化器 差不多 玩意 都 得到 非常 安定 声音 效果 不 可能 一点 负作用 没有 过于 安定 声音 显得 不够 活泼 有点 死气沉沉 乐 梵 估计 成本 都 自带 纯银 线上,-1
感觉 优先 换 更好 线性 电源 效果 更好 些,1
想 海盗船 不能 输出 头 改成 效果 应该 不错 还 供给 好多 设备,1
看到   监听 控制器 不 知道 是不是 前级 二手 价格便宜 不少,0
拜事 通不过 马克 应该 更好,1
顾虑 基本 一致 老款 机器 不太敢 下手 用过 音乐 之旅 现在 新派 前级 带 平衡 进出 同价位 性价比 很 高,0
前 级 不错,1
看到 这种 帖子 忍不住 点进 楼主 主页 看看,0
价格 入 绝对 不亏 没有 平板 耳机 入个 普及 平板 节奏 没有 好耳放 坛友 入个 经典 手 功放 喇叭 输出 直 推有 惊喜 不要 怕 直接 功放 怼 不会 坏 想 淘宝 上,1
写 挺 好 不 知道 看着 水 文体,1
没 抓   重点 重点 双面 磁体 值,1
范登豪 小 主流 已经 天花板 记住 别买 厂线 厂线 插头 插 尾太差 找 谱 淘宝 店买米 散线 配上 古河 欧亚 德 高端 插头 插 尾 效果 真的 不错,-1
建议 最好 单独 单独 一个排 插 普通 加个 谷津,1
耳机 系统 里 没有 大胆 机 不要 太粗 电源线 声音 会 很 死,0
歌诗德家 试听 谱 帮顶,1
威望 不够 精神 支持,1
实在 懒得 试听 支持 一下 歌诗德,1
听过 支持 一下   调音 很 不错 韵味 机,1
歌诗德 电路板 看着 赏心悦目   支持 一波   不 报名,1
反正 没 听 出来 代能 强 多点 倒 耳朵 比差 很多,-1
代           手头 都 有代 已经 吃 灰 许久 代 最大 问题 假大空 最大 问题 纵向 声场 较差 低频 有点 糊 总体而言 拜亚 两个 问题 一是 高频 太假 二是 声场 假大空,-1
头 梁真 漂亮 看着 结实 不像 软 蛋白 随便 坏,1
听 感不太 前段,0
图二 展示 照片 内部 线 实在 凌乱 直接 劝退,-1
乐音 听 流行 很 值得 论坛 里 之前 入 人 不少   一年 时间 没有 专区 现在 变成 没有 人 说起 有点 意思 论坛 里 搜 乐音   搜到 帖子,1
一代 用户 入手 路过 唠叨 两句 不 知道 一代 用户 想 至少 看到 价格 感觉 很 愤怒 当然 定价 商家 权利 至少 定制 耳机 厂家 卖 耳机 直接 价格 腰斩 没见 声音 上 来说 现在 价格 认为 不值 升级 到代 更加 没 兴趣,1
阻抗 器劣化 音质 很 严重 功放 推 仔细 听听 结像 没,0
这类 不会 推过,0
推 音箱,0
口碑 好 性能 服务 都 很 好 船 一体 讨论 人 比较 少是 会选 考虑 金 画眉 一代 二代 出 一代 降价 捡便宜 收个 二手 挺 好,1
最终 选 最好 买 二手 不要 买 一手 一体机 更新换代 太快 买 一手 太亏,1
不是 一档 二手 左右 两片 一片 我用 考虑 升级,0
官放 素质 很差 很多 烧友 都 单买 小 香格里拉 耳机 静电 耳放 买 品牌,-1
路上 不要 妥协 动心 挑贵 买,0
小香 同耳放 对比 无 档次 差别 小香 结像 凝聚 些 齿音 更重 认为 小香 调音 版本,-1
加个 网桥,0
搞定 发现 里 音频 设置 一下 选上 行 多谢,0
思路 查 下 今年 第一 单 居然 闲鱼 淘 单才 买,0
算了 下 有点 亏盲 盒里 所有 东西 总 售价 远 低于 盲盒 总 售价 很 容易 抽到 不 需要 利用 人 赌博 心理 做 上市,0
算,0
金 画眉 拿来 配 铁三角 那得 声,0
考虑一下,0
金波,0
现在 二手 一代 金 画眉 才,0
楼主 赶紧 出 一定 市场,0
不买 蓝牙 耳放,0
音质 没 追求 唱 听,1
说 东西 蓝牙 耳放 小尾巴 还要 早 产品 需要 买 那种 不 需要 小尾巴 不 代表 别人 不 需要 不要 建议 厂家 不要 出品 一种 很 自私 逻辑 世界 不是 围绕 需求 转,0
楼主 器材 栏 里面 耳机 不差 反应 感到 吃惊,-1
经销商 发明 出来 概念 信则,0
主观 上 包括 设计师 大部分 看来 肯定 客观 上 有点 不好 说,-1
  看看   不 调音,0
毕竟 这年头 保险丝 内存条 都 调音 不能 调,0
同求 对比,0
鸟 推 保险 见 至少 不 容易 刺耳 高频 压不住 刺 不是 很 急 目前 境外 口碑 很 好 价格比 系列 还 便宜 些,-1
天鹰座 代 闲鱼 淘个 谷津,0
选择,1
数播 还 支持 非常 巴适,-1
曲库 还 流行乐 支持率 还 挺 高 要架 梯子,1
当然 都 没有,0
听 古典 索尼 精选,0
    都 不错 都 不 需要 梯子 听 网上 有人 说     音质 更好 一点   盲 听 不 一定 听得出 区别,1
说 不 需要 梯子 很 想 了解 一下 网络 设置 情况 电信宽带 需要 软 路由 刷 懂 方法 架 好 机场 才能 保证 流畅,1
  为啥 不用     更 便宜,0
目前 平板 耳机 还 没有 出过 没 低频,0
理解 是因为 平板 振膜 尺寸 大,0
平板 耳机 低频 很 好 耳朵 听听 系列 所有 耳机 里 最好 低频,1
感觉 平面 振膜 距离 磁铁 距离 不能 太远 离开 磁场 线性 区域 磁场 太弱 限制 平面 振膜 震动 幅度 达到 动圈 低频 量 就要 加 大振 膜 面积 会 音箱 尺寸 变 大 不利于 摆放 静电 类似 道理 耳机 可能 没有 限制 目前 平板 耳机 振膜 面积 已经 够 静电 耳机 不行,0
放 音乐 还好 游戏 低频 感觉 有点 糊 紧凑 清晰,1
平板 低频 下沉 感好 没有 良好 凝聚 感,1
现在 静电 耳机 低频 很 猛 科技 发达 大家 都 低频,1
低频 顶级,1
格栅会 反射 声波 拆掉 自然 声音 更好 有人 认为 这是 平板 优于 静电 地方 平板 只 一侧 放 磁铁 静电 必须 两个 电极 电极 上 洞太多 电场 不 均匀 洞少 挡住 声音,1
平板 吓哭,-1
振膜 厚度 差距 很大,-1
找个 老,0
考虑一下,0
水货 拿下 万能 均衡 塞 剩余 预算 还 够买 个山灵 刚好 搭配,1
不是 橘生 淮北 枳 橙子 淮南 长 橘子 本来 不 东西,0
怒顶 思叔 直播,1
顶思叔论 价位 不是 针对 在座 都 两字,1
顶思叔,1
久等 先顶 后 看,1
爱尔兰 产金标 版本 不是 黑 羊毛 罗产,0
年 瓦楞纸 爱产 年 大金 标罗产 帮顶 想 问下 这次 罗产 耳机 煲机 多久,1
这特,0
几年 不见 脸 长圆,0
是从 西线 盟军 油 包纸 铁 皮箱 里 挖出来,0
进化,0
水得,0
年 时间 就长 变形,0
帖子 好 喜庆,1
是不是 家里人 虐待 瘦 好多,1
这是 歌德 后 挂 耳机 淘宝 多块,0
音质 对面     号 好,1
苹果 耳机,0
没想到   苹果 地位 高 以为 大多 烧友 会 自动 忽略 掉 两个,0
原道 用户 遗世独立,0
种姓 制度 开玩笑 好像 不是 人 道,1
不说 作坊 类 耳机 都 上市 吹 天花乱坠   半年 后 无人问津   这种 情况 听 普遍,0
邮政 直邮,0
外国 疫情 想想 都 怕,0
现在 命 重要,0
禁止 进口 二手物品 就算 作假 开箱 发现 二手 东西 会 要求 退运,-1
原来 澳洲 牌子 还 以为 日本,0
听闻 中国,0
两个 耳放 都 声道 独立 双运放,0
焊功 仅限于 换 微动   只能 路过,0
群里友 有意 已 楼主 谢谢,0
动手 能力 零 渣 渣   路过 看起来 很漂亮,1
刚 投要 大约 天 才能 发,0
顶楼 主求 已 感谢 感谢,1
很 简单 双面板 线路 设计 极其 简单,0
已经 楼主 申请 一张 好人,1
,0
求,0
,0
楼主 大大的 好人,1
楼主   已经,0
都 送 完 还 剩 两张,0
好 动手 能力 声音 相似 度,1
求 楼主 完成 后能 出个 套件 玩玩 麻烦 链接,-1
亲   仿 老烧   写 一篇 剖析,-1
话 说 胆机 好像 搭棚 会 表现 更好 不 知道 有没有 搭棚 可能性,1
搞 不 明白 为啥 这么久 没 人 批量 山寨 二房,0
只 觉得 设计 上档次 机壳 太 难寻,0
支持 做 几个 卖,1
耳机 俱乐部 早 都 做 成品 外形 很 感觉 声音 没 听 简单 电路 相比 不会 差 去 问问 好 事儿 全力支持 日后 能力 焊个 不错,-1
原版 电容 记不清 应该 德国 牌子 早 都 没 后面 换 飞利浦 不敢 说 最起码 老 电容 老头 还 没什么 大规模 工厂 应该 都 动手 焊 焊工 好不好 没 代工 关键 料 都 德国 原产 现代 音响 圈 算是 很 诚意,-1
恭喜 恭喜,1
太好了,1
恭喜 机子 不坑 不 很多 大厂 货,1
推 耳机,0
确实 现在 牌子 便携 耳放 都 万多 对比 良心,1
厉害 起码 马兰士 牌子,1
这前 五名 套路 看着 最后 三天,0
款 解码 耳放 日本 已故 一位 设计 大师 大作 大奖 真材实料 机器 重量 达斤 面市 后 一次 名 幸运 烧友 获得 历史 最低价 元,0
恭喜 建议 搭配 界面 听 效果 不错,1
好价 一体机 很 谱,1
价格比 咸鱼 还 便宜 楼主 运气 真 好,1
有心 办成 事,0
钰龙 声音 完成度 高 黑人 问号,0
过保 一代 金鸽 出钱 顺丰,0
丹娜 确实 电容 一排 接 一排 真 养眼 电阻 阵列 很 壮观,1
国产   调音   算了,0
两个 只 买 有线 版本 阿米 罗是 差于 不少,-1
开放 封闭式,0
感觉 阿米 罗 按键 插孔 布置 抄袭,0
有个 原版 说实话   简直 没法 听 声音 太 塑料   改进 下头梁 基本 完美 毕竟 蓝牙 基本 不会 去 连线 台机 推 买,0
没 难 推 看 论坛 上 好多 人 推 推   应该 没 问题,1
一台 好 机器 一点 都 不 便宜   预算 有限 换个 组合   推好 都 不少,1
挺 好 买 多月 直 推 听 在家 接 推荐 老虎 鱼电处 接用 播放器 挺 好 出差 直 推一机 两用,-1
低端 入门 台强 好,1
  不知 解码 强 一点,1
觉得 推 还 不错,1
持续 关注,0
没 底气 路过 耳机 版 都 太 壕 太 可怕,0
不是 木耳 的确 电脑 点 意思,0
壕 威武,0
背景 感人,1
楼主 别烧 改善 下 居住 环境,0
卖萌 可耻,0
不错,1
以前 入过 一家 玩 音箱 功放 金桑子 一大堆 台式机 音箱 不 懂 背景 差不多,-1
,0
系统 应该 挺耐 听,1
,0
几本书 大亮,0
不错 不错   赞,1
不错 喜欢 音色,1
喜欢 第一幅 图,1
高深   看 不 太 明白,0
哪位 大侠 开个 帖子 来个 各大 耳机 音色 美女 篇,0
耳机,0
艺术,0
帖子 厉害 看不懂 呵呵,-1
呐喊 器材 时高阻 耳机 拔出 后 换上 低阻 耳机     忘 事先 音量 调小,0
楼 副 梵高 油画 完全 适合 国产 著名品牌 耳机,0
大 馒头 二代 升级 线 一点 听不出 封闭 耳机,0
白色 限量 耳罩 鸽子 线 不到,0
预算内 相当,0
三代 换个 平衡 线,0
想 完全 解决问题 换 入耳 耳塞,0
上周 刚去 听 几个 动圈 价位 不错 选择,1
,0
返璞归真,0
留下 更 便宜 高斯 还收 只 太 便宜 相当于 白送,0
低频 肥大 细节 缺失 或许 适合 一部分 人 一部分 特殊 音乐 需求 新人 盲 狙 需谨慎,0
没 毛病 风格 才 王道 素质 再 高 风格 不喜 白搭 角度 讲 只好 耳机,1
佩戴 舒服,1
虎豹 设定 输出   就行,0
买 笑 经典 经典 说明 文件格式 再 好 比不上 成熟 经典 整体 设计,1
四 替代 声音 差不多 都 模拟 味十足 现在 涨价,-1
所谓,0
了解 下,0
软件 转比 不靠 谱 界面 强多,1
喜欢 很强,1
太 哈曼 人声 更好 听 销量 不 低,1
两个 级别   选 便宜,0
,0
膜拜 收藏家,0
耳机 多久 没 更新 每篇 测评 都 挂 一排 测评 耳机 没什么 实质 听感 参照 对比 不 懂 意义 何在,1
定价 唯一 感觉 改进 重量 重 减重 克 堪称 完美,0
看看 楼下 几个 觉得 中 上 盘,0
上市 初 对比 老一代 旗舰 差不多 用户 态度 漫长 匹配 耳放 音源 过程,-1
问题 的确 比较 明显 以前 购入 台湾 产 日本产 两个 版本 声音 都 不是 很 理想,0
粗细 不是 衡量 是不是 适合 系统 部分 唯一标准   主要 还 看 线,0
平方 应该 比较 合适,1
机线 不要 买 粗 会 闷糊 好线 粗 很 清晰,1
解码器 不 了解 耳放用 太粗 线 明显 声音 都 浑 声音 听 都,0
都 配 平方,0
没有 同轴 输出,0
这货 老虎 卡 二代 强,1
这卡 线性 输出 耳机 输出,0
估计 这卡 声音 应该 创新 强些   不会 选 创新,1
做个 老虎 卡 对比 评测,0
记得 找个 塌 掉 耳罩 低频 出来,0
个人 认为   最 杂食 有点 闷厚 要说 互补 会 互补 点,0
电音 买 歌德,0
支持 国产,1
算 好事 少 折腾 器材 安心 听 音乐,-1
真 好 继续 涨价,1
只能 奉行 宰 市场策略,0
疫情 一时半会 很难 过去 降价 唯一 出路,-1
老 机器 调音 国砖 进口 砖 里面 都 找 不到 尤其 老一辈 听日系 机器 过来 发烧友 可能 欧美 系 声音 都 变得 难以 接受 尤其 索尼 那种 暖厚 蓬松 听感 过来 发烧友 声场 细节 全特 浮云 人声 渲染 无比 动听 喜欢 老 机器 很 正常 索尼 几款 老不死 随身 机器 哪来 资格 卖出 一万 一万多块 价格,1
香榭丽舍 平衡 口 推 二代 不错,1
我用 香榭丽舍 声音 绝对值 价 推高阻 耳机 能力 不 逮,1
香榭丽舍 老 韭菜 机了 没 听 新版,-1
别买金 画眉,0
很 战斗 民族 耳机,0
之前 看到 侧 拍图 第一眼 以为,0
头 一次 知道 小不点 居然 做大 耳机 三动圈 单元,0
这颜值 无爱,1
卧草 太强,1
大 耳机 完全 做 分频,0
朋友 问 头像 里 是不是 两个 人,0
黑 科技 有点 兴趣,0
云 听 上 声音 很 不错 不 知道 实际,1
我擦会 玩 口水 紫衫 龙王,0
找 售后,0
高档 耳机 应该 持续 提供 配件 售卖 服务 这是 没过 保 还 换 过保 想 换个 小 配件 买不到 实在 不 应该,0
三年 两年 不到 耳罩 如般 翻出来 每次 听 都 塞 回去 不断 掉皮 最 外面 一圈 都 快 掉 光,0
看 推 耳机 已经 出掉,0
做 推大乌 还,0
不是 米格 做 机器 后面 写 偏暖厚 点 推 还 推 听久 可能 觉得 沉闷 暖厚 有点 明显,0
卖,0
声音 还 算 不错 价格 不贵,1
买个 欧亚 德 买 知道 内部 纯银 线 欧亚 德 插座 还 自带 电源 头和线 二手 性价比 很 高,0
高登 插排 好 漂亮 总线 考虑 蓝水 比较 物美价廉 选择,1
官方 手册 上 写 清清楚楚 增强 低频 降低 左右 峰,1
反正 都 号 车尾灯 无所谓,0
低频 本来 残,0
,0
荷宝 核磁 墙 插 不错,1
升级 之前 考虑 低端 代理 说 低端 比较 坑 声音 不行 耳朵 收货 看来 入手 没有 坑,0
年前 入 坑 米 少 只能 捡 台 老款 入门 声音 好听 同代 帕格尼尼 斯 卡拉蒂 单件 解码 对比 声音 差别 不大 升 频器 时钟 加持 后 一种 脱胎换骨 明显 不是 坑 深渊,-1
,0
买 自称 穷 不是 虚伪 不 知道 真正 穷字 写,0
忍住 诱惑 努力 攒钱,1
清新 周边 敏感 极 高频 延伸 好   机不 高级,1
楼主 价格 入 下 谢谢,0
求实 价 请教 一下 存储 本地 文件 当数播,0
楼主 有钱人 其实 家 更贵 一体机   大家伙 看着 敦实 升级 应该 不 需要 返厂 都 在线 升级 有时候 国内 网络 问题 比较慢,0
一看 有钱人 直接 上 旗舰,0
学习 柴大 折腾 保险丝 电源线 信号线 避震 挖掘潜力,-1
出     保险丝 不 折腾,-1
直接 退烧 不 喜欢 胆机,-1
弄 很 不错,1
没有 配不上 部分,0
现在 转盘 解码 耳放 都 相对 精致 声音 换 解码 之后 应该 很 更 均衡 到时候 再 看,1
保险丝 必须 换比线 更 带劲,0
,0
一步到位,0
石机 样子 极品 胆机,0
说真的 来看 图 好评,1
有个 耳放 适合 搞 听 感觉 潜力 不小,0
搞 文章 功夫 提高 做工 售后 不香,0
这头梁 好评 看着 档次,1
听说 男人家 原装 线 都 很 差 试试 换 根线 看看,-1
评价 看起来 比较 客观 极具 参考价值,1
普通用户 新 选择,0
反正 这家 不会 买,0
感觉 前边 几代 差不多   没说 说 上台 前边 几代 区别,-1
还好 推,1
看上去 较劲 最后 森海 一把 火 加满 油用 拜亚 上升 通道 踩踏,0
产品 还 想 玩出 全新 高度 已经 非常 难 雷同 太 正常 传统 路线 几个 老厂 风格 变化 白牙 抛弃 老路子 看成 升级版 对比 静电 旗舰 大奥 会 发现 差距 毫厘 之间,-1
楼主 怕 锤 爆森海 潜力,0
女王 真 挺 好看 声音 有点 刺 耳朵,1
看 好久 没 看出 限定 都 后缀,1
挺 好 喜欢 展会 氛围,1
阿明 哥真牛,1
玩 拜亚 不 建议 找带 耳机 这得 找 油腻 音源 才能 好听 起来,1
建议 以后 几个 耳机 都 值得 尝试,1
听 这类 音乐 平板 好 拜亚 强项 不 人声,1
声音 因人而异 觉得 特别 好听 很 喜欢 风格,1
持有 中 听 更 舒服些 不会 太 细碎 高频 下盘 很 结实,1
几年 前有   包邮才 卖掉,-1
比较 差距,-1
随便 买个 二手 声音 甩开 屁叉 二 蛋蛋 八条 街 年代 耳机 遍地 飞 定制 旗舰 参考 级 才 有人 聊 土豪 一堆 都 不 差钱 过气 小 随身 再 红,-1
做 回忆,0
好 感觉 更赞 价位 上要 素质 没戏 还 加强 下 低音 看看 电影 不错,1
不 觉得 二手 超越 二代,0
,0
加个 随身 耳放会 惊喜,1
比较 平衡 不闷 不 拖沓,0
放在 车内 吃 灰来 价格 不 知道 超过,0
年 中关村 入 前年 包邮卖 人 感觉 脆生生 后悔 当时 没入,0
经典,0
当年 回忆,0
干掉    ,0
软件 数播 灵魂,0
价格 不 贵 试试 很 贵 音质 好 一点 差一点 不 重要 好用 更 重要,-1
隔壁 紫坛     或许 一战,0
意大利 家 这种 网络 口,0
楼主 厉害 吃螃蟹,1
不 东西 装在 机器 里,0
元 保险丝 呵呵 五金店 毛买个 保险丝 换上 保证 还要 强 这种 使用 小 功率 铁芯 牛 机器 高压 侧 原边 短路 会烧 保险丝 里面 情况 都 没法 触发 保险丝 动作 还 直接 换个 大 电流 保险丝 其实 一截细 铜丝 便宜 好,-1
更换 更 高级 保险丝 会 不会 声场 关系 会 不会 加大 声场 推荐 以内 感觉 烧 保险丝 挺 有趣,1
第一次 前排,0
看着 好 重,1
小不点 旗舰 放 竟然 推成 感觉 失望,0
家里 没有 几百 坪 根本 施展 不开,0
听 经验 平衡 口比 单端 好 太多太多 推 更是如此 单端 下 听感 不是 最终 听感,1
输出 牛单 端口 加 假负载 小不点 没有 平衡 口和单 端口 差别 很大 这次 比较 遗憾 没有 平衡 线 后续 试听 人 试试 平衡 口 驱动 声音,-1
赞 很 实在 听感,1
这耳放 真的 挺 漂亮 以前 听说 用来 推 很 好,1
歌德 耳机 以前 听过 几个 包括 高端 声音 不喜,0
看人 歌德 耳机 湖人耳放 别人 随便说说 好 说 坏 喷 喷 听 乐 就行了,1
已经 习惯 日常 用户 黑,0
之前 看到 有人 总结 挺 好 女粉 容易 母性 泛滥 男粉 容易 变孝性 大发,1
想要 平板 版 木头 动圈 版,0
最近 耳机 文章 好多,1
价格 确实 硬伤,0
确实 价格 不 便宜,0
机 确实 比较 强 界面 觉得 没有 机强,1
额外 置 光驱 不 电脑 数播 里 曲目 电脑 放 数播 比比看 外置 光驱 看 蓝光碟 抓轨 还 真 没 听,0
插 卡卡 槽,0
感同身受 几年 小朋友 到来 音响系统 拆 耳塞 对应 高清 音频 以为 上周 突发奇想 台 索尼 蓝光 影碟机 读用 同轴 数字 口接 耳放 一体机 天 如同 楼主 描述 听感 感觉 原本 高清 音频 真的 缺乏 活生感 解析度 高外 一无是处 反而 低端 蓝光 影碟机 数字 口 感觉 温润 小型 纵深 音场 激动 余 赶紧 那台 八年 不开声 瑞 华士 出来 接 同轴 数字 口 整体 水平 更上一层楼 几天 不停 听 原本 打包 封存 听 如痴如醉 真的 好久 没有 享受 音乐 带来 愉悦感 两天 上 两个 论坛 都 研读 转盘 事情 感触 新一代 运放 芯片 解码 水平 很 高 试过 音频 输出 接耳放 直接 传递 做 转盘 接耳放 差距 明显,-1
试试 听过 还,0
听 流行歌 兼容 片源 先决条件 不能 少 看 儿科 看 妇科 问题,0
成功 种草,1
样子 不错   红色 旋钮 挺 骚气   希望 谷津 出个 纯 解码,1
今天 电脑 音箱 坏 正好 搞 来接 有源 监听 下 不用 装 驱动 好评,1
造型 漂亮,1
外观 很漂亮 大爱,1
支持 手机 输入 好,1
设计 上 很 走心,0
带 前级 功能,0
,0
一代,0
,0
肯定,0
还 需要 问,0
必须 功效 价格 没到 有钱 没 地方 花,0
帮顶 想 看看 答案,1
低 音质 配老 耳机 推荐 不 容易 出 恶声,0
丁丁 处 直接 拔 技巧 大胆 点,0
拔线 左手 大拇指 指甲 扣住 耳机 上 银色 圆形 接口 右手 拔线 防止 耳机 内部 接口 一起 拔出来,0
老生常谈 大力 出 奇迹,0
不 明白 不用 大乌 那种 标准 头 头子 上 带有 网格 地方 往外 直接 拔 就行了 非常 轻松 简单 用力,1
指腹 捏住 用力 拔 指甲 没关系,0
玩 音箱 留恋 耳机 论坛,0
看到 量子 两个 字 了不起,0
想 问下 大佬 传输 文件 树莓 派 本地播放,0
谢谢 楼主 推荐 好 东西,1
  上层 协议 基于 局域网 应用 中 俩个 协议 不 拆解 数据包 握手 机制 完整性 校验 听歌 其实 都 缓存 里 完整 信息 不 适合 音频 传输 软件商 开发 软件 基于 极其 不负责任 严重 质量 问题 花 再 钱 去 硬件 上 下功夫 没用,-1
百万 谦虚 说 其实 不是 高档 交换机 刚 看到 这句 话 还 以为 超级 凡尔赛 心想 百万 级 还 不算 高档 后来 再读 才 发现 不是 价格 名字,0
价位 没人刚 觉得 不好 大多 都 玩家,-1
感觉 三代 黑 最,0
一代 二代 都 还 不错 三代 建议 改名,1
搜 搜   说 店家 熊猫   砍 八五折 不算 离谱,0
搜下 二手 成交价 看看 成色 大概 反推 下 一手 价格,0
天龙,0
,0
大法,0
某宝   改 插口 做工 挺 好 比较 贵,1
改线 很多 大神 测试 换线 不会 提升 频率响应 更 不用 谈 提升 音质,0
感觉 高文 调音 非常 讨耳 古典 小 编制 下 强于 大乌 声音 会 变得 非常 柔和 不 刺激 中频 声音 微暖 低频 回弹 非常 棒 中频 不 枯燥 感情,1
其实 很多 评测 器材 搭配 都 没 说 反正 耳机 完全 没有 参考 意义 有没有 发挥 好 耳机 不 得知 很 可能 带 节奏 正常,1
觉得 一副 乐器 耳机 推好 情况 下能 变 全能 非常 难得 当然 聊到 高文 发现 真的 味道 机器 调音 很 特别 素质 不差 不糊 一定 要开 模式 只开 模式 声音 有点 扁平 差点 意思 一开 模式 声音 圆润 很多 非常 耐听,-1
高文 缺点 真的 底噪   底噪 小 很多 升级 电源线 排 插   刚 带上 耳 机会 一点 出戏 还 缺点 有时候 切歌 继电器 会戈登 一下 关闭 再 打开 声音 会前 秒 消失 咯噔 声音 有点 出戏 应该 没 毛病,0
以前 不敢 听 流行 男声 郭顶 水星 记   林俊杰 歌   李宗盛 歌 现在 全能 驾驭 不能 说 推得 非常 好听 耐听 当然 强项   这种 电影   动漫 原 声 小 编制 音乐 驾驭 非常 好听 个人感觉 高文会 高频 消减 不会 非常 亮 不 刺激,1
确实 不错   考虑 到底 噪   以前 没得选   现在   比较 好,1
几天 满庭芳   听 几百遍 绷 不住,0
下次 发贴   应该   越前 漆   浮世绘   莳 绘   图,0
图 好看 顶一下 这是 浪客剑心,1
二手 价 坚挺 说明,0
进口 不   最近     报价 都,1
年关 至别 看 福利 补贴 发了 置办 年货 走亲 窜友 照样 一笔 不小 开销 搞 下来 估计 裤兜 里 没剩 几个 钢镚了 段时间 出 二手 闲置 标价 都 特狠 一人 吃饱 全家 不 愁,0
经济 形势 不好 快 过年 都 凑钱 其实 咸鱼 很多 销售 卖货 论坛 上 看 出来 销售 买入 卖出 他进 不到 暂时 没有 货 机子 销售 卖东西 尤其 都 没什么 太 思想 理性 坑 不 上 再 改 价格 现在 人 恶心 不 习惯 没 办法 慢慢 习惯 以后 更 恶心,-1
真 有人 万 耳放 玩 同样 支出 换个 加万 放 不香,0
请问 具体 品牌 型号 推荐,0
西装 足矣,0
听风     西电,0
最佳 路径 去 看 产品 介绍 戳 中 心意 买 看 别人 推荐 被迫 接受 推销 难受,0
感谢 烧友 回复,0
功放 推 耳机 只能 开心 好,1
有人 推荐 谷津 推用 朋友 感觉,0
换个 银线 试试,0
银乌 觉得 随便 推 都行 太好 搞,1
之前 看海帆 卖 小 乌 果断 一条,0
好像 限量,1
淘宝 店家 推荐 低 阻抗 耳放 发过来 都 万多 感觉 逗我,0
红 太上皇 不错,1
妥妥 单元 坏 大 乌老 问题 线材 哪有 随便 坏,0
年入 大 乌算 新版 大乌 线圈 早就 没 问题 想到 问题 转移 线材 算是 好消息,1
出,0
互补 偏下 盘 不够 甜来 凑,0
不 喜欢,-1
喜欢 就行 容易 推好 难 推好,1
耳朵 准备 返厂,0
前排 留名,0
好软 文,1
原创 牌子 真是 不错 盲 狙 真是 很 好 高低 阻都 推 据说 还 推同 轴箱 全频 箱 小烧 来说 还要 自行车,1
以前 有刀 最坑 耳放 没有,0
耳放,0
没玩过 声音 坛友 说 变暖 甜 推 不 难 推 平板 比较 广受 认可 实际 拿来 推 出 好声 本人 建议 平衡 口 没 觉得 单 端口 很差 多个 好处 入转 平衡 出用 出 解码 说 和弦 不会 浪费 平衡 口,-1
三千多,0
,0
两根 线 都 手上 万用表 量 下 知道,0
猜测 那根 品牌 升级 线 问题,0
定义 都 空 空在 尖端 末端 相位 错 说明 前端 觉得 卡侬 头 部分 接错 可能性 比较 大,0
同问,0
当然 蓝宝石 听 流行 很 带劲 比较 中正 微暖 风格 人声 活泼 力蛮 好 淘宝 上 商家 还 送 一大堆 线,1
好看,1
这款 阿丽塔 早已 人 锤 爆 言尽于此,0
资格 说话,0
问,0
大 耳罩 小 耳罩 表现 方式 区别 挺大 听 几个 小 木碗 参考 声场 好 很多 低频 确实 好些 相对 没 特色,1
大白 不同于 以往 所有 歌德 具体 看 贴子 评测,0
感觉 歌德 胆机 比较 好,1
其实 非常 想 喷音染 极其 严重 解析 力 差 价格比 台式 系统 还 翻 几翻 随身 棒子 品牌 大家 知道 方向 正确性 好 我会 再 买 一副 这种 补足 中频 流行性 不是 上半年,-1
上厚声 音源 胆机 之前 马兰士 听风 换管 推 很 好听 声音 温暖 通透 泡温泉 舒服,1
觉得 这三只 耳机 风格 有点像 天龙 三 兄弟 黄日华 版 长相 乔峰 中正 威严 虚竹 平实 板 正像 段誉 俊秀 轻灵,0
其实 这三 里面 最 全面 最强,1
前端 不好 前端 好 号 之前 号 之前,-1
耳放难 找 不好 搞,-1
要求 排除 耳机 说 不 容易 推 声场 未必 意 综合 来说 都,0
漂亮 不 搞 模拟 平衡 输出,1
打胶 固定 建议 专业 设备 坨 胶糊 好丑,1
买个 屏蔽 好     起码 测试 还 不错,1
大 区别 弄个 屏蔽 好 光电 隔离,1
其实 跑 音频 没 区别 线 还 真不知道 特别,0
都 向下兼容 主要 包含 数据线 但接 解码器 只会 用到 数据线 部分 没有 信号,0
最 便宜 线 肯定 好过 最 便宜 线 未必 主要 看 商家 良心,1
当然 不要 买版,0
选 佩戴 舒适性     好得多 音质 更好 没有 监听 声 问题 不是 监听 声是 低频 劲 爆 爽机 兼容 多种类型 音乐 不在话下,1
不知 型号 粉上 森海 监听 不是 一种 声音 风格 耳机 大音 浪下 听 清台 里 下 一首歌 节奏 低音 顶 人声 相对 突 声场 不 好听   当然 有人 会 说 换线 后 换 罩 后 才 发挥 出 实力 都 买 二手 念头 不 认为 还 会 在线 罩 上 砸 钱,1
听 流行 低频 要求 高点 买 不 一定 买版 欧版 都 好 中频 人声 要求 高点 买 爱丽丝 扁平 听 摇滚 多买 扁平 听 古典 以上 皆 不 买,1
谢谢 几位 大哥 分析 咸鱼 继续 找 找,0
千元 内   飞利浦   很能   内,0
搞个 欧都 比人妻 好得多,1
沒聽過 真的 對 不起 價格,0
索尼 官配 都 有意 调 比较 放松 暖厚   拿到 上面 确实 可能 变成 轰头 刺激,-1
别提 听 没 听 都 说 不好 建议 试听 觉得 满意 入,-1
论坛 里 讨论 不 觉得 挺 好,1
搞个 小 乌就行 性价比 高,0
黑砖配 确实 不错 没有 黑砖,1
奶罩 低频 比较 上 盘 属于 比较 通透 类型 应该 不会 闷 觉得 闷 基准 耳机,0
还 真 目前 没有 驱动 不闷 前端 包括 官方 电磁炉 索 六万,0
声音 真 不行 有空 再 专门 写 一下 早期 曾经 做过 评价 当时 前端 还 不够 好 其实 上 好 前端 缺点 太 明显,1
觉得 闷   捣鼓 半天   放弃,0
同意 闷 触觉 上 闷 声音 不闷 低频,0
各有所好 很 正常 奶罩 耳罩 太厚 戴久 物理 上 觉得 闷,1
一套 当年 上万,0
音质 还 现在 组合音响 强倍,1
这套 至少 多年,0
湊合 水平,0
沐声 好听   素质 真的 高 偏 乐器 风格,1
完全 不是 同级   先 排除,0
美诗,0
蓝宝石 感觉 好听 些,1
歌诗德 新版 快出 考虑 下,0
几个 里面 最好 听 觉得 可能,1
都 拥有 好听,1
没 听 蓝宝石 反正 觉得 还,0
去 买 几个 空间 利用 起来,0
可换 线材 高档 耳机 不 应该 平放 桌面 次数 接口 可能 会 接触不良,0
预算 足够 直接 大乌 一步到位,0
全球 都 没 买 支 没 销量 哪来 推广 试听 难 找 试听 只能 盲 狙,0
山寨 插头 一对 不到 百,0
转接 损失 太大 还 直接 买 国标 头,0
买 还 买 几百元 线 尊 至少 不 装 洋鬼子,0
人声 挺 好听 成,1
多谢 指点 先 上个 耳放 请 推荐 适合 耳放 再谢,0
新年 再次 推荐 装备 栏 里面   带 前级 功能 大小 随身 差不多 弄条 录线 接上 电 听 某宝 上 海淘 去 绿坛 区 看看 我用 推 很多年 非常 不错 不用 买 升级 电源,-1
很多 选择 谷津 很多 解码 一体机 都 不错,1
推 很 满意 应该 不差,-1
看毒 文是 水分 很大 找 机会 听 最 重要,1
音源,0
湖人應 該,0
改 蓝牙 偏音 报废 建议 别改,0
预算 强烈推荐,1
鼠莓 派 新鼠 价格 不高 保留 界面 使用 更 习惯,0
直 插 电脑,0
推荐   电脑 最 省钱 最好 配置 已经 电脑 音源 都 浪费 多花钱 高档 音源 不 浪费 不 舍得,1
选机,0
收到 谢谢,0
最 便宜 那款 后期 再 弄 合适 线 电,1
竟然 没有,0
太富,0
轮子 都 买不起 法拉利 先攒台 昌河 先,0
李工 耳放能 推,0
意思,0
测试数据 很 好 实际 听 起来 声音 提升 很大 东西,1
好像 意大利 界面 耐 听,1
说来 精音   歌诗德   船 都 吃 灰 以下 选 三宝,0
耳放 部分 不错 解码板 真心 蛮渣,1
三宝 输入 方式,0
界面,0
两个 插头 够用,0
当然 不会 骗   滤波 模块 差不多 买   接好 插 头尾 插 不到 搞定,-1
插座,0
记得 没错 高登 带 前级 其实 直接 选择 一台 不错 后级,-1
看来 潜力 巨大 换线 估计 提升 会 之上,0
楼主 推 效果,0
一般来说 万元 下 耳机 流行 人声 好 古典 器乐 不行 古典 器乐 好 人声 差点 意思 更贵 耳机 没 听 想象 不 出来 兼顾 高中 低频 瞬态 流行 人声,-1
谢谢 楼主 推荐 功放 速度 买 试试看 体积 来说 刚 合适,1
听 古典 买 箱子   包 满意 当然 价格 真力 就算 很 水 牌子,0
先 不 做 判断 一笔 确实 高端 耳机 都 没 性价比 真力 牛 逼,1
选 真力 听个 古典 器乐 独奏 还 大 编制 一塌糊涂,0
前提 真的 听 古典 需要 听 不同 声部 不同 表现 不是 那种 只 主旋律,0
耳机 音箱 功能 不同,0
真力 系列 已经 停产 估计 不 成功 系列 不 推广 之前 有人 买 附近 左右 两边 频响 还 不 一致 听 人声 尤其 感觉 音量 不 统一 真力 检查 后 还 说 不是 质量 问题 退货 难 估计 停产 货品 控 很 差不差 钱 买同 尺寸 产 系列,-1
不 双买 优惠,0
纯 解码 搭配 胆机 应该 更好 点,1
需要 搭配   配 甲类 耳放会 比较 好,1
坐等 官方 巡回 再 回 坛子 里 吹,0
听 换个 歌德 会 好 很多 尤其 平衡,1
叠叠 乐 其实 还 蛮 好看,1
双木 没 听  ,1
搞,0
经典,0
声音 风格,0
好戏 开场 正好 充分 学习 了解 下 两方 中 优缺点,1
其实 问题 更 吃 音源 音源 换成 没 问题 稳 密度 好 其实 很多 不是 耳机 耳放 锅,1
两个 都 长期 有过 其实 听 久   觉得 难听 人脑 长期 会 适应 某种 声音 频响 模式 排斥 不 很多 耳机 上 遇到 这种 情况 最早 听 久 一只 便会 不 喜欢 另一只,-1
解碼 還行   耳機口 真的 好 一般般,1
东西 必须 全 平衡   一个天,0
声场 小乌 确定 推不开 平板,0
换线 提升 很大 低频 还,0
不会 迪丽 热巴 卖 穿过 二手 考虑一下 衣服 鞋子 都行,0
明星 无感,0
每个 明星 都 戴过 便宜 耳机 找个 戴过 最 便宜货 图 买 追星 减小 损失 之间 最优化,0
之前 看到 代言 耳塞 长得 很 炫 不贵 一听 玩意 最后 没买,0
搭车 出,0
年底 大家 年终奖 都 发 顺便 看 上 好久没 舍得 买 赶紧 买 一波,1
年底 大家 有钱,0
看着 有点 心动 耶 体积 细小 前级 平衡 输出 不 知道 前 级 水平 咋样,0
电位器 定制 没有 小 音量 偏音 问题,0
居然 还 戴 套子 保护 真 好 请问 号 卖 哈哈哈,1
持有 二代,0
好看,1
耳罩 上边 包裹 东西 买,0
二 潜力 高笑,0
菜鸡互 啄,-1
手上 之前   一代   号 现在     几个 观点 不能 认同 可能 驱动 方式 差异 造成   声场 明显   大 二代 换   澄   线 做工 二代 一代 好 尤其 头梁 三代 没有 听过,-1
耳机 锅 老烧会 觉得 好听,1
说 说 不好 听,-1
看过 贴 说 找 低频 足 声场 大来 推,0
应该 不 喜欢 调音,-1
蹭 没事 其实 借出去 干脆 后来 改版 借出去 算了,0
项 分值 不 科学 收藏 价值 几乎 往往 取决于 声音 加上 声音 没 价值 品相 工艺 再 稀有 都 没 价值,1
瑟瑟 发抖 中,0
活跃 气氛 目的 搞个 标准 旧 耳机 打分 有意思 总 孩子 最 聪明 主观 评价 好 天下第一 听 一辈子 海吹 实在 欧 分挺准 目前 确实 没 收藏 价值,1
感觉 现在 买 小众 旗舰机 几年 厂家 倒闭 都 涨,0
千块 二手 价格 分     价格 上 找 不到 第二支 一战,0
编号 绿 限量   编号         手里 骗来 一天 出名 之后 所有 耳机,-1
标准 定 太 高 导致 论坛 大部分 人 估计 都 不好意思 亮家伙   不敢 参与 进来 帖子 不火 没 啥意思 前排 帮顶   暖 贴 等待 观赏 大佬 珍品,-1
马兰士 家 机器 直 推 耳放口 推挺 好,1
转盘,0
建议 看看 二手,0
同问 解码器 目前 歌诗德,0
空间 上 胆机,0
沙发 支持,1
路过 帮顶,1
顶 关注,1
终于 正式 上线 顶 起来,1
赶紧 留名 关注,0
留名 赶紧 关注,0
好,1
记得 之前 加 几乎 不 更新 内容 这回 算是 正式 启用 过来 支持 下,1
支持,1
顶起,1
支持 已 关注,1
帮顶,1
不错 雄起,1
支持 下,1
去 看看,0
刘明,0
前排 留名,0
三条 河,0
据说 都 花钱 写 枪 文看 架构 开关电源 加 并联 实在 没 兴趣,0
看 明显 花 钱 比宙斯,0
测量 很 糟糕 无声无息,0
非常 棒   预感 下 光宗耀祖 界面,0
声音 确实 好听 做工 用料 有待 提高 型 牛 不 咋样,1
看 楼主 信 信 枪手 信 价格 信 测试,0
,0
其实 很难 全面 动态 大 高频 好 低频 猛 中频 缺乏 味道 听歌 缺少 韵味 解析 动态 比要 差一点 好 一点 低频 底 噪大要 加 滤波 导致 低频 细节 滤波 缘故 变差 一点点 全面 一点 芯片 做 高端 不是 很多 感觉 可能 芯片 内部 升频 导致 挖掘 潜力 没 大 一众 分立式 解码 声音 还 存在 电阻 精度 不够 声音 流畅 度 没 好 问题 还 设计 成 两个 模式 用户 选 两个 模式 很 难通 吃 大部分 歌曲 分立式 解码 价格 特别 高性价比 不太好 到头来 大部分 没有 自然 几片 分立 声音 自然 动态 不小 关键 升频 算法 天价 解码   烧 下来 王者 性价比 最高 看着 参数 高 实际 听 不是 回事 国内 产商 选   搞升频 算法 转成 解码 不错 走 两个 分路 电阻 电路 做纯 解码 走 并联 非常 好 解码,-1
耳机 跳水 蛮 厉害 关键 国都 已经 不是 以前 国都,1
,0
平板 听 这种 低频 很 容易 听 出 录音 问题,0
多试试 几首 录音 看看,0
耳机 可能 耳房 问题,0
听 音乐 发出 帮 测试 一下,0
觉得 没有 横向 对比 听感 写 出来 好 不好 判别,-1
配大图 文字 大 一号 枪文,0
实际 优惠,0
其实 不难 推才 算 难 推,0
觉得 门槛 不高 潜力 挺大,0
声音 很 礼貌   光线 暗淡   却 优雅 迷人,0
都 玩 不 同意   听 分钟 不想 听 高频 刺 低频 残 老婆 听 感觉 目前 直接 插 电脑 都 觉得 很 好,1
整场 好 几款 价格 过万 塞子 苏丹 奥丁 最 喜欢 看法 一致,1
天籁   单 端接 感觉 还行,0
买个 不 完事,0
再 上个 不香 大小 配套 接口 齐全,0
这种 解码 神,0
算 讲道理 玩意 手机 外放 听 效果 最好 带 耳机 听 这种 电子 合成 人声 非常 难受,1
只 听,0
感觉 设计 理念 比较 卖 二手 还 便宜,0
当年 最早 听到 倒爷 朋友 不错 现在 退出 没 推 东西 听 属于 好奇 瞎 玩 后来 展会 听 一次 感觉 不错 涉及 曲目 没 很大 体现 问题,-1
结构 不好 说 如果说 衰减 混响 录音 时 声音 已经 空气 假设 录音 时 直接 耳朵 听 话筒 录 差异 声音 真实 还原 回放 时 原本 不 需要 再 进行 一次 空气 衰减 混响 可能 制作 音乐 时 设备 参照 问题,-1
难 推 不见得 方程式 推得 很 好 琥珀 推得 不错 前 几天 试 一下 几个 胆耳放 声音 很 饱满 低频 澎湃 特别 声音 难忘,1
只 说 一句   楼主   玩 烧油   倒爷 故意 放在 一起,0
耳机 线,0
喜欢,1
想 追梦,0
贴 不干胶,0
其实 线 没有 关系 大部分 耳机线 都 具有 四根 线 都 平衡 线 插头 两根 线 合在一起 叫单 端线 分开 平衡 线 差别 主要 由耳放 造成,-1
纸包 不错,1
上 张扬,0
古典 平衡 听 大部分 都 胆机 单端 平衡 不必 纠结,0
原装 平衡 线,0
呵呵 可能,-1
目前 还 没 吊打 可能 是因为 空间 关系,1
箱子 系统 受太多 限制 不 办公室 没 人 家里 夜深人静 耳机 听听 蛮爽 箱子 开,0
箱子 氛围 感 强烈 经不起 推敲 琢磨 戴上 耳机 感觉 每个 音符 都 有性,1
出路 不烧 耳机,0
光是 声音 正前方 传来 感觉 戴 耳机 耳塞   声音 脑壳 里 放歌 舒服 自然 宽松,1
箱子 办公室 还 真的 无法 吊打 耳机 下结论 之前 听 小时 以上,1
呵呵 加个 档次 箱子 都 秒 不了   加 还 耳放,-1
秒 不了 都 渣 配置 只能 说 各有所长,0
看 前段 好不好,-1
相对 好 伺候,1
继续 听 往系系 走,0
收到 早期 老老实实 买,0
没有 问题,0
钱存 起来,0
带 去 店里 听 一下 顺便去 听 一下 耳朵 听 好 选 还 真 没 听说 配 胆机,1
听感 真是 一人 一个样 吃 灰 很 久 听 起来 感觉 耳朵 糊,0
我用 频率 很 高 找 这种 风格 升级版,0
,0
,0
用过 三宝 界面 兄弟 觉得 提升 大,0
拜亚,0
二手 香榭丽舍 百灵鸟 天鹰座 二代 四个 里面 随便 挑,0
出 大白 考虑 下,0
已经 货源 考虑 前端 问题,0
应该 没说 清楚 我想 找个 便携 前端,0
海贝 原因 没法 对比 播放器,0
二楼 自留地,0
不是 大爷 二爷 三爷,0
关键 还 买个 苹果 手机,0
现在 看 咸鱼 出耳放 人 不少 照理说 不是 应该 铁粉 人手 留,0
暂出,0
都 不 明白 存在 苟活 下来 厉害,1
死 快,0
线材 特别 耳机 线材 水 深 肯定 考虑 传统 大厂 产品,0
首选 晶彩 不 想要 後 出,1
我换 银彩 感觉 还 行 主要 便宜 性价比 感觉 挺 高 试试,0
有点 重复,0
推   试试 总司令,0
听音 心路历程 值得 肯定 换线 折腾 就算 总司令 风格 不同 都 同一 档次   换管 还 更 玩法 乐趣,-1
今后 这种 自娱自乐 帖子 不发 好 省 误己 耽误 愉乐 害人 害 别人 瞎 花钱,1
耳放,0
楼主 电处 个人 觉得 电处 带来 改变 电源线 来得 明显,0
写 非常 好 支持 下楼 主有 同感,1
特别 喜欢 最后 一段 中年人 真实,1
预算 耳机,0
国货 矩声,0
,0
线圣 蓝 蜻蜓   乐彼,0
感觉 说 都 不用 插电,0
驱动 升级 驱动 升级,0
翻 不 翻车 不要 听 别人 说 听 感觉 感觉 潜力 不大 音源 要求 大过 耳放,0
电磁炉 解码 加耳放   非常 满意   前端 很 敏感 前面 配置 差   不会 好 脸 看 耳放 我配 定制 款 推 非常 满意 挑不出 毛病,-1
东西 听 确实 比较 燥测 出来 噪声 高 觉得 应该 不是故意 黑 问题,0
看看 洗发水 铁三角 耳放,0
耳机 不重 声音 很 舒服,1
前端,0
解码 支持,1
少见 理智 烧油 上来 大部分 老烧 下去,0
不 试试 平时 工作室 都 直接 接个 听,0
外观 质感 看起来 不错,1
背后 开孔 看着 蛇 鳞 密恐 人勿入,0
纯属 厂家 设计 锅,0
万元 级 机器 设计,0
我收 外国 品牌 觉得 这种 底噪 大家 容忍 接受 不了,0
进口货 解码 部分 非常 不错 评价 很 高 实际 试听 效果 很 好 底噪 接受 不了,1
香榭丽舍 一体机 欧 插单 端口 很大 底噪 插 平衡 口 正常 高阻 平板 插 平衡 单端 都 没底 噪,0
退掉 机器 插 很大 底噪,-1
是不是 全 平衡设计 一体机 普遍 单 端口 有底 噪 问题 退掉 机器 应该 全 平衡设计 问题 似乎 没 听说,-1
奇怪的是 同样 牌子 隐士 有底 噪 却 没有,0
接个 低 阻高敏 封闭式 耳机 没有 底噪,0
能出 嗡嗡声 算 合格 产品 隔壁 专业 再 难听 功能 没有,-1
退 很多 产品 都 底噪 怀疑 判断 是否 正确,-1
可能 有底 噪 机器 都 采用 纯 甲类 放大 这种 设计 天生 底噪 较大,0
,0
看 看 好像 牌子 能否 元 链接,1
暖水袋,0
农夫山泉 版,0
摘下 带上 顿时 觉得 轻如 无误 一下 轻松,0
戴久 才 会 酸 本来 不 建议 长时间 戴 耳机 休息 一会,0
,0
国行 德行 区别 原盒 送 哪几种 线 德行 便宜 点 不 保修,0
最 便宜 德行 国行 时间 德行 国行,0
德行,0
貌似 带 一体机 解码 都,0
都,0
万三 东西,0
现在 市面上 绝大部分 解码器 都,0
铁三角 发布 年 推算 今年 应该 上 限定 款,0
铁三角 系列 新品 安排 一下 都 卖 年,0
森 海大 耳机 啥时候 出,0
大 耳机 最近 真的 没 人 兴奋 产品 感觉 比较 不错 中端 型号,1
看起来 真 不 戳,0
都 买 退 退俩,-1
不是 很 懂 理解 界面 数据 转换 纯 数字 接口 调音 理论 上 尽可能 处理 好 电源 处理 好 时钟 还分 古典 版 人声 版,1
素质 高 肯定 古典 版 人声 版 不 素质 低 导致 听感 稍微 糊 一点,0
听 音乐 买,0
买 古典 版 古典 回放 好 音乐 不在话下,1
走线 连纯 业余 骗,-1
发烧友 一窝蜂 买 便宜货 毛病 才能 治 好,1
,0
声音 打磨 非常 圆润 适合 聆听 享受,1
楼 自留地,0
看行 毕竟 没有 人比 更 懂 喇叭,1
看行 毕竟 没人 更 懂 自残,1
这一模 香槟色 有点 味儿,0
懂 王牌   值得 拥有,1
不敢 买 上榜 品牌,0
去 知乎 搜 孟获 留言 非常 详细 解释 耳机 确实 不错,1
有线 大 馒头,0
声音 不烂 低频 响应 好 高频 没有 普通 塑料 版 通透,1
二手 不,0
简单 换成 德国 大使,0
这种 调音 价格 断层 狠,0
会 没有 上位 替代,0
的确 很难 找到 替代 问题 很大 总体 上 感觉 主要 毛刺 更 严重 偏薄 偏上 盘 气势 安定 度 都 优势 纵向 更好 区别 更大 压根 不 属于 系 调音,1
,0
很 独特,0
讲个 笑话 喜欢 某某 耳机 偏要 找到 替代品,1
这套 很 好,1
都 煤矿 老板 儿子,0
纠结 佩戴 问题,0
人声 听感 港台 女声,0
搭配 声场 只 听 墨菊 胎菊 据说 声场 有点 进步,0
,0
新版 旧版 不 存在 型号 之间 大 差距 喜欢 买,-1
中期 推开 都 撑 很 开 细腻 度 信息量 不足 会 体现 很 明显 所说 颗粒感 断裂 感,0
只能 说 新 很 好,1
单端 不行 排除,0
看来 大法 洗洗 睡,0
频响 都 变 失真 应该 不 尤其 测试 不 测试 一下,-1
软硬 一律 关 路过,0
不是,0
电源线 不是 说 电源线 调音,0
耳机 十几 都 不 敏感 不能 研判 频段 高峰 低谷 失真 不必 过于 紧张   音乐 制作 行业 均 需要 均衡器   均衡器 高级 软硬件   楼主 测试 两个 不是   里 均衡器 类似 播放器   均衡器 差 很多   听 音乐 很多 高素质 软件 均衡器 加工   雅马哈 物美价廉 台式 均衡器 失真 记得 零点 零一 级别   很多 国产 功放 差不多   人类 低频 失真 比较 不 敏感   均衡器 不 适合 提升 高频   提升 高频 镀银 线   均衡器 削去 次 高频   很多 耳机 次 高频 凸起 需要 削   削 不会 失真 使用 均衡器 技巧   需要 长期实践   现在 德国   解码器 还 均衡器 做进 解码器 硬件 里   测试 党 开心 测试数据 很 好     重点 耳朵 听   一味 依靠 机器 测试   机器 代替 耳朵 听 音乐   不好   未完待续   重点 实践   很多 案例 证明 实践 中   效能 所谓 失真 重大,-1
加强 从来不 调 低音 很 明显 变味 调 拉近 人声 真的 听得 很 舒服 省 换 耳机 失真 程度 表示 兴趣不大,-1
不错 不错,1
三频 惊艳 谢篮图 低频 太软,1
怂 后悔 好 体验 机会,1
强烈 表示 不是 进错 帖子 逛 错 展区 你家 客厅 照片 误发,1
有点 怀疑 楼主 是不是 记反 前天 去 北京 展会 听 感觉     三代   奇迹 般的     闷,0
味,0
觉得 味 同样 监听 不是 特别 柔美 没有 过多 音染 保留 一丝 味道 非 纯粹 还原 而生,-1
觉得 听 比较 少 符合 印象 整体 偏 靓丽 中 高频 纤细 低频 紧实 重质 不 重量,0
听 古典 乐 设计 中频 空 低频 少 都 不是 问题 反而 优势,0
都 掉 漆 看样 掉 漆 免不了,0
算是 香槟色 太淡 太亚光 反而 普通 版 配色 好看 个人 口味,1
古典 反而 低频 要求 高得 很   人声 古典 乐 很 常见,1
卧槽 掉 漆,0
不算 土豪 金 颜色 有点 香槟色 看得出来 纪念版 选 不是 说明 系列 森海 心中 特殊 地位,0
同价位,0
前胆 后石 应该 胆 整流 石 放大,0
这耳放 低频 厚重 人声 好听 味道 流 比较 细腻 声音 推低 阻 不错 素质 有限 声场 推不开 动态 推 不 出来,1
铁三角 耳放 都 推 低阻 需要 大 电流 耳机 专 搭配 耳机 推玄,0
本人 组合 只 说 说 古典 交响 听感 解析 不错 乐器 结像 准确 分离 度 好 声场 规整 不算 大 音色 偏暖 频段 均衡 换 苏默 蓝 水线 增益 调 高档 大概 推到 成,1
说金 平面 听 起来   相比 安安 哒,0
啥时候 换 平衡 线,0
最近 耳机 帖子 真的 很多 好像 没 人 帮顶 下,1
值得 宣传 接 系统 都行,1
民科 思考 上帝 发笑,0
觉得 达到   找 固态 盘   硬盘   去 传输 一下 不能 跑 盘 标称 速度 都 问题   理论值 最 理想 实验 状态 下 那种 设备 一台 电脑 都 贵,1
误码率 不是 误码率 音频 传输 出错 问题 最大 优势 受众面 广泛 兼容性 好 现在 老 有人 抨击 其实 方法 很多 声卡 都 独立 晶振 雷电 设置 火线 都 好 麻烦 贵 不 等于,-1
都 上台 都 某宝 商家 主推 产品,0
别想 兄弟 监听 耳机   总有 听 累,0
直 推 都 没 问题   音色 稍差 质感,-1
风格 完全 不,0
颠覆 森海 认知 楼下 继续,0
前天   刚刚 顺电 横向 对比           音质 上 比高 两个 档次   大 差距 便宜 渠道   还 不到 元,-1
没有 感觉 古典 强,1
跳水 买   卖 亏了 百分之,0
买过 俩个 素质 完全 歪 路子 上 耳机 耳朵 残疾 声,0
白 仙女,0
底座 推力 多大,0
,0
兄台 开个 玩笑 莫 伤心 莫 攀比 喜欢 最 开心,1
楼主 听 喜欢 没 必要 太 在意 别人 评价 听音 主观 东西 说服 不了,-1
一代 拜亚 动力 需要 独立 耳放,0
试一下 谷津,0
左右 当然 会 更好 以前   推 拜亚   一代   二代       都 很   平衡 口 推,1
一代 不用 平衡 口 推真 不行,0
石鸡 单端 觉得 放弃 楼上 说 之流 没有 对付 一代 稍微 过得去,0
石机 单端 推好 一代 几乎 没有,1
远离 乂 度,0
感觉 磨机 换 运放 找到 合适 搭配 后 再 考虑,1
都 认真 听过 再 都 买来 听过 觉得 最好,1
大乌 投一票,0
觉得 都 牛,1
大乌 没 听 喜好 排 一下,1
封闭式 听过 很 不错 耳机 开放 见 都 没见,1
不了 上台 后 没法 至少 排除 两,0
不要 价格 开脑 放要 耳朵 听,0
这种 档次 耳机 看 系统 搭配 唯一 确定 低 系统 下 前面 所有 都 秒 掉,0
都 听 选择 当然 上 口味 不错 类似 宽松 机而 音染 浓厚 声场 不是 很 开放 包裹 感强 密度 非常 高 喜欢 高密度 听 人声 室内乐 很 不错,-1
声音 肯定 好 不会 选,1
强太多 有个 好 耳放 提升 更大,1
索尼 这种 参数 党 往后 稍稍   吹 吹 微单 还 差不多,-1
同价位 现在 还 选推好 很 强,1
平底锅 应该 版本,0
年 久闻 大名 德国 欧元 买 当时   欧元 退税 后 大概 持有 两三年 太 白开水 听 不 下去 出 只 认为 只值 价,-1
其实 平底锅 现在 卖 声音 更好 一点,1
拜亚 老 电话线 耳机 两种 电话线 一种 两条 圆线 排起来 边缘 圆润 线皮 发亮 一种 两条 扁线 排起来 类似 宽 面条 线皮 暗淡 不亮 两种 都 堤防 插头 根部 位置 线 容易 断 后者 更 容易 断,1
本次 活动 本月底 截止,0
没钱 今年 已经 活动 掏空,0
好值,1
手持 五铢 很 好听 嘴笨 写不出 听感 测评,1
不 知道 拔 高频 没 泛音 问题 总 感觉 版本 声音 特别 锐利 听 时间 长 耳朵 很 难受,0
道理 插件 只 影响 播放 确实 说不清 变量 很难 控制 一点一点 去试,0
楼主 插件 链接 遇到 同样 问题,0
汉化版 英文原版 声音 差异 真的 不 晓得 是不是 解码 文件 关系,-1
换 升 频后 比耐 听听 推送,1
实际 听后感 听 流行 音乐 网易 云 音乐 好听,1
都 第一 时间 升级 最新版 没 觉得 版本 之间 大 差异,-1
觉得 版本 差异 还 随身 播放器 换卡 明显 继续,-1
审核 现在 所有 帖子 都 待遇 事 触犯 版规,0
那家 一言不合 拉黑 客户 淘宝 店卖,0
恭喜 一下 折腾 完 安心 听歌,-1
真假 感觉 输入 电 平调 高 降低 增益 声音 更 副 贴 一点 高增益 不会 觉得,-1
全开 好像 可能 解码器 输入 电平 太低,1
请教 大佬 有没有 必要 如个 听听,0
现在 回头 看 觉得 单论 最终 声音 售价 太 不值,1
玩 几年 这货 主要 吃 音源,0
本来   这有 惊奇   属于 温吞   只能 推,0
需要 高增益 音源 输出 电平 录音 电平 都 关系 脱离 开 外界 条件 不好 下结论,-1
挖 坟 楼上 泼冷水 人 真是 毛病 估计 听 都 没 听,0
回去 分析 一下 顺便 问问 出,0
耳机 最好 不要 放在 防潮箱 里,1
左右 中 低频 少 一点 显得 比较 瘦 高频 略微 凸 一点 显得 比较 亮 三频 走向 基本 量 感 区别 不大 频响 峰谷 造成 特点 区别 显得 比较 大气 背景 比较 暗 显得 比较 小气 乐器 排布 不够 有序 显得 杂乱 整体 感觉 上 一丝丝 塑料 味 比较 结实 认为 逊于 更是 远 逊于,1
其实 看看 天龙 声音 很 均衡 觉得 老 天龙 余韵 素质 其实 价位 还 听 还 没 舒服,1
前排 围观,0
看到 游戏 两个 字 就算 听歌 都 没 时间,0
前排 围观,0
刚刚 拿到 听 第一 耳朵 想到 圈铁 没想到 这次 调音,0
其实 网播 复杂 一点 都 不 简单,0
口 都 机子 优先 选 马兰士,0
不 网播 常 讨论 网播 指 网络 串流,0
知道 鼠莓 派 直连强,1
耳放 早期 放大 后来 慢慢 电路 运放 电子管 电容 调音 比如说 早期 森海系 比较 绝配 大 莱曼 歌德 作用 放大 调音 作用 不 意味着 买一送一 概念 每个 品牌 个性 代表,0
真的 不介意 耳放 带来 动态 直接 解码 转接 耳机 就行了 声音 不错 没 动态,1
听 塞子 建议 去 移动 随身 区,0
随身听 耳放 经常 降低 输出 音量,0
建议 手机 直 推 即可,0
最近 上 功放 以后 才 体会 放 作用 当然 还 看 耳机 高敏易 推 基本 手机 挺 好,1
建议 都 别入 价位 入个 纯 便宜 数字 转盘 看看 机 搞   不错,1
解码 接 独立 耳放 推 器乐 很爽 人声 有点 太素 都 偏向 素质 风 韵味 淡 这套 声音 够 清爽 薄荷 柠檬水,0
看 听音 取向 说 素质 上 未必 大 差距 别看 芯片 烂 大街 大厂 做 出来 一码 建议 选了 日系 调音 不要 再 上 重 口耳 放 都 好 觉得 钱 都 白花 马兰士 觉得 后面 设备 稍微 随性 点 个人 想法 不 一定 谱,-1
外形 小巧 里面 很 紧凑,1
电路 看不懂 变压器 好评,1
原来         都 甲类,0
这飞线 集成度,0
终于 见到 真面目,0
据说 推 拜亚 动力 不错 准备 入手,1
电位器 换个 密封 会 死 人,0
文章 写 很 详细 若有 侵权 请 联系 立马 删帖,0
下载,0
贴 上 去 链接 代码 进不去 贴错 请 更新,0
歌曲 列表 功能 基本 没法用 受不了,0
尼玛 排队 排 十五分钟 还 没有 轮,0
竟然 不 知道 退烧,-1
,0
放避个 坑,0
别人 认可 楼主 来说 很 重要 非常 重要,0
发帖 目的   想 问问看   只 不是 国产   是不是 比较 好 推,1
老头 老太 打麻将 一毛 几毛 玩 很 开心 重要 玩 心情,1
直 推 难听 原因 解码 放 大部分 都 不行 声音 很脏 直 推 都 不好 听,-1
退烧 多年 印象 中 老三样 深刻,-1
放鸽子,0
厉害 支持 详评 很 成为 国产 一哥 指日可待,1
,1
换 耳机,0
换线 原线 容易 能量 感偏 不够 松弛,0
换 第三方 耳罩 简单 有效 便宜,0
其实 感觉 定制 耳罩 改善 问题 参考 系列 那种 厚厚 倾斜 耳罩,0
年 买 入门级 还 价格 接受 后来 升级 器材 咸鱼 半价 卖,0
恭喜 发烧 会 发现 追求 越来越 多越 买 越 想 买,1
发帖 风格,0
朋友 说 买 最 失败 机器,0
应该 前 胆后 石 不是 纯 胆机 对得起 价钱 放 办公室 床头 都 很 合适,1
好听 低频 偏 没 夸张 中 高频 鲜活 整体 分离 度 解析 力 略胜一筹,1
都 银彩 声音 属于 高频 尾音 好 解析 不错 整体 声音 带点 慵懒 感觉 很 舒服 晶彩 解析 高 偏 直白 少 点 味道,1
正常 听 没有 问题 强迫症 建议 先 开机 再 戴 耳机 先摘 耳机 再 关机,1
大部分 国产品牌 产品 使用 细节 大概 水平,0
机器 设计 应该 里边 加个 继电器 做个 开关机 延时,0
很 明显 没有 设计 开机 延时 接通 功能 厂家 还 苦笑,0
我泰区 便宜 就算 不 组团 个人 完全 承担 赶紧 弄个 泰国 梯子 试试,0
必须 顶 没 说,1
必须 顶一下,1
确实 好 耳机 之前 论坛 上收 使用 时 总 担心 不 小心 坏掉 估计 没法 修 不敢 长留 很快 出 掉,1
很 感觉 耳机 真的 好 古典,1
记得 注册 那会 看好 文章 拿来 现在 再战 一代 经典 永 流传,1
主要 低频 下潜 一百 赫兹 附近 跌 厉害   全 开放   包耳 不会,1
去过 橡叶 办公室 感觉 的确 专业 不 浮夸,0
耳机 系统 就别 要求 太高 能响,0
这是 耳机 没得 介绍 下,0
朋友,0
打算 同轴线 屏蔽 层 分别 接 两端 直接 两根 同轴线,0
八类 网线 做 效果 最好 每束 线 只用 一根 行全 焊接 外壳 外层 屏蔽 一起 空隙 不要 填充 热熔胶 直接 空气 绝缘 做得好 轻松 赢 市价 千元级 线,1
线 特性阻抗 欧 同轴线 欧 适配,0
线 特征 阻抗 线,0
说真的 推运放 里面 没个 真的 多补 补课 对比,0
几乎 都 假,-1
很 尴尬,0
应该  ,0
难道 大戏 前奏,0
插 眼看 下运放 真假,-1
曾经 折腾 一段时间 运放托 朋友 秋月 电子 带 不少 可能 木耳 感觉 小 没 区别 后来 觉得 分离 件 更 实在 全换 分离 件 设备,-1
额 觉得 换运放 噱头 至今 没 见到 大牌 宣传 我用 运放 大家 换运放 调音 每个 运放 都 调好 工作 点 不同 运放 工作 电路 工作 点 都 不同,1
厉害 看 都 想入 铁三角 坑 幸好 囊中羞涩 继续 抱紧 有空 顺便 写写 胆机 下 听 感,1
写 很 参考性 搭车 出 铁三角 胆石 混合 耳放,0
新碗 评价,0
欧 持续 使用 中 已经 坏 两只 单元 都 修过 懒得 再次 折腾 显微镜 坏 肉眼 看欧 铜丝 找 断点 实在 费 眼睛,-1
细节 丰富 试试 德国 大师 更 突出 解析,0
楼上 说 德国 大师 确实 揭示 力 更好,1
森海系 要价 一千多 拜亚 老 旗舰 价值 两千多 打不住 德国 大师 水平 相当 更 监听,1
路过 出 黑色 版   欧,0
其实 没有 闷感 相对 相对 来说 算 比较 闷 当年 极致 出 特供 平衡 版 改善 问题 相对 老 还 改善 中频 后缩 问题,0
耳机 适合 听 类型 音乐,0
对比 芯 芯 线身 是不是 比较 粗 是否 比较 软 一点 谢谢,0
以后 发电厂 输电 线路 都 改成 单晶 铜 包银 线路 直接 到户,0
金 画眉 感觉 还 行 至少 宽大 声场 金 画眉 上 没出 问题,0
测试数据 显示 很 牛 逼 不算 冷声,1
何庆华 好点 推力,1
瑞 弦线 散 重新 编好,1
支持 精工 手艺,1
很 好 贴子 学习,1
学习,0
都 比较 公正 客观 评价 帮顶,1
摸 拜,0
最好 搭配 写 上 几款 耳机 驱动 要求 完全 不同,1
未看 先顶 之前 拜读 大佬 文章 感觉 肯定 学习 很多,1
搭配,0
好 贴 耳机 特点 描述 很 到位,1
耳放   推   一代   感觉 不错   挺 喜欢 耳放 目前 觉得 解码 耳放用 平衡 连接 用单 端口 听 平衡 口 好听,1
纵向 声场 丽特 完胜 差距 差价 明显,-1
居然 没有 三星,0
    加进去,0
请 加入,0
投 三星 一票,0
貌似 不能 投票 没有 权限,0
,0
三星 真是 可怜 怕 安卓上 最好 蓝牙 耳机,1
居然 没有,0
应该  ,0
发烧 论坛 居然 多人 选择 苹果   系列 还 真 挺 意外,0
提升,0
年轻人 面对 消费主义 诱惑 冷静 特别 新 上市 还 没 经受 考验 东西 花 钱 一定 获得 愉悦感 满足感 倒 值得 问题 不确定性 太 大笔 钱花 出去 不 知道 会 得到 何必 特别 如今 全球 形势 都 不太好 挣少花 很 重要 实在 钱 花 不 完 不妨 家人 买 些 过年 礼物 稳妥 收获 必然 开心 快乐,1
两天 看到 帖子 说 寿命 年 估计 充电 方面 偏差,-1
信息量 太大 容 消化 一下,0
信息 太 密集 能否 分别 展示 介绍,0
谢谢 分享,0
高登家 没来,0
前排 占楼 吃 瓜,0
不该 点 进来 看看 标题 好,1
了解 行业动态,0
请问 双 莲花 用线 转 平衡 是否是 真 平衡 双 那种,0
没有 效果,0
了解 谢谢 大佬 解答,0
不醒 装睡 人,0
看看 解答,0
时钟 抖动,0
年头,0
桌面 这套 完美,0
现在 越 简单 越好 桌面 干净,1
好 性价比 不高,1
东西 有人 讲究 性价比 有人 追求 天花板 有所 需 手机 有人 只用 小米 有人 必买 苹果 最新款,1
都,0
入门 限量版 单元 参数 一致 调音 风格 不同 猜测 参数 一档 低于 听 感坛 里 很多,0
好听 耐心 煲 年 左右,1
不是 专门 底座 摆 上,0
推荐 去酷   音质 相对 网易 云要 好   版权 网易 云多 不 确定 便宜   一个月 块钱,1
华语 流媒体 找个 备胎,0
去年 网易 云 接入 淘宝 会员 注定 命运,0
虾米 推荐 确实 做 很 好,1
国内 音乐 平台 喜欢 虾米 还 保持 连续 签到 天 记录,1
网易 云 越来越 过分 最高 品质 下载 下来 居然   还 加密,1
年 器材 变化 很大,0
这种 感觉 真 好,1
恭喜 复烧,1
楼主 器材 架子 不错,1
前排 围观 吃瓜,0
当时   出过 烧 耳机 问题 后来 改成   希望 拓品 解释一下 安全性 毕竟 第一位,0
狼 教授 网站 本质 上 很 雷同 都 做 不到 一碗水端平 主观 倾向 过于 明显 导致 说服力 越来越 弱,0
希望 官方 有个 合理 解释 谱 补救 方案,0
已 更新 后续 缓慢 更新 中,0
仰慕 楼主 好 厉害,1
坐等 更新,0
煲 好 推好 不会 翘 低频 会收 高频 厚度 高而 比较 耐听,1
单衣 大师 还 孜孜不倦 玩 耳机,0
羡慕 时间 整理 资料 大佬,1
玩 尝试 技巧 进程 管理器 播放器 进程 设置 成 实时 声音 会有 可闻 改善 下 设置 持续 下换 曲后 可能 会 降级,0
电脑配置,0
升 不错,1
楼主 不 觉得 滤波 预载 时间 很长   下 几乎 秒 开要 很 长时间 播放 上 可能   不 友好,1
好毒文,1
看得 想 买 一只 试试,0
好 贴 从没 玩过 歌德 指路 看来 目标,1
张学友 玩意儿 有损 无损 差不多,-1
张学友 活出 生命 演唱会 学友 光年 世界 巡 迴 演唱会     香港站 部分 单曲,0
占楼,0
,0
牛 逼,1
支持 分享 神器 指      ,1
去 歌手 录音 差到 掉 渣 夜深人静 明显 很 可能 后期制作 团队 太烂 成品 稍微 好点 设备 停 细节 上 处理 听得 非常 难受 适合 手机 外放 天猫 精灵 几千块 蓝牙 音箱 都 不敢 直接 怀疑 唱功 本身 不怎么样 后期 都 难以 修复 不要 以为 火 好 时间 倒 回 年前 一批 很火 歌手 唱功 稀烂 很多 歌手 唱功 都 不怎么样 气息 控 很 不 平稳 云 村上 不少 新晋 很 火 歌手 唱功 都 没法 看 没有 百万 调音师 根本 不敢 开 演唱会,-1
张学友   专辑 录制 水平 真不差,-1
华语 感觉 没 几个 好,1
推荐 赵雷 录音 质量 好 喜欢 搭配 不同 乐器 不 单纯 听 人声,1
手持       推起 來 不 太 搭 低 頻不夠 沉高頻 有點 刺 倒 中毒 小 墨菊 聲音拉開 一小 圈 更加 平均 雖然 稍顯 沒有 味道 淡音 響性 倒 不錯 等到 貨中 不 滿意 確定 小 墨菊 搭過 黑磚 試過 印象 不 深會 跑 一趟,1
好 耳机 森海 或许 市面上 所有 品牌 最好 封闭式 监听,1
可不是 东西 类似 声 挺 强,1
最 稀饭 大法 现在 耳机 外观设计 简直 大 倒退,-1
欧米 伽 都 听 比较 幸运,0
版主 请严 老师 篇文章 发到 论坛 文章 写作 典范,0
不 知道 王思聪 注册 绿坛 没,0
觉得 时间 心情 精力 欣赏 音乐 无非 买,0
没准 真有 绿坛 账号,0
发烧 都 人 消费 称为 发烧 王思聪 刘强 东马 爸爸 这种 家当 一次性 批发 十 台 一百 台大 奥 不会 咳嗽 一声 何来 发烧,1
世界 两种 烧友 一种 王思聪 一种,0
平板 耳机 低频 质量 好,1
要论 低频 偏科 动圈 平板 静电,0
极致,0
极致,0
,0
低频 舍不得 出,0
觉得 低频 弹性 很 好,1
过程 忽上忽下   忽左忽右   滴 迷迷糊糊 中   发烧,0
玩 其实 不停 花钱 试错 过程 等到 钱花够 人 累 烦 退烧 回归 正常 听 音乐,-1
老烧 一多半 一少 半 入门 自由发挥,0
试着 欣赏 复杂 歌曲 简单 流行歌 区别 可能 不是 很大,0
不 音源 处理 注定 没法 出好声 这条 路 不好 走 小众 原因,-1
目测 禁言,1
听力 关系不大 音乐 最后 处理 大脑 脑放,0
其实 音乐家 歌唱家 作曲家 录音师 听力 好 很 可能 听力 都 已经 很差 音乐 细胞 不,-1
价格,0
阻抗 灵敏度,0
口碑,0
品牌 价格,0
做工 最 重要 都 浮云,0
当然 价格 咯,0
软文 看起来 蛮 不错 帮顶,1
格式 都 图片 满意 下班 加个 鸡腿,0
软文 写 太软 有没有 台机 对比,0
小小 发烧友 机会 认识 大佬 经常 拿到 机器 试听   发布会 看到 大佬 家去 试听 有感而发 恰饭 无关,0
的确 套装 超值   台 分立元件 耳放,1
绝对 好 东西 属于 易 推好 出声 出 好声 耳机,1
今年 双十 荷包 干 硬化 只能 明年 好价,1
上 还 好听 真 好听,1
国外 还 卖 五六千 说香 人,0
低 阻是 高阻 没有 可比性,0
向上 看齐 向下 看齐 成为 入门 三 巨头 中端 守门员,0
单元 素质 应该 上面 层级,0
属于 讨好 耳朵 类型   久 听 偏软 回弹 慢 风格 看 个人,1
耳塞 这货 推 不了 大耳,0
东西 推不动,0
我用 听 俩,0
小 耳机 试试 我下 听 最好 耳机   宝华 没 性价比,1
配 木碗 非常 不错 找个 好 推,1
推 塞子 好   玩 一段时间   没法 推   勉强 听   效果 不是 很 好,1
新派 用过 一段时间 推力 控制力 都 不错,1
太富,0
画面 要求 咋会 搞 小米 电视 最起码 索尼 哈哈哈,1
请问 楼主 购入 钱 麻烦 一下 谢谢,-1
不会 觉得 都 互有输赢,0
不用 疑惑 确实 廉价 声音,0
原线 前端 马兰士 谷津 之前 常备 主力 爱丽丝 最近 购置 大房子 准备 单独 一间 主卧 造成 书房 听音 室 物色 很 久 最终 选择 毕竟 从小 玩 算是 办个 索尼 党,0
听音 室 开放式 耳机 不香,0
感觉 开放式 差点 意思 佩戴 封闭 里算 非常 不错 隔音 效果 一流 升级 线 有点 麻烦 折腾 半天 还 不 一定 原线 方便,-1
上 家 为啥 听 一个月 卖掉 值得 斟酌,-1
馒头 听 起来 确实 爽摸 爽 小 日本 东西 做工 精致 奈何 价格 还 没有 普及 只能 努力 挣钱,1
加钱 上,0
一代,0
,0
享声 应该 完全符合 要求 声音 比较 活力 不 拖沓 现在 单端 用来 听 挺 好 高增益 下 不 刺激,1
最近 收 一台     觉得 很 满意 通透 细腻 底色 稍稍 偏暖 声音 还 很 鲜活 不 沉闷,0
森 海牛 逼,1
解释一下 图,0
个人 浅见 没 听 都 对不上 号,0
对耳放 要求 高 很多 兼顾 起来 还好,1
,0
耳机 推个 剩下 万元 左右 解码 比较 难搞 几个 旗舰 耳机 都 很 吃 信息量 找 国产 过渡 一下 再 增加 预算,0
厂家 调音 功底,0
机子 模拟 味 素质 还 不 低 觉得 不错,1
学习,0
好 笔记本   系列 移动 工作站 变化 不 大 风格 上 有点 区别 反正 二代   欧 音量 足够 响 当然 交响 差点 安定性 上 差别 耳朵 区别 没有,-1
不要 以为 高 阻难 推 买 歌德 怕 不好 推买 欧 没想到 音量 够响 一众 欧欧 耳机 单从 推力 上 讲 都 足够 笔记本 没 必要 买 低阻 耳机,-1
推开 音量 无关 最好 电脑 进 界面 进 一体机,1
真 觉得 差不多 恭喜 省钱,-1
第一台 一体机 才 两千多 感觉 最 最大 作用 处理 掉 大量 来自 杂讯 耳朵 听 出 区别 当然 楼主 本身 处理 很 干净 另当别论,1
关键 低阻 耳机,0
台式 接 一体机 耳机 差别 都 很大,-1
差别 很大   台式 设备,-1
沙发 自留地,0
解码 解析 力 应该 算 第一 梯队,0
解析 力 玩意 好像 没 标准,1
乐感 解析 统一 好像,1
喜欢 矩声 现在 过万,1
两年 很 喜欢 听 这种 发烧 口水 歌 录音 音效 很棒 前端 特别 友好 听 会 很 腻 感觉 都 千遍 一律 效果 现在 都 听 很少,1
拜亚 动力 器乐 党 表示 很多 用心 制作 发烧 人声 专辑 配乐 特别 编曲 原版 不知 高到 去,1
老实 说 碟 真不错 省 很多 钱 愣 小 书架 声音 变成 大 落地 省 钱 才能 达到 效果,1
都 低成本 制作 电平 拉 高点 反正 不太差 设备 放 有模有样 音响 展 最 爱,-1
升频 改变 音色 副作用   发烧 碟拉是 主要 目的   根本 区别,0
觉得 音染 音质 不是 回事 升频 俩 回事 小 音箱 听 高低音 都 好 不能 说 音质 好,-1
年 黑线 铜环 编号 万,0
当年 声音 再 听听 现在 声音 不值,1
机器 玩 平衡   非常 好 单端 觉得 需要 上放,1
,0
听 人声 党 说 非常 害怕 高素质   印象 不错,1
都 没用过 之前 看过 文章 枪文 来看 应该 略胜一筹,-1
,0
完全 没看 懂,1
两个 都 单机 都 没 听,0
露珠 小号 发帖,0
不 知道 没 对比,0
想 买 买 没有 耳放 同价位 无敌 厂家 作坊 都 流,0
耳机 一定 价位 上 很难说 强 关键 喜欢 风格,1
当时 选 好久   都 说 万元 标杆,1
真的 喜欢 一款 产品 最好 不要 这种 口气 招黑 真的,1
价位 纯耳放   石机 我能 想到 何庆华 后面 这俩 都 没有 渠道 试听 不怎么 参展 人,0
暖   暗   音色 呆板   好听,1
合 不 合适 哪有通 吃 同价位 无敌,1
看不起 吴 总 手动 滑稽,0
淘宝 涛 版 高仿 棉被 掀掉 打折,-1
建议 上台 机 低端 飞傲   中 高端 研究 其实 勉强 推 红 太子 飞傲 推力 都 半瓦 以上 效果 绝对 台 都 以上,1
听 古典 怕 不耐 听 说 不 耐 听 都 指 人声,-1
滑稽,0
先上 再 上,0
目前 形势 选购 之前 确认 分钟 贝九 历史 录音 从头 坐到 尾 一动不动 基本功 看作 森海 年代 再 如今 传承 动次 大次 结合 没有 耐心 迈过 刻意 门槛 听到 只能 动次 大次 一面,0
最 便宜 脑放 换个 带 角度 耳罩 帮助,0
声场 大耳放 输出功率 一定 大 说 声场 雨伞 推力 撑开,0
清理 耳道,0
开 大 音量 双手 掰开 耳机 悬浮 耳朵 前方 保持 姿势 悬空 聆听,0
戴 耳机 箱子 开着 低频 声场 全都,0
楼上 都 很 厉害,1
空调 冷 风度,0
嘴 上 说 不烧 身体 很 诚实 两千 哥翻,0
想 生活 过得去 哪能 没有 一点 绿,0
森海塞尔 玩多 会 想 吐 那种 已出 三进 两出 会 发现 喜欢 古典 不是 森海 建议 转战 品牌 劲浪 奥蒂兹 实力 强劲 品牌 没有 森海 响 牌子,1
绿坛 身上 香水味,0
箱子 出 点 问题 还 不是 绿坛 勾 回来 烧 耳机,0
王菲 梁静茹 不要 搞 吊打 前端 不太好 听 真的 找 罪 受 远不如,1
觉得 先去 听 一下 耳机 感觉 不 喜欢 听 古典 可能 不会 太 喜欢 声音 前端 都 没 太大 关系 大神 说 几十万 前端 流行乐 录音 里 大多 听不出 太 区别 声音 微调 声音 都 耳机 调音,-1
听 流行 上个 劲 浪银乌,0
听 王菲 梁静茹 根本 不 适合 买森海 中 高端 耳机,0
锁定 足够 强 后 端 不停 砸 前端,1
风格 不 合适,1
串流 时代 正 慢慢 到来 才子 类似 加个 界面 核桥 一体 已经 感受 浩瀚 资源 乐趣 安定 听 回要 内容 还 串流 确实 方便 音质 保障 时间 慢慢 折腾 桥,-1
一种,0
网播 发展趋势,0
推响 推好 两回事 千万 不要 轻言 好 推 没有 好 推 朋友 惊雷 都 没有 搞定,1
挺 好 玩起来 麻烦,-1
红色 旋钮 拔下来 买罐 喷漆 喷成 黑色,0
入门 件 其实 有点 坑,0
黑 胶带 黑色 贴纸 办法 总是,0
东西 总是 挂 上 闲鱼 后 才 觉得 好 这句 话 道理,1
朋友 推荐 最近 老 想着 百灵鸟,0
打包 发货 前 器材 最好 听,1
原来 阿明 坛子 拜读,0
播放,0
求 大佬,0
歌诗德,0
树莓 派 根本 不 麻烦 简单 逼 很多 人太钝 相对来说 比成 以上 数播 更 简单,-1
双木三林 符合 要求 貌似 停产 看看,0
最近 淘宝 上 看到 卖 使用 非 原装 线 卖家 小心,0
说 充电 线   话 说 转有 推荐,0
估计 这类 非 电源 供电 音源 供电 比较 敏感 长点 数据线 估计 音源 功率 输出 会 损耗 再 特别 长 线 估计 都 出 不了 声 试试 再 找 一根 很 短 质量 过关 线 对比 下 看看 还 不能 听 出 区别,0
说明书 上 说 根 充电 线,0
同轴线 后 都 不用 幸好 没 扔,1
线材 包 价格 来算 一根 线材 价格 应该 小 一百 不会 好几百,1
以前   接 买 几条       确实 数字 线 影响 很大,0
那根 线 充电 线用 同轴,0
买回来   那根 线 没 拆开   刚 去 试了试   楼主 所说   看来 应该 配根 好线   不 知道 推荐,1
安卓线 原装 好 很多,1
其实 现在 技术 差不多 听音 主观性 加上 人耳 个体差异 大 个人 觉得,-1
其实 有时候 听不出 录音 却 很 明显,0
讲个 笑话 耳机 技术 没 进步,0
认为 未来 会 脱离 喇叭 这种 发声 单元 局限 室内 声场 自然 形成 都 如同 身临其境,0
其实 现在 办法 能测 说 大部分 东西 没人会 测 原因 懂,1
美工 可能 不是 烧友 没 概念 该扣 工资 哈哈哈哈,1
去 找 乂 度 客服 问 他家 机器 同轴 输入 定义 直接 回 查不到 购买 记录 真的,0
楼主 驱动 前端,0
听 感觉 还 是不是 前端 比较 敏感 当时 解码 糊狗 声音 密度 厚度 都 声场 横向 很 不错 结像 蛮 精致 纵深 确实 弱 没有 包围 感,1
值块,1
漂亮 想 入,1
印象 当初 看到 说 好 心动 好 一阵子 其实 果 不,1
觉得 设计 最 奇怪的是 没有 前 薄后 厚式 耳罩 使 单元 倾斜   增加 纵深感 只好 尽可能 耳机 推 前来 戴   乐器 结像 比小   比较 接受   声场 仍 横 椭圆,1
索 六万 增益 不能 调节 高,0
买回来 打游戏 倒也不是 不行 感觉 挺 浪费 高阻 耳机 推好 低频 强劲 声底 干净 款 铁三角 头戴 里 参考 级 监听 旗舰 目测 楼主 电脑 应该 不太能 发挥 素质 优势,1
不至于 大 风扇 姑且 小 风扇 现在 台产 产能 会 跟不上,0
打游戏 白牙 最 游戏 耳机 没有,0
觉得 第一个 方案 比较 好 装在 上 读取 上 文件 读取 上 文件 估计 存在 上 文件 声音 会 存在 上 文件 略微 好 一点点,1
买个   数播,0
不 知道 买 二手 行想用 专门 升频 使用,0
上台 机 小型 台机 都 肯定 播放器 推 开 当然 看 调音 匹配 程度 去 店里 试,0
刚 出来 会 很 火一过 热度 没 参考 几个 不错 一体机 香榭丽舍 金 画眉 刚出 都 很 火 新机 出现 慢慢 都 淡,1
保有量 不 讨论 少,0
听 名字 搞,0
单端 并联 还 一般般 百灵鸟 自带 耳机 口 鸡肋 想要 出 效果 还 上 耳放 世纪 格雷 东西 稀奇古怪 小毛病 不少 倒,0
根本 没 必要 纠结 周边设备 差异 同样 存在 没有 听过 头版 听过 耳朵 记忆 存在 脑海 里面 头版 煲机 小时 后期 煲机 小时 同一 台 机器 耳朵 更好 听真 不好 说,-1
平头 塞 没落 庆幸 国产 平头 还 保留 一席之地,0
认真 发帖 支持,1
用心 感受 生活 美好,1
看看,0
耳机 当年 拜亚 用过 几台 左右 一体机 电脑 直 推 没 区别,0
本地人 本地,0
推 觉得 很 好,1
肯定 选 极致 黑豹 推力 大 声音 不错,1
解码 强 黑豹 推力 强 耳塞 建议,1
我来 推荐 大跌眼镜 楼主,0
个人感觉 西装 套 不太好 听 本身 渲染 味道 压制 家里 比较 素 飞傲 退 下 感觉 更好 本身 个性 鲜明 塞子,-1
那快 看看 日剧 帅气 和尚 爱上 也许 感觉 女 猪脚,0
歌德 耳机 总 觉得 品控 很 随意 同一个 型号 耳机 听感 五花八门 同一个 型号 还 衍生 版版 无字版 红 单元 黄头 梁圆棍 方棍 型号 讨论 半天 感觉 大家 说 都 不是 同个 耳机,0
声音 很稳,0
同意 楼主 听感,0
歌德 做工 外观 丑 点儿,0
本来 还 想 是不是 搞个 歌德 型号 听 貌似 解毒,1
兄弟 儿子 天生 神力,0
孩子 天赋 很 高 将来 拯救 世界 重任 交给,0
退烧   一晃 好多年   没买过,-1
建议 楼主 再 找 机会 仔细 听听 至少 个人 觉得 低频 量感 比略少 都 不是 很 好 设备 推 二手 行情 有时候 很能 说明 问题,1
帮顶 怀念 一下 暖暖的 听感,1
采样率 设     整数倍,0
应该 最 专业 绝大多数 人 研究 转 每隔 半小时 开 一次 免费 算了,0
不会 单端 平衡 走 不同 线路 口转 两个 还 可能 干扰 炸倒 不会,-1
当然,0
肯定 不能 达到 机器 最高 设计 指标 看 设计 机器 平衡 后面 加 一级 平衡 转非 平衡 转换 设计 保证 平衡 非 平衡 输出 时 性能 机器 直接 半边 平衡 线路 非 平衡 输出 设计 理论 上 平衡 非 平衡 插线 会 会 降低 平衡 口 输出 性能,0
更 高级 买 会员,1
听 采样率 深度 歌 太 头疼,-1
听 采样率 深度 歌 太 头疼,-1
之前 听 看到 突然 神曲 不香,0
都 采样,0
网易 云 加 劣质 工业 酒精 上头 算法 都 提升 响度,0
最多 只 长期打算 只接 主力 当手 办 游戏   外出 工作,0
小烧 现在 手上 剩 只 大耳 平衡 接 台式机 日常 使用 偶尔 换下 平衡   上班 时接 金 菊花 听 锻炼 时用,0
插 电脑 听歌 打游戏 看剧 插 手机 听歌,0
主力 休闲 听音 打游戏 日后 主力 想换 前提 不 买 箱子,0
  以前 可能 索尼   好多 忘记,1
,0
理想 状态 应该 只 根本 听 不 过来 总是 不好 抉择 想 出点 都 不 知道 该出 哪一只,-1
十几个 大耳 两个 的确 年 没 听 几回 专门 听音 室 箱子 系统 一年 没 听 几回 都 心血来潮 时 偶尔 听下,0
桌子 收拾 下 贵 机器 一堆 一片 混乱 脑放 开 不 起来,0
恭喜 楼主 喜提 小巧 解码 精准 品牌 暂时 无法 替代,1
桌面 解码 真的 没得说 声音 值 价,1
换 耳罩,0
品牌 仅 考虑 铁三角 天龙 森海塞尔 歌德 拜亚 动力 有名 大厂,0
强行 推荐 国产 声力 宙斯 试听 最好,1
歌德,0
实在 不行 要加 随身 耳放 解码 行,0
加一点 直接 拜亚 推好 无敌于天下 都 浪费 钱,1
价位 前端 至少 要个   播放器   收个,0
手机 推 很 好 推荐,1
沙发 顶,1
换大 耳罩 解决 压 耳朵 问题,0
听 莫文蔚 忽然 之间 听 小时 里面 吉他 人声 表现 实在 太棒了,0
换个 大 耳罩 会 舒服 不少 耳机 偏科 听 适合 东西 会 很 美 解析 力高 耳 机会 觉得 刺耳 头疼 最好 放低 音量 解析 优点 不是 缺点,-1
帮顶 玩 歌德 玩 出 感觉 就算 玩 到位 挺 好 本来 荷尔蒙 声儿 不必 太 纠结 推 确实 挺 好 基本 没 办法 代替 耳罩 一换 核心 东西 没 头 带 撑开 核心 东西 没 不 使劲 压 耳朵 疼 核心 东西 没 只会 送 二手 区,-1
都 觉得 人声 不毒   毒点 通透 华丽 高频 漂亮 泛音     牺牲 毒点 换回   浓郁 人声   低频 瞬态 依然 很 好   比起 版多 点 松软   人声 真实 富有 感情   不 走 特意 加厚 润 路线   这版 十分 喜欢,1
淘宝 仿 真有 声音 歌德 卖 傻子 会 买 走 高 解析 路线 低音 非常 冷静 说 薄 配上 后 主要 特点 突出,-1
价格 对不起 本身 素质 买个 左右 静电   开声 下去,0
本人 流行 党 想入 最终 受不鸟 压耳式 折磨 以前 试过 换 大 耳罩 感觉 不 舒服 最后 只能 选择 放弃,-1
解决 夹头 很 简单 掰 两点 十点 位置 耳机 梁 分钟 搞定,0
懂 大佬 解释 下,1
应该 都 文件格式 不同,0
文件 上传下载 很多 国家 地区 违法行为,0
上 全世界 国家 下载 用户 都 经济大国 人数 越,0
截图 防止 某人 编辑 篡改 抵赖 这下 某人 发现 抹不掉 气急败坏 胡言乱语 哈哈哈,-1
竟然 还 格式 分 冷暖 很 服气,0
需要 供电 解码 就要 带 充电 转换器,0
挺 老 机子 界面 功耗 比较 高 大于 供电 吃不住 界面 供电 充足 后 声音 提升 现在 机子 界面,1
搞   才 算 神器,0
输出 支持 高 码率 好,1
目前 应该 红色 点 木头 好,1
,0
随便 手机 都 做到,0
听感 系列 一体机,0
论坛 不太讨喜 据说 福建 佬 跑 英国 去 注册 出口 转 内销 公司,0
放鸽子 鸽子 飞 飞向 未来 城堡,0
前来 学习,0
价位 推力 还   不可 接受,0
一般来说 平衡 比较 好 相对 单端 提升 挺大 平衡 线 买 行 原线 改个 头子 行,1
,0
推荐 闲鱼 收 一条 平衡 平衡 线 收 一条,0
顶   听说 百万   搞 输出 树莓 派 不 知道 出 样机,1
树莓 派 输出 好 再 外 接晶振 估计 很多 界面 产品 会受 很大 影响,1
播放器 我用 歌曲 放 上,0
树莓 派 晶振 生成 方式 都 很 低端 直连 效果 还 差 树莓 派 板 之间 加 一片 时钟 重整 板      ,-1
正常 人 两个 耳朵 听力 差别 放个 单声道 试试 严重 不 严重,-1
单声道 模式 试一下 录音 乐器 分布 特性 容易 引起 偏音 错觉 觉得 偏向 一边 试试看 另一侧 单元 稍稍 往下压 一压 耳朵 其实 声源 距离 很 敏感 距离 差别 容易 引起 偏音 感觉,-1
刚才 突然 发现 索尼     推不偏,0
耳朵 偏   耳机 偏   耳放 电位器 偏 三者 共同 作用,0
听 流泪 都 扯蛋 看 感人 留 还 快 一点 其实 都 推广 运营 一种 手段 一首 轻快 音乐 听 流泪 说明 家里 窗门 没 好 主要 看 歌曲,1
楼主 发错 区 声音 原 线下 比较 偏中 高频 低频 下潜 不错 量感 明显 少 中 高频 更加 突出 换线 补充 低频 信息量 大 推力 前段 驱动 声音 会 更加 均衡,1
当年 听 梁静茹 勇气 听 泪流满面 哈哈哈,1
,0
可能,0
说真的 卖 机器 现在 都 敢 吹,0
,0
离开 音源 耳放谈 耳机 好坏 意义 不 大 如果说 人声 秒杀,1
想 入 歌德 没入 原因 三个 贵 做工 差 佩戴 差 声音 应该 不错,-1
刺激 应该 秒杀 楼主 无妨 玩玩,0
终老 觉得 不会     人 喜新厌旧 心理 不变 玩 一年 半 感觉 不能 满足 再 玩 一年 半 歌德 不能 满足 追求 更好 其实 不 东西 没有 错 人性,1
用用 多年 换 索尼 便携 出街 表示 歌德 更 不 真实 索尼 自然,0
支持,1
数码味 重 第一次 听说,0
理性 明白 烧友 顶,1
说 索尼 数码味 应该 索尼 家 一贯 染色 那种   摇滚 味道 听 习惯 拜亚 声 肯定 会 不 习惯 说实话 不 喜欢 说到底 失 真的 太 明显 碰巧 失真 不合 胃口,-1
些 很 好,1
玩过 歌德 系 耳机 中 最 喜欢,1
写 很 好 前端 不行 高频 控制 不住,1
人声 低频 点到为止 男低音 颤音 听 不到,0
听不出来,0
觉得 系统 越猛 区别 越大,1
觉得 很多 人 都 听不出来,0
真 测试 无损 都 不 一定 能分 出来,1
区别 再 升级 觉得 耳朵 兔子 耳朵,0
听不出来 高 码率 细节 非常 丰富,0
目前 系统 听 感 区别 基本 相当于 区别,0
一种 运动 中 姿势 运动 频率 节奏 合拍 二是 半 躺 姿势 脑袋 排空 填充 旋律 飞舞,0
发型 听歌 重要 躺 塞子 坐 把头 粱 放 后脑勺 直接 蓝牙 音响,0
只 坐 听,0
后 靠着 听 圆形 耳罩 耳机 最合适 把头 梁 放在 脑门 位置 方面 都 最佳,1
第七 最 高雅,0
喜欢 慢 乐章,1
交响 情人 梦,0
第七 整体 上 巨人 跳舞 乐章 很 特别 电影 常用,0
贝七 一定 听 小 克莱 伯,0
最 喜欢 贝,1
感觉 乡村 爱情 协奏曲 第集 王小蒙 最 好看,1
都 喜欢,1
最 喜欢 交响乐 体裁 典范,1
最 喜欢 第第,1
不要 买 不要 买 不要 买 重要 说 三遍,0
返听类 耳机 用来 日常 听音 谨慎 选购 佩戴 舒适度 相对 低 返 听 很 忌讳 漏音 监听 声音 漏出来 容易 录音 录 进去 返听 通常 都 选用 隔音 好 不透气 皮质 革质 耳罩 设计 较大 夹力 确保 隔音 返 听 使用 偏好 功用 不同 频响 设计 不同 通常 不会 刻意 迎合 日常 听音 享乐 说白了 这是 工作 不是 所有 返 听 都 难听 设计 初衷 不是 享乐,-1
蓝色 对应 左 红色 对应 右,0
标题 骗 回复,-1
右 常理,0
楼主 保证 没 哈哈哈哈,1
,0
素质 提升 不 明显 调音 区别 更大 非常 热情 低频 量 力度 听 流行 摇滚 声音 很 特征性 均衡 没有 个性,0
升级 爱丽丝 不是,0
,0
试图 去 科学家 耳朵 听 出 提升 就够,0
平均 时间 更 均匀 不是 所谓 质量 好,1
说 同轴 口 还 会信 说口 差别 好几个 台阶 有点 耸人听闻,-1
升级 线 起步 想 短点 线 某宝 十几 二十 接 搓 线   一米 八 芯 铜 镀银,0
换线 性价比 下来,0
大 耳机 佩戴 舒服 声音 烂 音质 还,1
,0
楼 算是 半 参考 半 回忆 杀,0
,0
发现 很多 初烧 耳机 都 森海家 诶 森海 人 印象 确实 很深,0
不少 前端 挺 难配,0
,0
,0
记得 都 森海,0
松下     当年 耳机 三大吹   人妻       骚尼,1
森海 信徒 太多 点 大半 森海 觉得 可能 森海 几乎 所有 以下 耳机 都 上榜,0
耳机 太脆 月 没,0
劲,0
价位 推荐 银彩 公主 走 邪道 试一试 奥丁,0
土豪 土豪,0
只能 说 越长越 体现 线 特性 别超 太短 会 数码 刺激 感 个人 体会 供参考,0
线 机器 还贵 想 线长 影响 觉得 起步,0
楼主 打劫,0
价位 似乎 银彩 比较 出彩 没 觉得 银 彩线 非常适合 听 交响,0
诚推 奥丁,0
分析家   超级 中正 大气 密度 素质 顶级,1
现在 玩法 真是 看不懂 线材 价格比 解码 都 贵,1
酱油 贵过 鸡 感觉 不值 线材 终究 要排 解码 耳放 后面,1
真 没 必要 买 贵 线材 基本上 天花板 再 上 智商 税,-1
占楼 一层 说 影响,0
占楼 一层 说 实践,0
建议 学习 原理,0
不能 青年 回复 全删 这种 绝对 浪费 网络资源 好好 氛围 这种 污染 中国 网络 上 学术讨论 氛围 始终 国外 坛子,1
玩法 普通 交换机 加 电源 普通 网线 加音 神   过滤器 价位   这种 级别 转盘 上 有点 提升 以后 闲钱 搞 一套 这种 隔离,0
网线 能带 噪音 进 音频文件 全世界 音频文件 都 受 污染 问题 解决不了 设备 扯 都 只能 完整 传输 音频文件 电脑 网播 数播 根本 上 都 听 缓存 完整 音频 不信 去 问 厂家 更 电脑 歌曲 播放 以后 拔 网线 去 缓存 里 去 找 完整 音轨,-1
不能 拆分 数据包 没有 校验 机制 不 适合 音频 传输 音频 硬件 厂家 协议 做 网播 不负责任 握手 机制 多次 校验 包括 完整性 校验 广域网 极其 恶劣 环境 下 都 很 难 出错 网播 质量 基本 取决于 网播 内部 硬件 环境 高品质 在线听 歌 确实 分 数据包 广域网 事 家 局域网 里 解决不了 问题 尽量 传 完整 首歌 缓存 传输 机制 肯定 非常复杂 算法 没 必要 讨论,-1
老哥 之前 卖 耳机 不 需要 折腾,-1
想 不 折腾 想 美 嘿嘿,-1
有耳放选 平板 动圈 没有 考虑 静电,0
想 老三 小强 都 还 没有 摆脱 难 推 境地 旗舰 不是 深不见底 坑,1
建议 试听 原线 上 听   听 完 没有 想 买 冲动,0
,0
硕美科 旗舰 可能 不怎么 折腾 不 大 逼 厕 旗舰,-1
都 价位 肯定 折腾 烧 无止境,-1
买个 外形 还 实在 喜欢 便携 木碗 买,1
声音 不是 能比,0
单元     楼上 认真,0
几年 前 三千多 出掉 后悔 要死,0
小碗 都 不 推荐,0
以前 卖 都 没有,0
浅色 字样 没有 黑色 数字,0
无假货 无 组装 货,-1
瓦楞纸 单元 似乎 印字,0
瓦楞纸 从大耳君 收 号 左右 看上去 不同,0
上边 还 印着 找 说理 去,0
感觉 过渡期 后 产品   早 一点 黑色 尼龙,0
耳放 挺 好奇,1
歌诗德 东西 直接 买回来 听 不 喜欢 退货 咯,-1
推力 不 大 声音 不错,1
每个 人 听 感 不   最好 尊重 听到   非 评价 觉得 比友商 同价位 差点,-1
参考 下,0
,0
好 耳机 值得 拥有,1
歌手 喉咙 里 颤音 润化 掉,0
歌 节奏 会 抢 人声 铁三角 封闭 木碗 分离 度 不够 开放式,0
顶 下,1
演奏 老穆 正在 下载,0
那要 听听,0
岁 花季   却 已然 买 年   投入 五万元 玩 年 石机 数十年 烧龄 缺 却 难 掩   头像 锋芒 深夜 强行 吹牛   到底 哪般然   天下 不如意 恒十居 七八 故有 当断不断 天 不取   劝君 回头是岸,1
呵呵 呜呼哀哉 东神 少爷,-1
可否 上图 一观 东神 少爷,0
毛毛 东 不 会谈 几件事 器材 他收 碟 喜欢 音乐 版本 器材 玩才 不 干冷 薄,1
年轻人 精力 旺,0
已入 神教   不 懂 吹 不 明白 情怀,1
吓死 宝宝,0
好腻害 学习 下,1
毛毛 跳,0
收到 惊吓,0
这种 分立 出现 这种 性能 水平 作用 感觉 只能 玩一玩 可能 还 用开 双片   模式 代替 电阻 阵列 直接 去 代替 性能 会 更好 芯片 直接 片上 模拟 滤波器 无 数字滤波,1
想 弄 试试 滤波 不 知道 买 得到,0
试试 后面 喇叭口 转接 出来 推,0
現在 推力 已經 很大 情況 下開 打到點 左右 位置 已經 足夠 大 聲 壓類 聲音 很 順滑 帶點 甜意 有人 說雅馬哈 東西 直白 一點 都 感受 不到 無論 箱子 還是 耳機 都 偏 暖 一點,0
反正 准备 去 买 台 金嗓子 后面 喇叭口 怼 论坛 以前 大佬 发 用功 放 推 平板 动圈 动圈 其实 尝试 一下 喇叭口 推 小心 控制 音量 别烧,0
漂亮 機器,1
二手 区 大白 倒 接,0
毒文少 热 度过 再 考虑 看看 太阳神 现在 人出,1
说 都 算 中低端 过谦,0
这是 哪门子 中低端,0
出 好奇,1
惊雷 功放 挺 贵,0
老哥 试试 保险丝 避震,0
最近 提升,0
好奇 那根 农夫 线 戴 头上 不累,1
农夫 不 重 外层 布 有个 夹子 夹 衣服 上,0
判断   最好 全 分立 类,1
遇到 一定 判断题 大 概率 错,0
价位 桌面 音箱 感觉 耳机 看来 得加 钱,0
这是 系统性 问题 耳机 头 中 效应 注定 还原 上 天生 残废,0
系统 以上 一定,0
烧油 描述 单薄 差点 人 错失良机,-1
推 有源音箱,0
用点力,0
捏住 前边 金属 部分 直接 拔 最好 拿个 软 布包 插头 千万 注意 别划 耳机,1
接 直接 来个 不是 方便 省钱,0
羡慕 办公室 不 需要 封闭式 大佬,1
推荐 自用 桌面 小 一体机 挺 适合 办公室   后续 加耳放,0
还 继续 一体机 省事,0
试过 完全 推得 声场 不小 再配 根 平衡 线 安心 听 追求 极致 再 做 根苏墨 黑 参考 太阳神 平衡 线,1
建议 忽略 本人 只 听 没有 听过 感觉 二手 价格 更 合适 一点 建议 试试 老虎 鱼 家 个人 用过 感觉 还 不错 加点 预算 上 金嗓子 转盘 非常 合适,1
推荐 老王   顶 开式   价格比 国外 转盘 便宜   声音 很 实在,1
考虑 买 老虎 鱼家 转盘,0
我用   一手 买 配 二手 电源 声音 还 不错 比较 厚润 声场 稍微 小点 氛围 好 声音 质感 不错 配 电源 才能 发挥 好 实力,1
这俩 当然 不 追求 动圈 听感 声音 好不好 还 说 做工 很 粗糙 最 关键 太重 压 脖子 不 适合 长时间 聆听,-1
,0
开来 金乌 比较 弱 谢谢 大家,0
不要 加上 艾伦 耳机,0
多重,0
金 平面,0
 ,0
 ,0
俩 耳机 都 双边 插口 线 不能 通用,0
换大 耳罩 舒服 上加,1
歌德 小 耳罩 不太 值得 反复 投资 一只 就够 大 耳罩 歌德 小 耳罩 好听 素质 更是 秒杀 单纯 追求 小 耳罩 歌德 那股 味道 没 说,1
女声 弦乐 真的 毒 音染 真的 好听 第一个 买 杂食 下个 双十 想 买个 真的 过目不忘,-1
竟然 不用 常用 口 令人发指,0
小,0
咸菜 党 噩梦,-1
不是 上市 一段时间,0
蛮 漂亮,1
双木 出品   必属 精品,0
难道 手机 数据线,0
看起来 很 性价比,0
就值 元 不能 再,1
配合 海贝 音乐 做 手机 同轴 输出,0
老烧 看到 价格 不 想要 脑放 不好 开,-1
试听,0
性价比 太高 佛山 佬 努力,0
供电,0
看 接口 看来 只 做 底层 市场 样子,0
小弟 大 侄子,0
考上 回头 看 都 浮云 听 设备 都 最 动听,0
歌诗德 叠叠 乐,0
说 学校 里面 烧友 清华 里面 很多 烧友 读书 后 经常 带 大耳耳放 窜 宿舍,0
平板 都 重要 接受 音质 忍受 佩戴,0
声音 没得说的 确实 很 不错 调音 素质 兼具 做工 品控 价格 掉 够低 其实 忍受,1
现在 的确 便宜 不少,0
一手 买 肠子 青,0
声音 向来 米饭 第一 诉求,0
不算 重了,0
很 好看 声音 不 后悔 出 掉 只 用来 推 是不是 没 必要 楼主 打算 再 添置 几个 耳机,-1
楼主 这是 工作室,0
内容 都 不用 看 一段 一段话 长长 还 插 很多 图片 基本 都 水文,0
好奇 好多 厂商 是不是 外壳 电路 都 不用 换 每次 换个 芯片 直接 升级 新 台机 出 耳塞 换代 还 快,1
看 多篇 版 贴子 感觉 声音 牛 很 大部分 牛 逼 电容 调音,1
还 真敢 玩 想法 害怕 耳机 功放 不良影响 就算,0
陌生人 妻 试听 人 认为 无论是 声音 佩戴 完胜 当时 选 是因为 更好 看,1
更好,1
折腾 有线 有小耳放 一代 惊喜,-1
挑贵 买,0
挺 好,1
智商 税 其实 当时 看到 闲鱼 有人 出 初音 限量 差点 就入 后来 想想 太 招摇 太素 选 现在 真的 后悔,-1
声音 上 两个 略 占优势 指 听 感上 素质 上 兼有,0
真 折腾 摸摸头,-1
,0
再 平衡 口 改回去,0
平衡 线 种类 繁多 直接 买 成品 好,1
这耳放 没 平衡,0
同意 区分 出来 无损,1
区分 普通 看 曲目,0
稍微 好点 前端 这类 中端 入门级 耳塞 已经 区别 开 声场 大小 伴奏 回声 余音 大小 持续 长短 非常明显,1
十字型 音场 圆型 音场,0
中频 略微 凹 一点点 人声 平板 振膜 很 难 推出 活力 感 有点 缺乏 冲击力 气势,0
,0
平衡 提升 力度 冲击力 真要 大 提升 上   低频 好多,1
需要 好 台式 解码 耳放 才能 发挥,1
人声 耳放 不 需要 太 大 投入,0
直 推 搭配 不好 台机 比差 不太多 古典 不 听 还 觉得 性价比   人声 太 主观 换,-1
人声 不行 需要 配乐 里 找 人声 不 适合 常规 欧美 流行,0
前端 听 主观 觉得 软和 慢有 曲子 偏柔 不 太 干脆利落,0
耳机 说实话 有点 重 略微 夹头 声音 不好 评价 感觉 没什么 特点 比较 均衡,-1
会 适合 具体 测评 比较,0
信号线 部分 大佬 意思 只能靠 听光 看 看不出来,0
信号线 写 方向 其实 始终 方向 就行了,0
好 一点 线材 出厂 前 厂家 会 标示 方向 线材厂 家 承认 目前为止 没有 科学 证明 线材 方向 会 影响 声音 不 排除 金耳朵 特定条件 下 听 出 线材 方向,1
楼主 开启 仙人 模式,0
楼主 买 原厂 线 参考 下,0
搞不懂 数字 线 材质 关系 难道 不 应该 看 屏蔽 结构,1
这根 线 很小 众 估计 没有 人 玩 盲 狙 一条 刚才 到货 简单 谈谈 听感,0
纯银 便宜 只试 一次 天乐 薄 硬亮 细节 确实 直 插 电脑 反而 不好 听,-1
商家 都 推 不用 看 说明 利润 很足,0
块 干什么 不好 想不通 浪费 钱,-1
,0
耳放 慢慢 换,0
电话 听筒 电子市场 做 根线,0
拜亚 动力,0
俩 月 不来 版 消失,0
现在 想法 反正 先 弄 一体机 估计 再 买个 转盘,0
听 古典 喜欢 拜亚 考虑 极致 素质 二代 差 声音 中性 低阻 好 推算 极致 版 三代 目前 评价 差异 比较 大,-1
现在 很 喜欢 戏曲 歌剧 乐器 有人 声 特别 京剧 特别 喜欢 胆机 念念不忘,1
体积小 一点 台式机 推荐 功放 行,0
耳朵 感受 低频 实 虚 需要 一定 经验 判断 动圈 低频 下潜 和量 感 特性 平板 略微 有点 区别 单元 特性 决定 拥有 版本 奥帝兹粉 评论 下 耳机 都 假 低频 体验 完胜,-1
好 美亚 淘 玩 高频 非常 非常 刺 低频 非常 非常 硬鬼 斧 翻车 后 发 贴 回应 问题 说 之前 测试 版本 绝对 没有 高频 问题 现在 新机 知乎 害人,1
耳机 稍微 戴松 一点 声音 科学 测试 图样,0
鬼斧神工 排行 不知 肯定 不是 频响,0
薄 要死 耳罩 直接 劝退,-1
家里 闲置   下学期 搬 宿舍 人间 稍微 折腾 下,-1
宿舍 搞 数播 系统 比较 麻烦 一体机,-1
讲究 点 界面,0
宿舍 界面,0
建议 电脑,0
大乌,0
两个 都 不选 何不 上 都 听,0
都 买 正好 互补,1
只 听 太素 不喜,0
比高 不 知道 去,0
原道,0
笑 不语 不是 结像 拉大 拉近 立体 解析 好 定位 清晰 表象 听 更 清楚 很多 人 觉得 塞子 解析 比大耳好 怼 近 带来 假 解析,-1
安卓 手表,0
安卓国 砖装 虚拟机 跑 里头 自带 浏览 其乐无穷,0
我用 奇葩 设备 系列   华为   用来 上网 投影仪 用来 打游戏 看 电影 旗舰店 飞傲 打游戏 电视机 上网,0
没有 人,0
帖 凉 没人 难不成 都 学生 上学 去,0
问 一下 更 符合 要求,0
看看 歌德,0
金 平面 平板 耳机,0
低频 下潜 适合 电音 高频 刺激 不 刺耳 适合 摇滚 流行 太 没 感情 佩戴 太 夹头,0
极致,0
看 挺 人 推荐 歌德 耳机 其实 之前 没有 考虑 现在 好好 想想,1
厉害 听 再 买,1
高级 货 买不起 仰望,1
说句 冒犯 感觉 狂吹 找 下家 出货,0
比较 奇怪 重 硬 声音 倒 比较 松软 轻巧 舒服 声音 硬邦邦 支持 找到 心头 好,1
谢谢 分享 听 感及 资源,0
恭喜 找到 喜欢 好 耳机,1
描述 很 到位   歌德 听 流行 想 摇摆 森海 听 流行 想 睡,0
歌德 调音 很 到位 不 高 素质 都 好听 调音 不讨喜 前端 去 改变 大幅提高 低频 增益 出来 低频 真的 好 肯定 调 音,1
歌德 小耳 不会 再 碰 懂 都 懂,1
貌似 真的 没 几个 小 地方 诶 呵呵,-1
人少 好处   不 乱,1
额 可能 年底 做无本 生意 悄悄 行动 咯 小心 好 小心 好,1
  现在 广州,0
支持 一下 广州 过年 回家 有空 玩玩 耳机 倒 很多 回家 过年 二房 不好 带 会 唠叨,-1
梧州   没钱入 大 耳机,0
广西 仔帮顶,1
老家 梧州 很近 过年 会 回去,0
玉林,0
没 听 说法 说不定 不错 存在 毕竟 单以 铁三角 女声 倾向 耳机 不计其数 品牌 男声 专长 耳机 细数 却 远不如 女声 专用机,1
头像 才 真正 箱子 感,0
很 喜欢 塞子   都 买   都 掉 感觉 耳机 两个 塞子 风格,1
反正 入 两只 高斯 纪念 糊 点 不算 地摊 音质 带 一定 信仰 老 机子 都 入 某宝 买 库存 是不是 有点 贵,0
咸鱼 收个 不香,0
肯定 素质 高点 素质 应该 接近 推测 要强,1
强 很多 歌德 声音 具有 特色 拜亚 比较 素,1
素质 高   明显 那种 高,0
解析 会 好些 声场 很大 大碗 声场 都 大 歌德 声音 侵略性,1
倒 没有 多大 差距 不值 二手 价格 三倍 差距,-1
好听 很多 素质 不错 听感 非常 宽松,1
听 马勒 二,0
认为 很,0
没有 听 交响 绝对 比好 太多,1
更 喜欢 听,1
入 出 两个 真的 都 很 不错 古典 会 更好 一点 更正 不差 听 人声 比好 很多,-1
这俩 选一 我会 选用 没 听 过别 喷 真的 没 听,0
不要 拿来,0
读不出 盘 直接 下 一首 不 搭 梯子 这种 情况 更,0
梯子 不 稳 顶多 放秒 切歌,-1
  打孔 羊皮 耳罩 我用 双面胶 套 外面 下面 一圈 装饰 去掉,0
买来买去 花 不少 时间 现在 弄 差不多 退烧 可喜可贺,-1
本来 不是 很糊,0
总 觉得 太 严肃,0
啥时候 糊,0
听感 不是 错觉 黑盒   背景 更 黑 突出 线条 感 加强 两端 延伸,1
低频 不 凝聚 跟糊 不是 很 搭边 诶,0
增加 细腻 度 解析 力 几乎 完美 耳机,0
现代 声是 声 新出   最近,0
流泪 没有,0
引用 老烧 说 珠江 味,0
折腾 线 同轴线 线墙 插 电源线 界面 耳放 差换 电位器 机 内线 座 插 折腾 完 突然 发现 好听,-1
钢琴 声 挺 高级 感 很 好听,1
发现 半夜 听歌 听感 比白 分 安定 感 似乎 结像 都 更 干净 觉得 脑放,1
推荐 曲子 恕我直言 水平 太 差   太过 舒缓 没点 氛围 六 指琴 魔 主题 完全 对应 不上,-1
肯定 美化 糊 一点 对比 之下 解析 粗 细节 揭示 力 都 很 强,1
蹲 要出 联系,0
建议 买 进口 国产 考虑,0
现在 初烧 都 太有钱 想 弄 推 纠结 没 买,0
耳机 箱子,0
二手,0
谷津 推出 声音 蛮 力度,0
建议 入 二代 换 一代 耳罩 原线 改 平衡 黑 参考 平衡 线 符合 要求,0
  没 试听 求助 网上 朋友   买来 卖 去 很 折腾,-1
再 收个 老比强,1
谢谢 各位朋友   谢谢,0
大概 看看,0
妖艳,0
,0
极致 价位 流行 真的 无敌,0
小乌 可能 性价比 最高 选择 不,0
歌德 索尼,0
爱丽丝 人声 不算 很近 声音 激情 找 找 老 型号,0
,0
铁三角,0
人声 相当 突出 中频 很棒 听 耳塞 高 低频 延伸 差 低频 混 立体感 差 人声 绝对 突出 乐器 配乐 真的 配乐 流行 很 多种 歌曲 出来 不太 复杂 流行歌 挺不错 这种 头戴 都 会 压头 注意,-1
跳水 之后 性价比 还行 没 跳 之前 不值,1
远古 搞怪 选手 剩下 不 白领 粑 粑 神马,0
严重 同意 最后 一句 话 每个 人 审美 都 差别 男人 产品 绝对 百分之 都 没法 欣赏 一类,-1
音质 再 好 质量 不好 不了 几天 坏 屁用,-1
难道 一次 买 十个 玩,0
其实 主要 价格 贵 质量 差别 耳机 拜亚 价格 差不多 当然 方向不同 很少 人 说 质量 问题 大 至少 年 半 不会 出现 类似 质量 问题 价格 千 音质 大改 没 人会 出来 骂 想象 一下 原来 多买个 听 年 算下来 差不多 价格 质量 不 成正比 差太远,-1
真 男人 声音 不错 外形 质量 米饭 客服 非常 牛,1
本贴 目的旨在 化解 厂家 用户 之间 恩怨 解决 用户 产品质量 产生 痛点 最大 程度 帮 激活 脑放 共建 和谐 论坛 构建 发烧友 命运 共同体,1
收 二手 不 短时间 没 感觉 大 毛病,0
觉得 贵不贵 消费者 选择 买 不 买 质量 问题 厂家 一定 重视 口碑 做 不 起来 应该 再 负责 一点 消费者 买 踏实 安心,0
大家 没 必要 黑而 黑有 问题 正常 厂家 能够 重视 起来 改过 改进 造福 烧友 才 共 赢,-1
时 价了 不要 丢 几个 我收 几个,0
一年 时间 质量 没 不堪 至少 做工 质量 同一 档次,0
  一代,0
二代 不 挑耳放 随便 买 想 买 买,0
一代 现在 多点 觉得 推 一代 都 还行 二代 应该 没 大 问题,0
现在 耳放 玩不转 还 好意思 出来 卖,1
一代 搞 一代 两个 字 妥贴,0
原创 单端 主要 耳放 功能 功放 喇叭 输出 还 真是 送,0
正在 使用 搭配 日系 耳机 还,0
感兴趣 现在 买 好像 月 中 才能 发货   想 搞 替补 白开水 参考 系统 耳放,1
推还行 推 不错 已出 无法 对比,1
占楼 旗舰 大耳 售价 都 接近 万元 前端 推好 应该 万元 以上,1
一套 二手 六七千 搞定,0
大部分 旗舰 耳机 上限 高 前端 越 好 声音 越 好 前端 周边 上 整个 价格 上去 当然 性价比 高 旗舰 大耳 推 不错 设备 可能 大部分 烧友 来讲 愿意 尝试,1
有种 说法 前端 耳机 至少 投入 只多不少,0
都 年 还 说 万元 以上 玩动圈 旗舰 要求 未免太 低,0
反正 系统 里面 最 便宜,0
万元 以内 机器 只能 说 差强人意 安定 感差 些 频段 突兀 背景 不够 黑,-1
除掉 耳机 万元 搞 一体机 很 勉强 搞 分体 哪够,1
不 理性 发烧 发烧友 主力 耳机 占 系统 价格 百分之三左右,0
听 人声 很 好,1
全方位 好听,1
咸吃 萝卜 淡 操心,0
各有 玩法,0
那有 玩 器材 过瘾,0
都 寻找 对比度 不 初体验 只 可能 一段时间,0
感觉 忘 初衷 比较 好,1
不 经验 拿走,0
树莓 派 很 多种,0
金 画眉 同价位 不算 坑,0
树莓 派 金 画眉 伯伯 两个 伯伯 凑合着 上 不 封顶 一万 台机 不 知道 是不是 喜欢 声音 不 知道 情况 下 学费 交到 官方 可能 会少点,1
金 画眉 声音 偏中 下盘 高频 暗 对比 高频 暗 两个 搭配 听 人声 算是 没戏 古典 还行 声音 风格 不算 很 搭配 对比 森海 西装 套耳放,0
没用 百万 解码器 几十万 耳放 推过 之前 暂定 成,-1
本质 钱 区别 总体 钱越 声音 越 好,1
讨论 型号 讨论 大厂 牛 牛 芯片 调 出来 都 声音 胡诌 随便 调 塑料 味 模拟 声 算是 中庸,1
别管 多能响 行会 声 很多 钱,0
已经 有功 放 不 需要 耳放来 推 直接 解码   好 有源音箱 功放 都 已经 绑定 不 存在 推好 不 推好,1
耳机 口转 正常 出声 要求 不高 随便 听听,0
  确定 音箱 需要 接电源 有源 箱子 不 需要 推主 需要 模拟信号 输入,0
主要 模拟 输入,0
节前 听,0
对比 更 喜欢 声音 调音 太过 嘹亮 刺激 音染 过重 很多 乐器 音色 都 染 变味 习惯于 欧系 耳机 真的 染色 有点 认为 人声 很 毒 同样 很近 很 凝聚 厚度 不同于 温暖 嘹亮 热情 一种 真实 清新 剔透 毒 低频 比厚 一点点 整体 更 均衡 响应 快速 充满活力 理解 下盘 加厚 一点 高频 亮度 低 一点 保留 声底 音色 靠拢 感觉 腔体 结构 声音 镀上 一丝 金属光泽 泛音 感觉 很 有趣,-1
楼主 漏玩 认为 低端 歌德 系里 最好 耳机 可惜,1
重量 佩戴 太 劝退   反倒 那种 更大 更重 戴 舒服,-1
现在 价格 觉得 这档 档 才 算 性价比,0
歌德 全系 首发 价 没有 问题 问题 在于 发布 之后 基本 不 降价 安润 还会 涨价   导致 往后面 型号 基本 不 值得 买 现在 特价 还要 还 一万 真是 醉,1
占 下楼,0
路过 看看,0
骚图 相机,1
,0
同用 顶一下,1
用户,0
围观 学习 一下,0
围观 学习 一下,0
好 漂亮 机子,1
上机 内 照片 欣赏 一下,0
知名 烧友 晖 壕 一顶,1
围观 知名 烧友,0
相机 很 好,1
路上,0
小龙 说 这种 后面 平衡 口直 推会 更好 些,1
看看 支持 楼主 国货,1
可惜 缺少 器材,0
看图 还 相信 年 下来 无数 大厂 类似 方案 茫茫 耳机 海 中 依旧 没有 出现 类似 出现 市场 浪花 淹没,0
这是 北京 视听,0
帝都 好 试听 都 很多,1
天域 联达 总 感觉 不买 东西 不太 好意思 去 试听,1
元旦 旗舰店 入手 今天 试听 五分钟 原来 无法 听 下去 耳机 东西 经济 能力 承受 建议 一步到位 免得 一大堆 器材 堆 浪费 家里 空间 口袋 受得了 不会 后悔 选择,0
几天 旗舰店 特价 降 很多 换购 相等于 省 兴趣 入手,0
今年 指标 完 明年 大人 发火,0
乐器 还 不错,1
喜欢 人声 选小乌 器乐,1
小乌 换成 大乌 耳罩 声场   通透 度 比强 现在 全新 小乌 都 赠品 标配 大乌 耳罩,1
只 听 过原 耳罩 小乌 投一票,0
买 大 乌出 当然 主要 是因为 大乌 放在 手里 雷   知道 啥时候 坏 声场 真的 有点 憋,0
先 声明 没金 画眉 避免 圈钱 嫌疑 老 用户 应该 免费 升级,0
南昌 经销商,0
一年 出 新品 赚钱 赚 很 开心,1
初 推出 时 评价 已经 不太好   现在 更 接口技术 太旧   声音 配应 不错,1
元 东西 算是 线电 晕倒,0
以前 广电 方式 现在 都 家用,0
搞 复杂 播放 流媒体 便利性 外 到底 音质 不能 胜过 本地 文件 播放,0
只能 上,0
低频 实 过量 喜欢 人 肯定 少 很多,1
  对比,0
已 关注 醇音 站 账号,0
更好 点,1
苹果 手机 直接 预算 比较 少 买代,0
蓝牙 接收器 耳塞 直 插 接收 手机 蓝牙 信号 即可,0
极致   带 原厂 蓝牙 非 降噪 封闭式,0
做工 好,1
哪款 国砖,0
高频 会 刺,0
去 紫檀 问问 人,0
差一点,-1
使用 方便性 方面 基本 差不多 高码 流 音源 只能 支持 到位 码流会 降级 播放   支持 取决于 上限,-1
都 明显     自有 协议 串流 播放 值钱 地方 仅仅 玩 本地播放 音质 不是 最 值得 推荐,1
音质 差 好多,-1
恩会 降级 以后 苹果 升级 一下 协议 就行了,0
耳放 直接 插 墙 插 上 看看 有没有 变化,0
仿 听不出 区别 没 必要 换 耳朵 太木 没 办法,-1
耳放 不能 太 提升 质 变得 加 界面 解码 不想 折腾 建议 随便 听听 就行了,-1
不 建议 再 换下去 直 插 专心 听 音乐 好 买 掉 回血,1
好 东西   忽略 电,1
石机 推想 超脱 森海 西装 那种 灰色 声音 基调 基本 选,0
看来 需要 好 解码,1
相对 体积 小巧 很多 还 带 解码 价格便宜 一大截 性价比 肯定 比好,1
解码   再升   意义 不大,0
体积 太 巨大 还要 加 高级 解码 加 线材 比贵 很多很多,1
搞来搞去 森海 西装 最 安逸 折腾 成倍 价格 出去 声音 提升 不 明显 没有 意义 直接 西装 套 安逸 听歌,-1
商家,0
可怜,0
情况,0
文中 提到 商家,0
无耻 卖家 还 无耻,0
证据 证明 假 听 耳朵 不作数,-1
早就 怀疑 应该 假货 做工 买 去 置顶 商家 买 米,-1
卖家 淘宝 地址 旺旺 名字 真人 名字 全部 公布出来,0
易迅 买 发烧 耳机 觉得 淘宝 放心,0
据我所知 挺 谱,0
可怜 楼主,0
其实 怀疑 楼主 没 好好 听 应该 真的 同事 买 后 怀疑 星期 升级 上去 经常 问 是不是 真的 说 真的,1
顶置 商家 那类 信得过 耳机 建议 买国行 起码 上官 网验 真假 声称 外国 原装 散货 假 可能性 很大,-1
奇怪 楼主 听过 真的,0
相信 普天下 所有 都 假,-1
淘宝 卖家 不会 元 换来 差评 楼主 换 几个 号 买 家 几十元 东西 差评 对付,-1
上   高清 无码 大图   看看,0
某公知 所说 文脉 断,0
挺 好 建议 清明 烧点 冷冻 超导 量子 黑洞 单晶 银,1
祖宗 牛 遇到 不 懂 问题 直接 去 问 祖宗 不 好了吗 还 论坛 上面 混,1
读 前面 感觉 这装 读 后面 红字 感觉 档次 下来 不喷人 好,1
没 明白 楼主 想 表达,0
大 兄弟   不是 姓 吴,0
分频 相位 重点 电路 喇叭 相位 都 没有,0
好几 公斤 分频 点 够低 不 知道 兄台 喇叭,1
就行 功放 不能 调 音量 还 必须 这种   才行   声音 炸,0
男人家 知道 品控 不行 售 后来 弥补 过保 惨,0
楼主 煲机 差距 大,-1
看来 他家 保 售后 不错 咸鱼 很多 便宜 裸机 不敢 买,1
回厂 修过 新 比较 维修 备件 都 正常 零售 品低 一级 修好 能用 好 出来 晒,1
是不是 左 单元 无声,0
男人家 旗舰 保年 以上 才 考虑 金 一年 内修 两次 声音 真的 好 质量 真 尼玛,1
审核 审核,0
出 没多久 保 比较,0
推都 底噪 耳放 狗屎,-1
牌子 找 某人 做 代理 某人 宣传 方式 瞎 几把 黑 竞争对手 到处 回帖 推广 污染 版面,0
所有 同轴 口 都 只 支持 协议 说 文件格式 同轴 口用 通讯 协议 没有 关系,1
高产,0
没人 回 是因为 没人用 歌德 家 没 惨 标题 太 严肃,0
纯电音 摇滚 欧吧 不想 刺激 欧,0
非 试试 歌德 电音 摇滚 试试 闲鱼 多久 收到,0
推荐 看看 极致 出 很 适合 电音 摇滚 很 好 推,1
觉得 同价位 已经 很 合适 对手 寥寥无几 素质 不高 内味,1
最大 优势 直 推 再 上台 提升 不 大 失去 性价比 推 很 好听,1
头子 一模一样 没 几只 对比,0
铁三角,0
古河 金,0
早试 耳朵 区别 随赠 声音 粗 硬 不 建议 古河 镀 铑 高频 好 声音 偏薄 低频 量 削 解析 最好 后来 古河 镀金 纠结 很 久 最后 留下 镀金 镀金 高频 解析 镀 铑 声音 饱满 自然 低频 宽松,1
耳棉 耳罩 确实 属于 消耗品 不 质保 范围 内 质量 曾经 男人家 粉 现在 可能 比路 人 都 差点,-1
他家 类 耳罩 通病 新 耳罩 装 手指 扣 耳罩 内侧 去 稍 用力 直接 会 变成 图里 样子 一定 小心 内侧 胶水 很不牢,0
他家 东西 快 消品 只 注重 声音 方面 基本上 够用 就行 之前 卖完 一波 技术升级 之后 老款 降价 贬值 新品 再 卖 一波 周而复始 现在 振膜 磁铁 技术 似乎 进入 瓶颈 旗舰 更新 没 快 搞 无线耳机 他家 目前 没有 从个 方面 来说 都 比较 好 产品 估计 以后 会 到时候 再 考虑 买 他家,1
米饭 那种 一贯 不 尊重 消费者 嘴脸 注定 他家 产品 售后服务 不会 好 去,1
别人 耳机 电子 消费品 他家 电子 消耗品,0
寄 回去 免费 粘好,1
入门 放弃,0
耳罩 设计 缺陷 以前 我用 糟心,0
大 冬天 怕冷,0
某颗 电容 老化,0
这种 转盘 可能 垃圾 没什么 区别,-1
应该 没 大 问题 总体 功能 好 部件 会受 温度 影响 估计 皮带 问题 时间 太 长老 化 受热 伸缩 正常 能动,1
先换 皮带 试试,0
以前 用心 悦 转盘 出过 这种 情况 直接 光头 组件 一起 换 几十块 成本 新派 不是 飞利浦 机芯 咋个 变成 三洋,1
不是 都 说 牌子 转盘 垃圾 容易 坏 上 一次 看有 帖子 换个 转盘 玩 转盘 老老实实 买个 传统 大厂,-1
国产 丢 厂家 搞 瞎折腾 好,-1
飞利浦 碟机,0
无法 进出 仓 大部分 原因 皮带 老化 不读 碟 光头 老化 这种 光头 几年 就要 换 不要 担心 音质,0
看 机芯 没用 皮带 齿轮 上加 润滑脂 就行,-1
森海塞尔 送 耳机 架 方便 好用,1
需要 一卷 铁丝,0
耳机 架 买 高 一点 比较 好太低 容易 窝线,1
价位 单边 单边 旗舰 搞 单边 接受 不能 出个 双边 版 应该 不错 毕竟 高阻 停产 不会 抢 销量,1
老版 隔音棉 耳罩 腔体 都 不 声音 区别 应该 很大 或许 现在 才 更 当年,0
老 耳机 基本 都 双边 不 限于 拜亚 动力,0
空心 版 成色 还 不错   短暂 听过 一段时间   觉得 实心 版 好听 如有 出好 成色 实心 版 请 联系,1
这种 简单 塑料 头梁 没法 线,0
听 流行 真的 好 确定,1
林俊杰 铁粉 持有 说实话 听 这张 专辑 还原 问题 楼主 觉得 小房间 实际上 这才 正确 林俊杰 这首 弹唱 小 房价 录 下 房间 变成 豪宅 客厅 乍一听 很 厉害 实则 问题,1
线 神马,0
美标 用国 标线 墙 插 零线 火线 对调 一下,0
铁三角 老 木碗 适合 比较 新 西装,0
,0
,0
歌德 调音 比较 润 有点 重,0
,0
听 电器店 站 米 远 看寸 电视   只能 享 忍受 分钟   听 飞机 头等舱 半 躺 看寸屏   享 忍受 小时,0
不 通透,0
不怎么 相信,0
好像 前 阵子 盒子 缩小 才 变成 亚光版,1
没见,0
只留 一台 头号 备胎 今天 新入 考虑,0
渣 男 路过 不敢 说话,0
百度 一下 接触 电阻 这种 接头 没有 腐蚀   锈蚀 基本 没事 买过 库存 拜亚 听 难听 发现 接头 内部 有点 锈蚀 换 新 接头 声音 正常,-1
功放 推   可能 比较 粗糙   索尼 耳机   需要 极强 电流 输出 能力 控制力   功 放在 第二点 弱点   反正 推着 玩 无所谓,-1
这离 推好 实际上 不小 距离 差不多 刚 撑开 振膜,-1
师承,0
日版 国行 黑色,0
胆 机能 伺候 好 本人 推,1
耳机 声音 忠于 前端,0
恭喜 入坑 前路 漫漫,1
手持 正在 买 还 没 到货,0
款 耳机 不敢 说 好 价格 区间 来说 真的 性价比 非常 优秀 佩戴 舒适度 一流 音效 不敢 说 厉害 绝对值 价格 没 必要 过度 吹嘘   没 必要 踩得 一文不值 很多 初烧 来说 真的 非常 优秀 一款 产品,-1
耳机 细腻,0
为啥 帖子 没人 看,0
好 解码 低频 结像 完整性 饱满 程度 很 重要 一丁点 富余 解析 力 还 重要,1
怼 一会 吵起来 注册 新号 下次,0
赶紧 注册,0
搬个 小 马扎 耐看 人 打架,0
,0
三票,0
,0
考虑一下,0
古典 分 类型 要说 全 类型 都 听 肯定,0
,0
应该 家里 普通 交换机 出 交换机 入 交换机 出 设备 入,0
迷惑 行为 日常,0
再 折腾 垃圾 耳机,-1
没 钱 先捡 台山 灵 凑合 听 亲测 不少台 机 好听,1
搞个 台机 押金 试听 从直 推 心理 至少 会 定位,0
软件 是不是 越新越 好,1
内部 组件 基本 新 不 太 喜欢 新版 界面 改动,1
数播 系统 重要 稳定性   兼容性   音质,0
下载 试用 一下 发现 没 办法 加装,0
写个 脚本 就行了,0
飞利浦 十几块 钱 行,0
求个 脑放   欧亚 德     很 便宜   大 牌子,0
元 左右 敏力,0
收集 爱好者,1
秒 越 厉害 越 不 容易 翻车,1
没有 平头 塞额,0
问题 一体机 增益 选项 音量 足够 需要 开 高增益,0
顶一下,1
飞傲 推 确实 很烂 感觉 比直 插 手机 声音 大 没 听 出 区别,0
价位 水平 听 出 区别 都 金耳朵,0
好用,1
几乎 不用 漫长 预读 时间,0
升频 完成 关系 不 记得 内置 升频 功能,0
升 频 毛 关系,0
麻烦 试试 升频 高 码率 以上 接 解码 有没有 偶尔 爆音 失锁 问题 之前 问题 很多 从来 都 不 推荐 几个 方案 设备,-1
其实 不用 排除法 升频 模块 肯定 不是 方案 才能 方案 设备 简直 凤毛麟角 几台 设备 专门 开发 模块 不是 特别 闲 没人会 去 做 肯定 解码 用升频 会 很多,0
用国 砖 同轴 输出 大法 系列 不错,1
太大 不 方便,-1
前面 加个 数字 时代 意大利,0
很 有意 诚意 一台 中 端机 国产 里面 设计 理念 最 超前 品牌,0
日语 一级 表示 背面 印着 玩意 单词 都 不是 更构 句子 日 文字 库里 随便 找 一堆 字符 放上去,0
口,0
屏幕显示 会 不会 带来 底噪,0
人声 很 近接 这种 中频 凹 特别 好,1
个人 觉得 普通 版 低频 量 介于   之间 版 低频 量 比多版 齿音 远 没有 普通 版 刺 普通 新版 应该 不是 一代,0
用来 推 耳机 不错,1
二嫂,0
威望 大佬 同城 帮顶,1
楼主 高烧,0
国产 高端 小 强横 评,1
上 二嫂 金嗓子 机   没 必要 接接 只能 播放 层,-1
看 欧洲 很多 大牌 小众型 机子 翩美 音乐 之旅 科普兰 都 不贵 不行 生意 偏 味道,0
别选 吸入式,0
价位 真 没 好 选 比较 小巧 吸入 不太爽 感觉 车子 上 机 拆下来,1
    加 外 接电源 人声 无敌 声音 密度 高比 电脑 强多,1
楼上 电源 人 外面 买 不 占 地方 机器 整体 来说 解析 三频 比较 中庸 听感 味道 一流 属于 耐 听 机器 感觉 西装 大 动态 爆 起来 起码 接个 一体 胆放 推听感 及格 建议 收个 二手 试试看 吸入式 习惯 还好 隔壁 有个 万机 老 帖子 参考 参考 价位 觉得 玩家 退烧,-1
个人 赛乐士 转盘 感觉 挺 好 价位 没有 选择,1
真的 玩过 不 推荐 台式机 里面 算 很 差 起码 好点 最 英国 味 中频 密度 好点 都 不及格,-1
用过 几个 月 素质 味道 机看 取舍,0
大耳直 推 不好,-1
好 低 阻大耳 需要 低 阻放 不要 耳放 不是 看 阻抗 灵敏度 更 重要 有时候 阻抗 反而 更 容易 推,1
认为 人 使用 便携 设备 直 推大耳 误区 包括 使用 便携 耳放,0
感谢 老烧 指点,0
苹果 传输 安卓是 传输 音质 更好,1
靠大牛 堆 出来 低频 价位 难 找 对手 乐感 安定 感 其实 很 好,1
凑 凑热闹 相安无事 地过 一年 郎才女貌 暂无 升级 欲望,0
不 支持,1
声音 肥 瘦 比较 精壮 那种,0
用家 感觉 基本 楼主 这台 解码 整体 上 等腰 梯形 声音 相当 踏实,0
音源,0
家 路过 闲置 吃灰中 有意 出 非常 新,0
算是 玩 电源 玩得 最好 声音 总是 非常 稳固 扎实,1
其实 听 不差 很多 人 看 解码 看 参数 可惜 很多 新 解码 都,-1
下意识 看 下 发帖 时间,0
版 前 用家 机器 赞不绝口 后来 出 产品 就别 买 没意思 还贵,1
封闭 大耳 退烧 看来 办公室,-1
欢迎 日后 烧 回来,0
电磁炉,0
大爱,0
还 发帖 说明 没真 退烧,-1
耳机 算是 铁家 销量 担当 调音 可能 不 适合 交响 日系 女声 单端 推 确实 不太耐 听,1
推好 非常 通透 会 不堪入耳,1
声音 非常 骨感 初 听 都 会 觉得 非常 清甜 悦耳 时间 久 会 觉得 越 听 越 没 味道,0
前端 不 自信 老老实实   欧,0
欧 相对 欧结 更 精细 更 立体 一点 高频 稍微 少 一点 都 仔细 比较 才能 听 出来 推力 问题 那买 欧就行 整体 风格 风格,0
建议,0
差价 都 够 上台 好 再 上 净化 都 绰绰有余,-1
做 转盘 声音 好 说 都 心动,1
树莓 派 不用 万,0
说 换碟 不 方便 黑胶 更 不 方便   各有千秋,-1
强 强 放入 过程 产生 庄严 感 本质 插入 闪存盘 没有 区别,1
,0
保平安,0
通吃,0
偏暖 偏冷 看 喜欢 听 都,1
听 民谣 不 建议 尝试,0
不 考虑 下 觉得 适应性 更好,1
一票,0
说 太好了 学习,1
好文 顶一下,1
所谓 现场 其实 听 布置 扬声器 系统 说白了 去 听 一场 专业 大 喇叭 秀,0
不 知道 老 有人 说 现场 录音 问题 交响乐 录音 很 早就 采用 乐器 旁边 麦克风 收音 方式 回放 下来 肯定 现场 听 细节,0
唱片 录音 位置 不是 观众席,0
数播 上加,0
加 提升 大,0
原线 字   糊,0
拜读 拥有 觉得 两个 都 高 水准 耳机 原线 镀银 线 确实 不是 两个 耳机 最佳 拍档 纯银 线 更 展现出 森海家 气度,1
郎朗 这版 哥德堡 整体 平衡 耐 听 权威 感 确实 有点 过于 小心翼翼 时刻 怀 朝圣 之心 演绎,1
看到 两个 耳机 线 都 不同 不是 两个 耳机 之间 对比 二 两套 系统 搭配 对比 还 朋友家 干脆 平衡 线换 上 再 对比 一轮,0
耳罩 不 换下 耳罩 声音 风格 会 接近,0
大姐 平衡 去 推   干嘛 不用 平衡 推 平衡 单端 动态 差 很多,-1
传说 中 避震   目瞪狗 呆,0
语体 教 富丽堂皇 形容 音乐 想 住 宫殿 想 疯,1
皇帝 很 快乐 游行,0
好 帖 帮顶,1
避震 很 有用 特别 没 避震 上 下功夫 机器 效果显著,1
其实 仪器 检测 不同 线 传输 一段 数据 看看 差别 知道,-1
很多 线材 无用论 脸 前 几天 彩 都 定性 山寨 线 第一 生产力,0
线 不是 最短 块板 那线 肯定 无用,0
能盲 听 出 区别 有用 盲 听不出 区别 测试 再 好,1
测试 笑掉大牙,0
学 计算机 音频线 传输 模拟信号 不敢 乱讲 线 有话要说 有图 真相 看起来 好像 很 说服力 来说 都 扯蛋 真的 了解 传输 协议 数字传输 协议 硬件 本身 校验 计算机 上 容不得 半点 差异 还 搞 毛线 电平 信号 错 搞 大 二进制 所谓 干扰 错 一位 影响 巨大 这是 表示 数字 财务数据 发烧 理性 不要 盲目,-1
觉得 不 折腾 上面 好 不少 就够,-1
请问 下楼 主线,0
确实 不错,1
上 驱动 好,1
输出 有没有 搞个 插件 好像,1
按高 登官 网上 说明书 安装 装好 后 格式 机器 屏幕 会 显示 木耳 没有 听出 格式 区别,1
黑武士 纯银 用户 帮顶 几十块 线 音质 真是 出乎意料 贵气 一下 出来 真是 超值 回头 好好 说 说,1
其实 版 论坛,0
合理 发烧     适可而止,0
挺 好   及时 退烧   好好 享受 音乐 才 正道,-1
大半年 没有 换 新 装备,0
反着 向下 烧 试试,0
免疫力 判断力 很 重要 特别 鼓吹 数据 线材 人,0
单纯 听个 古典 器材 各有千秋 老三样 不太 挑 桌面 设备 现在 高码 片源 已经 超好 旗舰 大耳才 等于 入烧 设备 确有 要求 极致 不想 烧 银子 老三样 老 五样 里 轻松 玩 不要 去 拼 性价比 第一 倍 起步 便携,1
呵呵 盲 听 出 线 万 线 区别 申请 诺贝尔奖 设 奖项,-1
建议 实体 试戴 接受 那根 粗 线缆 夹 耳 佩戴 再 考虑 声音 没什么 问题 非常 独特,0
版 确实 难 推 一档 低 阻放 搞搞 没有 版 算了 要说 经典 无 后缀 版 版 不上不下,0
换大 耳罩 还 行 密度 能量 感会 稍弱 原装 小 耳罩 声场 太差 相比 会 好 很多,-1
好听,1
收个 不是 更好 性价比 不少,1
不错,1
手里 爱丽丝   低频 少 可怜 听 人声 真的 好 音色 冰雪 晶莹,1
歌德 低频 量少 质量 比较 高,0
不太 适合 摇滚 声音 比较 硬 古典 小 编制 很阔 低频 很 好 贵,1
系列 低频 足,0
只能 说 每个 人 口味 听感 不同 听 低频 不错 不 感觉 少比 多些 黑标 应该 介于 之间 才 喜欢 低频 搞 感觉 歌德 来说 低频 过多,1
没 觉得 黑标 低音 少 相反 黑标 小 耳罩 中 素质 算 数一数二 音色 难听,-1
黑标 确实 感觉 有种 扭曲 肥大 低频 量 上 偏 仅仅 比少点 还 主要 堆积 中 低频 厚度 很肥 氛围 很强 不 干脆 太 拖沓 下潜 弹性 表现 都 这是 黑标 问题 歌德 调音 无关 歌德 限量版 调音 试验品 不大像 典型 歌德 声,1
先 说 里 挑选 原因,0
手持 直 推 很棒 上 表现 非常 好,1
说 歌德 俩 都行,0
看来 做 功课 直 推 听 人声 买 两个 都,0
直 推不上 放 听,1
耳机 口 居然 不是 送,0
单 端口 很 好,1
声音 不错 价格 太贵 个人 认为 降到 万元 内 左右 比较 合理,-1
整天 黑 牌子 确实 好 耳机 好好 产品线 搞不懂 为啥 去 山寨,1
直上      ,0
应该 平板 里 解析 仅次于,0
三代 其实 都 很 特点,0
本人 感觉 早晨 上班 路上 音乐 特别 味道,0
主要 深夜 环境 比较 安静 周围 噪声 更 低,0
上班 摸鱼 最好 听,1
准备 入大耳 仨 很感兴趣 插楼 直播,0
公司 都 合作   产品 都 负责 研发 生产 包括         同样   研发 生产 同一 研发 团队 生产 工厂,0
没 标 没有 原厂 说法,0
,-1
中 想要 下 可调 电压 输出 意思 能够 支持 电压 范围 很 广大 多数 音频设备 直流电源 电压 范围 内 这是 目标 希望 电源 具有 尽可能 低 噪声 当然 最 简单 方法 线性 稳压器 宽 输出 电压 范围 内当 低电压 输出 时 需要 更 电流 提供 相同 量 功率 这会 稳压器 上 引入 大量 电压 使 几乎 所有 功率 耗散 稳压器 中 不可 接受 需要 巨大 散热器 仍然 很难 使 设备 不致 过热 需要 解决方案 开关 模式 电源 这种 情况 下降 低噪声 很 难 完成 任务 并非 不 可能 需要 更加 仔细 设计 开关电源 电路 组件 布局 同样 电感 几乎 所有 问题 原因 开关电路 中 电感 导致 噪声 问题 电源 输出 上 电缆 开关电源 电路 走线 优化 关键 使用 控制器 具有 内部 开关 接 地层 这为 开关电流 提供 最 短 路径 芯片 还 集成 输入 电容器 电流 提供 最快 浪涌 电流 通路 降低 减少 输出 纹波 使用 降压 转换器 设计 相比 转换器 输出 纹波 低 是因为 具有 二极管 转换器 不同 降压 转换器 输出 上 具有 电感器 输出 上 二极管 具有 高度 非线性 电流 需要 输出 电容器 进行 滤波 电感器 会 阻止 电流 快速 变化 输出 电容器 容易 维持 低 输出 电压 纹波 使用 输入 输出 滤波器 仅 开关电源 周围 定位 开关电流 还 入口 中 使用 输入 滤波器 进一步 降低 外部 噪声 回到 输出 电压 开关电源 工作   频率 上 使 开关 噪声 远离 听 范围 不 意味着 不 需要 处理 噪声 可能 经由 放大器 导致 听 噪音 必须 尽可能 保持 最低水平 输出 滤波器 实际上 并未 频率 上 工作 其后 使用 滤波器 抑制 兆赫兹 区域 噪声 滤波器 会 影响 电源 输出 上 纹波 还会 引入 相移 快关 电源 带宽 会 导致 误差 放大 仅 滤波器 之后 测量 电压 可能 导致 振荡 测量 滤波器 之前 电压 电路 保持稳定 无法 瞬态 做出 快速 响应 电感 会 电源 分开 电感 电阻 输出电阻 会 更 高 导致 电压 电流 变化 下降 解决 问题 最终 解决方案 混合 电源 系统 称为 解决方案 结合 开关电源 线性 稳压器 基于 晶体管 设计 低压 降 稳压器 输出 电流 保持 压 降低 能够 开关电源 电压 设置 输出 电压 之上 保持 散热 最小 这使 拥有 带有 附加 滤波器 低噪声 稳定 开关电源 保持 出色 负载 调整 保持 拥有 差分 误差 放大器 放大器 远距离 感应 一部分 具有 两级 调节 变压器 之后 来自 桥 纹波 几乎 完全 衰减,-1
后排 提醒 下 大 宝贝 美金 还 贵,0
应该 电 问题 之前 胆机 一边 噪声 卖 下家后 下家 说 没有,0
解码 耳放 一体机 当然 选择 数字信号 输入 用口 当然 部分 集成声卡 光纤 口 很少 使用,0
对比 听 满意,0
耳放 跟着 耳机 走 解码 跟着 音源 走 没错 不要 想着 集成板 载能 出 好声 集成声卡 不 支持 播放器 独占 模式 你播 音乐 系统 声音 先 采样率 转换 合成 音频 信号 再 声卡 输出 基本 最差 方式 没错,-1
享受 音乐 无需 折腾,-1
找 机会 试听 音箱 看看 不 口味,0
没有 静电 平板,0
上 五万 级别 解码器 先,0
其实 没 矛盾 适可而止 就行了,0
好 帖子 顶一下,1
折腾 更好 享受 生命 在于 折腾,-1
兴趣 楼主 试试 新版,0
会 拆 先看 下 单元 是不是 原版,0
老版 很 没有 必要 刻意追求 质量 没有 可靠 包括 铜环 版本 版本 耳机线 插头 容易 出现 问题 入,1
罗版 不 挺 好 这版 之前 出过 一副 何苦,1
其实 声音 差不多 已经 新版 谱 老掉牙 状态 近 全新 耳机 状态,-1
买 听 没 必要 折腾 那点 差别 换 耳机,-1
封闭式 大耳 声场 做 不错 很 成功,1
发现 手头 都 开放式 今年 我要 看看 封闭式 耳机,1
电磁炉 都 试过 听 人声 真的 只 适合 女声独唱 种类 人声 适应性 太 差 记忆 最深 摇滚 听首 加州 旅店 满脑子 都 吉他 人声 都 被忽略了,-1
对耳放 驱动 要求 才 最高 耳放 没 推好 堆 根本 没用,-1
反正 试 一圈 常见 低阻 放在 数字 输出 渣 情况 下真 没 听 出 好 放 点 原生 直 插 都 很 不错,1
建议 去 试试 不 适合 低 阻耳放 电流 根本 不够 觉得 东西 出不来 吉他 玩 很多年 经验 都 插 高 阻口,0
换线,0
奇怪,0
振膜 是不是 那种 比较 容易 坏,0
很 想 知道 驱动 有没有 解决方案,0
声音 支离破碎 问题 其实 没有 一下 解决 方法   解法 煲   煲 地老天荒   振膜 微黄   不是 说 笑   朋友 煲 三年 高频 不碎   最后 上推 满 动态 饱满   确认 大功告成 便 转身 上   继续 开煲,0
突然 感觉 楼上 大神 说 非常 道理,0
线 里面 肯定 有断 地方 买个 小 插头 重新 焊 一下 就行 插头 附近 线 最好 不要 窝,1
官网 原线 三百多 一根 修 估计 找 应该 不会 超过,0
耳机 最大 承受 功率 不是 耳机 工作 时 需要 功率 不要 看 选耳放,0
听说 推 还 不错,1
中阻 高敏,0
森海 赛尔 解释 下 为啥 旗舰 欧姆 下降 欧姆,0
感觉 敏感度 阻抗 觉得 比较 合适,1
兄弟 发问 帖子 已经 凉凉 沉底,1
高阻 低敏 东西 不 适合 做 扬声器,0
没有,0
绝 听 男声 听得 比较 说,0
蔡 大妈 都 不放过,0
好,1
无视 表示 很 受伤,0
越 看 越 糊涂,0
都 没有 裙带 麻瓜,0
蓝色,0
有心 越来越 觉得 充 话费 送 孩纸 哈哈哈,1
系列 没写 上,0
各有千秋,0
络腮胡 不错,1
同样 蓝来 帮顶,1
楼主 真切 感受 不错 不错 期待 铁三角 加入 对比,1
确定 两个 木碗,0
品牌 看法 部分 大致 同意 看法 略有不同 说 单元 素质 高 单元 素质 只能 更高 实际上 素质 都 占 不到 便宜 实际上 解析 二代 水平 差不多 声音 规模 能大 单元 素质 高 到哪去 最近 听 风格 平衡 中庸 感觉 相对 耳机 最 特别 巨大 结像 这种 程度 调音 觉得 不算 圈钱 凑合 调,-1
听得 越 越 迷茫 越 觉得 不错 挺 好,1
淘宝 搜   海捷 耳机 包,0
风格 不同 耳机 没什么 可比性,0
老版 不 老版 没 关系 新 新版 那种 感觉 整个 听大 编制 古典 都 味,0
老版 低音 会 多一点点 后期 更 均衡 一点 差别 很小 本质 后面 版本 相比 之前   没 本质 提升 整个 人 安心 退烧 声音,-1
声音 比闷 糊 个人 认为 更 接近 现场 听 音乐会 声音 尤其 低音 现场 听 交响 确实 没有 那种 飘逸 高音 华丽 通透 感 下 盘 非常 扎实 非常 稳 做 不到 耳机 那种 毒 味精 味 也许 没 听 更好 现场,1
干嘛 偷 别人 图,0
楼主 年产,0
小尾巴 好   建议       芯片 例       声音 比较 匹配,1
铁三 力士 绝配,0
电脑 品质 好 电脑 直 推就行 耳机 大部分 前端 都 推好,1
脑放 扬声器 听筒 输出 光纤 口 没有 关系,0
主板 上 光纤 口 声音 很燥,0
音源 格式 放 原味 仔细听 很 多次 设备 倍频 听 喜欢 主板 来看 电影 听歌 比较 粗糙,-1
光纤 口 应该   里 设置,0
单端 推 不错,1
振膜 很 好 推么配 蓝牙 适配器 推 不错,1
看见 万元 直接 跳过,0
小不点 耳房 推力 不错 用来 推 平板 话 说 木碗 造型 颜色 挺 经典,1
不要 拍 照片   字体 放小 一点 或许 有人 觉得 不是 软文,0
宣传 复刻 货颜值 做工 索尼 差 十万八千里 当不起 那万 价位 旗舰 档次 万块 钱 完全 不 当回事 土豪 玩家 不 相信 正常 烧友 原价 买 这货,-1
声音 看来 还 不错 头梁 框架 有点 没 诚意,1
这货 最 尴尬 定价 勉强 能够 接受,1
造势 铺 货 完成,0
唢呐 吹 出 现代 音乐感 不多抖 音上 倒 见,0
喜欢 器材 搭配 喜欢 音乐 算得 上 双重 享受,1
入门 小尾巴 如山灵 艾 巴索 即可 手机 自带 白色 转接线 其实,0
随身 撑 不起,0
歌德 不 挑 前端   搞个 行,0
好点 便携 播放器 即可 用不着 上台 提升 不大,1
闲鱼 上 交易 蛮 频繁,0
谢谢   大家,0
卫星 不是 白 搞 大 数据 全民 营销 年代 消费主义 全年 小时 不间断 生活 角落 人 推送 洗脑 就算 搞不定 搞定 父母 妻儿 手段 越来越 厉害 财富 越来越 膨胀 吃 相 却 越来越 难看 整个 地球 仅仅 一块 韭菜 跑 去,-1
摆 高频 不会 略 刺激,0
更绝 一对   寸 小 音箱 摆在 两个 枕头 听边 睡觉 太 舒服 听,1
声音 开 小 音质 远比 耳机 好 还 不用 刻意 关注 空间 摆位,1
曾经 十多年 前玩豆客 平台 一对 寸 全频 家用 音箱 脚架 支 起来 放 左右 耳朵 距离 米左右 脚步 声音 清晰 真的 身边 走过,1
好文 帮顶 干货,1
好文 方便 磁悬浮 钉 链接 谢谢,1
楼主 推荐 一下 机用 钉   耳放用 钉,0
悬浮 架 买 一对 为的是 调整 高度 声音 有没有 变化 还 真 没 注意,0
铁三角 钉 日亚 左右 考虑 下,0
幽灵 姐 终于 帖子 发过来,0
之前 桌面上 鬼 脚 七 人声 结向 散 后来 换 金属 钉子 才,0
感觉 直接 上 落地 架 效果 最 好比 桌子 上加 悬浮 架要 好 不少 怀疑 每台 桌子 本身 特性 不 实木 桌子 三合板 桌子 大理石 桌子 大 桌子 小桌子 组装 一体 组装 好不好 有没有 松动 感觉 肯定 都 会 影响 当然 箱子 最起码 不能 直接 放 桌子 上 根本 没法 听 纯属 浪费 箱子,-1
实木 大板 桌面 脚钉 合适 点,1
音箱 区 看到 帖子 目前 架子 是不是 再 买 几个 磁悬浮 脚钉 磁悬浮 脚钉 价格 比较 乱 不 知道 选择 比较 好 幽灵 姐能 一下 购买 地址 先 谢谢,1
办公室 听 不能 上 落地 架子,0
喜欢 湖人 风格 试试 湖人 新款 一体机 估计 不会 翻车,1
两万块 搭 分体,0
有没有 坛友 听过 西装 放 新人 觉得 西装 套 放心,0
老哥 威武 大乌,0
好奇 楼主 最终 选 请 告诉 一声,1
退烧 一段时间,-1
附带 平衡 线   线质量 没 说 业界 唯一 良心 简直 老铁 现在 原线 反而 以前,1
方向 认为 更 吸引 人,0
没 听 只 听,0
素质 不变 情况 下 修正 调音 趋向 挺 好,1
大佬 评价 一下 有点 动心 声场 更大 更爽,0
阿兰达 不 叫安 安达,0
自带 耳放 部分 手机 无 压力,0
所有 蓝牙 耳机 都 推   推 成 款 不能 插线 上限 适合 不想 买 前端 台机 播放器 只想用 手机 电脑 蓝牙 连接 听歌 比较 追求 方便 人 有个 问题 电池 寿命 可能 用个 几年 寄回 换 电池 到时候 不 知道 没有 备件 不是 坚定 无线 党 买 普通 版本 稍微 弄 弄 不会 差 手机 直 推 不错,-1
好多 人读   安安 哒,1
清 库存 出   估计 要接 耳机 口,0
看 接口 耳放 耳放写 几个 意思,0
也许 东西,0
耳放仿 意大利 品牌,-1
真质 好 文赞,1
楼主 经历 差不多 瓦楞 版号 当时 觉得 好看 海菲兹 立体声 重制 那套 碟 很 好 全集 没 拆旺德 现场 合集 很棒 可惜 一等 绝,-1
羡慕,1
难得 楼主 不 折腾 器材 很 克制 念旧情 值得 学习,-1
当年 没有 掰断 头梁 应该 还 听,0
没有 万用表 居然 理清 一把 乱麻 佩服 佩服,0
这线 成本,0
右声道 正极 是不是 焊号 头,0
看到 玩日系 头 大,0
推得 没什么 问题 会 去 单端,0
功放 单端 耳放 平衡 有趣,0
楼主 运动员   颈部 肌肉 发达,0
头 耐用 点 行能 撑 住 不会 觉得 重,0
继续 保留 犹 记得 初次 聆听 蔡琴 大妈 温暖,0
几只 都 听 无疑 最好,1
听 钢琴 弦乐 感觉 高音 没 散乱 解析 不错 对比 之前 定位 感略 差 反正 不能 完全 推开 没 听 真 推开 挺 好,-1
挺 好 绑定,1
结论 不 科学,0
看来 大部分 人 估计 爱 听 中 高频 以下 味道 声音 高频 先天 容易 刺耳 太 刺激 高频 能量 太多 不耐 听,-1
觉得 玩意儿 没有 太 理想 标准 实际上 两个 人 搞 同一 型号 耳机 花 同样 钱 出来 效果 不 说好 说 不好 经验 影响 因素 经验 人 确实 副耳机 发挥 更好,-1
个人 觉得 不要 搞 音乐 专机 音乐 专机 数播 对比 没有 优势 属于 舍本逐末 行为,0
想 看看 图,0
折腾 精神可嘉,-1
楼主 恍然 回到 三年 前 三年 前 做 人 还 挺 现在 基本 都 树莓 派 一统天下 系统 简单 干净,1
问 下楼 主买 哪款   电源模块 有点 想个 装好 声卡 专机,1
心目 中 旗舰 样子,0
漂亮 个人 更 偏向 造型,1
木头 好看,1
价格,0
欧博 搞起 分体,0
试听,0
插座 差 点 好歹 应该 铜 镀金,-1
壳子 应该 好好 设计 下 最好 加个 罩子 管子 完全 裸漏 好 没 安全感,1
不 说 价格,0
好听,1
石机 胆机 胆结石,0
年纪 大 耳力 下降 自然 找 喜欢 入耳 听 失真 不 代表 不好 听,-1
基本 很少 听 流行 都 古典 民乐 该选 机器,0
请 参考 大奥次 奥,0
高端 基本 胆机,0
最后 都 四台 放大器 串联 贝塔 阿尔法 西塔 西格玛,0
度 斜角 应该 营造 出 立体声 场 感觉 跳 一千元 再入 玩玩,0
明年 跳 一千元 再入 玩玩,0
以内 跌速 减慢,0
记得 单元 斜角 不是 升级,0
斜角,0
看 一下 介绍 感觉 设计 做工 很 用心 外观 简洁 大方 挺 期待 前代 感觉 声音 活跃 感 流动 感 欠佳 找 机会 试听 一下,1
再 一年 卖 急 啥子,-1
跌破,0
当初 刚出 两千 出头 价格 首发 买 飞利浦 真 男人 都 自愿 冤大头 钱 无所谓,0
当年 官价 坚持 一段时间 后 大幅 跳水,0
没 朋友 两个 都 听,0
老板 商量 下   古典 版 不 满意 换人 声版   行不行,0
楼主 解码 准备 搞 一台 玩玩,0
相当于 美国 拓品 水平,0
没有 国内 卖要 买 还 得海 淘 讨论 可能 会高,0
我少 看,0
品牌 坨 屎 拓品 确实 侮辱 屎,-1
外形 标识 去掉 都 拓品 分不清,0
很 好奇 绿坛 火 牌子 国内 没有 代理,1
,0
中文 版本,0
试试 口直 推 之前 见 有人 发帖 说 效果 不错,1
真的 强 无敌,1
适合 晶体管 耳放 打开 看看 都 有点 功放 感觉 思路 找 搭配,0
不靠 谱 佩戴 来看 完全 不及格 类型 夹头 还 特沉 美式 热情 低频 突突突 觉得 耳机 系统 里 无限 最求 低频 是不是 搞错,0
试听 外观   佩戴 实在 无法 接受 声音 不 感冒,0
相当 不靠 谱,0
低 阻放 不换 设备 只能 好 选择,1
低 阻放 推 估计 够呛 非得 这俩 选,0
船 一体 推得 还行 解码 感觉 信息量 够 伺候,1
两个 选 都 难听,-1
换,0
请问 下 光电 转换 线 真的 有用 或者说 达到 隔离 效果,0
胆机 原创,0
电磁炉 索 差得远 耳机 潜力 太 大,-1
就索 六万 太 繁琐,0
奶罩 其实 超级 好 推 唯一 问题 可能 低频 会 轰 需要 控制力 试试 单端 百老汇,-1
俩 耳机 提 差距 量化 一下 高频 延伸 低频 下潜 都 差于 不少 所谓 不少 觉得 差个 不错 俩 大哥 二哥 就算 木 耳朵 俩 耳机 差距 不会 高于,-1
风格 比较 适合,0
不 知道 频响 有人 测 出来 没有,0
谢谢 楼主 解毒 近期 安安心心 煲,1
应该 问 官方,0
大 概率 不行 不要 花 一万多 买 大 风险,0
看 情况 以前 收 二手 差不多 裸机 没 包装 没 说明书 没 质保卡 一张 盖章 收据 一根 平衡 线 耳机 包 后来 出 点 问题 联系 客服 寄过去 免费 修 前不久 还 去 换购 全新,-1
试听 机 肯定 不能 正规 购买 途径 肯定 没事,0
没 经销商 票据 当过 保 处理,0
,0
反 基本 都 不用 上台,0
歌德 觉得 还 挺 好 推 听 爱丽丝 可惜 做工 实在 不能 接受 先 听 觉得 问题 看看 问题 再 大佬 推荐 可能 会 好些,1
歌德 耳机 最 不 需要 上台,0
纯 人声 不用 上台 摇滚 配乐 比较 上台 比较 好 声音 很 乱,1
歌德 好 推 耳机   当然 不 需要 上台   大耳 之外   直 推 挺 好   上台 提升 有限,1
歌德   系列 系,0
,0
,0
上面 幾款 耳機 確實 創意,0
很 神奇,0
标题 党 明明 大又圆,0
错 线板 是不是 耳机线 相位 接返 以前 有个 错线 版 官方 召回 换 线 之后 声音 大 变 高频 暗 不少 声场 规整,0
翻新,0
本来   新 版本 才 写,0
头梁 只不过 不太 严谨,0
以前 生产 写,0
版本 声音 好,1
脑放,0
出 没,0
建议 综合 看来 很值,1
耳机 器件 太 复杂 耳机 外壳 一捏会 咯吱咯吱 响 不够,0
放 里面 现在 二手 性价比 不错,1
请问 楼主 静电 耳机 是不是 容易 坏 看 版块 貌似 小心翼翼 保养,0
还 行 南方 注意 些 平时 放 干燥箱 静电 耳机 相比 动圈 耳机 仪式 感会 多些,0
新系 涨价 漫步者 不 厚道,0
请问 楼主 普通 区别,0
单元 不 知道 据说 单元 觉得 总是 优选 毕竟 产个,0
赶上 直播,0
观望,0
翻译 评测 辛苦 希望 早日 听到 验证 一下 大侠 说法,0
好文,1
改名,0
支持 改名 价格 亦可 翻 两倍 成为 新一代 旗舰 不是 梦想,1
静电 系统 才 瞬态 响应 却 没有 静电 缺点 一段时间 以来 人们 都 试图 寻找 一支 融合 声音 优点 耳机 认为 这支 耳机 名字 猜森海 工程师 一定 认真 聆听 两支 平板 耳机 弄 明白 成功 秘密 手上 动圈 科技 做出 回应     一路 走 好,1
本人 电脑 专业   不要 说 电脑 问题   谢谢,0
是不是 看到 前 几天 帖子 买,0
还 电脑 专业   这种 问题 原因 三个 电脑 性能 垃圾 只能 缓冲 调高来 解决 线 同轴线 太 垃圾 信号 屏蔽 不好 杂讯 干扰 口 不 稳定 供电 不足 请 找到 电脑 主口 不是 类似 那种 分支 出来 尽量 短 线 同轴线 且口 最好 保证 供电 够用,-1
电源 模式 调 成 性能 模式 试试看,0
以为 日本 牌子 不会 原来 国产,0
直连会 不会 爆,0
最大 可能 原因 其实 谷津 解码 本身 垃圾 楼主 没 问题 调都 不会 改善,-1
电脑 专业,0
我用 钰 龙 没有 加 界面   歌 随便 切 没 发现 爆音,0
最好 换台 电脑 试试看 重装系统 我用 没有 爆音 问题,1
去,0
都 烧 芯片 供应 上,0
享声 新品 对照 来看 好奇 主板 工控 普通,1
钱 电池 耗 快 快充,0
米,0
价格 无敌,0
马后炮,0
国外 打折 差不多 价 才 银 乌 正常 价位 不 代表 银乌 声音 不好 银乌,-1
银乌 声音 不行 金乌 还,0
好消息   一手 大乌破 万,1
银 乌头 梁 需要 毛线 护罩 包 起来 容易 头油 弄 黑 耳罩 没 办法,0
为啥 清库 准备 出 新款,0
外面 掉 渣 还好 不 影响 声音 里面 掉 渣 会 影响 反射 塌陷 影响 更 大,1
保养 没有 里面 海绵 会塌 不常 戴 建议 多买 几个 皮套 备用,0
擦 干净 后 上 护手霜,1
不要 使用 紧贴着 耳罩 存放 耳机 架   型   天热 尽量少 随时 保持 耳罩 干爽   发现 耳罩 上 汗 马上 擦干 不要 等到 使用 完毕 再 擦 汗 捂着 最 容易 使 耳罩 开裂,0
找 售后 会 给你个 邮件 打款 填 地址 到时候 会 新 原装 寄给 一对,0
包耳 推,0
漂亮 铁三角 造型 保暖 便携 都 还 不错 现在 耳机 头梁 赛 大戴 不 好看,-1
中正 偏中 高频 杂食 偏 流行 拜亚 特点,0
需要 声音 风格 中正 偏向 中 高频   推荐 声美,0
店员 居然 没有 反手 拎 猫 脖子 扔 去 隔壁,0
借着 摸 猫 顺便 小姐姐 手摸 一下,0
,0
芯片   几百块 钱 价位 基本上 没有 对手 入门 非常,0
看来 时钟 方面 进步 可喜 以前 设备 变得 没 值钱,1
梧桐,0
欧外 接 钟 请问 试 没有,0
这款 拿来 输入 转换器,0
觉得 时钟 价格 虚高有 这种 作坊 一定 程度 上 打压 厂家 乱 要价 很多 厂机 时钟 里面 电路 不 复杂 价格 卖 解码 还贵 有点 太黑 希望 出 越来越 廉价 好用 时钟 口袋 不 宽裕 烧友 上,-1
百老汇 推着 比较 下 百老汇 瞬态 速度感 更好 更 精细 紧致 水润 横向 声场 更大 声音 更 顺滑 松软 高频 暗柔 低频 蓬松 同台 对比 超 线性 各有特点 推 分离 度 清晰度 声场 方面 都 两个,1
好 帖 帮顶,1
百老汇 用家 帮顶 推 很 好,1
电源线 增加 水润 感银彩 周年 公主 信号线 增加 贵气 解码器 天仙配 铂金 参考 电源线 增加 鲜活 度,0
问 下   单端 版 平衡 版,0
七 剑 没有 推 歌德 都 瞎 稽八玩 滑稽,0
太监,0
太监,0
对比 试试,0
速度 打击 感 俩 应该 镀 铍 膜 长处,0
耳机 最大 问题 最近 枪文多 问 圈 整个 上海 都 找 不到 试听 地方 反正 别想 骗 盲 狙,-1
下 耳机 命名     刚铎 亚 巴顿 幽鬼 斧 王 双头 龙腹 蛇,0
公司 顶级 耳机 名字 知道 类似 森海 大奥 肯定   奎 托斯,1
,0
夹 耳朵 抱 歌德 退烧,-1
新鲜感 刚 听时 高潮 觉得 买 亏了 不该 买 足够 还 便宜,0
歌德 大部分 都 凸 人声 小碗 里 人声 算是 不错 没有 夸张 相对 正常 一点 有个度,1
请问 楼主 耳机 手机 推 效果,0
可能 尽可能 减少 电磁干扰 毕竟 开关 前面 电源线 内部 就要 穿 前面 开关 处 不 知道 理解 不,-1
其实 脑残 设计,0
开关 控制 插座 附近 电源线 通断 当然 插座 越近 越 方便 弄 当然 更 方便 没有 开关,0
便宜 难看 开关 放 后面 保持 正面 整个 面板 不要 降低 质感,-1
省事 省钱,0
觉得 开关 放在 后面 安全 一点 有点 不 方便 家里 小孩 有效 防止 误触,-1
想 知道 开关 常通 直接 开关 接线板 有没有 害处,0
通用 模具 问题,0
不用 每天 都 开关机 每周 关机 休息 两个 小时 好,1
确实 只能 放在 电脑 桌上,0
只用 插排 总开关 表示 无所谓,0
听 编号 应该 直接 顺丰 发给你 店家 直接 发走 下 一位,1
  居然 没 打过,0
好 机挺 便宜 二手   搞 很 新,1
太上皇 直 推下 声音 不错 调音 还,1
直接 一份 红头 塞到 邮箱 里,0
前提 买 真货 真货 联接,0
欧 以前 听 古典 数得上 号,0
可能 比较 下欧 欧 好 特 好奇 欧 究竟 欧差,-1
不 信 欧 玩玩,0
收 目前 听过 对家 合成 电子 味 歌曲 比较 适合,0
那种 合成 人声 需要 很 厚重 音染 才能 稍微 不 难听,-1
没 记错 应该 系列 第一款 支持 产品 漂亮 真 漂亮,1
阿婆 鸡 发力,0
强烈建议 开箱 贴 评测 贴 先发 价格,1
阿婆 鸡 四大 专业 声卡 中 音质 能排 第一 这款 颜值 上来 价格 旁边 阿波罗 差不多,-1
支持 新年 音特 第一站,1
之前 看到 只 希望 价格 便宜 些,0
建议 不要 原线 直接 换成 店里 单晶 铜 升级 线 便宜 量足 低频 下潜 中频 密度 高频 延展 都 可闻 提升,0
高频 特别 人 高潮 飙高 点亮 泽感 显卡 技术 中 光线 追踪,0
看想 换 风格 个人 喜好 便宜 试试 黑 参考 贵点,1
闲鱼 收条 乐机宝,0
原裝線 改 所有 插頭   古河,0
澄,0
性价比 高 澄 找 老叶 搓 一根,0
直接 推话 说 开放 版 封闭 版,0
耳机 留着 重新 搭配,0
声底 有点 偏薄 不太耐 听,1
大粒 大粒 都 神器,0
谢谢 分享 新年快乐,0
谢谢 分享 新年快乐,0
希望 体会 楼主 感动 新年快乐,0
台机 都 不 容易,0
没有,0
纯放 考虑一下,0
解析 半斤八两 音染 最 重音 染 最淡 声音 密度 最大 密度 最低 里面 选就选 综合 最好 老铁 调音 集大成 作,-1
都 搞 无线 支持 一下,1
赶上 直 推 不,0
奥帝兹粉 报道 蓝牙 听过 帮 顶一下,1
支持 这种 好 贴 学习,1
留名,0
还   不同 号数 声音 不同   经验 中 音箱 界 没有   基本 没有   也许 没有 碰到   烧友 没有 反映,0
顶楼 主 大作 强帖 留名 不是 菜,-1
理,0
这块 来说 其实 天朝 还 挺 领先 反而 欧美 现在 落后,0
弯道 超车   白酒   烟草     确实 领先 世界,0
不吃 没事,0
耳机 吃,0
剧毒 楼主 不要 尝试 会 令人 中毒,1
可毒 舔 一下 没命 那种,1
有毒 都 镀 保护层 年内 手摸 应该 都 不用 担心 时间 再 长久 无法 保证,1
最好 器材 才能 使用 毒 字,1
有毒 会 年内 毒死 人,1
输出 输入,0
输入,0
链接,0
不 冲突 都 换,0
女生 就算 毒 不 一定 提升 找 听 起来 毒 抄 一套 就行了 没 必要 折腾,-1
换 女声 比毒,1
基本 都 换 再 提升 需要 换,0
韵味 哈哈哈,1
都 换 一步 一步,0
女声 不毒 耳放 无关 上 没用 音源 上面 需要 机而 不 不信 买个 二手 试试看 都 解决不了 问题,-1
我用 龙版当 界面 感觉 还 不错,1
响 音质 不能 指望 数毛多 瞎吹 吹,0
捧场,0
动圈,0
捧场 动圈 厉害,1
顶级 耳机 伺候 不好 很 伤脑筋 这种 经济 实力 有限 随身 为主 难 伺候 大耳 考虑 都 不 考虑 弄个 容易 推到 大耳玩 省心 省力 快活 事情,-1
上限 高,0
横向 声场 小 最大 特点 直 推 佩戴 好 声音 很大 区别 换个 耳机 目前 台式 系统 得出 重新 整 很 费时 钱 最好 亲自 听 一下 再 决定 正在 出 耳机,1
降级,0
肯定 好 说直 推 不是 对手,1
打算 继续 发烧 下去 出 肯定 会 后悔 可能 成功 力 都 没 发挥 出来,0
不仅仅 降级 冷门 难 出 很多,0
长 一条 白 金星 瞩目,0
大件 握手 白 金星 接 北极星 数字 界面 再用 网线 接,0
不是 歌德 涨价 安润 涨价,0
好像 关税 涨,1
问安 润,0
现在 没货 库存 随缘 卖 喽,0
支持 一代 换购 更好,1
实在 辛苦,0
期待 楼主 分享 听感 有个 疑惑 打算 套 都 听 完 一遍 貌似 要个 小时,0
下载 很多 好多 都 还 没有 听,1
去 听 不能 付 押金 试听 概不考虑 国产机 不能 付 押金 试听 耍流氓,0
试听,0
试听 试听 最好 找 那种 退货 不包 往返 邮费 几次 试听 下来 花 几百块,-1
花   留 一台,0
单端 不要 考虑 带 平衡 口 推荐 景丰,0
主听 大 编制   不 建议 升级,0
再 加一点 买个 二手 惊雷,0
耳机 现在 价格 虚高 明亮 清快 不 刺耳,0
以后 买 一套 送 支架 不,0
想 白嫖个 对比 下,0
耳罩 白,0
包装 小有 进步,0
做到,0
勉勉强强 哼哼 狼 教授 荷包 鼓鼓,1
真 飞机 上 撒下来 估计 冰雹 都 没法 拟,1
说真的 降到 肯定 买 毕竟 替代品 价格 直接 上 挺 强,1
坐等 跳水 买个 玩玩,0
意思 素质 差不多 有意思 挺 有意思,-1
块 旗舰 上 找   独此一家,0
耳机 实际上 材料 上 算 成本 不 高 一堆 塑料,0
比较 吃 电流 耳机 低价位 以下 耳 放下 难有 好 表现 建议 楼主 更换 耳机 听 流行 比较 推荐 价位 更 低 一点 对耳放 要求 更 低,1
千 以下   没 选 余地 手 都 不 知道 买 合适 声卡 折腾 很多   唯有 东西   现在 已经 过时,-1
必要 需要 上放,0
蹲个 二手,0
德颂 知道,0
家里 电力 猫,0
关键 电器 干扰 大 加个 磁环,-1
润上 加润糖 要化,0
多年 前 入手 没有 推好 已经 躺 抽屉 里面 几年,1
入坑 挺 好 其实 没有 传说 中 难 推 楼主 用能 换耳放 便携 还 推个 声音 很 好听,1
收 二手,0
现在   收到 好 二手,1
说 真的 耳机 本质 上 二手 说 假 情况 都 可能 发生 看 完全 不 了解 一点 把握 都 没 考虑 干嘛 怕 钱 没 地方 花 个人 建议 找 找 可靠 二手 买 全新,-1
不好 说   单元 看 外表 看不出 区别   声音 差别 大 官方 知道 奥秘 单元 全新,-1
现在 不 清楚 黑盒 金 标的 耳罩 都 不 耳罩 硬 线 不,0
腔体 细节 耳罩 材质 机线 三样 任选 声音 区别 两样 以上 调整 出来 彻底 不同 两种 声音,0
说 正确 学习 一下,0
楼主 有没有 最新 中文版,0
我用   所有 音源 都 转成 没有 感到 楼主 说 问题,0
再 买个,0
不 试试 办公室 同事 干掉,0
同事 解决 掉,0
加个 壳子 封住 漏音 不是 封闭式 耳机 可比 真的 外壳 格栅 全都 用胶 糊住 换个 皮 耳罩,0
试试,0
改 封闭式 没有 低频 用手 捂住 试试,0
漏音 不 严重 工位 密度 不 大 完全 戴 都 实验室 听 师兄 平时 戴,0
展会 听 过半 小时 没 感觉 至少,0
听 小 编制 男人家 确实 强 可怕 当然 非常适合 听 小 编制,1
试下 功放 怼 平板 瞬间 上升 级别,0
男人家 低端 平板 听 小 编制 音色 加成 听 巴洛克 音乐 耳朵 觉得 比起 差 不太多 主要 音色 顺滑 柔美 细听 下 解析 声场 都 不小 差距,-1
那得 分 怀疑 楼主 盲 听不出来 差别,-1
调音 走向 不同   中频 很 丰满,0
没差 光密度 一项 拉开 几条 街 差距,-1
做工 做工,0
木头 骚气 一比,1
白色 版本,0
买 都 舍不得,0
限量版 颜值 太高,1
听 过来,0
只 厉害 最多 留个 真 听 不 过来,1
强力 围观 大佬 晒 装备,1
竟然 没有 奶罩,0
大耳是 最佳 平衡点,0
感觉 耳机线 都 快 折 放 耳机 耳机线 插头 处 迟早会 接触不良,0
经典,0
好评 正经 好 味道,1
其实 有时 听听 小耳 塞子 其实 不错 风格 感受 不同,1
高频 收 不住 低频 出不来 可能 听感 还,0
看来 出 早,0
不是 选择 惯例 默认 都 标注,0
同志 标注 失真 失真 响度 减 频响 减 出来 才 失真度 好 明显 音箱 低频 失真 高出 好多 测到 才 音箱 只测 都 已经 左右 测 直接 上天 根本 都 没 搞懂 乱说 真是 醉 科学 党 忽悠 人 容易 典型 一例,-1
耳机 开放式 是因为 耳朵 耳机 堵住 开放 不会 影响 最多 别人 听 吵 音箱 开放 空间 不够 后面 反相 声音,0
好像 音箱 需要 箱体 里 空气 共振 不 懂 瞎猜,1
真正 开放式 耳机 很少 全部 都 没有 极 低频 障板 音箱 同理,0
用过 天龙 极个别 流行歌曲 高音 会 出现 刮耳 情况 外 都 不错 用钰龙 推过 听感 不错 天龙 应该 会 更好 现在 价格,1
梶浦由记 这张 配乐 真的 不错,1
木碗 定位 应该 手办 家具,0
拍 眼花缭乱 没 突出 耳机 没 看出 越前 漆 美,0
颜值,1
浑浊 明显 没 推开,0
入门 倒 不失为 不错 选择   素质 比高   人声 鼻音   真的 有点 接受 不,1
感觉 大厂 新旗舰 都 没能 完全 秒 老 旗舰 老 好听,1
楼主 好好 大夫 就行了,1
重 口味 老 司机 拿来 听 拿来 秀 想 拿来 听 耳朵 战火 洗礼 不 容易,0
本来 没 性价比   大耳 级别 全套 升级 新旗舰 全套 投入 多倍 提升 是从 分 提到 分 大概,0
提 琴弦 弓 摩擦 琴弦 声音 清晰 听到 不是 享受 败兴 声音 听 起来 擤 鼻涕,1
音源 听 出个 鬼,0
人声 主力 机 更好 选择,1
人声 主力 机 好像 稍微 些许 偏科,1
两个 人声 古典 感觉 都,0
干扰 不会 造成 偏音,-1
之前 不是 有个 无线 打印机 导致 整个 系统 垃圾,-1
高频 干扰 特别 信号 会 特定 干扰 一声 道,-1
适 市场 生存 角度 来说 可能 的确 进步,0
一代 二代 声音 基础 上加 音染 味精 更 容易 驱动,-1
随身 党 结论 没 问题,0
说 比较 好,1
考虑 湖人 新耳放 国内 应该 很快 海外 已 上市,0
推 用得着 这种 杀 牛刀,1
不是 级别   石机 里 没有 对手,0
一体机 纯耳放 参见,0
耳机 目标 现役 顶级 动圈 最好 最 全面 选择,1
这俩 不是 价位 贵 整整 一倍,0
天龙   马兰士 有个 好处 功能 多当 解码 不 差耳放口 做 很 好 台 高性价比 超级 一体机,-1
天龙 这台 好像 没有 耳放口,1
声音 没 大 要求 建议 马兰士 毕竟 功能 天龙 解码 都 没有,0
两套 都 不错,1
挺 好 安心 听,1
生动 形象 学习,0
简单 易懂   非常 棒   赞,1
挺 好 支持 一下,1
看过 说 运放 能否 帮忙 说 一下 运放 解析,0
帮顶 非常 简洁 直观,1
牛,1
为啥 打不开,0
牛 逼 高手 都 民间,1
网站 打不开 不知 是否 国外 原因,0
没什么 再 截 图 不 完 订单 信息 相当于 购买 记录 人 比较 在意 可能,0
买闲鱼 留个心眼,0
不要 贩子 机会,0
深夏映 冬 三位 网友 今年 已 发布 森海 相关 文章 获奖 各奖 黑酸枝 耳机 架 请 收件 信息 发 论坛 短信 端 短信 不要 上 短信,0
這些 文章 太長 看 著累,0
双重 惊喜,1
文笔 差 很 不想 说话 祝贺,-1
祝贺 获奖 玩家 第一名 之前 错过 帖子 翻看 后 表示 玩家 精神 尽显 夺魁 实至名归,0
感谢 森海 版主 厚爱 其实 二等奖 两位 大佬 来说 玩 还 算 浅,0
拿到 小熊 女儿 肯定 很 开心 努力 女儿 变成 森海 发烧友,1
小 惬意 很 快乐,0
蓝 蜻蜓 搞不定 小尾巴 好多个 都 试过,1
挺 均衡 声音 略 干要 换线 才 行,0
后面 双三芯 推力 真不错 目前 推 声音 感觉 八分饱 满 十分 精致,1
图 很棒 东西 老 人 一种 太空 人 未来 感,0
成年 祝 生日快乐,0
无线 芯片 更大 关系 天线 设计 现在   频谱 太窄 同频 干扰 太 厉害 家用 最好 走 有线,-1
能压 压到 正常 信号 先 转成 信号 再 处理 个人 没 觉得 口音 质有 大 区别 我选 纯粹 是因为 支持 采样率 比较 高 比较 全 实验 测试 证明 区别 倒 兴趣 看看,1
始终认为 板间 协议 板间 非板间 不会 类似 串口 不会 取代 并口 针脚 不会 越来越少,1
其实 价位 最 明显,0
先说 说 器材   再来 谈 线材,0
搞來 搞 去 覺得 聽 出區別   放到 電腦 一看 才 發現 音頻 檔 完全相同 大有人在,0
机线,0
机线 元 一体机,0
这货 耳放 可谓 千古 难题,0
第一眼 以为 特朗普 指挥,0
听 海顿 很 好,1
路过,0
难 推是 以前 看法 国产 其实 不难 推推 系列 系列 台放 都 推 开,0
大手 办,0
当然 全新 声音 为啥 买 二手 三个 数字 信仰,0
听 风格,0
新 都 好家伙 我出 早,1
想 好 没有 保修 楼上 说 声音 其实 点点 区别 老版 木盒 不是 减配 纸盒,1
记得 有人 对比 没有 老版 强 氛围 感 算是 缩水 版,1
翻翻 老 帖子 有人 评测 实际 听感 有点 距离,0
这种 滤波器 接地 现在 好多 插座 都 集成 这种 滤波器   都,1
外观 来看 确实 挺 容易 触电,0
改造 代价 太大 关键,0
家线 没 名字 没 编号 还 一堆 新品 找 起来 很 头痛,0
合金 线 主要 目的 系统 搭配 微调 调音 高 低频 音色 都 变化 找到 合适 听 喜欢 好,1
楼主 图片 里 大 蟒蛇 线材 哈哈哈,1
舍长 新年好,1
新年好,1
新年快乐,0
远 看 樱桃 耳机,0
撸 玩玩 应该 明天 准备 加个 解码 不,0
同款 做 解码 输出 确实 不错 还免 驱 很 方便,1
曾经 拥有 约 年 已经 拥有 将近 年 都 很 好,1
帮顶 年 第一个 新 耳机 同样 歌德,1
看下 我发 古典 入门 帖子,0
现在 买碟 转 日区   古典 曲库 歌单 非常 棒 怀念 以前 自由 时代,0
美艺 海顿 钢琴 三重奏,0
加加 树莓 派 不错,1
意大利 卡 默认 时钟 下载 最后 界面 选 即可 使用,0
机用 最合适,1
之前 一台 放 起来 感觉 现在 听 杂 文件 都 情况 下 不 合适,1
告诉 兄弟 子孙,0
天下第一,0
天下第一,0
天下第一   新年快乐,0
没有 差评,-1
还 以为,0
支持 很久很久 没有 遇到 烧友 自发 组织 活动,1
支持 本地 烧友,1
重庆 耳机 爱好者 帮顶,1
重庆 帮顶,1
我入 一版 据说 以前 版本 丝绸 布 包装 缩水,0
不错,1
详见 科普 低 阻动圈 耳机 更难 控制,0
影响 阻尼 系数 频响,0
高中物理 学,0
主要 频响 失真 噪声 阻抗 大前 变差 后者 变小,-1
去 隔壁 看看,0
太贵 真 买不起 梦想 金嗓子,-1
玩,0
转 多半 转接头 问题,0
不是 解码器 问题   插件 问题 想 播放 必须 左右 版本 插件 最近 才 发 新帖 里面 看 懂,1
认真 看 完 很 毒 目测 多数 玩家 无法 抵抗 此文,1
人声 线 线,0
,0
人声 耳机 貌似 还 真 块 铁三角,0
声音,0
楼主 孟浪 婴儿 千万 不要 听 耳机,0
小朋友 成长 快乐,1
哈哈哈   入坑,1
假话 没 假货,-1
鱼上 二手 质量 参差不齐 谨慎 些 好 个人 不负 责任 推荐 卖家 贴 大耳君 时常   出 货源 不明,-1
图 拍 好,1
功能性 耳机 耳机 研发 市场 都 无法 相提并论 消费者 去 消费 功能性 耳机 满足 功能 需求 耳机 目的 更好 声音 耳机 市场 更新换代 率 非常低 新品 销量 很难 超过 成名 已久 老 产品 迭代 十分困难 横向 对比 纵向 对比 二者 发展 方向 都 不,1
恩恩 谢谢,0
教主 说 蛋白 皮 不是 会 上次 放 链接 出来 乾音 异形 包耳 耳罩,0
淘宝 上 左右 欧亚 德 线 不 估计 不会 买 不 喜欢 弯 插,-1
淘宝 唯一 一家 卖 问过 拍 收到 大概 要天 左右 正好 过年 怕 积压 快递 仓库 里 本来 想 先买 国产 顶一下,1
定 顺便 他家 剃须刀 收纳盒 收 看上去 还 样子 还 能装 电源线,0
大家 说 锋少 耳机线,0
样子 漂亮 出街 好,1
铁家 碗 没 以前 好看,1
同意 水深 不是 价格 衡量 声音,0
其实 国家 出 东西 国家 定位 其实 都 没 毛病 加上 关税 出 中国 不 加上 代理商 骚 操作 更 不好 说 小白 当年 炒起来 骚 操作 没 代理 之前 知道 牌子 牌子 有没有 都 不好 说 小白 秒 天 秒 秒 空气 加持 下 价格 贵不说 声音 吹 没 机子 国产 产品 那分 分钟 降价 几百,-1
产品 应该 两 部分 基本 价值 附加 价值 基本 价值 产品 本身 用料 工艺 质量 品牌 硬指标 基本 分钱 一分货 产品 一部分 附加 价值 软 实力 这部分 比较复杂 没有 统一 衡量标准 声音 好 千干过 一万 产品 不 符合 基本常识 好料 好 声音 产品 不 便宜 买 很 便宜 必定 不 知道 原因 很多 产品 偏科 存在 比较 擅长 某一方面 产品 都 均衡 没有,1
十万 瑞士 表 不会 一百 电子表 准 带给 感受 却是 不,0
看 成本 花 哪些地方 请 水军 枪手 要钱 卖 贵 可能 一部分 成本 花 上面,0
个人感觉 今天 觉得 值 一万 一万 明天 觉得 值 十万 十万,1
路过 帮顶 价格 只能 看看,1
都 价格 还 不 上,0
围观 小 吴 秒 到达 战场,0
不能 直接 播放,0
看 线路 设计 咯 不 一定 比好 大多数 情况 下全 平衡 线路 确实 比好,1
具体情况 具体分析 耳机 系统 来说 大多 都 情况 下 差不多 工程 线 情况 来说 米 线 可能 比米 线贵 一倍 以上,-1
不 一定 解码器 耳放 都 真假 平衡 耳机 这环 真 平衡 推荐 上 条线 更好,-1
当年 发明 接口 目的 延长 传输 距离 看 楼主 器材 之间 距离,0
只 听 人声 从来不 以前 玩用 听风,0
大佬 说 起码 万 起步 才能 搞好 听听,1
明明 解码 音源 万 起步 玩 好 整套 系统 万,1
易 推倒 好 伺候 便携 前端 推 听 加个 专门 伺候 平板 耳放能 推 很 不错,1
湖人 完事,0
静电 没意思 声音 越 听 越 假 玩大乌 顶级 平板 动圈 有意思,-1
就算 随便 配个 解码 都 听 看 不少 人 静电 入门 都 玩 之后 有钱 升级,0
易出 好声 前端 没有 挑剔 拿来 听 欧美 流行 低频 相当 带感,1
银牛 推大乌 只 听 流行   人声   都 很 不错 素质 低 一点 糊 一点 听 流行 不是 素质 越高越 好 大 乌下 录音 缺陷 都 听 清清楚楚 源文件 要求 太高 糊 有糊 好处,1
买 都 好 买 极致 一定 坑 看见 推荐 极致 人 绕道 玩 好 基本,1
简单 说 一句 远离 线 很多 都 调音 不是 削 高音 削 低音 三頻 都 不 正常 更 下面 目前 我用 范登 美的 线 还 不错 没有 缺陷 淘宝 貌似 块 机线 同为 淘宝 块 价格 声音 性价比 爆棚 一体机 电源线 都 换 都,1
不想 再 扯 线 只 说 一句 换 七天 无 理由 退货,-1
解码器   好 值得 换 古河 没有 听过   欧亚 德   反正 都 不 大气,1
,0
大家 新年快乐,0
新年快乐 希望 大家 坛 永葆青春 一团和气,0
新年快乐,0
老大 发红包 呵呵 新年快乐,-1
抢占 第一页 好运 盖 新年,1
新年快乐,0
年 注定 难忘 一年 回望 一年 沉甸甸 艰难 感动 收获 更 历练 艰难困苦 玉汝于成 风雨 过后 彩虹 更显 绚烂 新年快乐,0
新春 好 年,1
丑爆,0
请 介绍 一下 老王 到底 背景 富人 群 很 崇拜,0
上面 人 都 站队,0
佩服 佩服,0
再 玩 下去 应该 追求 空气 据说 月球 玩 耳机 地球 音质 好倍 左右 大骚 准备 太空 移民,1
新年快乐,0
新年快乐,0
好 东西 不 对调,1
宙斯 不 老 完美 耳机,0
听 声音 喜欢 听点 新鲜 活力 管家婆 碎 碎念 嫌 活得 太长,1
耳朵 摘 不在少数,0
耳机 需要 明确 挂个 牌子 标 上 型号 才能 人 听 下去 换个 没法 听,0
复刻 不是 做个 相似 造型 复刻 说 仿品,-1
还 产 复刻 超 必然 完 犊子 复刻 基本 不 可能 超过,0
这种 东西 复刻 出来 下场 一顿 冷嘲热讽 声音 真的,0
学习 有没有 耳机 科幻片,0
流行 顶 现在 怀念 独特 味道,1
请问 一下 丰达 异形 耳罩 内径 看样子 椭圆 并不大 挺想 入手 有点 担心 会压 耳,0
比起 前 几年     性价比 已经 很 不错 比较 杂食 类型 放 选择 不少,1
白色 蓝色 音色 没 买 蓝色 喜欢 蓝色 音色 买 白色,1
外观 看上去 有点 痨,0
建议 线 买 成品 线   元 卡 达斯     已经 很 不错 良莠不齐,1
同意 耳机线 信号线 换 蓝水 换成 线 世界 提升 很大,0
以后   知道   菜,-1
不 懂 为啥 总是 抱 不放多 听听 见识 见识 不好,-1
不 去 找 公司 一台,0
用家 水平 很 清楚 参数 看看 好,1
嚯 出厂 没 做 低 阻带 载 测试,0
支持   系统 输出 解码器,1
现在 最牛 方式 推 再 推给 树莓 派,1
支持,1
都 走 直 推 路线 耳放 都 下岗,0
极致,0
印象 中 楼主 店 待客 态度 经常 投诉 毕竟 财大气粗,1
纽约 展上 听 没有 大乌好 不够 澎湃,1
希望 不会 断线,0
都 毒物,1
真 有点 难看,-1
耳机 散发 一股 贵族 气息,0
阁下 便是 东方 大 英雄,0
感觉 还 没 找到 组织 想 洗脑,1
加下 微信,0
树莓 派 线性 电源 供电 供电 电流 尽量 大 额定功率 大 一倍 以上,0
石头 兄 新年好,1
都 快乐,0
新年快乐,0
年 算是 发烧 元年 有点 怀念,0
新年 大吉,0
都 年代 不是 电源 太烂 主板 太烂 解决 起来 很 简单 替换 排除法,0
非常 垃圾 主板 口 没有 底噪 反而 显示器 耳机 口底 噪 很大 觉得 不是 换 配件 问题 换 独立 排查 起来 太 麻烦,-1
乐之邦 莫邪,0
直接 插 显示器 口 主机 好 干扰 少,-1
不 考虑   换 电脑,0
捡 二手 技嘉 华硕 华擎 主板 主板 音频 输出 接 电脑 音箱 耳机 从来 没有 噪音,-1
挺 好 满意 现在 系统 不要 折腾,-1
人声,0
保险丝,0
晶彩       信号线 好听 低频 方面 妥协 比较 明显 地方 出 一副 出 好 升级 哈哈哈哈,1
小 主流 很 好 两条 米,1
都 试试 好,1
电脑 多余 电脑 贵 体积 大 干扰 比数 播 多一些 没 必要 电脑 有数 播够,-1
音质 感人,1
网易 曲库 很 炫 很 民族 风,0
网易 首歌,0
总 大神 每天 时间 不止 小时,0
系统 是不是 太 敏锐,0
好 想 帮帮 脚底 擦擦 干净,1
感觉 没有 必要,0
新年好,1
都 说 不要 没有 门槛 公共场合 开邀,0
这图 里面 美女 可能 男,0
,0
挺 好 铁家 耳机 通吃 当然 除外,1
新年快乐,0
新年好,1
发帖 时间 真牛 逼,1
此贴 同步 发布 个人 站 专栏 耳机 大家 坛 交易,0
不 干冷 拉完 后 调低,0
视频 网站 都 不理 这种 人,0
最好 设备 听感 具体 曲目 结合 起来 分析 成 数毛 傻 评测 个人 认为 都 必须 内敛 方向 伺候 耳机 确实 不是 所有人 都 欣赏 过于 清秀 目前 社会 氛围 浮夸 讨厌 人 更 认为 排斥 是因为 国产机 推它 会 暴露 骗吃骗喝 本质 素质 极高 解码 部分 不够 好 再 想 耳放 找 不 回来 尤其 人声 拉进 后会 无限 扩大 解码 端中 高频 硬伤 如山灵 日系 解码器 上 完全 听 不到 中 高频 失控 问题 莎拉 布莱曼 小 红莓 夜愿 这种 直指 问题 曲目 说 烧友 去 耳朵 收货 不要 人云亦云 思考,-1
很 有意思 学习,0
客服 君 买,0
前排 坐等,0
前排,0
前排 支持,1
全 折腾 绑 顶,-1
坐等,0
瓜子 汽水 辣条 都 吃 完 楼主,0
,0
手胆 耳放,0
纯耳放 一体机 一体机 其实 先锋 二手 三千块 很 不错,1
顶起,1
欧高阻 做到 啪啪 欧高阻 国产机 脸,0
曾经 用过 帮忙 顶一下,1
阻尼 系数 输出阻抗,0
湖人耳放 声音 真 好,1
要来,0
求问 一下 款 机器 平衡 输入 没有 平衡 输出 意思 看官 网说 放大 线路 两条 想不通 输出 非 平衡 降噪,0
种草,1
帮 顶一下,1
双 三代 真香,0
所有 线 全部 换   包括 电脑 那根 电源线   管子 换舒特     至少 百分之 空间 平衡 口 切记   已经 开发 差不多,-1
听 帮你顶 一下   不用 升频,1
看 喜欢 音乐,1
梅咯,0
可怜 楼主 一入 绿坛 好像 传销 洗脑 迷途羔羊,1
高阻 手机 不能 推力 人 更少,0
可惜 低频 不行,0
还原 母带 鬼母 带有 声音 不说 还原 总谱,0
还原 混音 师 最终 输出 声音,0
一录 不 真实,0
录音 现实 还原 问题 疑问 混音 师 最终 输出 成品 究竟 是不是 想要 效果 扯 太远 永远 疑问 循环 选择 不是 追求 听 感而 不是 还原 高斯 听 很 满意 去 听 现场 交响 位置 不好 指挥 可能 还 没有 高斯 令 满意,-1
参数 好 不是 正常 现象 选择,1
谷津,0
东莞 歌德 听 咋样,0
价格,0
解码 增益 不 测量 响度 相差 耳放 音量 开 比大 响度 基本上 误差,-1
提示 一下 最后 语音 说错 看 字幕,0
最后 一段 类似 胡腾 龟兹 舞曲 名目,0
支持 楼主 对比 视频 看 不少 尤其 耳机 对比 对比 感觉 真是 好 机器 国外 买 太贵,-1
追新 肯定 必要 数码产品 买 新 不 买 旧 恒古 不变 定律 人人 都 觉得 旧款 够用 科技 进步 人类 沉沦 中 灭亡,0
不 便宜,0
芯片 日新月异 专业 做 这块 没有 研发 速度 技术 底蕴 不够 强 厂家 来说 简直 灾难 十几二十年 前 老东西 不同 现在 产品 还 轻易 说服 去 尝试 新近 推出,1
优秀 解码器 真实 准确 反映 前端 信息 不是 随意 去 信息 添加 厚实 圆润 靓丽 不 应有 东西 真实 准确 宽松 自然 才 重放 信号 最高 境界,1
芯片 肯定 不是 决定 作用 影响 数个 器件 里面 说 数一数二,0
数码单反 胶片 单反 都 有人 玩 追 不 追 买 不 买 主要 看 经济基础 坛 内 土豪 拍 设备 说 最 不值钱 北京 这套 四合院,1
这种 标准 手机 加配 塞 远远 超出,0
艺术 国家标准 码,0
小金 标 不认 认证 不买 不 玩个 小众 看 原来     机   蓝光 机上 贴 一堆 认证 一排 一排 买 不 买 小众 不能 显得,0
设备 标准 低 很 根本 忽略不计 那种 魅族   小米   随便 出个 都 多年 前 板载 声卡 都 标准 之上,0
杨 老师 小不点 系列 知道 外形 体积 实在 没法 放 家里,0
请问 一下   推能 出 那种 很 气势 感觉 看 官方 标的 数据 有点,0
女声 毒器,1
萌新 请教 一下 百灵鸟 一体 最近 想 升级 一下,0
价位 可能 范登美,0
都 后来 换 荷兰,0
几条 都 很 私信 兴趣 去 试听,0
搓 一对 成本 还 不到 插头 不 官方 感觉 大部分 钱 都 花 插 头上,0
,0
同样 建议   加纽 崔克 丝绒 头,0
小 吴 推荐 开博尔 确实 不错,1
用过 佳奈美 芯 低频 干   高频 刮耳   刺 据说 芯 声音 不错 范登美 芯 镀银 背景 黑   密度 大   动态 足 横向 声场 小   人声 略远   极 高频 延展 不 强 现在 绿 精灵 前面 两个 均衡 挑不出 毛病,1
苏默 线 考虑 下,0
好评 比好 搞 高频 没 亮 挺舒服,1
其实 插 手机 听 铁三角 低阻 推好 手机 上 听 风格 不会 差 很 远 直接 上台 可能 还 跑 歪,-1
现在 北京 还 没有 样机 馋,0
标日 瞩目,0
模拟 线 区别 比较 明显 贵 线 不 一定 好 需要 筛选 出 好 东西,1
一千 线 会 不会 接头 老化,0
高登 序曲,0
下 一步 尝试 非 国产 产品,0
不 知道 时间 听 音乐 觉得 设备 听 不 过来 精简 设备 换个 高端,0
上 音箱 音箱 系统   只能 入门 听 起来 很 不错 选择 有源 建议 选无源 无源 音乐味 更好,1
西装,0
金 画眉 应该 算高 阻放 女声 都 低 阻机,0
绝对 好 耳机,1
日系 女生 应该 力士 才 力士 铁三 套路,0
这种 以上 直 推大耳 试试 先锋 群里 前 阵子 几位 聚会 互相 巡回 把玩 这款 便携 播放器 都 出 非常 好 声音 说 说 影音 调音 不是 森海 拜亚 那种 严肃 应该 适合 人声 摇滚 类,1
小不点 马上 公开 发售 大 耳机 工程师 说 古典 乐 之外 都 胜任 还 明天 才 到手 实际 听感 说 不准 阵子 押金 试听 试试看 价格 应该 出头,0
不 歌德 菜,-1
歌德 大白 三代,0
直接 上代 不 代 低频 确实 不行,0
歌德 歌德 歌德 歌德 换 不了 线 都 头 需要 换掉 索尼 上国 砖,0
花买个 再 花买个 功放 吊打 上面 全部 耳机,1
电池 液晶屏 半导体器件 都 温度 越低 性能 越 好,1
推力,0
猜测 轻微,0
小 棒子 试试,0
原创 换管 曙光 飞利浦,0
试试 小不点 换 一对 管子 声音 通透 甜润 适合 耳机,0
图好 毒,1
青海 好 地方,1
最好 耳机 年 发布,1
一代 版本 一代 神森海 拜亚 一代 版本 造就 一代 神 老烧 会造 十几二十年 听 边养 到头来 出现 残次 还 倒 很多 马尼,0
声音 没正,0
技术 淘汰 很 残酷 森海 不 知道 拜亚 已经 铁定 混日子,0
森海 还 能战 拜亚 已经 强弩之末,1
真 无线耳机 利润 更 大都 专心 去 搞,0
现在 指望 森海 出大招 拜亚 似乎 有点 凉,0
拜亚 新 耳机 确实 年 之前 耳机 很 不错,1
同意 楼上 意见,0
确实 耳机 频宽 没 很多 频响 图 画,-1
听不见 频响 截止 范围 重要 标的 以后 可能 滚降,0
次 低频 范围 听 耳 细胞 脑细胞 都 要死 惨用 没用 回事 耳聋 真 没用,-1
极端 范围 频响 参数 没 必要 在意 完全 不 知道 频段 到底 多大 能量 频响 不是 戛然而止 循序渐进 幅度 两个 数字 中 根本无法 看出 频响 范围 好不好 听 更 没有 半 毛钱 关系,-1
耳机 系统 纠结 频宽 意义 不 大,0
论坛 上 应该 一群 蝙蝠 厉害 发烧友 存在,1
現價性 價比 超高 質素 確很好,1
  没 听 有线 没有 好 助推器 不 考虑 有线 不 还 去 烧 解码 耳放 搞不好 电源线 都 烧 挺 好 省心 省钱,-1
好看 没 感觉,1
只能 无线 发挥 单元 素质 六七 层 肯定 红 太子 加 有线 版 以后 上升 空间 大 些,0
感觉 声音 不醇   有点 干,0
香   撒 孜然 味道 更好,1
听过 单论 声音 放在 价位 降噪 里 做工 场景 技术 算 价格 蓝牙 还要 音质 阿米 罗,0
凸显出 极 高性价比,0
拆开 试 一下 感觉 买 录音师 外观 升级版,0
北方 真香 耳朵 真 保暖 大 广东 听 录音师 升级版 真心 觉 索尼 差 几条 街,-1
数据线 接 电脑 听,0
小 吴 原来 东家   没 意思   最好 考察 再 下手,1
胆 一体机 听 过国 都 之前 知音 堂 拍卖 多万 超级 暖糊 听 所有 器材 里 最 暖 最糊,0
没 听 介绍,0
牛 逼,1
好像 不是 人声 好听 基本操作 难 古典 能否 抗衡,1
外部 供电 内部 供电   内部 电磁干扰 吸收   做得好 一体机 出好声 没 问题 毕竟 集成度 高 减少 信号 传输 损失,-1
一体机 方便 其实 一体机 电路 做好 不 差分 体机 更省 空间 早期 机 不 都 一体机 都 解码 跟耳放 合并 一起,-1
品牌 降点 价走 国内 品牌 性价比 路线 其实 没 多槽 点 可惜 失火 破产 原材料 成本 上涨 今天 很难 实现,0
觉得 好 真的 好 觉得 一体机 不好 觉得 好 来说 一体机 好 意见 意义 不 大,-1
烂,0
森海 西装 惨,0
歌 流行 估计,0
东西 耳放 搭 发挥 很 好 不 需要 高档 不 耳放越 高档 发挥 越 好 倒 很少 不 搭 情况,1
点 具体 对比 人声 高频,0
最 系列 推一 推,0
很 正常 说 吊打 可能 夸张 些 单元 硬 素质 本来 高于 加上 调音 水平 乐感 音色 之上 上限 实际 高于,1
买,0
非常 支持 杰大 东西 觉得 更 作者 听音 取向 事儿,1
动圈 平板 声音 很 好 希望 早点 不同 木碗 定制 选个 喜欢,1
力帆 圆 宝马 梦 合适,1
看到 截图 感觉 恶心 一把 没 下限,0
能骗 能割 一双 一双,-1
看着 反胃,0
一看 软文 不好 非得,-1
哈哈哈 山寨 圆 原版 梦 山寨 还 卖 贵,1
展会 去 试听 脑子 字,0
玩 便携 应该 买,0
便携 放 推帮顶,1
手机 直接 听 行 再 提升 上台 没 必要 当然 不 缺钱 说 反正 心目 中 最好 耳机 听 都 好听 接 都 好听 迷 存在,-1
了解 一下 保准 惊喜,1
听 最好 灵音 便携 放 推 推到 成 以上 很多 一体机 效果 都 好,1
飞利浦 系列 看运气 都 老 机子 就算 光头 状态 好 电容 都 设计 理论 寿命,1
太老 别碰 不 懂 修 万元 内 几个 选择   乐圣 里海   力宝声       赛乐士   最新 接受 吸入式   不二 之选,1
万元 级 推荐 日本 机 至少 素质 及格 没 问题 比较 耐用 当然 萝卜 声是 免不了,0
赛乐士 挺 好,1
赛乐士 相对 万 机 解析 差 乐感 很 好 其实 搭配 合适 挺 猛 家里   德国 精工 不 知道 有没有 人出 二手 一手 两万左右 二手 应该 万元 个人 觉得 蛮 好听 素质,-1
不 走 暖 糊软 路线     艺雅小七,0
个人 建议 买个 欧洲 二线 牌子 旗舰 科普兰 翩美 意大利 金雕 雅乐 前 几天 听 美国 高讯 不错 声韵 进口 机子 英国 机子 不要 买 素质 低 声音 偏 人声 听 人声 花大钱 买 总 觉得 亏了 有空 翻翻 帖子 前 旗舰 转盘 都 出 真 不行 糊 动态 细腻 延伸 都 差 新 英国 机子 全面 缩水 问题 质量 差 一笔 不 建议 买 其实 早期 机子 用料 好 不 容易 坏 最 多年 动手 能力 里面 电容 拆出来 测下 容量 参数 下降 找 同型号 电容 尽量 找原 品牌 电容 换掉 声音 还 提升,-1
推 不错 不糊 结实 分量 手上 买个 很 值得,1
请 尝试 不 合适,1
听 男声 氛围 感 完全 不 听 器乐 古典   推荐 歌德   人声 更富 感染力 些,0
歌德 卖 专心 听,0
    这款 后来 只用,0
口水 可惜 没米,0
论坛 有个 说法 说直 推 加个 耳放 推 提升 不大 不 知道 真是假,-1
啥子 国产 耳放,0
价位   非常 推荐 莱曼 特别 非常 柔顺,0
人用 胆机 搭配 论坛 难道真 没 几个 搭配 合适 耳机 只求 不 降低 素质 情况 下 减少 人声 毛刺 增强 润度,1
好几个 人 推荐 反正 没 怪声 耳机 推 推力 控制力 完全,1
目前   感觉 还 之前 乐之邦 放 真是 印象 深刻 解析 力 简单 粗暴 展示 出来 听 吉他 都 明显 感受 录音 时 麦克风 抵在 吉他 音箱 采集 声音 实在 太 粗暴 之前 歌德 都 听不出来 上 闲鱼 淘 看看 估计 现在 几百块 实在 不 满意 卖 不 亏 钱,0
遇事 不决,0
一点 最 重要 没 说   全面 升级 替代品   却 没有,0
同理 比好,1
收,0
正在 听 三 盲鼠 之声 钢琴 声声 敲 心上 太 陶醉,0
都 单元   好,1
评价 还 算 公道 倒 见 万 前端 才能 推好 神论,1
,0
没 听 块 耳机 没有 平级 对比,0
这货 性价比 高 耐用 不 容易 坏,0
不能 听 出来 比原 道 好,1
  安心 玩 搞好 很 好,1
金丝雀 不是 推,0
前排,0
享播,0
享声牌 台式 个人电脑,0
已经 命名 播霸,0
播霸,0
,0
音源 之王 享兽,0
资产 管理 公司,0
论坛 有个 无线 专区,0
买 二手 两个 都 买回来 试试 留个 喜欢 再出 掉 两个 耳机 听音 感受 差别 挺大,-1
,0
拜亚 听 人声 流行 太过 直白 只 听 古典 考虑 拜亚,0
大 编制 港台 老歌   现代 流行 中小 编制,0
别买 高频 金属 味 着实 恐怖 耐听 很多 其实 古典 小 编制,1
两个 耳机 都 耳放 建议 相对 均衡 特点 突出 比较 刺激,0
中正 大气 沉稳 从容 听 古典 大 编制 非常 合适,1
小白 盲 狙初 烧 入烧 老烧 拿来 退烧 机子,-1
森海留 拜亚 留   欧版   二选 选,0
无线 音质 杀手,0
机子 水平,0
学到 一招 暂时 还 不到,0
拉 专线 试试 路 串上去 滤波器 音响 一路 不 加,0
莱曼 还 手感 好多 去 摸摸 国产 全铝,1
原厂 留 国产 耳放 出来 一年 以后 再 去 看看 价格 莱曼 几十年 再 看看 价格 仿造 都 仿 不 出来 声音 总有 道理 几十年 前 东西 认为 欣赏 音乐 全民 水准 还 没到 程度 过些 年 认为 莱曼 价格 会 不降反升,-1
莱曼 听过 很 好 不 觉得 国产 全铝 更好 国产 拉丝 工艺 都 看 吐,1
大 莱曼 品质 做工 真不错 请教 耳放有 这种 手感 莱曼 配 声音,1
当初     莱曼   价格 最 坚挺 莱曼 基本 最 便宜,0
每天晚上 沐浴 更衣 后 直至 睡觉 大概 小时 天,0
每天 都 有空 听 基本上 耳机 戴上 晚饭 后 坐 凌晨 三四点,0
别买 镀银 线别 买 大厂 入门 线 黑 参考 线基 线 冒险 一试,0
镀银 线 讲究 功力 镀 银有 讲究 现 世界 紫光 几百元 价位 里 还行,0
纯银 声音 更上一层楼,0
欧亚 德 很 好,1
记得 看清楚 线 世界 最近 八代 别买个 七代 紫光,0
咸菜 好 赚钱,-1
线 世界 整体 声音 挺 正 需求 长度 米 考虑 他家 红星 光线 不 高烧 线 就算 到位,0
都 入门 线 确定 比钰龙 好 两个 线 都,1
器材 调整 后 几天 研究 线 网上 云 评测 加 经验 目前 看上 性价比 高 单晶 银 材质 万隆 古河     最后 下 单线 世界 白金 太贵 印象 中 价格 翻 一翻 完全 不 备选 范围,-1
欧 觉得 高频 有点 刺 这要 看 每个 人 听音 习惯,0
拜亚 动力 目前 听 最好 耳机 买 绝不 后悔 德行 价位 二手 估计 左右 蹲,1
还 需要 互补 听 弦乐 小 编制 歌剧 听 交响乐 钢琴,0
昨天晚上 用直 推   欧 莫扎特 三重奏 挺 沉醉     欧欧 各有 一套 有用 耳放 都 听 不喜,0
,0
科技进步 听 音乐 类型 貌似 退步,-1
多年 依然 很 享受 听歌,0
属于 心理学 范畴,0
目前     最 接近 当年 感觉 系统,0
现在 机器 声音 亲切感 老款 磁带机 这是 关键 因素,0
现在 设备 都 追求 超低 失真 讲 听感 动不动 素质,-1
需求 买 播放器 以前 那种 调音,0
楼主 有空 去 听 一段 刘宝瑞 先生 单口相声 珍珠 翡翠 白玉 汤,0
春晚 一年 一年 好看 道理 现在 春晚 拿到 二十多年 前 播出 估计 人们 会 惊 掉 下巴,1
楼主 设备 推 请教 谢谢,0
头版 回想 下年 买,0
罗产 新版 评价 好 都 想 再 买 之前 瓦楞纸 版 总 感觉 糙,1
想 买 回,0
楼上 听感 认为 听 流行 尤其 女声 一种 特别 磁性 非常 动人 完全 不 买 新版 相信 会 旧版 较大 出入 新版 听感 认为 听 交响 大 编制 不是 十分 合适 的确 会 一种 特别 混响 味道 比较 一种 杂食 音乐 类型 不是 太 极端 听 起来 都 不错,1
确实 好听,1
没有 耳机 取代,0
小尾巴,0
镁铝合金 中频 染色 有种 独特 自然 感,0
录音 好 原道 能带 进去 可惜 脑放 不好 开,-1
宙斯 人声 还 不错 特点,1
人声 很 好 评测 说 银 乌是 冰山美人 感觉 不太能 理解,1
银乌 三频 蛮正 能量 没有 淤积 情况 低频 下潜 好 中频 饱满 高频 不 刺耳 整体 差 点 宽松 感听 流行 非大 编制 类 曲目 真的 觉得 没 毛病 很 耐 听,-1
银乌试 感觉 稍 薄 一点 个人 喜欢 浓郁,1
天天 看 说 银 乌 大 乌 没 兴趣 对银乌 反而 种草,1
年         改成   发烧 喇叭 硬线 应该 算是 第一 人 会 原本 音质 提升 三成 以上,0
箱子 离后 墙 窗太近,0
,0
本想 推荐   突然 意识 楼主 听 一年 估计 不 一定 会 喜欢 音色 不 换 歌德,1
考虑 歌德 大 耳罩,0
便携 耳放 都 电池 供电 不 知道 高登 享声 石机,0
厉害 发个 尺寸 对比 相对   到底 大小,1
期待   对比 都 新品,0
全 电池 供电 对比 微翼 看来 电池 耳放 都 比较 好 纯净度 安定 度 评价 正,1
这是 分立 纯 甲类 不是 同一 层面 东西,0
厉害,1
搞了个 单 端的 试听 前端 楼主 推 高频 出来 低频 收 比较 紧 没什么 轰头 感觉 横向 声场 稍微 开阔 一点 声音 比较 精致 冷静 但少 些 规模 感 显得 比较 偏 素质 走向 目前 新机 感觉 宽松 感 稍微 不足 没什么 味道 氛围 差点 意思 整体 还 算 满意 听 下来 底子 挺不错 耳机 驱动 充分 三频 分布 比较 合理 不出意外 会 留下来 长期,-1
请问 楼主 耳放比,0
那换别 品牌 电池 声音 是不是 会 不,0
这货,0
推,0
一路 走来 留下     逢 隔 几天 起来 听犹同 品茶 愈久铭香,0
拥有 一段时间 听 不到 一个月 挂 某鱼 耐 听度 差强人意 耳机 都 声音 各有特色 把玩 两年 领略 森海 一哥 调音 独到之处 无奈 廉颇老矣 未能 满足 系统 升级 需求,-1
实名 反对 多图 水王 大相径庭 原 线下 明显,0
都 负责 任地 告诉 大家 森海 以上 最烂 副耳机 主要 问题 乐器 音色 不准 说 音色 造假 音色 一假 听 都 没法 听 不谈 好听 不好 听,-1
百灵鸟 符合 要求 体积 略大,0
金丝雀 巴掌 大,0
整个 挺 方便 推开 捣鼓 捣鼓 运放 换换 调音 不错 适合 刚 玩 做 保姆 机 人 玩 熟悉 后面 换 系统 心中 有数 知道 方向 去 打造,1
体积 不 大 基本 都 不 超过 纸,0
听 出 解析 力比   高 说明 耳朵 挺 正常,0
解析 确实 原线 更好 换线 平衡 驱动 以后 开挂 超越,1
上 好像 有人 同时对比       功放 耳放去 推   似乎 功放 还 更好 帖子 比较 久记 不 太 清楚,1
划 重点 适应 之后,0
容易 玩玩 掉 进 大坑,0
目前 手持 取自 原装 平衡 线 效果 不错 感觉 纵向 声场 很 特色 鳞次栉比 层次分明 一种 厅堂 镀金 感 横向 声场 相比 确实 明显 不同 窄 很多 不 知道 是不是 调音 取向,1
准备 搞     呵呵   希望 满意 退烧,-1
都 组合 稳得 一批,0
推 二代 才 最好 听 一点 不 刺激 各有胜负 原线 改 平衡 不要 上 平衡 原线 很 适合,1
代,0
东西 还 挺 保值 二手 拼装 货 还 卖,1
楼主 说 小家伙,0
试听 机 快 到时候     对比 一下,0
听过 烧油 几乎 每人 都 吐 槽 那根 原配 线,0
推高阻 耳机 不太 友好,1
参数 真 好看 声音 不 知道,1
看来 省钱,0
顶 贴,1
换 外置 牛 整流 不 说,1
旗舰店 前些天 促销 返现 元 过段时间 二手 可能 块 看 二手 价 走向 最后 多块 耐 听 素质 不是 回事,1
调音 器材 毕竟 适应 面窄,0
一体机 价格 合适 很 好 出 出不去 降 降价 试试,1
一体机 价格 合适 很 好 出 出不去 降 降价 试试,1
个人感觉 国产机 里 最 好看,1
国产机 一代 版本 一代 神 每年 都 更新 两年 二手 腰斩 生态 实在 非常 不 健康,0
卡农 转   哪家 买 下来,0
,0
不冷 建议 天无 理由,0
真的 科学 机不冷 不干,0
本身 比较满意 想要 微调 这才 必要 换线,0
线 挺 丰富 貌似 三条,0
必要 没 必要,-1
厂家 声学 设计 出 想 听 声音 不要 花钱 周边 直接 换 耳机线 长度 材质 变化 都 会 改变 声音,0
森海 走量 消费型 耳机,0
声音 有点 局促 声场 放不开 不少 古典 爱好者 失望 听 流行 低频 系列 特有 肥厚 感收 不快 不爽 现在 很少 听 娱乐 不能 久 戴 有点 夹头 都 一般般,1
幸亏 我选 真是 好 耳机,1
喷 一波 冷静下来 想想也是 不错 耳机 更 杂食 更 适合 现代 音乐 风格 觉得 双修,1
森海 醉 出 都 前 一代,0
都 不错 森海 突然 确实 据说 现在 已经 停产 要出 带像 阿帕图 耳放 耳机 捆绑 发售,1
复古 不够 彻底 现代 突兀 国产 设计 会 进口 普通 模版 都 打磨 出 质感 差距 太大,-1
闻到 火药味,0
小老虎 配 一对 书架 挺 好 干扰 有点 重,-1
情怀 来看 森海 应该 用户 最多,0
金丝雀 代,0
,0
说 莱曼 恰好 老虎 鱼 莱曼 元,1
天津 老李   不到 一千块 钱 了解 一下,0
耳放有 没 解码 不行 建议 先 直接 插 电脑 听,0
冷静 中带 点 刺激 高频 比较 亮 冷静 中带 点 柔软 更加 温顺 都 不是 氛围 型 比较 适合 摇滚 非 流行 老歌,0
两个 选 肯定 刺激 声 听 港台 流行 更 建议 加一点 买 二手,0
整个 手 人声 才 真的 好 风格 太 刺激 点,1
不靠 谱 差 频响 差 声场 低分 还 比高 一眼 问题 没什么 参考价值,-1
有人 急,-1
急 为啥 高 感觉 听音 观有 问题,-1
不得不 说 老外 数据 比较 正常 国内 评价 都 不会 正常 都 活 世界 里 说 国外 人 知识 层次 相对 高 不是 假 暴发户 不会 装,-1
参数 开   高价位 乐色 开   性质 差不多,-1
问 一句 小白能 直接 播   不,0
识别     映像 播放 时 显示     声道,0
啥时候 蓝牙 支持 目前 不是 恶心 人,1
坐等 楼主 更新 正好 犹豫不决,1
系统 楼主,0
学习 楼主 点赞,1
说 很 中肯 都 干货 赞对 入门 新手 很 帮助,1
喜欢 还 看重 后 端 考虑,1
买 承受 最贵,0
第七条 总结 到位,0
量力而行 还,0
人上 人要 做 回 普通人 有趣,0
祝 大家 平平安安 身体健康 万事 顺遂,0
厉害 听 小时 多首 觉得 好听 都 会 下载 下来 推送 树莓 派 台式 耳机 系统 上去 听 大部分 时间 没有 体现 网易 云上,1
都 高手,0
长 太 可怕 今年 网易 云 还 挺 少,0
不 懂 问下 日本 少女 加 日文 都 类型 歌,1
楼主 听力 是否 受损 耳鸣,-1
中低端 器材 一定 程度 上 解码 功率放大 重要 概念,0
说 直接 点 用处 声音 变得 好听 不用 扯 好听 法 问 十个 人会用 十种 不同 答案,1
相机 拍 光线 不足 照片 难道 直接 拍 后期 提高 亮度 肯定 调整 动态 范围 光圈 快门 时间,0
音量 功率 两个 概念 音量 调 大功率 不会 变 大,0
三代 试试 都 说 暖 厚 人声 大 乌用 推 推 不好 手里 都 顶级 耳机 升级 一下 音源 耳放 提升 会 很大,-1
银乌 三代,0
冷色 系 色盲,0
其实   很 好,1
变成 一台 一体机,0
价格,0
变成 耳放 解码 一体机 不 知道 解码 实力,0
谢谢 大家 支持 终极版 零售价 元,1
支持 一下,1
顶起,1
某宝 天魁 可修 单元 没 烂掉 修 起来 费用 左右 贵 技术,0
楼主 动作 很快 期待 分享 听感,0
期待 听感,0
比较 好奇 编号,1
嫌弃,0
可能 便携 耳放 适合 推高阻 耳塞 设备,0
严重 推 糟糕 听 感发 出来 真是 吓人,0
看 写 听感 对比,0
大惊小怪 玩   不 都 常识,0
没 去 隔壁 万 奖金 可惜,0
不是 脑放 真的 影响 避震 很 重要,0
旁边 坐个 美女 抠 脚 大汉 影响 脑放 打开 猪能 上 树 太阳能 西边 出来,0
确实 当初 滤波 毁 系统 音质   是从 笔记本 电源 电脑 电源 系统对 音质 影响 其实 很大,0
客串 音源 条件 机箱电源 这条 供电 线 入手 弄 一下 价格 不贵 效果 电源 多加 几百块 买好 点 大厂 电源线 入门 电源线 配 一对 瓦特 经济 插头 插尾 很 不错,1
很多 烧友 早换 主要 好线 本身 屏蔽 导体 纯度 都 好 很多 对电 污染 更 少 电流 进入 不同 导体 影响 声音 不 前端 前端 变化 很 容易 后 端 放大,1
闲鱼 蹲 不 喜欢 转手,-1
三代 好 推 声音 精致 细腻 程度 超过 前 两代 低频 量 有点 追求 均衡 选择 三代,1
零 回复 惨案,0
都 考虑 请 排除,0
排除 是因为 听歌 不是 听 解析,0
加个 小 功率 功放,0
高手,0
搞 解码 芯片   电脑   型号 越新 越 快 怕 商家 广告 看多,0
外围 电路 远比 复杂 正常 设计 成本 高 不少,0
芯片 做 好 比好 很多 糊,1
反正 最终 决定 声音 不是 芯片 现在 芯片 性能 明显 过剩 说 芯片 不 知道 啥意思,0
刚买 颗 是不是 会 比颗 强,1
台式 电脑 选好点   转个 速度 快 一点 华硕 以上 主板 海韵 钛 金 电源 搞 解码器 搞好 点 安心 听 音乐 就行了 优化 电脑,1
直接 整个 网播 推送 过去 不香,0
下 重点 设备 光 隔离 处理器 彻底 断根 噪声 数据包 做 重整 重 发,0
微机 听歌 每个 环节 都 注意 包括 线材 尽量 不要 五金店,0
对标 都 不能 赢,0
去 趟 实体店 店伙计 一句 话 印象 深刻 声音 没 文化 抄过来 小米 圈铁 单元 上 很 搭 两端 延伸 好 声音 油腻 小米 人 应该 热爱 低频 他家 都 电音控 低频 量 超越 大耳 非常 夸张 听 小米 再 戴 上 索尼 立刻 感觉 非常 冷静 理性 其实 低频 偏,1
原来 强 难怪 换 失望,1
最近 买 只 声力 太阳神 配 一条 纯铜 平衡 线非 原厂 声音 非常 满意 耳机 性价比 真高,0
,0
点开 一看 发现 上 回 关注 发 测评 兄弟,0
,0
这是 哪国 牌子,0
,0
上次 看到 挂 架子 上 没 机会 问 评价 高,0
我差 朋友,-1
听说 以后 出大耳,0
耳机 原线 确实 糊 一批 银乌 对换 原线 明显 银乌 原线会 好点,1
耳机 到底 镀 铍 纯 铍 振膜 外国 销售 网站 上 看到 都 写     纯 铍 没 说,0
沙发,0
听过 他家 换线 太阳神 感觉 声价 很 不错,1
这货 不知 太阳神 强,1
记得 版主 之前 分享 毛子牌 子 外观 类似 声音 差别 大,-1
才子 好文先 顶 再 看 耳机 入手 很 喜欢 耳机 音色 价格便宜 高频 神似 大乌 高级 感,1
没 试听 活动 都 空 吹,0
最后 一条 支持 下 整体 外观 用料 都 很 赞 金属 网格 浮夸,1
意见 原线 换掉 糊 一比,0
平板 玩家 表示 这种 重量   湿湿碎,0
宙斯 神马 东东,0
,0
这条线 颜值 太低 大大 改进,1
没 听说 强迫症 受不了 换 条线,1
涉及 价格 东西 不好 明说,-1
玻璃心 错,0
价格 确实 有时候 比较 敏感 私下 问问 磨机 花费 超过 机器 本身 花费 人力 更 不用说,0
水太深 代理商 关系 好能 拿到 很 低 价格 说,-1
是不是 直接 来个 就行了 磁通量 水平 天龙 单元 现在,0
性价比 高,0
确实 适合 初烧 听 流行乐 看个 电影 挺爽 上台 系统 这类 差 丢 声音 质感 轻飘飘,-1
请教 一下 耳放能 不能 高低 阻通 吃,0
线质量 好像 不是 很 好,1
逆变 过程 中 产生 干扰 普通 开关电源 还要 离谱,-1
工业化 成熟 产品 核心技术 不是 作坊 解决 可能 用于 网络 技术 已经 成熟 几十年 技术 网播 网络 部分 遵循 网络协议 太过 成熟 无法解释 脑放 无法解释 线材 周边 隔离 作用 不 接受 网络 基础知识 网络时代 大学 计算机 基础 已经 必修课 前提 不利于 村 经济 全部都是 反动 思想 必须 予以 根除,0
接   电脑 界面 解码 耳放全 接 改天 试一试 直接 接市 电有 区别 没有,0
  再生 电源 没有 电池 比强,1
成 吨重 扛 不动 动不动 吨 吨,0
看 论坛 现实 远 没有 绿坛 抵触 实际上 人 不少,0
年前 朋友 试过 几款 音响 上 结论 不行   动态 影响 明显 不 排除 个别 很 好,1
树莓 派用 声音 不好 普通 线性 电源,-1
发布会 视频录像 后续 上传,0
东西   相当于 优化 电脑主机,0
看 完   看 介绍 技术含量 挺 好,1
必须 豪华版,0
散 偶 都 烧掉 回去,0
纯 台式机 参数,0
看 介绍 不错,1
理念 不错 比较 在意 价格 貌似 没有 实体 按键,1
时间,0
尽量 硬盘 直接 放在 机箱 里面 折腾,-1
硬盘盒 里面 普通 改造 成 低噪声 稳压 才 重点,0
线电 有没有 便宜 大碗 想 搞 试试 无奈 没 试听 只能 盲 狙,-1
试 硬盘盒 不止 线 电 问题 反正 不会 再用 硬盘盒,0
其实 没 复杂 单端 甲类 就行 有时候 前面 不行 后面 全 瞎搞,0
推好,1
大 实话 结像 定位 没法 编号 前 不 一定,0
,0
手里 年 没 打算 出,0
何不 好,-1
确实 做好 胆机 同价位 石机 好 不少,1
几天 就要 到家 期待 换管 大坑 先买 一对 小 管子 试水,0
感觉 味道 比较 淡 人声 差点 意思 听久 感觉 有点累 人声 表现,-1
感觉 味道 比较 淡 人声 差点 意思 听久 有点累 人声 表现,-1
黒 五有 一点 折扣 原价 以前 贵,0
特此 感谢   成都 今日 老黄 闪 送   分钟     成都 海帆   友情 报价 都 值得 信赖 店,1
希望 再 出,0
刚 隔壁 看到 几篇 设备 测试 比较 关注 播放 古典音乐 时 表现,0
这种 会 不会 不太 合理 转盘 投比 大于 解码 会花 大 几千 投入 转盘 人 解码 不会 便宜 这种 一体机 出来 声音 不能 说 不 折腾 更好 还 外接 解码 感觉 解码 集成 过得去 网播 比较 合理,-1
产品 形态 很 有趣 网桥 解码 很 方便,0
,0
,0
推荐 听 感觉 比好 解析 素质 上 都 比较 高速度 比较 快 声场 听 交响乐 听 两个 各有 长处,1
反正 都 没卖 二手 假货 不算 在内 吵 没有 卖,-1
论坛 开个 文玩 专区,0
水平 东西 没 必要 分 高下 顶多 这强 一点 那强 一点,-1
淘宝 上 假货 最 喜欢 低频 低频 少 个人感觉     耳机 还 真不错 价格 还 略低 耳机 属于 监听 级别 音源 不好 容易 感觉 耳机 不好,-1
听说 发烧友 家里 堆 吨 电池,0
确实 同感 再 好 墙 插 电源线 配电柜 拉线 源头 改不了 作用 大,1
很多 输出 方波 不见得 直接 接市 电好 现在 不是 电源 处理 设备 重新 模拟 正弦波 输出 何必 搞,1
占楼 编辑,0
占楼 编辑,0
市场 选择 好事,1
没有 蹭 听 走,0
指标 不错   时钟 接口,1
木箱 版 平衡 接 法 绝配 可能 耳机 界 最大,0
杰米,0
解码 耳放 正方形 不 知道,0
东塔 上班,0
小不点 试试,0
之前 关注 很少 后来 搜 低阻 石机,0
试试 天籁 现在 推 很 不错,1
性价比 高 主要 调音 比较 好 温暖 细腻 再往 上 这种 才能 明显 拉开 差距,-1
原创 现在 好像 特价   考虑,1
,0
薄厚 两种 声音 喜欢 风格 选 楼主 都 买 预算 万元 级别 干嘛 还 买 更 建议 大乌 再 上,1
,0
看 音源 觉得 渣 音源 容忍度 相对 高 很多 音源 素质 反应 特别 直观 细微 瑕疵 听 很 明显 西装 听得出,0
还要 看 脖子 功夫,0
这俩 互补 一冷 一热 建议 都 拥有 人声 流行 古典 兼顾,0
一万多 预算 强烈建议       几个 易 驱动     版本 声音 高级 耳放 选择 余地 大 恶声 概率 小,1
建议 耳放 不要 搞 不 合适,1
解码 问题,0
相机 套件,0
没 办法   海贝 支持 不好   没有 直出 模式   安卓   已经 放弃   以前 谷津 支持 后来 换 旷世 不行   解码 不 支持 版 海贝 这种 输出 协议,-1
相机 套件,0
苹果 只 支持 模式 不 支持 模式 解码 不 一定 判断 出来 看 解码,1
现在 超级 电容 内阻 大,0
一插 树莓 派 同轴 板 没 办法 装,0
超级 电容 等效 串联 电感   参数 似乎 没 看到 哪家 提过 倒 下 测定 表现 实在 有点 惨不忍睹 大概 大家 都 不敢 测 滤波 用途 非常 重要   参数 没有 动态 响应 脉冲响应 两个 十分 依靠 参数 超级 电容 身上 几乎 没有   单位 可能 大多数 还 差 尤其 树莓 派 这种 纯 数字 用电 设备 说 超级 电容 模拟 设备 滤波 还行 退 藕 需求 都 可能 无法 胜任 数字 设备 做 滤波 有点 离谱 锂电池 索尼 三星 内阻 都 以下 钽 铝 聚合物 电解 同样 做到 毫欧 级别 内阻 再 高 天下 试试 钽 聚合物 组个 滤波 阵列 那才 真正 应该 数字电路 电源 滤波 上 玩意,-1
为啥 回复 帖子 会 跑,0
前阵 超级 电容 电源 下架 实在 不 习惯 声音,0
不是 一起 发布,0
看起来 不 不错,1
体积 倒 蛮 香,0
有没有 正常 输出功率 信 纳比 参数 放 出来 意义,0
没看 懂 这耳放 运放 分立元件,1
适合 平板 以前 用过 推 平板 比较,0
顶一下,1
,0
谢谢 指导 谢谢 原来 湖人 精音 差不多,-1
所有 复刻版 耳 听 为实,0
湖人 最近 风头 正劲,0
也许 不是 耳罩 心理 缘故 放 一阵子 后 另一边 单元 不行 一听 平衡,0
不 一定 心理因素 感冒 鼻塞 造成 偏音,0
入門 機線 就行了 不會 甚麼 差別 地方 都 搞 一定 程度 之後再 來 談線 升級 不遲,-1
宝韵 就行   再 好 直接 奔 千元 价位 去 选,1
入门 打印机 线,0
喜欢 暖声 听 流行 听 人声 买 没错,1
学习 一下 建议,0
先 钱 花掉 行不行 主义,0
二手 收鼠莓 派 二代 歌诗德 多余 钱 用来 升级 周边 搞个 耳放,0
歌德 旗舰 耳机,0
歌德 耳机 本来 很 差 收 智商 税 不 意外,-1
喇叭 单元 正负 级 各用 条电 线条 不 够,0
歌德 做工 来说 楼主 似乎 还 算 不错,1
声音 好 就行了 材料 做工,1
耳机 里 塞 一千个 元器件 不是 更 牛,1
构造 简单 不是 难听 原因,-1
不服气 不妨 照样做 看看 元 有没有 人 买单,0
声音 好 就行了 用料 来说 起码 木头 皮革 塑料 深海 耳机 用料 好多,1
在乎 就别 玩 耳机 同样 一把 小提琴 几百 几百万,0
留 一只 歌德,0
钱少 不用 配 反正 推不出 效果 建议 买 两套   做成 左右 声道 独立 驱动 保证   良好 驱动,1
用配 坚持 布八听 完 不 需要,0
手机 直 推,0
主观 效果 满意 就行 不 一定 非要 配耳放 不 满意 加耳放 改 音源 烧,0
耳放 解决不了 问题,0
透明度 高 耳放 垃圾 进 垃圾 出,-1
说 拓品 没 听 草医 有点 小贵 想 台放 驱动 应该 远远 超过 笔记本 直 推 笔记本 输出 应该 几百 耳放 我查 下 平衡 口有 没有 虚标 应该 笔记本 明显 区别 也许 单端 还 没 发挥 耳放当 实力,0
图上 新版 旧版,0
老 用户 升级,0
老 用户 支持 一下,1
耳机 世纪 格雷 小不点 推推 看 水平,0
声音 比较 自然 号 号 号 收个 号 状态 好 在乎 几千块,1
很 好,1
最后 一只 先别 下 定论 说不定 用用 坏,0
以后 只能靠 抢,0
都 电脑 做   实际 需要           就行了 买 数播 数播 大部分 功能 都 浪费,0
大家 都 好 早,1
纠结 数播 现在 用做 转盘 输出 解码器 操作 不太 方便 起来 才能 操作 看 几个 数播 似乎 操作 不 太行 手机 操作 体验 不太好,1
树莓 派线 电 性价比 爆棚 无底 噪 不 折腾 投入 小,-1
新版 很 好 所有 插件 都,1
额 回复 不了 图片 最后 播放歌曲 时 一体机 灯 亮 这时候 两个 指示灯 播放 无损 音乐 时 灭 歌曲 播放 切换 时会 一定 延时,1
最新       已经 自带   不 需要 再 安装  ,0
求个 下载 发下,0
最好 用位 输出,1
已照 图 设置 多谢,0
已 设置 谢谢 指导,0
好 帖子 必须 马克 帮顶,1
听 切换 下 一曲 有没有 轻微 杂音,0
设置 成功 谢谢   问下 资源 获取 淘宝 上 买 可惜 都 老歌 古典音乐 主要 听新歌 只能,0
女声 相当 生动 突出,0
结像 偏 点状 行 面状 结像 耳机 全掉 点状 结像 里面 选 好,1
,0
新旧 罩 厚度 差太远 真皮 触感 会 更好,-1
厚 耳罩 拉开 人声 增加 高频 感觉 不是 很 好,1
大 乌 存在 级差 差别 明显 质 差别 大乌 电风扇 差别 称不上 级差 凸显 性价比 推 前端,-1
买,0
产品 听过 很多 包括 大 香格里拉 还 真 没 听 专卖店 里面 没有 耳机 实际上 耳机 比大 香格里拉 好听 素质 高 说 大香 好听 解毒 听 音箱 居多 大 香格里拉 说实话,1
文风 别致 很,0
毒 人事 吴彦祖,1
大乌 的确 方面 对比   败,0
全新 当然 直接 天无 理由 退货,-1
这种 店家 以后 直接 拉黑,0
先 挖耳朵 确定 到底 是不是 耳机 问题,0
商家 不 愿意 天无 理由   找 消协 就行 盯 偏音 退货 理由 确实 难搞 就算 偏 未必 算是 质量 问题,-1
支持 楼主 耳机 偏音 见得多了 十年 前 中招 一次,1
直接 退 算了 那家 好像 没货,-1
多拉 蒂 主要 音效 好,1
碟 蛮 水星 一堆 飞利浦 一堆 很多年 前 朋友 讨论 不少 录音 蛮 出彩 评价 高于 卡拉扬 卡拉扬 比较 呆,0
水星 录制 很多 发烧 碟,0
穷烧 当然 选穷邦 现在 很 便宜 上 平衡 推力 大 一批 怼 平板 耳机 再 合适,1
老 毕竟 老,0
上 耳房 试试 强 很多,1
那种 推小 音箱 功放 好用,1
性价比 王者 现在 很少 人提,0
土做 朋,0
花 功夫 顶,1
楼主 进错 网站 不是 极品 人生     做,0
楼主 真卡 达斯 控 两根 保险丝 两个 转接头 卡 达斯 线 还 真是 一条 没有,0
玩   实在 不行 二手 区出 玩,0
感觉 卡 达斯 旗舰 一条 就够 这线 治 系统 冷硬 紧薄 目的 达到 再 不了 味道,0
楼主 南瓜 卡 达斯 金牌 买家,0
全套 卡 达斯 旗舰 确实 听感 加成 效果 费用 太 厉害,1
卡 达斯 电源线 其实 价格 还 不错 摸 顶 全套 都 级别 的确 比较 烧包,1
有个 词 感觉良好   贴切,1
恭喜 楼主,1
已经 没话 说 买 心理 极度 恶心 不 知道 有没有 了解 物极必反 感受,0
目测 楼主 战略思想 严重 少见 系统 观 佩服,0
舍得 为此 赞,1
买 干什么 一条 就够 高档 好声 线 没 必要 钻 胡同 里,-1
强迫症 很重 得治,1
感谢 分享 期待 撸 主 听感,0
文件 本身 品质 不行 码率 不 等于 品质,1
解码 不行 可能 有效 解码率 才 多好 类似 效果,1
先 确保 足金 解码 再 听,0
高级 机器 为啥 买 二手 知道 上家 手里 操 联系 厂家 检查,1
电流 声 确认 强 干扰 同一个   上 插 千兆 网卡 肯定 故障,-1
还要 购入 嫌 动态 不够 猛,1
收 二手 不 试机 确认 收货 楼主 太 容易 相信 别人,0
科普 好 贴 插楼,1
不该 出现 波形 数字 滤波器 平白无故 产生,0
方波 去 验证 大 动态 很 好 方波 会 采样 点 之间 变换 非常 突然 这时候 不难 发现 数码味 创造,1
如图 下 方波,0
数字 滤波器 下面 采样 点 之间 无缘无故 加上 几条 波浪 线 锯齿状 波浪 线 难道 真的 声音 里面 存在,0
不 经要 问 究竟 才 音乐 真正 还原 才 叫做 高保真,0
当然 不可否认 诸多 缺点 强劲 低音 干净 高频 现代 找 不到 特别 味道,1
扯淡 先 去 看 信号 系统,0
鄙视 模拟 味 发烧友 请 闭上 鄙夷 眼光 不要 以为 模拟 味 错误 存在 正确认识 声音 良好 发烧 态度 才 关键,1
靠拢 趋势,0
好像 自行 打脸,1
请 手里 端 人们 端正 态度 收回 嘲笑 眼光 正确 认知 正确 声音 才 正确 道路,0
前排 出售 花生 瓜子 可乐 雪碧 信号 系统 离散 时间 数字 信号处理 数字 信号处理 实现 数字 信号处理 基于 计算机 方法         无辜 躺 枪 充气 头领 科技 客服 妹子 抱 枕,0
听宝 都 考虑 下,0
不用 网易 云用 路过,0
手 左右,0
新机 好像 升到 闲鱼 手 以下 都 没有,1
同意 楼上,0
电脑 直 推 确实 比较 适合,0
手机 听,0
手机 直 推 歌德 系列 试试,0
调音台,0
谢谢 楼主 分享,0
楼主 写 很棒 感谢 分享,0
看 很多 贴 都 说 乌托邦 高 一丝丝 没 听 不知 实际 情况,0
一套 完整 系统 搭配 对比 上 优势 很 明显,0
谢谢 分享 希望 多些 这种 参考价值 帖子 系统 下 更加 适合 古典 人声 更 体现 还原性 不 知道 耳机线 适合 有换 老烧 指点 下,1
顺便 提 下 感觉 饭盒 不太 适合 我换 饭盒 宝马 人声 顺滑 乐器 声场 定位 都 差 不少,-1
试听,0
支持 一下 内部 做 真 精致 真是 表里如一,1
支持 音乐,1
直流电 阻   应该   阻抗   小,0
太 复杂 觉得 低频 声场 必须 好,1
自顶,1
顶楼 主对 金属 乐 很 专业 有没有 比较 推荐 耳机 系统 组合,1
楼主 排 一下 版 太密,0
不 争论点 乐队 风格,0
摇滚 迷先 顶 后 看,1
中频   凹陷   那列   小白 路过 看 完好 累,1
看 完一 刷新   看见   去,0
觉得 推好 胜任 金属 耳机 三频 足够 均衡,1
有点 神奇 感觉 身回 年前 感觉,0
莱曼 配听 感好 舒服,1
太 刺激,0
觉得   不是   对手   听 流行,0
这种 只会 追 芯片 厂家 实在 无感,0
目测 乐器 人声,0
标题 写 脑补成,0
楼盖 看着 害怕,0
电平 调节 输出 电平,0
叠 高 很 担心 会 倒,0
烤 脑袋 效果 更好 烤坏 不 心疼,-1
喜欢 刷 蜜汁     甜口,1
这学 不来 学不来,0
楼主 说 确实 道理 类似 体会 温差 较大 听感 确实 耳朵 区别 这比 水电 火电 区别 大多 听不出来 说明 木耳 退烧,-1
目前 玩 好 还 真 不,1
一年 玩 改 耳罩   感觉 真正 找到 正路   现在 差 最后 一步   研究 原厂 耳罩 达到 效果 接近,-1
有米,0
现在 原线 听 挺 好 低频 烘托 氛围 挺足 大 编制 古典     都 很少 碰 耳放 谷津 破,1
搞好 以大 编制 持平 为准   毕竟 素质 完全 不 虚   差些 通透 声场   属于 走 偏 偏,-1
继续 细节 图,0
做 不错,1
楼主 做 精巧 都 出售,0
量产,0
恭喜 新 产品,1
兄弟 耳罩 越做越 精了,0
楼主 好 厉害,1
量产,0
强烈 支持,1
动手 能力 强,1
佩服 动手 自制,0
好 东西 不 量产 不 出来 卖 对不起 对不起 大家,1
接受 大家 预订,0
手艺 不错,1
避震 机架 重要性 很 庆幸 已经 发现,0
确定 不是 脑放 兄,0
厚实 真的 简单 说 两个 字 呵呵,-1
台機子 放在 手上 再 聽聲 音會 更 棒,0
应该 头顶 打开 脑放 更好,1
闭上眼睛 搬动 设备 看 是否 判断 得出,0
不会 以为 大乌,0
没听 出大 乌比好 至少 认为 差价 不 值得,-1
会 告诉,0
本来 价 新款 好像,1
银乌 价格 很 性价比,0
价 很 久 国外 经常 打折,0
价 买,0
顶 再 贵 没太多 意义,1
双入 新版 大乌 不 知道 是不是 买贵,0
再 整个 耳机,0
比较 合理 级别 分体 意义 不大换 耳机   这种 耳放 跟不上   数播 界面 没用过 不 评价,-1
升级 晶振是 意思,0
神可 爆数播 很多 渣 渣 还要 差 水平 主要 软硬件 优化 本身 关系不大,-1
雅堡 假洋鬼子 低端 很 垃圾 秋叶原 贵 声音 还 秋叶原,-1
买雅堡 钱 有点 打水漂,0
雅堡 烂 机线 块 秋叶原 雅堡 买 米,0
楼主 板载 声卡 同轴 光纤 接口,0
楼主 认为 不行 不行 后来 发现 耳放 相位 错 线 不行 买 所谓 美国 特丽珑 线前 几天 相位 调 立刻 毛刺 没 声音 不冲 再 换 古龙 线 声场 足足 大 一圈 规整 方面 已经 不输 之前 喜欢 光纤,1
电脑   位 输出 声音 已经 不错 两年 技术 突飞猛进,1
笔记本 没 同轴 没 办法,0
不错 咩,1
时钟 更好 高端 产品 才 带,1
工业 设计 确实 人 眼前一亮 体现 民族 自豪感 价位 高昂 同价位 有所 对比 才能 看出 是否 物有所值 期待 鬼版 帖,1
删去 内容,0
外观 造型 很 有意思,0
这耳放 之前 展会 听过 价位 不会 选它 后来 论坛 看到 出 二手 直接 掉 价位 人 实际 售价 产生 疑问,0
此耳放 展会 听过 搭配 透明度 非常 高 不再 暖 糊味 可惜 价格 太高 二手 已经 掉入 万 区间,0
耳放 推 表现 很 优秀,1
到底 卖,0
有幸 分别 听过 两款 产品 可惜 没有 机会 搭配 一起 体验 声音 表现 几乎 无可挑剔 价格 确实 感觉 遥不可及,0
搞 出土文物   好 奇葩 工设,1
图 拍 真 好 文字 一点 没 看,1
毫无关系,0
罗拉   琼斯   资源 比特率 全部 高 达   以上 不是,0
按理 码率 高 不 应该 有底 噪,0
高 码率 播放器 才能 完全 发挥 精妙 处,0
黑胶 唱机 录 出来 本身 有底 噪,0
音频文件 里面 包含 人耳 听 不到 频率,0
黑胶 转录 底噪,0
求 分享 文件,0
高 码率 不 等于 高音质 录像带 转成 影片 图像 模糊 码率 倒 上来,-1
,0
高频 延伸 挺 好 反而 低频 下潜 差,-1
现在 一代 白菜价,-1
高频 指 器乐 人声 部分,0
二进宫 耳机 出 还 想 那种 很 讨好 耳朵 基本 都 不 太 舒服 地方 回弹 慢偏 软 不 适合 久 听,1
老师 生活 太 丰富,0
明年 计划 逛家 实体店 只 听 不 买 那种,0
去 闲鱼 淘个 一体机 天鹰座 搞个 谷津 便宜 好声 喜欢 暖声 折腾 一下 不 喜欢 再出 不会 亏 钱,-1
需求 后 匹配 再谈 效果,0
年 双 频率 不高 音量 格 只 开 格 配合 卫星 箱,0
这店 城市,0
耳塞 万 耳塞 不输大耳 乌托邦 出来 应战,0
觉得 线材 提升 肯定 觉得 交换机 提升 线材 带来 效果 更加 明显,0
铜银 混编 线 相当 不好 调音 很 容易 高低音 脱节 镀银 线 类似,-1
听腻 想 回去,0
二手 版有 相反 再 出 胆耳放 建议 考虑 买下,0
只服 胆机,0
加上 一条 胆机 听惯 黑胶 回不去 买 黑胶 没 再 听 数字 音源,0
坏事 听多 几次 石机 回去,0
最近 几年 普遍 都 追求 高素质 一味 提高 解析 缺少 音乐味 并非 高素质 有人 说 胆机 失真 大 为啥 现在 胆机 没 淘汰 好像 懂 技术 说 石机 失真 主要 奇次 谐波 失真 这种 失真 往往 刺激 单薄 罪魁 胆机 失真 主要 偶次 谐波 失真 稍微 多一点 不难 听 反而 特殊 音染 如同 开 点 混响 说 排斥 胆机 思想 很 排斥 耳朵 很 诚实 胆机 听 多年 不腻 好 胆机 透明度 动态 瞬态 都 不缺 很 鲜活 很 温润 石机 没 做好 很 容易 声音 发木 严肃 当然 高端 石机 说,-1
不要 买 太旧 好,1
圈内 不是 流行 买 新 不 买 旧 买 旧 不 买 新,0
大耳 重量 减到 买 爆,0
投一票,0
双木三林沐声 芯片 解码 相比,0
机器 拓品 直接 上,0
不 重要,0
假设 两个 都 金封 如是 插运放 位置 空间 允许 插单 转双 肯定 选颗,-1
两个 单 好,1
帮顶 难得 看到 铁三角 新机 对比,1
店 国内,0
尼玛 名字 真够 难记,0
很 详细 听感 感谢 分享 话 说 封面 图 做 很 噱头,0
国外 仅 评测 说 更 适合 人声 还 会,0
目前 积灰 严重 还 不 知道 不能 应该 放 十年 以上,0
带 前级 耳放 使用 解码器 连接 就行 没有 不 建议 使用 转 失真 可能 比较 明显,-1
实践 一下 才 下结论,0
确实 够 老 十几年 前用 当时 很火 一款 国产 胆机,1
会 不会 烧坏 耳机 最好 请人 检查一下,1
试试 大盾 西门子 玩玩   富豪 飞利浦 性价比 高,0
竟然 接出 接收 信号 肯定 针脚 厂家 针脚 定义 资料 拆 蓝光 机 找到 针脚 近距离 解码 机器 两机,0
好像 文杰 有个 解码 前 级 听说 没见,1
拜事通 有个 解码器 接收 蓝光 机 源码 不能 转,0
玩 大半年 下限 不低 前端 比较 敏感 听到 柔和 推水润 活泼 百老汇 宽广 大气 高 阻口 推 功放 接 适配器 推 声场 形状 椭圆 正圆,1
阿米 罗都 不 知道 抱 心态 做 出来,0
早 说 冷门 耳机 疫情 期间 突然 热 起来,0
音量 似乎 没有 完全 匹配 听 起来 更 开阔 结像 精细 清晰 些 俩 中频 都 饭 味十足,1
没什么 音染 没 特色,-1
出门 闲鱼 好 货要 不 买 新型 号,1
玩 就算 工人   大部分 不会 时间 金钱 相当 有限   前提 不 推论 自然 歪,0
还 不是 厂家 带头 制造 噱头 论坛 风气 逐渐 商家 带 偏 风气 变 以前 好多 老烧 都 不再 上 论坛 明明 老烧 才 最 具有 说服力 慢慢 变成 初 烧 商家 论坛,1
有个 问题 是不是 买贵 器材 都 土豪 有人 经常 公共厕所 里 拍 自拍 依然 会花 很多 积蓄 发烧,0
水平,0
看 回复 机 应该 齿轮 坏 不是 光头,0
搞 明白 最后 一图   上 调整 螺丝 作用 原理   再 加以 实践 坑   就算 入门,0
贵族 之声 貌似 国产   看 价格 都 比较 贵   谱,0
不 建议 我用,0
买 天梭,0
不要 升级 曙光 不差 换 前级 管子 影响 比较 大,-1
上 上,0
名字 真 达芬奇 现代 管用 用天 梭,0
不要 花钱 升级 电子管 试试 晶体管 可能 晶体管 更 适合 听感,0
没 觉得 贵族 之声 不好 曙光 换 贵族 之声 高频 力度 层次 清晰度 提升 几个 台阶 不贵 试试,-1
说实话 牌子 名字 取 真是 恶俗 管子 声音 真 不算 差 古董 功率管 水太深 新手 最好 轻易 碰 国产 曙光 高端 系列 声音 俄罗斯 一堆 复刻 好,-1
调音 孔 具体 影响 声音 不 清楚 试着 堵孔 感觉 听 下来 没 区别,0
偏左,0
有时候 会 可能 耳朵 问题 右耳 有时候 会 丝丝 声换 一边 不是 耳机 问题,0
歌会 不会 奇怪的是 没有 偏右,0
人声 偏左 情况 下 左右 耳机 对调 人声 应该 偏右 偏左 耳朵 问题,0
很 好 干脆 暴力破解 不用 还给,1
楼上 邪恶,0
暴力,0
主人 过来 检查一下,0
耳机 钱 请问   会肯 乱搞 耳机 邪恶 一下,0
邪恶 家伙 跳 黄浦江 去,0
顶 支持 楼主,1
应该 支持 才,1
尝试 一下 两个 耳机 正好 都   相对 宽松 耐 听 激情 少 佩戴 很 舒服,1
第一次 听大乌 感觉 听 箱子 感觉 不同于 耳机,0
乌托邦 系列 单元 的确 很强 动态 爆炸 低频 延伸 很 好动 圈里 基本 独此一家 丰达 家 纤维 振膜 稍微 接近 平板,1
形容 听 上去 大乌出 恶声,0
意思 耳放 价格 性价比 很 高 看 闲鱼 很 便宜,0
害挺 好看,1
电 竞 推出,0
限量 纪念版,0
美丽 天使 远方 召唤,0
顶 好 资源 回头 换 显示器 慢慢 看,1
莫大 版有 不同,0
赞   帮顶,1
请问 资源 下载,0
可惜 多好 资源 来晚 希望 哪一天 重新 发布 度盘,1
古 很多 大神 神 神 历年 主场 合集 简直 无敌,0
现在 才 看到,0
芭蕾 这种 高端 舞种 最 好看 应该 大腿,1
牛 逼,1
老板 好帅,1
恭喜 好 牌子 广州 烧友 有福,1
一线 城市 烧友 真的 友好,1
恭喜 恭喜 带 设备 去 交流 交流,1
好近,1
想 收个 收不到 买,0
二代,1
楼主 美国 应该 考虑一下,0
讲讲 对比 对比,0
耳机 炒作 需要 报团 花费 很多 时间 成本 策划 体力 成本 体谅 一下 支持 一下,1
闲鱼 几万 平头 老塞 反正 看看 好,1
想起 名为 老,0
猜 炒家 老 型号 无差别 全都 炒炒 所谓 广 撒网 总能 网到 骗子 广加 好友 群发 消息 总有 傻 回应,-1
奥产卖 都 木 有人,0
没 开封 都 炒 上千 不算,0
耳机 界 怪相 越来越,0
有过 低价 甩,0
条件 音箱 无疑 没 条件 耳塞 大耳 这种 东西 高不成低不就,0
单元 一寸 大 一寸 强,1
喜欢 夜深人静 听歌 箱子 不 可能,1
认同 楼和楼,0
哪有什么 顺序 应用 场景 不同 箱子 放 客厅 大耳放 书房 耳塞 放 口袋,0
各有所长 条件 一起 搞,0
算是 问对 地方 论坛 块 音箱 秒 大奥,0
听 箱子 就别 听 耳机,0
直接 接 接口 耳机,0
建议 最后 再 烧线 先 传送 模拟 线 搞好,1
吖 疯 线材 最后 才 搞 投资 不要 占 超过 系统 百分之,0
好 静下心来 想想 先 处理 好电 百元 先头 都 滤波器 电源线 上去 淘宝 上 套餐 有人 说 用料 更好 一看 价格 确实,1
线材 数字信号 传输 基本 没有 影响 关键 连接线 后 设备,0
自大 论坛 炼成,0
少年 回头是岸,0
我用 电子词典 自带,0
建议 古河 保证 不 后悔,0
古河 足够 钱 上银彩,0
都 接   移动硬盘   毫无区别,0
一档 东西 贵 一点 轻 一点 当成 中间 型号 好 更 杂食 交响 没有 加成 耳朵 大 盖 不住 这点 佩戴 要求 高 人 需要 注意,1
二手 价 加一点 买 二手,0
话 说 最近 清 库存,0
帮顶 描述 挺 好,1
听说 差不多 没 兴趣 钱 干嘛 不买 干嘛 买 铁三角,-1
焊 一下 好 细心 点 肯定 听不出,1
找,0
正规 改法 线 头 一起 剪掉 重新 剥皮 上锡 焊 新线 原 焊锡 基本 不 可能 找到 差不多 影响 不 大 原装 未必 好 焊锡 做线 会 焊锡 不会 过于 垃圾,-1
激光 鼠 狐狸 家 店 都 口碑 谱,0
只 推荐 西装 已经 不是 传统 铁声   如今 素质 在线 染色 听 性价比 很 高 传统 铁家 女毒 耳机 当然 很 毒 太老 太贵 最好 选择,-1
相对 更 清爽 染色 少 点 高频 更亮 推 点亮 喜欢 调音,1
其实   很感兴趣 可惜 找 不到 试听 地方,0
必须   陌生人 妻,0
超过 美元 有线 耳机 不算 入门 入门 应该,0
年前 旗舰 年 次 旗舰 年前 中端 今天 入门 真是 老烧 来说 耳机 应该 都 挺 怀念 这种 年入 坑 都 觉得 挺 怀念,0
小不点 解码 有点 年头 还 没出 年代   顶级 耳机,1
大耳 上台 获得 提升 耳放 所有 耳机 上台 都 解码 获得 提升,0
依旧 旗舰级,0
不是 路子 产物 路子 老森海 风格 总结 相对 意义 妥协 流行 风格 完全 不同 古典 不同 风格,0
捆绑 党 乐趣 不 懂,1
关键 桌面 供电 便携 玩具 电池 省 电 设计 供电 差别 桌面 供电 声音 都 碾压 便携 耳塞 都 上 桌面 一大 耳朵 提升,-1
说 美国 线 欧洲 线 最好 一起 集合 双方 优点,1
关键 档次   档次 价格 决定   当然   最终 个人 认知 能力 会 判断 绝对 主观 影响,0
盲 狙 翻车,0
第一个 耳机   欧 玩 不 容易 翻车 不 建议 搞小厂 冷门 耳机,0
同等 降到 以内,0
声音 部分,0
,0
,0
楼主 排版 很显 功力 读 很 舒服 怒赞,1
好 贴   坐等 对比,1
写 很 实在 不错 不知所云 评测 强多,1
,0
太 简明,0
喜欢 这种 实在 评测,1
隔壁 说 声音 封闭 版,0
好文狂 顶,1
音质 部分 今晚 回来 再 大家 补上 太忙,0
大 实话,0
纯 钛 很 硬 容易 花 镀 钛 纯 钛 非常 贵 很 硬 加工成本 很 高 很多 所谓 钛合金 些 塑料 加含 钛 油漆 以前 索尼 机上 这种 东西,0
划 重点 价位 不太低,0
认真 挑 百度,0
展示 下 店主 耳机,0
不好意思 问 一下 楼主 不是 纯 解码,-1
不用 防潮箱 都 不用,0
一付 耳机 难 伺候,0
建议 关机 五分钟 后 插拔,0
木壳 真是 漂亮,1
个人 觉得 人声   好听 太,1
听过 感觉 都 好,1
没事 经常 问 没 规定 问 必须 买 想 了解 一下 行情 价格 合适 不 考虑 入手,1
允许 问 不 买 允许 别人 看 不 回 互相理解 理智 发烧,0
头大 不 适合,0
最 听 不 下去 耳机,0
塑料 太   耳罩 太小,0
门 耳朵 不错,1
便携 播放器 还 树莓 派,0
想要 简单 机加 耳放 同档次 数播 可能 会 比较 贵,0
近期 了解 树莓 派 顶 一波,1
人声 好些,1
每个 人 说法 都 不 我刚 买 据说 略 暖 低音 偏闷些 低音 少 些 下潜 深些 偏 中性 素质 流,0
风格 都 中频 人声 素质 好些,1
比较 喜欢 开放式 耳机 昨晚 一时冲动 入 二手 后来 才 发现 原来 封闭式 耳机 有点 后悔,1
推过 推得 很 中性 中频 没什么 改变 后来 改用   推得 很 舒服,1
重 口味 声音 偏暖 相对 自然 中性点,0
听 弦乐,0
降噪 刚需 入 一只,0
还 算 京东 标称 新 实际 新,0
外观 好看 选 都 半斤八两 产品 近距离 聆听 低音 一定 分量 房间 不 大 过得去 房间 有平 左右 明显 感觉 能量 感 不足 气势 上 不 去 其实 听音 需求 找个 箱子 更 适合 本身 都 入门 产品 箱 区别 真不大 好听 更 关键 惠威 才 应该 考虑 箱子 当然 没 地方 放 另一回事 桌面上 显得 有点 大 考虑一下 漫步者 声擎 顶端 书架箱 流行 动漫 电视剧 实际效果 吊打 说 小口径,1
几个 箱子 都 桌面 箱子 看 电影 有点 效果 都 需要 加 低音炮,0
素质 肯定 最好 最贵,1
内存 没 必要 树莓 派 装 解码 免驱 外接 硬盘 做法 级 硬盘 树莓 派 直接 供电 带不动 需要 带 外置 电源 移动 硬盘共享 文件 可行 网络 直连 共享 网络 可行 需要 研究 设置 问题 相信 楼主 应该 懂 两个 机器 开机 还要 树莓 派 干什么,1
看看 先,0
大乌,0
没见 过大奥 人物 大奥 合适,1
说 详细 点 喜欢 风格 声音 目前 觉 系统 缺陷 刚需 必须,1
觉得 优先 升级 机 床头 位置 大 上 一台 旗舰 现在 床头 一台 天龙 入门 机 睡前用 听听 室内乐 小 编制 很 舒服 余钱 上 单体 耳放 石机 感觉 主要 不热 安全 再 有钱 升级 信号线 电源线 耳机线 觉得 升级 顺序 比较 平顺 声价 比较 高,1
送,0
色彩 不准 黑酸枝 拍成 红酸枝,0
钢线 线 独特 风格 建议 先 听 一段时间 实在 不 喜欢 再 换掉 不 迟,-1
居然 换运放 有点 意料之外,0
您好 耳机 寄回 处理 带来 不便 十分 抱歉 已 私信,1
点赞,1
不能 塑料 全 换成 钛合金 碳纤维 反正 贵点 有人 买 还 不会 喷 做工 问题,0
觉得 设计 用料 问题 头梁 硬 脆 还 比较 窄 比较 容易 掰断 设计 成 金属 肯定 没有 问题,0
塑料 头梁 多得是 会 掰断 不,0
头梁 应该 不 贵 为啥 喜欢 断头 梁 耳机 不用 同样 材料,1
抱 最近 刚入 瑟瑟 发抖,0
里边 没有 金属 骨架,0
不能 硬 掰 冬天 用点力 挺 危险,0
失火 不 知道,0
用过 评价,0
单片 做好 声音 动态 范围 够 根本 不到 两片 更何况 芯片 没,1
价位 很 不错,1
大 品牌 不 愿意 花 时间 研发 新 芯片 系统   单片 非常 饱满,0
双木 不错,1
好听 关注点 不,1
改进 之处 飞利浦 陶封 声音 透明度 厚度 解析 会 更上一层楼,0
轻歌曼 欧 单元 本来 高频 延展 很 差 很 正常 详细 请 见,-1
平头 试试 野牛,1
主要 脑子 热,0
温度 影响 电阻 还 应该 晶振 差 晶振 确实 环境 适应性 差,-1
年初 京东 买 条 算是 支持 京东 事业,1
石机 功放 推 用来 推和大 乌 控制 好 音量 绝对 不会 有事 好听 不好 听 回事 胆机 没试 太 大功率 推 耳机,-1
不 加 适配器 老叶 银版 适配器 强烈推荐,1
蓝 水线 下 很 好听 推荐 烧友,1
建议 上 胆机,0
能响,0
韵味 至今 都 找 不到 替代,0
不介意 低频 少 点 依然 觉得 很多 声音 很 奇怪,0
赞 楼主 识货,1
素质 一点 不 落后,0
退化 赶脚,-1
所知 还 惊雷   套 胆机,0
有没有 试 歌德 看 好像 比较 喜欢 听 流行 人声 歌德 应该 比较 合适 相对 便宜 感觉 听 流行     都 好听 耳机 风格 对路 挺 重要,1
先 换掉,0
当作 数播 解码 先玩 这时候 加个 谱 耳放 推 提升 会 很大,0
出大 奶罩,0
同问 学习 下,0
凯因,0
加,0
古典 不 太行,0
觉得 大声 场 好 人声 不可 兼得 小白 发言 求 反驳,1
平衡 推 二代,0
弱 噪声 环境 下 还 听听 强 噪声 时 估计 顶住 噪声 环境 下 神马 音质 都 浮云 主要 还 看 降噪 效果,1
换根 单晶 铜线 配个 好些 播放器 音质 一片 大耳 高铁 还 开 降噪 重没 缺点,1
已 入手     解析 力 很 强 低频 下潜 很酷 高音 表现 不是 很 满意,1
一只 低估 耳机 需要 多煲 刚 买来 听 差不多 二十多 小时 左右 太 难听 挂 闲鱼 没想到 边卖边 煲机 居然 有天 偶然 听 以后 才 发现 音质 蜕变 独特 听 音箱 感觉 现在 都 舍不得 卖,-1
恐怕 恐龙 小尾巴 哈哈哈哈,1
尾巴 事小烧 货事大,0
推荐,0
,0
当年 种草 纠结 皮质 耳罩 怕 容不下 眼镜 始终 没 搞,1
想 听到 更 细节 升级 耳机 解析 确实 已经 不大行,0
,0
楼主 说法     觉得 应该 换换 耳机 耳放 试试 可能   配个   弄 万元 解码   明显,0
建议 换 耳机,0
都 单独 耳放 更好 点,1
卖掉 换   太坑,-1
现在 都 发育 提前,0
都 没人,0
,0
都 最高 指标 芯片 风格各异 楼主 打算 入 解码 建议 不要 一体机 单 解码 就够 当然 耳放 必不可少,0
不 懂,1
不尽然 华硕 老虎 卡 各项 指标 都 很 高 不 一定 完胜 外置 解码 电路设计 太 关键 不是 大补 特补 出 好声 举个 例子 再 好 线材 味精,1
耳放 必须 先 入耳 放用 一体机 自带 就行 不 满意 再 考虑  ,0
说 清楚 点 型号,0
二房 必须   两万 内 预算 上 一体机   回答 完毕,0
进来 学习 下,0
,0
这片 好,1
好 用来 听点 人声 小篇制 都 没 问题,1
心片 还 看 整体 同一 心片 做 出来 烂声 很 常见,0
楼 很 强大 想 看 懂 不行,1
喜欢 买 不用 找 接近 雅俊 黑盒子 全 分立元件 解码 二手 不 贵,1
关键 看 电路 坛 上 十周年 版 反响 挺不错 没 听 经验 判断 一试,1
产 芯片 里,0
老 芯片 真的 好,1
,0
看到 淘宝 上 芯片 终极 解码器 评测 几乎 没有 心思 思 好久 不敢 贸然 尝试     现在 国货 还 真的 不敢 随便 试,1
老 芯片 都 很 不错   喜欢,1
明白 芯片 不 可能 改变 声音 部分 才 造成 音色 区别 关键所在 部分 做 好 芯片 都 出 那种 声音,1
芯片 声音 音色 走向 关键,0
元 普通 不带 后缀 带 带 七百 八百 难 买 真的,0
说 普通 折腾 一圈 最后 留下 个人 认为 值得 折腾 值得 保留,-1
不到 一千 收个 欧直 推 不难 听,-1
不 了解 用过 声音 真是 一言难尽,-1
      双弄   这套 不错 办公室 听听,1
都 没有 银乌,0
端,0
都 没有  ,0
三代 考虑一下 低 阻易 推,0
赞同 楼 说法,1
之前 听 森海 试试 银乌,0
半 开放 坐在 旁边 人会 听到 耳机 里 传 出来 声音 个人 都 没 问题 枪声 会 有点 刺 不 知道 会 不会,0
声音 比要 正确 隔音 佩戴 还要 好点 还 换线 电脑 确实 有点 推不动,1
中 高频 好听 声场 自然 扩散 型 不 一本正经,1
高频 不 扎耳朵,0
耳放太难 找 主流 耳放 都 不 匹配,0
请问 套子 戴 不用 下来 声音 会 不会 改变,0
上市 太晚 吃 头 啖 汤,0
老 玩家 手里 高阻 适配 耳放 居多 不 太 友好,1
现在 推 还行,0
声音 太 纤细 不是 很 喜欢 线条 感 很 好 声音 饱满度 不好 高频 有点 接受 不了 不是 喜欢 声音,-1
耳罩 材质 声音 影响 蛮大 森海 坚持 年 都 天鹅绒,0
做工 精湛 指 排线 断裂 偏音,0
很 不准   认真 用测,0
有点 欣赏 不 系列 倒 听来听去 发现 竟然 出奇 满足 平平淡淡 才 真 一天 退骚 应该,-1
非常 赞同 尤其 都 拿捏 刚刚 好 听 好几年 感觉 人 完全 融入 音乐 中 人 感到 仿佛 置身 时空 却 感受 声音 真实 声音 调教 老练 恰到好处 觉得 比较 接近 应该 后者 解析 好 很多 听感 比较 接近 调音 来讲 没有 优势 售价 巨大 差距 注定 经典 难以 替代,-1
十幾年 玩眾 多耳機 耳塞 總在 深夜 陪伴,0
一只 坚持 生产 制造 余年 耳机 这得 得到 用户 认可 个人 见 最 玩家 手里 只 不同 版本 头版 藏 都 舍不得 听 干燥剂 塑封 改线 改 平衡 玩 不亦乐乎 耳机 上 编号 哪一只 对味 哪几个 喜欢 歌手 都 背 出 真 爱,1
款 不是 冷门 打游戏 体验,0
一台 属于 打游戏 听歌 全能型 差距 确实 轻 非常 没有 试过 上 平衡 线会 楼主 若有 兴趣 出,-1
简单 来说   一只 低频 下潜 解析度 增强   厚暖版,1
歪瑞古德   很 好 推 不用 平衡,1
这类 低 阻高敏 型号 其实 非常 易 推 个人 觉得 没 必要 上 平衡 搭配 几款 前端 就算 直 推出 声音 均衡 声压 够,-1
推有 推荐,0
苹果 面前 索尼 弟弟 真 无线耳机 上 苹果 大 耳机 上 苹果 想 做好 没 人 能干 苹果 没有 兴趣,1
坐 看 三个 字 听到 哈曼 调音 瞬间 脑放 表演,0
科学 耳机 强 无敌,1
看到 说法 强于,1
减少 听诊器 效应 金灿灿 银 闪闪 五光十色 确实 有点,0
买 红色 好 几股 编 太重   最后 回 原线,1
不 懂线 搓 紧 一点 声音 紧 速度 快 搓 松 一点 声音 松 速度慢 拿捏 秘籍 搓 线 师傅 一门 很 高 手艺,1
多股 绞线 单股 胶皮 线 区别,0
线基 做 颜色 搭配 好 外观 好看,1
那线 里面 大 概率 麻花,0
同样 不 喜欢 麻花 线 耳塞 还 接受 大耳 不 喜欢,-1
莫 提米 唱 不错,1
买 还 买   好看 六百多 块 以前 有过 想法 买 送人 后来 打消,-1
出不出,0
眼睛 版 大佬 换 方棍 版 加钱 还 不行,0
加钱 换 可行 不,0
同问 目前 已知 区别 群主 认定 三宝 界面 抄,0
仿 指责 别人 仿 太 搞笑,-1
老板 暴脾气 受得了 买,0
想 知道 水平,0
线好,1
都 属于 超频版 声音 自然 很 正常,0
开放式 耳机 相当于 封闭式 音染少 自然 开放式 耳机 中 低频 密度 和量 感 封闭式 起来 捉襟见肘 声音 好不好 听 取决于 中频 质量 声音 感不 感人 取决于 中 高频 质量 声音 还 不 还原 现场 取决于 全频 质量 说 耳机 中 高频 好 毕竟 单元尺寸 限制 下 低频 不 可能 还原,-1
说 人 身临其境 声音 非 音箱 系统 不可,0
考虑 齿音 比轻 很多 高频 会 燥   基本 同级 前端 没有 容易 配,0
电池 供电 优势 不 应该 声底 干净 会 交流电 直插 声底 更 干净,1
试过 大耳 都 没有 听到 过底 噪,0
我用 两个 耳机 没有 遇到 底噪 问题,0
感觉 平民 版 索 六万 思路 确实 不错 可惜 体量 太小 软件 方面 力量 太 薄弱 海贝 搞个 手机 控制 不错,1
旷世 层次感 分离 度 做 真是 不错 很少 同档次 上 一两个 档次 解码 超过 再 加强 一下 解码 低频 质感 耳放 推力 加点 价 推出 万元 旗舰 必买,-1
直 推选,0
买个 小尾巴,0
颜值 再 难 推 供,1
讲 性价比 千元 内 没有 更好,1
,0
蓝色 版才 性价比 之王 优化 人声 听感 现在 都 已经 绝版,0
堪称 小,0
千元 内 有没有 人 试试,0
附议 耳朵 差距 经常 脑放 产物 当然 说 随便 玩玩 不在意 无可厚非,-1
耳朵 听 不会 再 想 听 回 原来 不用 高低 已有,0
觉得 耳朵 差别 新鲜感 心理 效应 应该,-1
第一次 接触 时 听到 那种 声音 真的 叫做 耳朵 差别 头皮发麻 心灵 一颤 感觉,-1
灵车 天天 有人 上服,0
卖 几块钱,0
回头 去 听听看,0
  报告,0
耳机 复杂 是因为 感性 负载 放大器 驱动 感性 负载 简单 物理 模型 解释 不好,-1
测试 快 出来 瞎搞 玩意 吹 一下 一堆 人买 怪不得 国内 出不来 好 品牌,1
不是 黑 出翔,0
恭喜 路 大佬 入 新 玩具 顺便 请教 头版 农夫 线 原线 变化,1
确实 需要 加胆前 屎 胆前 看起来 不错 可惜 国内 不好 买,-1
看到 农夫 线 苦涩 沙 想起 首歌,0
不会 会 耳机 厂 关门,0
耳机 厂 设计师 都 木耳,0
玄学 玄学,0
觉得 头梁 调音 不会 影响 觉得 线材 影响 很大 觉得 影响 只不过 消费者 工程师 都 不大 在意,0
一边 电线 长 一点 可能 焊点 转接,0
理论 上 单边 会 一点点 影响 极小 忽视,0
外壳 上放 块儿 猪肉,0
静电 换个 外 接电源,0
机器 没 接地 金属外壳 漏电,0
看 半天 线电 最 有效 都 要线 电 关键 线 电贵 要死,0
树莓 派 线电 交换机 线电 合一 路 大线 电线 电 投资 快   设备,0
单元 耳罩 调音 棉 腔体 线材 电阻,0
机器 能直 推嘛,0
欧 真是 好 耳机 推好 不 比差 楼主 帝亚兹 马上 到货 到时候 看看 适不 适合 推 平板,-1
界面   为啥 说 界面,0
可怕 居然 能直 推,0
比较,0
阻尼 调节 形容 辣椒酱 玩意 沉得 铁 疙瘩 去 出差 未免太 夸张,-1
都,0
重要 顶级 数播 都 没有,1
是非 远程 传输 标准 以前 只能 传输 不 超过 机 内 传输 后来 国内 引入 差分 算法 远距离 传输 不是 国际标准 大部分 支持 都 国人 设计 国外品牌 大部分 都 国内 设计师 设计 数播 带 不 其实 已经 很 不错 普及 更 久 老外 没 快 普及 玩数播 不 便宜,-1
解码 机有口 少 看 老旧 数播 拆机 针脚 大多 近距离 开发板 数字 转换 板 近距离 接线 解码板 针脚,0
包邮,0
网线 都 烧 脑放好 强大,1
这种 粗 网线 路由器 电流 带不动 网速 不是 很 好 曾 今 买 一根 很粗 类线 上 家用 路由器 上 网速 还 下降 发烧 网线 有时 不 一定 好脑放 要不得,1
顶 下 对岸 烧友 好文 分享,1
水晶 好線 直上 不後悔,1
需要 高 推力,0
对岸 烧油 有心,0
顶一下 繁体字 烧友 其实 曾经 平板 旗舰 中 纠结 担心 嗨 男人家 糟糕 品控 最后 入,1
人 潜水 看 真正 回帖 不 真 男人 平板 很 耐用 小 细节 无伤大雅 毕竟 都 在家 听 声音 没 问题 好,1
只用 耳放,0
顶顶顶 顶顶顶 顶顶顶 顶顶顶 顶顶顶 顶顶 哪位 了解 老大 说 说,1
继续 问,0
世界 只能 形容,0
拿来 爽一爽 挺爽,0
欧 不错 前端 要求 高,1
还要 不行,0
主要 看 是不是 推动 拜亚 耳机 耳放 拜亚 森海 耳放 不 通用,0
推动 森海 耳放 推 拜亚 耳机 声音 比较 薄 容易 刮 耳朵,0
没 必要 买 买 得到 古董 版 粉红色,-1
都 无非 听个 不同 味道 觉得 没 必要,-1
买 听 金属 刺激,0
确实 方便,0
出差 会   蓝牙 听个 响,-1
顶一下,1
听不出来,0
排除   版本 以前 自用 声音 很 虚,0
听 音乐 没有 比例 分 听 一曲 交响 都 能放 交响 标准 来整 只能 放弃 种类 音乐 价位 耳机 是不是 前端 性能 上 投入 少 些 便携 偶尔 出差 在外 使用 没得说 见 一群 人用 元 档次 一体机 前端 电脑 便携 播放器 推 只 耳机,-1
歌单 比例 说 不 一定 做到 挑选 便携 前端 推 不好 交响 类型 都 听 不了 等于 歌单 中划 便携   解码 解析 推力 控制力 都 因素 耳机 吃 控制力 不要 太 推力,-1
现在 不 崇尚 非常 贵 线 够用 即可 价位 有所 探索 这线 确实 不错,1
推荐   魔石     解码 一体机 绝配 线,0
不想 当然 只能 买 退线 没用过 都 别人 吹 买回来 不 退 直接 想当然,-1
楼主 真 有钱,0
镀金 层 意义 防锈,0
去 重新 镀金,0
左右 都 金耳朵 听 出 区别,0
请问 楼主 搭 大耳出 好声,1
这次 搭配 解码,0
楼主 听  ,0
话 说 现场 买 东西 展会 折扣,0
只能 一股脑 罗列 陈来 特 傻 那种 不能 分 文件夹   声音 倒 不错,1
马兰士 红 芯 成蹊 系列 享声 系列 双木三林 新出 都 元 左右 数播,0
数播 上 预算 少 上,0
不 支持 多份 文件夹 会 读取 不了 盘 新 上市 已经 改善,1
配 线 一起 送 都 两条线,0
三条 线,0
两千多 号 三条,0
确实 条线 版本 不 知道 是不是 所有 批次 都 三条 线 三条 线 版本 芯 卡农,0
先花点 小钱 试试 乔普 蓝色 大道 机线 牌子 不 满意 再 买 贵,0
目前 一体机 耳机 耳机线 直接 上 银彩单 皇冠 电源线     线 家   元素 墙 插   下 目标 搞台 数码,0
线材 尽量 买 国外 一定 知名度 大厂 总 不会错 国内 勿 碰,0
看到 价格 真 实惠 谢谢,0
刺 耳机 闷 耳机 周边 器材 销售 带 起来 好 耳机,1
耳机 佩戴   有没有 夹头 压头,0
卖用 甬声 头牛 逼 这波 客户 需求 瞄准 真 好,1
不 前提 机子 都 真 平衡设计,0
感谢 楼   楼 湖中 骑士 楼小艾楼 蜘蛛侠,0
说起 协议 新出 高端 解码 已经 带 接口 听 人 肯定 不会 忘记 那种 吊打 界面 模拟 感 从此 再也 不想 听 界面 那种 低价 声音 不仅仅 协议 新出 一定 好 解决 界面 短板 通用 协议 一出 界面 末日,1
现在 几个 厂家 接口 协议 还 没有 统一 导致 容易 出现 不 兼容 情况 希望 大厂 出来 带头 接口 统一 声音 数播 传到 解码 已经 变味 从何 谈起,0
先 解决 接口标准 市面上 不同 厂商 针脚 定义 都 不同 兼容性 都 问题 东西 还 谈 普及,0
数播 缺 没什么 大不了 有口 配 上 附带 界面,0
本来 机内用 用到 外面 好处 时钟 信号,1
没有 想像中 美好 同步 时钟 目前 来看 解码 时钟 优于 转盘 时钟,1
可能 会 惹 商家 想 说 现如今 高价 分体 解码 真的 必要 中 低价位 说 方便 妥协 使用 廉价 声音 界面 高价 解码器 一层 界面 出来 声音 不会 好 高端 机器 重整 信号 净化 信号 终点 已经 错 做 都 无用功 以后 趋势 必定 数播 网播 解码 一体机,1
传输 距离 短 现在 缺乏 大厂 推动 标准 五花八门 不 容易 统一,0
直流电 阻 千欧 看 错,0
四位 半表是 读数,0
动手 派 技术 贴 一定 支持 一下,1
手艺 真的 胆大心细 引线 弄断 不好玩,-1
直流电 阻 欧姆 之前 以为 交流 阻抗   想弃 坑 上 低阻 耳机 没 上万 以上 根本 推 不 通透,0
没 看 明白 插座 插进去 弹簧 传导 铜 座子 上 线 再 座子 上 几道 转化 之后 总 感觉 损耗 挺大,0
出现 问题   同样 弄,0
欸 少有 实用主义 玩家,1
是不是 开 高强度 升频 插件,1
不要 回放 回放   模式 更好 默认 缓存 低 时代 录音 设备 开发 出来 不是 回放 音频 录音 要求 低 延迟 回放 延迟 没什么 大 问题 缓存 大 一点 声音 更 稳定,1
淘宝 没 搜到,0
没事 百度 块 很 便宜,0
哪家 不 知道 还 不能 上车,0
没 听 手上 真心 好听 都 吃 灰 年,1
块钱 真的 很香,0
铁三角 用户 推荐,0
,0
拜亚,0
还好 推,1
内核,0
换 界面 噱头 换 芯片 好 宣传   更何况 目前 瓶颈 不,1
不 听 咯,0
好,1
界面 党众会 废掉 机 内 界面 独立 搞 界面 转 同轴 光纤 玩家 会 撬开 板板 直接 接入 老 解码 针脚 电玩 群 直接 上线 电换 数播 直 插 解码 机,0
妥协   妥协 还 差点,-1
搞 不 明白 妥协 声音 不合 意 市场 妥协 之前 声音 都 不是 市场 需求 产品,0
版是 首版 妥协 往往 老烧们 错觉,0
问题 很 明显 解决 严重 问题,0
何在,0
吹 解决 省省   腔体 带来 根本 问题   森海 官方 频响 里面 才 显得 解决   建议 听 听 高频   感受一下 真正 解决 样子,0
更好 听 可能 贵 贵在 那根 平衡 线上,1
离题 好奇 拜亚 出 新旗舰 大耳,1
很 垃圾 必须 入 升级 线才行,-1
从来 没 觉得 好 声音 都 缺乏 感情,1
投票 没有 价值 森海 精简 生产线 后 代工 同样 一批 单元 再生产 只能 生产 银色,1
没玩过 不乱 投,0
真的 明显 区别,0
电脑 直 推 多点 钱 配个 有点 推力 声卡 不 嫌线 碍事 不用 手机 有线 足矣,0
角度 来说 应该   更好,1
没有 蓝牙 需求 没 必要 上   效   效果 金丝雀 这种 千元 台机 插 差不多 这时候 应该 成 发挥 蓝牙 耳机 都 电池 寿命 问题   没有 有线 模式 好像,-1
有线 版 声音 差距 很小 蓝牙 完美 替代 无线 现在 万元 有线 大耳 都 基本 不用,-1
官方 搭配 声音 肯定     合适,1
弄个 好 声卡 差不多,-1
看 是不是 喜欢 调音 喜欢 肯定 好 推出 标准 味,1
听过 素雅 好听 佩戴 舒服 封闭 不要 开放,1
潜力 大 很多,0
  好 推 耳机,1
动圈 配合 木 腔体 声音 干净 不 干涩 刺耳,1
听不出 封闭式 潜力 更大些,0
同问 左边 无声,0
官方 维修 好像 美刀保 回程 邮费 更换 两个 单元 年 保修 其实 还 再 卖掉,-1
平衡 输出 没,0
,0
上,0
好长 看不完 支持 听感 帖,1
好文 支持,1
写 很 用心,1
好文 当年 试听 一代 知道 好 东西 可惜 很多 人 没 听 以为 吹出来,1
耳放 耳机 解码 碟片 都 高端 器材 听感 文章 很少 楼主 辛苦,0
看起来 好像     好哇,1
好文 辛苦 楼主,1
小乌     配个 大 乌 耳罩   重点 没 毛病,0
银乌,0
,0
看 闲鱼 左右 全新 银 乌 不 知道 是否 谱,0
节奏 都 带 起来,0
块 二手,0
银乌,0
价位 听 人声 老 样子 男声 女声,0
仅供参考 素质 素质 人声 有人 声 解析 力好 声场 还 行 低频 量 虽少 弹性 好 速度 快,1
人声 分好 多种 日系   不错 流行 人声 歌德 比较 奔放,1
歌德,0
看到 跑遍 大半个 中国 净化器 哈哈哈哈,1
表示 不服,0
只 想 知道 电源 机器 中间 缝隙 会 不会 积灰,0
歪个 楼 想 请教 下 雅马哈 声音 素质,0
年 马上 楼主 还 说 说 之外 各大 厂家 还 新 技术 出 新旗舰,0
系统 不是 特别 顶班 情况 下 交响 第一 选择 最 不 容易 出错 选择 风险,1
不想 知道 后起之秀 只想 知道 先起 之秀,0
铝带,0
金 平面 铝带 耳机,0
不像 手机 电脑 手机 电脑 芯片 摩尔定律 来看 两年 性能 翻 不 解码 来说 芯片 早已 不是 限制 声音 主要 原因 芯片 提升 声音 来说 提升 不 明显 说 十年 二十年 一代 都 不为过,0
觉得 耳机 前端 未必,0
科学 机器 现在 开卷考试   都 知道 要测   最 不济 友商 板子 洗个 稿 交卷   交了 卷 完分 割   其乐融融,0
厂家 规规矩矩 升级 设备   规规矩矩 调音   还算 好 至少 声音 中规中矩 厂家 喜欢 搞 新花样 变着法 子来 骗钱 最后 居然 还 出 怪声 听来听去 还 不 知道 年前,-1
前面 说 主要 针对 台式 系统 便携 建议 初烧 至少 一两年 沉淀 千万别 新 功能   新 芯片 去 买 刚出 机器,0
昨天 有位 大佬 写 线材 同轴线 工业 射频 线 价格 不用 贵 制造 合格 声音 都,0
好听 好 推,1
二代 库存 销售 完 三代 真香,0
欧博 买 推 效果 莫名其妙 怪 不 适合 最后 卖 的确 一种 沉静 感觉 当时 并不知道 安定 感 却 已经 感受 真正 整个 人 放松 沉下来 感觉 特别 静 可能 背景 很 黑 一种 高级 效果,1
词 年前 有人 当时 三个 耳机 不少 评价 都 说 微 动态 吊打 个人见解 其实 微 动态 实际 所谓 大 动态 音乐 下 细微 细节 仍 保持 不错 整体 听 起来 不会 生硬 当然 每个 人 理解 可能 不同 不 知道 其他人 说 微 动态 是不是 回事,1
微 动态 据说 更 高级 东西 推好 才 安定 感是 相对 简单 说 不会 感到 烦躁 具体 对比 知道 安定 感 最好 耳机 相对 比较 毛躁 更 毛躁 台厂 舒 伯乐 超乐仕 几乎 每个 型号 都 很 毛躁 不 例外 都 毛躁 无 安定 感 典型 不 需要 对比 听得出来,-1
再 搞 一打 斑波 串串 串   结束,0
朋友 已经 大多数 人 更 牛 还 需要 问小白 找 退步 路线,-1
调制 解调 噪声 太大有 条件 无 线路 接到 交换机 最后 有线 连到 桥 上,0
挺 好 准备 买 买过 几个 东西 都 不错,1
现在 用来 开脑 放,0
钰龙 人 之前 说 玩 测试 家 入门 机 得分 高过 旗舰机,0
其实 华硕 旗舰 主板 板载     测 参数 会   还好 很多 发烧 省钱 玩 板载 声卡 学会 数据 指标 听 音乐 说 不好 听 指标 好看 完,-1
有点 鬼斧神工 意思,0
声音 东西 目前 可测 参数 只能 占 一部分 说明 不了 大 问题 参数 及格 好,1
晾干 还 想 加点 洗衣 液 洗洗,0
汗 事,0
放 微波炉 烘 一会 声音 会 更 暖,0
无所谓 别进 插头 行线 皮 都 绝缘 可能 进水,0
干脆 放 洗衣机 里 洗 一次 耳机 火气 洗掉,0
耳机线 外面 都 橡胶 绝缘 皮 编制 外皮 无所谓 晾干 好,1
考虑   静电 耳放 耳机 不带 解码 真的 觉得 差别 没多大 恐怕 考虑 不 应该 搭配 之间 才 选择 看作 耳机 实际 听过 其实 之间 感觉 实际 并不多 合适 卖 不好,-1
主要 静电 耳放,0
电 选,0
有钱 静电 套 愿意 折腾 想 方便,-1
垃圾 玩 静电 上,-1
几个 不同 时期 都 拥有   推荐,0
声音 非常 通透 自然 风格 很 不 建议 机会 听 听,0
目前 有个 可能 选 安安 哒 听 就要 卖 没 解码,0
配合 素质 高 解码,0
赛灵思,0
看 不 明白 两个 小 黑盒,0
左右 耳朵 会 不会 废掉,0
取决于 儿子 睡着 时间 多长 睡 久 听 会儿,0
十来个 小时,0
小时 左右,0
平均 一天 接近 平头 塞大耳,0
扣掉 坐车 隔绝 噪音 时间 平均 下来 半小时 真不知道 耳机 干什么 想 买买 买,-1
一周 听 一两回 听 音箱,0
,0
入门 先 听 莫扎特 三重奏 四重奏 节奏轻快 好听 容易 喜欢 上 古典,1
俞丽娜 梁祝 维瓦尔第 四季 对照 百度 乐曲 解析 听听 会 很快 入门,0
大部分 交响曲 器材 要求 其实 并不比 贝小协勃 小协高 风格 对路 差不多 塞子 都 听 挺 好 贝九 马勒 早期 作品 才 真正 规模 大 起来 马勒 晚期 布鲁克纳 比较 吃 器材 使劲 推都 感觉 勉强,-1
红芯 绝对 对得起 价位,0
其实 倒 建议 直接 跳 过数 播 主要 搞 剩下 钱 玩玩 流媒体,0
个人 推荐 线换     线 这套 听 起来 特别 舒服,1
二手 平衡 初烧 搞定 折腾,-1
推荐,0
谷津 直 插 二手 大概 收到 一套 性价比 巨高多 钱 还 去 淘个,0
选择 正常人 方式 听歌,1
选择 正常人 方式 听歌,1
穷 听求     秘籍,0
了解 一下,0
挂 容易 松 皮筋,0
祝 楼主 早日康复 身体健康 北京 烧友 支持,1
深夜 帮顶 祝 早日 交到 挚友 更 重要 身体 早日康复,1
解码器 建议 持续 热机 两天 后 再 下结论,0
听 新机,0
解码 上 万 方面 基本 到位 再 提高 点 价格 翻倍 再 提高 点,0
支持 期待 蓬 托斯,1
绿檀 帖子 还 紫檀 没有,0
声音 厚度 不 知道 维纳斯 提高 考察 以内 解码 维纳斯 算 候选,0
蓬 托斯 何方神圣,0
没 听 歌德 觉得 好 上 耳朵 毕竟 万元 大耳,1
二选 一且 杂食 歌德 基本上 都 听 古典 少 气势 歌德 大 耳罩 带 出门 耳机线 累赘,0
都 不行 随身 推 味道 素质 出不来 实在 要选 当然 选 交响 随身 推 流行 问题 不 大,0
觉得 极致 颜值 太低,1
看 需求 直 推 看用 推用 挺 好 加个 耳放 声音 会 凝聚 不少 最好 不要 亏待 没有 封闭 版直 推 相对 更 容易 出好声 上台 依然 提升 后者 相对 更 便携 粗壮 耳机线 能当 跳绳,1
没 听 现在 上手 前 几个 月 刚出 掉 肯定 说 不是 直 推 耳机 起码 金 画眉 推 都 凑合 听 感觉 顶多有 个分,1
目前 听 歌德 素质 没有 极致 好 调音 风格 差异 极致 比较 精致 调音 歌德 不 修饰 风格 极致 上限 歌德 高,-1
目前 设备 看 肯定 极致 歌德 直 推 东西 开放式 极致 就算 手机 直 推 效果 都 不错,1
平衡 单端 推力 官放 好像 没 平衡 数据,1
好像 不是 平衡 耳放 平衡 口 推力 单端 肯定,1
据说 声场 比较 弟弟 外 都 很 好,1
顶顶 大神,1
看到 图片 水印 才 知道 原来 大佬 双木三林 里,0
黑标 罕见,0
这种 大 耳机   上 耳放 看 下 官方 推荐 配置,0
刚 到手 还 没煲 一年 再 说话,0
听 流行 古典,0
转盘 音源 解码 耳放 都 不行,0
个人 经历 直接 做 音源 十有八九 推出 声音 现在 感觉 干冷 薄 假大空 建议 上 个数 播 界面 会 改善 很多,-1
上万 台 搞 千 觉得 不值 上万 台 搞 快 上万 大耳 不 台 搞 区别 都 听 不差 没 发挥 太大 性能,-1
需要,0
两回事 走 路线 换 好听,1
字   酷,0
出门 说 明天 还 不太热,0
楼主 想起 著名 电子 组合 蠢 朋克 专辑 封面,0
一看 还 有点像 猫 耳朵 萌萌 哒,0
官网 没什么 黑 参考 这种 命名,0
推荐 一款 四 芯 平衡 线,0
老兄 黑 参考 买,0
支持 退烧 有钱 楼主 配置 组 一套 退烧,-1
转盘 树莓 派 解码 组合 玩 一下 只不过 还 需要 一台 配 高性能,0
觉得 确实 同价位 做得好,1
乐图 小东西 推好 官方 没 数据 问 下,1
绿 精灵 暖糊 大概 大佬 影响,0
烧好 烧死 都 退烧,-1
大部分 人 买不起 少数 真 找到 合适 退烧 本质 上 耳机 大家 坛 器材 论坛,-1
退烧 下次 有钱 再 发烧,-1
退烧 没 钱 烧 假装 挺 满意 有钱 再 烧烧 烧,-1
真正 退烧 不来 论坛,-1
曾经 年 左右 没 论坛,0
分 为止 烧     不烧   停骚,1
男人 戒掉 保持 很 久 习惯 多半 是因为 没钱 移情别恋 原本 喜欢 用手 后面 找到 女朋友 女人 戒掉 保持 很 久 习惯 多半 是因为 发现自己 变丑 包括 老 胖 穿衣服 没 品位 女人 不会 没钱 不 化妆 只会 退 更 差一点 产品 衣服 买不起 一件 拼 多多 阻止不了 女人 继续 花钱 打扮,-1
官方 看上去 好 东西,1
阿米 罗 无线 声音,0
欧 表示 不 需要 修改,0
测量 测 很 好奇 新 海绵垫 居然 精准 效果,1
很 好 推买个 小耳放 上个 马兰士 绝对 五六千 一体机 配 电脑 好 很多,1
推都 下限 不低 上限 不高,0
目前 时 感觉 还 行,0
现在 全新 五千 出头 二手 收金 画眉 不是 说 机器 多好 起码 不坑 爹,1
墙 插 真的 便宜 好 坑太深 很 容易 画 不少 冤枉钱 发现 纯 调味,1
同意 楼上 普通 装修 墙 插 价位 滤波 排插换 静神 区别 不用 听 出来 处理器 好 区别 很大,1
微波炉,0
个人 认为 线性 电源 晶振,0
我歪个 楼 拷满 音乐文件 硬盘 算不算,0
不玩 性价比 最高 不 存在 性价比 纯粹 追求 心中 理想 声音,1
特供 版,0
需要的话   私聊,0
我鸡儿 无孔 耳罩 下 低频 量 还 大,0
正 准备 出个 金丝雀 二代 芯片 飞秒 时钟 自带 耳放 推力 足 买来 不到 一个月 成色 不用说 满足 需求 千元 内 说 最具 性价比,0
杀死 石家庄 人 好评,1
福克斯 特   罗兰 音频接口,0
谷津 适合,0
感谢 老哥 推荐 最终 鱼 上 收,0
哥们 不换线 声音 根本 没法 听,0
鬼 字 都 看不懂,1
只 知道 凡是 论坛 上 到处 说 耳朵 听 出 情况 大侠 绝对 不会 做 这种 测试,0
命中率 无损 命中率,1
曲目 类型 关系 很多 曲目 普通 无损 本来 很 难 区分,1
不是   无损 很 难 区分 盲测 绝大部分 翻船,1
没试     车里 真是 很 明显 耳朵,0
以前 试过 无损压缩 成 一下 之后 再也 不 纠结 格式,1
单独 手机 后 发现 黑豹 浪费,0
初烧 进入 慢慢 烧 等到 烧到 一定 程度 会 感觉 都 垃圾,-1
系 结项 本身 大 找 更好 音源 改善,1
耳机 再 试试 耳放 原因,0
结像 相对 厚 不 喜欢 这种 浑厚 声音 建议 入手 别人 对比 一下,-1
看 描述 应该 适合 鸟二 口型 小点,0
换个 耳机 拜亚 德国 大师 一发 解君愁,0
不 知道 具体 原理 反正 直观 感受 音质 确实 直接 插 硬盘 下降,0
去 回顾 一遍 紫檀 帖子 里面 回复 做 归纳 发散   猜测 都 合理性   找到 正确 方法 仪器 实测 之前 不会 真正 结论   目前 没有 公开 数据   或许 内部 暂时 没有   只不过 研发 经验 明白 去 做 一台 更好 交换机   不是 拘泥于 纯理论   再 加上 找 听感 正确 人 把关   说 其实 只 想 知道 网工 这回 表态,1
晚上 学习,0
广义 传输 介质 空气 是不是 烧 含氧量 节奏,0
看到 直接 大吃 一斤 间接 说 电 污染 线缆 传染 下去 岂 不是 之前 开玩笑 说 水电 纯净 风电 狂野 火电 热情 同样 传染 充满 火电 播放器 岂 不是 很 摇滚,0
支持 湖北 老乡,1
有点 微波炉 既视感,0
划船 机,0
二手 大乌 价格 真 毕竟 顶级 动圈,1
顶楼 主 功夫不负有心人 想 买 大 乌 楼主 最后 买到 长线 短线 楼主 搭配 解码器 跟耳放,1
本末倒置   先 搞搞 前端   这能 发挥 大乌 几层 实力,0
二手 玩家 福音 整个 版本 估计 能火,0
直接 推动 铝带 耳机 效果 专配   耳放 还要 好,1
看 一下 淘宝   产品 没有 给出 具体 参数,0
铝带 耳机 阻抗 适配器 加 功放 形式 没有 最大化 发挥 铝带 耳机 性能,0
流媒体 服务 支持 还 挺 帮顶,1
功能齐全 更 方便,0
帮顶 耳放口 水平,1
官方 开关电源   石机 模式 会 有点 燥   换 电源线 调整 不 明显   玩意儿   电脑 那头 贼 敏感   电脑 一定 好好 弄弄,1
记得 七百多万 当时 北京 有人 还 挺 遗憾 知道 消息 不到 套房 价格 拿下,0
买 没用 不是 换 一家 买 搞 出  ,-1
买 漫步者 搞 国内 代理 一点 不像 母公司,0
发布 都 名义 发营收 不 高 带 不来 经济 利益 说 没有 带来 名声 没有 带来 金钱 纯粹 抬 一手,0
基本 普通 烧友 收藏 器材 老板 级 烧友 收藏 公司 烧友 角度 老板 确实 比起 周 老板 更 具有 发烧 精神,0
线材 骗钱 楼主 不用 线材 就算 蓝牙 充电器 需要 接 电线,-1
求真务实 态度 去 怀疑 怕 听 断章取义 几句话 全盘否定,0
九天 应元,0
一看 字数 知乎 那种 哗众取宠 文章,0
这种 状态 不能 作 比较 乞丐 看块 亿万富翁 看万 觉得   觉得 少 不能 否定 事实上 少 万 一万倍,0
老烧 能够 灵敏 感知 自我 情绪 占 控制 情绪 较佳 占 能够 感知 情绪 占 楼主 这句 话 确实 值得 好好 琢磨 琢磨 加个 微信,1
可能 新 出来,0
还 觉得 更好,1
全新 太贵 二手 左右 还算值 二手 价格 类似 全新 左右,-1
全新 价格 还 入小乌,0
挺 杂食 器乐 听 人声 更好 偏中 上 盘些 不 听 大 编制 素质 够用 硬 素质 差不多 好 一点 正好 昨天 刚 听 最近 耳机 一段时间 没 听 觉得 挺不错 新款 倒 觉得 没什么 影响 铁三角 家 特点 新款 味道 可能 旧款 差别 很大,-1
前排,0
科学 角度 看待,0
说 硬盘 寿命 问题 造成 死机,0
楼上 正 解 高强度 压力 测试 下 普通 消费 级 企业级 相差 很大,-1
不错 太上皇 据说 严重 翻车,1
有钱 不去 申请 一下 试听,0
最近 关注 两个 想选 入手 蓝牙 手机 不 知道 四颗 不能 真正,0
老 芯片 听感 买个 数据测试 不是 已经 说 不 记得 有个 帖子,0
换 耳罩 还毒,1
请教 楼主 推 铁三角 声音 会 不会 过于 直白,0
先 声音 真的 很 馒头,0
希望 楼主 早日 找到 适合 工作 生活 很多 精彩 地方   这话 口中 说出 有种 莫名 讽刺 感 加油,0
放松 点 身体 不适 心情 烦躁 不 适合 听 越 听 越烦 精神饱满 情况 下 听 最好 星期 休息 一天 建议 星期六 晚上 好好 休息 找些 喜欢 音乐 第二天 早上 再 起来 听 肯定 舒服 很多,-1
好 辛苦,1
心酸 感悟,0
支持,1
没有 空 不要 听 心里 有个 念 想 不要 过分 追求 听   随缘,1
休息 睡个 午觉 晚上 洗完 澡 人 安安静静 听歌 不要 去 注意 器材 表现 注意 放在 音乐 中,0
新 买 买 其实 玩买个 以内 一体机 就够,0
足够,0
买回来 迟早会 二手 出掉 到时候 卖贵 没人要 卖少 亏 冷静,0
没看 懂 想要 表达 看来 产品 消费 级 产品 只不过 价位 稍 高,1
满大街 都 手机 摄像头 几个 端 炮 摄影 相机 圈 不 面临 圈 问题 问题 手机 摄像 很 方便 传统 单反 淘汰 不 有人 乐在其中,0
支持 楼主 没 看 写 一定 说 很 道理,1
建议 贴 乒乓球 橡胶 皮 胶水   牢固 容易 撕掉 不留 痕迹,0
看 发过 帖子 发现 天才,0
播放器 推推 不好,-1
继续 坐 看 扯 半天 素质 原来 认为 等于 多音失 真的 三个 字云 试听 听到 哈曼 曲线 味 脑放 表演,-1
不 懂 城里人,1
不是 玄学 电源 关系 路由器   交换机 严重 污染 路由器 交换机 都 廉价 开关电源 特别 高 有线 接入 网播 网桥 会 传入 设备 导致 底噪 变大 宁静 度 变差 无线 接收 会 大幅 改善 问题 有线 接收 出现 有人 烧 网线 改善 问题 好 线材 网线 降低 无法 避免 无线 接收 方案 比较 好 速度 稳定性 差一点 规避 路由器 交换机,-1
听 确实 会 区别 声音 会 更 清晰 更 紧凑 些 看到 最近 国外 有个 品牌   很火 做 一款   音频 交换机 音质 提升 很大 去 看看,1
喜欢 买 买 建议 找 飞利浦 老 机器 最 正宗 飞机 声 找 找 马兰士 早年 机器 现代 有点 韵味 声音 已经 不是 味,1
更好 听,1
非 玩玩 明大 试试,0
太糊 回不去,0
不 能够 音频 处理器       高清晰 音频 处理器   最大   还 战斗 非常 暖,1
明大,0
还 真 不是,0
动手 不难,0
不难 烙铁 万用表 就行 万用表 测 线序 森 海原 线 都 垃圾 漆包线 不 大 容易 上锡得 漆 刮 刮,-1
插头 坏 焊上 就行了,0
块,0
前排 强势 插入,1
沙发 小 板凳 西瓜,0
前端 太 差 没有 办法 发挥 两个 耳机,-1
可能 神 可能 鬼,0
输出 推   点 属于 很 大力 细腻 度能 保证 这套 设备 声音 实在 不 出来,0
平板机 最高 素质,0
明显 向下 盘 更 倾斜 东西 太偏 不好,-1
天 安装 解码 居然 还 调 电脑 音量 必须 一格 都 不能 下降 解码器 都 不能 调,0
不会,0
插头 太 差 会 影响 音质 还 看 制作人员 手艺,-1
改 插头 手艺 舍得 用料 会 得不偿失,0
难道 发错 区   很久 不 上 大家 谈,0
个人 推荐 再换 根 线 退烧 就行了,-1
桌面 系统   听 比较 杂   在家 听   不 需要 最好 前端 一体机 数播 直 推能 推好 行,1
有没有 合适 一体机,1
加 任意 耳机,0
仅仅 驱动 开 成功 第一步 考验 功放 水平 地方 太多太多 功率 只能 说 一栋 建筑 一块 重要 砖 只能 参考 指标 不乏 人用 小 功率 功放 推 大 食 音箱 说 不错 声音,1
真的 需要 最大 音量 来算 功率 储备 还 挺 夸张,0
静电 平面 磁铁 是不是 算,0
呵呵 目测 抛开 失真 谈 功率 神论,-1
推动 好听 区别 大力 出 奇迹 理论 基本上 没 问题 以前 折腾 八爪 鱼 民用 机器 里面 反而 拜 世通 最 合拍 前级 音源 非常 到位 情况 下 后级 用用 专业 功放 未为不可,-1
有点 赞同 幽灵 说法 老烧们 整天 吹牛 逼 无源 搭配 各类 功放 完全 瞎 玩 无论如何 不会 相信 搭配 功放 做 有源 版靠 谱 输出功率 大小 匹配 全 频带 功率 输出 等级 失真度 匹配 功率 输出 等级 频响 曲线 匹配,-1
用家 再 帮顶,1
谱 没 问题,0
没 毛病 放心,0
全家 桶 同留 确实 神器,0
帮顶,1
有钱 时间 羡慕,1
好 前半段 比较 正经 后半段 枪文,1
造型 感觉 漂亮,1
看见 提供 服务 里面 煲机 服务 笑 喷 敢情 真 不 否认 二手 东,0
再 买 耳机 主要 属于 低阻 高敏底 噪   刺   都 容易 出现 再 买 耳机 再 买个 耳放 需要 考虑 清楚,0
可能 需要 一台 唱机 几千块 再 去 配个 好点 唱针 淘碟 数字 音源 里面 黑胶 感 正版 数字 源高 码率 对比 黑胶 对比 上升 以上 数字 播放器 系统 同等 价格 系统 依然 吃 瘪 存在 站 不少 这类 对比 去 找 出来 看一看,1
谱 秋叶原 鉴别能力 咸鱼 二手,0
专业 线 都 不 推荐 去 京东 看 一下,0
人 做   元 左右,0
差不多 价格 不错,-1
飞傲 之前 好像 做过 很 便宜 单晶 铜 短线 不 知道 现在 没有,1
搓 根三芯 卡侬 母转 四芯卡 侬 母 线接 解码 屁股 直接 推 耳机 发现 没有 耳放 动态 确实 弱 不少 倒 挺 正常 不是 不能 听 声场 氛围 完全 恐怖 信息量 堆上来 并不比 一体机 差,-1
耳放 还 耳机 选 不 需要 针对 耳机 调音 现在 科学 放 价格 不 贵 指标 爆表,0
千多 建议 楼主 蹲个 彩虹 一代 二房 前级 都 很 不错,1
不带 前级 好 机子 推荐 目前 种草 歌诗德   一代 高登 琥珀,1
这种 需求 建议 买 前级 输出 开关 耳放 前级 输出 切换 机型 貌似 不能 切换 听 耳机 时要 关闭 后级 功放,0
闲鱼 出高登 琥珀 代,0
精音,0
建议 多花点 钱 一步到位,0
记得 佩戴 很 舒服 很 轻 不能 戴眼镜 耳罩 大法 不能 声音 不错 具体 记不太清,1
  味道   还 真 不是 很浓 感觉 好听 质感 好,1
两根 线 老子 都 买 封贴,0
步进 电位器 波段 开关 焊上 电阻 旋转 应该 声音,0
手感 一格 一格,0
削 好多 高频,1
外国人 极端 追求 命 都 没有 自由民主 反智 精神 反对 政府 隔离 措施 再 加上 全世界 兔 经济 没 下降 眼红 嫉妒 故意 冷链 产品 上 投毒 楼主 小心,1
耳罩 线 都 不 建议 换 个人 认为 原装 才 声音 最好 最 皮实 耐用,1
还 以为 考虑 丢件 安全   怕 病毒 完全 不必 担心,1
跨度 一下 有点 大,0
目前 病毒 肆虐 商店 都 不让 开门 正 适合 窝 家里 听 音乐,1
退烧 词 每年 调整 系统 后 都 会 脑子里 出现,-1
刺激 刺激 刺激 歌诗德 系列 确实 刺激 划等号 好 很多,1
刺激 刺激 刺激 歌诗德 系列 确实 刺激 划等号 好 很多,1
想 年 后 快递 还 送 不 送,0
买贵 听说 精音 牛 逼,1
最近 好像 很火 样子,1
顶一顶,1
差距 很大 前提 系统 揭示 力 足够,-1
不好 买 很多,-1
觉得 不错 觉得 楼主 有点 走火入魔,1
官方 买不到 这价,0
直接 那根 线 改成 平衡 反正 那根 太长 平时 不到,0
,0
原线 剪子,0
线材 真的 没法 推荐 个人 个人 选择,0
找 不到 耳机 成品 芯 平衡 线,0
安 安达 耳机 不是 阿南 达,0
加上 二手,0
价位 胆 机能 做到 以内 估计 没有,0
胆机 选 原创 不是 刚好,1
,0
原创,0
想 胆机 现在 想来 管子 不好 伺候,-1
胆机 魅力 真是 晶体管 机比 不了,0
价格 喜人,0
预售 期 八折 活动,0
价格 有点 感人 看看 双有 活动 没,1
银色 老版 高增益 下 发热 巨大 一会 闪 红灯 基本 摆设,0
比多 平衡 基本 没 变化 对比 数据 似乎 伪 平衡,0
个头 不小,0
厉害 新品,1
器材 差 推 不好,-1
呆 舒服 行为 在意 别人 看法,1
反对 无效 佩戴 确实 超级 舒适,1
海绵 耳罩 戴 时间 长 皮肤 会痒 尤其 皮肤 敏感 人 都 很 好,1
能耳收 耳收 不能 耳收 看 参数,0
戴 位置 方向 可能 会 影响,0
音量 小 线 重新 插拔 一下 试试 正常 听 没 听 出 偏音,0
主席 说 设计 换线 解决,0
全都 接,0
电源线 接 保护地 接到 机壳 上 机内 参考 不 一定 接到 机壳 厂家 应该 设计 都 不,0
老索 绝学 似染 非染 先用 细节 震慑 再 躲 背后 染色 动摇 称之为 感动   年 不变 倒 一点 这种 感觉 钻石 大法 好,1
拜亚 新 黑色 狗 才 真的 丑出 天际,0
节约 成本,0
大小 差,-1
形象 说明 森海 耳机 演变,0
罗马尼亚 熊 爱尔兰 熊 字穷,0
应该 换个 姿势 表现 出 公母 一张,0
中 西方 不同 中国 美术 造型 都 那种 平头正脸 圆圆的 造型 以为 美 其实 没有 特色 个性 不 生动,0
消费主义 往往 青少年 赚钱 地方 引导 没有 收入 会 创造 出 家长 应该 孩子 消费 说法 不择手段 获取 资本,0
大家 都 讨论 小孩子 标题 内容 比较 同意 听 搭配 获得 好 声音 认识 购买 器材 满足 要求 不是 听   品牌 老烧 推荐 所谓 精准 购物,1
大部分 未成年人 没有 收入 来源,0
这是 伪 命题,0
完全 没有 底噪,0
内 看看 草医买 两台 双推,0
,0
雷神 推 觉得 都 不 知道,0
觉得 整点 录制 不错 歌剧 炸 就行了 煲机 那种 白噪 粉噪 不好 耳机 真得 整坏,-1
常温 人士 高科技 防毒面具 戴 耳朵 上,1
对手 真 男人 都 无条件 站 对立面 去,0
好听 选 不好 听 选 男人,-1
天龙 票 男人 一口 痰,0
用过 几个 月 很 不错 耳机 缺点 有点 重,1
不 懂 耳机 人 看到 标题 不 知道 会想 歪 去,1
推荐 现在 想 玩 天龙 丰达 家 木碗 耳机 朋友 高端 看 系列 中端 看看,0
木头 味 不香,0
两个,0
差距 最 明显 低频 原始数据 相差 左右 不 值得 大惊小怪,-1
系 调都 跟系 不 维度 系 版本 之战 才 鸡肋 之战,0
认为 应该 没有 重新 调音,0
雀 二 安定 感不差 主要 电源 确实 拉 跨 点耳放 不 完全 送 算 上 千元 入门 好 鸡,-1
蓝 蜻蜓 适合 听 柔美 轻音乐 不足 地方 主要 在于 芯片 不是 还 卖 贵 同价位   好像 解析度 高 据说 乐感 蓝 蜻蜓 柔顺,1
居然 状态,0
入手 后来 入 海 蒂斯 听 不错,1
更 适合 听 古典 更 适合 听 人声 流行,0
其实 声音 不算 极端 确实 适合 听 古典 伺候 好 听 流行 行 毕竟 高素质 底子 好看 推才 真的 极端 高频 刺激 受不了 推都 不敢 开太 大声 高频 太亮,1
一群 政治 人物 正在 赶来 路上 提 杀猪刀 气势汹汹 闯进 楼主 家 一刀 砍 桌子 上 大声 咆哮 推 好了吗 音源 几万 线材 几万 耳放 几万 避震 做好 改 平衡 上线 电 排 插 换 小区 换 发电厂 换,1
块 挺 超值 上市 卖 保证 好评 如潮 跳水 不好 很 伤 品牌形象,-1
现在 跳水 性价比 还,0
都 发 姨父 信仰,0
纯粹 信仰,0
索 六万 价格 感人 挑不出 大 毛病 推 奶罩 很 不错,1
便携 一体机 里面 应该 最好,1
买 一台 万元 解码 一台 万元 耳放 音质 一定 好 不少,1
有索 六万 首发 入手 价值 不值 看 个人 认为 比较 值 机器 个头 有点 大 质感 一流 机器 放在 床头 听听 推 很多 耳机 都 还 建议 楼主 先 试听 试听 主推 耳机 看看 是否 符合 口味,1
羡慕 动手 能力 人,1
楼主 试试 都 效果 好 网上 很多 对比 得出,1
器材 从来 没 折腾 内部 总是 怕 搞坏,-1
本来 想 入手 价格 有点 小贵 两颗 选 听听 目前 觉得 够用,0
弄个 开关 之间 来回 切换 好,1
常见 好像 不 认识,1
曾经 宝卖 运放 家里 看到,0
漏 很 重要 运放,0
收 楼主 出,0
帮 楼主 顶,1
金封 价格 楼主 说 一对 金封 价格,0
金封 中国 人 楼主 买到 硬货,0
看 外围 电路 曾经 换上 高 低频 明显 提升 听 久 累 后来 换回 赖 听,0
影音 路上 越走越远 飞利浦,0
电影院 感比 还要 强烈 时间 长 容易 头晕,1
确实 低频 很 猛 听歌 不,1
配看 视频 不错 堆 出 低频 还过得去,1
听 起来 垫底,0
毛用 红,0
菜鸡互 啄,-1
主要 好,1
侧重点 不是 音质 楼上 说 好 方便 不至于 劣化 都 界面 都 驱动 数据 不 作 处理 声音 都 差不多,-1
才 刀,0
他家,0
宜家 木质 架子 一排 那种,0
亮 刺 没关系 相当 温和 声场 很小 佩戴 感觉 一般般 线 不错 比较 软 比较 细比 好多,1
小神圈 相当 耐 听 换 线 佩戴 比较 舒适,1
  主要 听 流行 两个 佩戴 感都 不错 机会 建议 试一下,1
好 礼物 已经 秒杀 渣 渣 苹果 魔声,1
换 版本 需要 返厂 加钱,0
小 强 想想 前两天 是不是 不该 卖,1
底噪 不能 接受 放弃 上 双木 好多,1
兄弟 好 现在 都 还 记得   推出 声音 如痴如醉,1
收个   应该 推得 不错,1
当然 没 问题,0
只 耳机 对耳放 要求 真的 不高 几百 一千 东西 就行了,0
肯定 够,0
耳塞 线材 贴子 不要 再 发到 耳机 版,0
剧毒   吃 耳机 单元,1
不是 最 重要 比不上 舒尔是 全方位 落败,0
单元 分割 震动 越小越 好 单元 薄 镀层 增加 钢性,1
没 听 发言 基于 理论,0
换 耳机 乱换 单元 声音 不 听音 习惯 都 搞坏 以后 非 听 起来 都 不爽 咋办,0
,0
求助 大侠 烦请 推荐 一款 单元 计划 两侧 都 换,-1
支持 创新,1
现在 听 欧 三层 膜 特斯拉 技术 单元 得胜 外壳 一起 听 所有 耳机 中 最强 组合 个人 认为 技术 情况 下 单元 越大越 好 个人 更 喜欢 大 外壳 得胜,1
单元 不是 最为 重要 结构 很 重要,0
,0
阵容 很 豪华,0
听 人声 不能 头铁 频响 人声 刺耳 不刺 耳放得 失真 程度,-1
听 人声 何苦 为难,0
速速 上大 莱曼,0
买 耳机 去 推荐 听 人声 耳机,0
出 个人 声 不错 好 推 不大能 直 推,1
雀,0
奥   精音   收过 玩 一周 出 推力 大大 无穷 人声 白开水 单端 平衡   都 试过 不是 菜,-1
试试 超鼠 耳放,0
就够 好 再 高 追求 换 耳机 耳机 玩 极致 不是 追求 性价比 正常 消费者 目的 需求,1
耳放 感觉 人 顶 简单 不 折腾 后面 搞 换个 好点 机 数播 解码,-1
还 推欧欧 耳机 没 问题,0
今年 买 乾龙盛 听 月 觉得 很 不错 自此 迷上 乾龙盛 买 老 音箱 挽救 下半年 还 准备 推 台式 数播 解码 乾龙盛 东西 好听 不 贵 性价比 挺高 耳机 方面 不 准备 折腾 攒钱 准备 弄 音箱 几年 孩子 上 大学 不 准备 听 耳机,-1
确实 不大好 搞 当时 原声带 听过 几次 推 确实 推 润 高频 没有 毛刺 纵向 横向 都 不错 价格 有点 劝退,-1
谈谈 印象 中老 细节 不 凸现 速度 不快 低频 有点 绵软 刺激 度低 一点 听久 需要 换 芯片 换口味,0
人 说话 好 直接 喜欢 好 芯片 不 等于 成品 音质 好 噱头 卖 更,1
芯片 值得 肯定 至少 听过       都 不错,1
一部 很糊,0
表示 很 舒服 有点 糊 很 喜欢,1
几个 惊喜 脚 终于 肯 引出来 硬控 没有 卵用 二 仍然 保持 内置 剩下 稳压器 三 电流 输出 端 带有 偏置 输出 脚 估计 脚 方便 运放调 零 没什么 卵用,1
耳放有 单端 耳机 不 考虑 东西,0
我接 都 没 觉得 自带 耳机 口差 最多 提升 不 明显,-1
是不是 不 搭配,0
推 高频 刺耳 这得 奇葩 系统 按说 不至于,0
价位 推有 更好 耳放,1
爆皮 正常 换 根线 没 这种 忧虑,0
焊接 一下 就行了 话 说 原线 全新 原线 新放 盒子 里 没动,0
还 没 爆 赶紧 出手,0
黑 参考 两米 线 成本 左右 吊打 原线,1
