text,label
白粉 过关 太平洋 警察 白菜 啥事 买来 经验 分享 有点像 退烧 楼主 真是 感受 时间 帖子 有没有 觉得,-1
不少 的确 现在 便宜,0
失真 耳机 不是 里面 比较 问题 很多 动态 直接 完全 不至于 高价 其实 现在 性价比 胆机 基本 水平 调音 确实 平板 耳放 流行 三频 均衡 动圈 至少 方面 程度 性能 技术 乌托邦 大功率 低到 不忍 直视 对耳放 宽容 接上去,-1
毛病 舒尔 播放器 一点 均衡 耳放 非常 低音 推好 关键 需要 一下,1
配应 接口技术 太旧 推出 不太好 评价 现在 已经 不错 声音,1
磁铁 振膜 动手 中间 发现 拆机 分离 情况 部分 上面 知道,0
搭配,1
金色 耳鼻喉 传说 大夫 耳朵,0
耳朵 不到 很多 设备 细节 以前 低端 其实 这种 消费者 听到 一点 肯定 实际 以为 体验 差别 更加 之后 倾向 进步 说不定 方法 效率 挑选 听久 换回 判断 系统升级 创造 原本 高速 吻合 准确度 契机 一码,-1
自信 过来 手上 耳朵,0
得到 才能,0
不好 试过 草医 一体机 拿来 一万 旷世 尝试 推大乌,-1
耳机 耳朵 最好 低频 平板 听听 所有 系列,1
新年快乐 分享 谢谢,0
声音 不错 一下 几个 特别 低频 饱满 推得 几天 澎湃 不见得 方程式 难忘 胆耳放 琥珀,1
深不见底 摆脱 老三 小强 境地 旗舰 没有 不是,1
耳机 产品 比较 支持 这种 好奇 国外 代理 理由 天无 打折 标注 卖出去 产能 供不应求 退回来,-1
耳机 本来 后来 是从 男人 是因为 据说 包装 价格优势 配件 形成 降低成本 谈妥,-1
片上 双片 用开 玩一玩 阵列 代替 分立 数字滤波 滤波器 作用 性能 模拟 芯片 电阻 只能 水平 更好 模式 这种 感觉 直接 出现 可能,1
耳机 出来 问题 没有 解决 下去 目前 好听 慢慢 正常 打算 森海 后来 有人 至少 以下 发现 好点 稍微 频响 遗憾 难办 难得 毫不客气 条路,-1
不确定性 最大 售价 在于 耳放 对不起 没有 几乎 估计 耳机 便宜,0
振膜 销售 看到 外国 到底 网站 耳机,0
对无语,-1
绕道 哈哈哈哈 仔细 决定 欲望 拿来 感兴趣 下次 看到 听听 之前 试听,1
未知,1
楼主 最后,0
线换线 褒开 握手 昨天下午 沸谷 温润 神奇 哥们 玩意儿 今天 张扬 原线 他家 当时 两个 感觉 很多 可能 不知 线材 毕竟,1
狂野 风电 间接 一斤 大吃 线缆 传染 充满 污染 开玩笑 热情 纯净 播放器 同样 看到 摇滚 下去 之前 直接 火电 水电 不是,0
展览 不到,0
不用 需要 其实 现在 注意 风格 差异 担心 上市 寿命 管子 用到 调味,-1
耳机 没假 放心 有点儿,-1
功能 难看 造型 单一,-1
耳机 应该 定位 可能 一半 没用 预算 发烧 适合 直连 楼主 电脑 游戏 蓝牙 奥帝兹 最求 钱够,-1
声音 产品 问题 之前 质量 好像 大家 除开 谣传 质疑,1
觉得 电源线 论坛 手机 新手 来说 看到 开心 信号线 随身 评论 误导 避震 专线 推大耳 默默 这话 机玩 头头是道,-1
好好 一句 简单 一定 耳机,1
一下 支持 沙发,1
线材 很多 东西 电源 特别 年前 电子管 洋垃圾 实用 清远 货场 淘到 拇指,-1
不错 价格 其实 差不多,-1
避震 架子 地盒 加上 德国 现在,0
微动 焊功 仅限于 路过 只能,0
赵鹏,0
奉劝 真不该 浑然一体 可一 整体性 更正 指点 衔接 很菜 本坛 直到 焊锡 这才 手艺 陆续 天生 口下 三条 下来 轻视 出掉 流畅 大神 焊接 闲鱼 接近 单端 满意 以为 两条 平衡 后来 原线 推不开 对比 耳放 喜欢 不可 特别 味道 乐感 推力 影响 之前 不要 很多 不是 一下 区别 声音,-1
动漫 听碟 本人 稍微 几张 玩家 乐器 起来,0
声音 问题 接受 跳水 勉强 品控 没人 致命,1
没卖 在内 不算 假货 反正 二手 没有,-1
功放 输出 单端 主要 原创 真是 耳放 喇叭 功能,0
坛友 新人 放心 西装 听过 有没有 觉得,0
可怜 有点 参数,0
现在 音箱 隔音 房子 别用 很差 楼房,-1
耳放换,-1
合闸 开关 这是 上面,0
这种 解码,0
顶顶顶 历史 有意思,1
功能 没有 国产 日本 输出 太贵 欧然德 韩国 完美 般配,-1
推荐 算法 最近 以前,1
满意 退货,-1
耳机 不用 比较 直接 需要 有点 解码 前级 起来 插头 上面 模式 三个 减少 拔掉 音箱 麻烦 推荐 操作 切换 面板 输出 工作 这方面 旋钮 人性化 纯前级 纯耳放 省事 磨损,-1
不充 電量 口供 最大 可能,0
高超 超高 上万 几千 价位 喜欢 调音 素质 解析 解码 没有 不会 觉得,1
引进 问过 时间,0
再也 达菲 电脑,0
胆管 歌德 低阻 适合 问题 不是 耳机,0
现在 搭配,0
范围 定位 希望 无法 可能 问题 几乎 系统 支持 解决 电源 设备 简单 之前 接受 完全 需要 使用 影响 关键 当然 这种 变压器 模式 不可 降低 拥有 所有 测量 放大器 并未 减少 同样 相比 容易 放大 噪声 高度 巨大 意思 电阻 功率 芯片 情况 保持 内部 还会 不同 一部分 稳定 输入 设计 电压 多数 变化 出色 必须 输出 噪音 导致 电流 输出电阻 实际上 电路 这是 设置 很难 处理 分开 线性 外部 更加 调整 原因 是因为 最小 晶体管 之后 工作 开关电源 最终 集成 滤波 滤波器 完成 目标 并非 基于 方法 进行 大量 散热 具有 能够 结合 仔细 电缆 频率 负载 调节 想要 优化 提供 混合 控制器 响应 阻止 瞬态 来自 下降 衰减 引入 解决方案 尽可能 做出 回到 电感 仍然 区域 快速 路径 走线 远离 这会 低电压 最快 相同 之上 意味着 可调 开关 称为 进一步 带有 维持 带宽 周围 二极管 稳压器 降压 转换器 组件 广大 音频设备 直流电源 内当 耗散 散热器 不致 过热 低噪声 任务 布局 开关电路 地层 这为 开关电流 电容器 浪涌 通路 纹波 电感器 非线性 入口 经由 最低水平 其后 抑制 兆赫兹 相移 快关 误差 振荡 保持稳定 低压 这使 附加 差分 远距离 感应 两级,-1
管子 还好 那种 起来 便宜,1
稍稍 放比 平淡 卖掉 好点 有限 非常,-1
不好 感觉 问题,-1
没命 可毒 那种 一下,1
版本 调音 档次 对比 结像 齿音 差别 认为 更重 凝聚 小香 同耳放,-1
喷死 开帖 纯属 到时候 三宝 玩意 心态 厉害 早就 没有,1
差点 裤子,-1
新年快乐 好运 常在,1
知道 不是 系统 其实 这种 极其 非常 解析 严重 中频 大家 方向 品牌 随身 一副 台式 价格比 我会 棒子 补足 喷音染 几翻 正确性 流行性 上半年,-1
钱袋 捂着 忽悠 永远 韭菜,-1
要凉 大昌 属实,0
期待,1
耳机 不是 元器件 一千个,1
选线 留个 只留 除掉 万号 差不离 胜出 觉着 全出 二奶 欧姆 首选 犹豫 搞好 黑色 出掉 大声 会出 控制力 手里 优势 稍微 满意 三个 一只 随便 二代 现在 不了 声场 基本上 不会 几个 很多 时间 可能 一下 级别 应该 耳机,-1
虐待 遭受 拍照 可怜 变成 地上 楼主 随便 估计 耳机,0
供应 芯片,0
线板 接插 配根 音素 好好 适配 优点 大声 缺点 体积 好点 顺滑 上墙 耳放 压缩 音源 素质 明显 最好 直接 声场 动态 搭配 电源线 高低 不错 声音,1
退烧 好多年 没买过 一晃,-1
喜欢 扁长 正方,-1
好家伙 售价 土豪,1
伪民科 一船 打翻 杆子 具体分析 钓鱼 知乎 初衷 大功率 具体 科学 一堆 设计 不同 所有 需要 设备 精神 问题 手机 不是 耳机 范围,0
觉得 版本 明显 差异 继续 播放器 随身 换卡,-1
问问看 发帖 目的 是不是 国产 比较 不是,1
有钱人 支持,1
耳塞,0
寥寥无几 没得 桌面 转接头 人用 弄个 接口 关注 大部分 耳放 理解 耳机,1
学者 交给 科普 楼下 煲机 路上 赶来 正在,0
脚垫 四层 放满 微调 气囊 门窗 大件 好用 脚架 架子 书架箱 一起 撑起来 位置 安装 垫子 用来 两个 更换 非常 器材,1
解码 耳放 心潮澎湃 鼻血 狂流,1
苹果电脑,0
解码 感觉 信息量 还行 伺候 推得 一体,1
回头 黑武士 几十块 好好 出乎意料 超值 纯银 贵气 用户 帮顶 音质 真是 一下 出来,1
在于 折腾 生命,-1
沙发 用心 真是太,1
真的 喜欢 封闭式,-1
一口 排山倒海 两套 早出 前端 楼主 交响 只能 应该 看来,1
失真 左声道 右声道 左右 超出 官方 规格 参数 范围 看来,-1
构造 原因 难听 简单 不是,-1
声音 一条 以前 光纤 用过 美国 流畅 医用 玻璃 牛奶 巧克力 般丝滑,1
声音 耳机 很多 空间 使用 听音 相对 获得 容易 音箱 满意 方面 调整 门槛 劝退 摆位,-1
不少 闲鱼 说实话 好几个 卖出去 看见,-1
增大 日益 两款 贴现 市场 满足 实在 无法 高端,1
不是太好 全家 大力 功放 上去 试试看 系列 横向 好像 正常 听感 参数,1
深渊 频器 单件 卡拉蒂 帕格尼尼 同代 老款 脱胎换骨 加持 年前 差别 对比 只能 一种 明显 不大 好听 解码 时钟 入门 不是 声音,-1
喜欢 扁长 正方,-1
应该 解码 万元 单独 一体机,1
声音 不错 直接 加个 需要 耳放 用功 功放 适配器 大功率,1
洛克 蜜蜡 更高 欲望 旗舰 目前 音乐 没有,0
森海而入 一有 是因为 一说,0
真有 照片 歌德 质感 搭配,0
电源 想起 十几年 看到 时代 差点 汽车 着火 前用 电瓶,-1
全是 看到,0
悲剧 石机 推出 推过 合适 胆机 适合 真的 以前 建议,1
就够 折腾 不少 上面 觉得,-1
怎麼 衰聲 損耗 更換 定期 頭帶 程度 不好 耳罩 一定,-1
知道,0
重点 双面 磁体,1
爷用 田螺 退烧,-1
不是 其实 现在 官网 淘宝 老版 一家 硬质 我买遍 卖块 标称 泡沫 闷得,-1
还行 现在,0
浪客剑心 这是 顶一下 好看,1
推会 推荐 平衡 提升,0
直接 起来 目前 以前 感觉 还好 一点 扁平化,1
展有 木有 上海 耳机,0
整体感 眼前 形象 马马虎虎 摆在 欠缺 音乐厅 直通 柔美 透明度 朦胧 上个月 缺少 具体 现代 属于 依然 不少 缺乏 分离 每个 同意 一点 楼主 整体 比起 低频 听感 乐器 十分 感觉 之前 来说 不错 声音,1
御姐 比较,0
没用 有钱 不会,-1
配对 元件 阻容 一倍 架构 解决问题 几条 好调 难求 高于 电路 缺点 用料 单端 端的 平衡 有人 肯定 同样 成本 素质 味道 几乎 理解 要求,1
弱鸡 碾压 推都 至少 随便 推力 非常 不是,0
到货 断货 已久,0
最足 相同 次之 据说 最高 用料 歌德 价位 森海 素质 拜亚 呵呵,-1
花岗岩,0
声音 耳朵 森海 玩过 听不出来 真假,-1
感人 返修率 无所谓 实在,1
情况,0
适合 听歌 风格 虽好 貌似,1
声音 要求 一定 不会 不要 细节 不能 以上 明显 最后 用来 价位 不好 塞子 前端 规模 不足 恐怕 伺候 缺失 控制力 粗糙 正确 出不来 打过,-1
音乐 有点 感觉 低频 还好 清晰 游戏 紧凑,1
刚拓品 正面 双木三林 吧唧 马甲 直接 应该,0
之前 不好 前端,-1
前厚后 近圆型 后文 调换 薄厚 耳垫 斑马 缅甸 壳体 趋向 玩法 采用 方法 柔软 做工 男人家 相似 改变 仅仅 安装 设计 物理 实际 舒适 推荐 均衡 结构 确实 调音 听感 模式 十分 注意 佩戴,1
应该 问题 机器 听说 是不是 似乎 一体机 端口 普遍 平衡设计 退掉 有底,-1
看能 电子管 过段时间 功放 有空 知识 最近 不能 一下,0
两回事 路线 好听,1
二代 好像 极致 不好 不去 女朋友 全年 前十名 年级 倒数 一个排,-1
提升,0
出声 出来 不是 反正 喜欢 垃圾 为啥 玩意 说实话 玩具 天天 一群 小白兔 当个,-1
作罢 夹头 只好 受不了 有点 耳机 不错,1
太热 电离 密封 真空 不见 机箱 发出 电子管 味道 应该,0
推荐,0
少帅 歌德,-1
玩玩 不是 东西 二手 不要 那种 他家 安心 不好 市场 问问 为啥 重视 国内 枪手 关注度 不高 心态,-1
未知,0
流行 人声 好听 一定,1
设备 必要 录音,-1
高端 耳机 不到 没有 目前 最好 听过 听听 不好 型号 出色 女声 包括,-1
惊雷 二手,0
估计 不会 喜欢 风格 翻车 试试 一体机 湖人 新款,1
特写 美女 差评 没有,-1
闷闷 耐听 真的 有点,1
跟着 一圈,1
觉得 耳机 系统 好听 明显 特别 更好 差距 以为 几千 为啥 一般般 不开 一万多 暴打 搞懂 火并,-1
好听 相当 听过 缺点 太大太热,1
何在 实质 每篇 一排 测评 更新 没什么 多久 对比 听感 意义 参照 耳机,1
夹头 说实话 特点 略微 没什么 不好 均衡 评价 感觉 有点 比较 耳机 声音,-1
刚才 水晶 量子 马上 参加 活动 听得 确实 好听 升级 试听 帖子 一下 觉得,1
比较 功放,1
未知,0
金属 图话 框选,1
耐用度 略缺 商务 掉频 方便性 价拿 尚可 直连出 自说 见怪 请勿 哪些地方 薄点 延展 两千多 不妥 送给 儿子 出街 挑剔 模块 主动 下来 颜值 蓝牙 连接 做工 降噪 活动 差点 干扰 代表 实际 隔音 极致 总体 均衡 三频 重量 封闭式 中频 合适 低频 听感 高频 感觉 第一次 目前 使用 个人 接受 来说 方便 版本 手机 毕竟 耳机 不错,-1
耳机 区别 不是 耳放 匹配 说好 扩差,-1
很赞 退烧 平衡 原线 尤其 素质 听感,-1
黑盒 标的 清楚 耳罩 现在,0
根本 存在 耳朵 里面 没有 机器 小时 纠结 必要 更好 听过 差异 同样 不好 同一 煲机 后期 头版 记忆 周边设备 脑海 听真,-1
未知,0
支持 耳放 当中 最重,1
直接 声场,0
声音 觉得 耳机 浪费 不行 不好 底子 薄刺 乏味,-1
找到 转接线 大家 一条 谢谢,0
文玩 专区 开个 论坛,0
不错 要求 不是 人声 素质 流行 一点 录音 越高越 太高 推大乌 缺陷 好处 源文件 清清楚楚 银牛 乌下 有糊,1
前端 刺激 考验 高频 有点,1
楼主 点赞,1
马台 南京,0
认为 原装 最好,1
划等号 歌诗德 系列 刺激 确实 很多,1
解码 差评 芯片 拆机 运放 功放 电路 电容,-1
马飞 难过,-1
性价比 最高 强人,1
主脑 能力 真的,1
手上 垃圾 音质 好几 剧本 轻薄 工作站,-1
推好 需要,1
没得选 确实 到底 现在 考虑 以前 比较 不错,1
要排 终究 不值 贵过 酱油 耳放 后面 感觉 解码 线材,1
前级 适合 音源 真货 恭喜 后级 镀金 瓦特,1
推出,0
更好 效果 心疼 脑袋 烤坏,-1
设置 光纤 应该,0
看来 出来 现在 看到 辛苦 文章 以为 消失 新年快乐 假期,-1
很多 声场 原装 耳罩 感会 相比 密度 能量 太差 换大 稍弱,-1
感谢 不好 分享 感线,-1
觉得 来说 真的 意义 不好 一体机 意见,-1
网评 威宝 天仙配 音乐味 没用过 这条 线条 音神 密度 宽松 用过 均衡 自然 更好 素质 一级 入门级 不错,-1
工位 师兄 实验室 平时 漏音 密度 严重 完全,0
下来 棉取 滤音 下压 撬下 取下 记得 就行 换上 淘宝 官网 耳罩 原装 不了 东西 一定,0
失真 耳机 不是 里面 比较 问题 很多 动态 直接 完全 不至于 高价 其实 现在 性价比 胆机 基本 水平 调音 确实 平板 耳放 流行 三频 均衡 动圈 至少 方面 程度 性能 技术 乌托邦 大功率 低到 不忍 直视 对耳放 宽容 接上去,-1
应该 不错,1
动力 拜亚,0
寥寥 排版 全文 实诚 上来 好文 以前 整理 回复,1
下潜 低频 中频 女声 音染 甜美 偏少 清新 靓丽,-1
这套 楼主 更好 请问 系统,1
看看 解码 价位 芯片 差不多 一体机 评测 新出 后者,-1
体会 几天 才能 慢慢,0
耳机 人声 听说 差点 打住,-1
价位 肯定 折腾 无止境,-1
觉得 国产 更好 听过 工艺 莱曼 全铝 拉丝,1
秒杀 性价比 原道 里面,0
不太耐 偏薄 声底 有点,1
漂亮 机子,1
飞傲,0
弦乐 真的假,-1
口袋 书房 客厅 大耳放 哪有什么 顺序 不同 场景 应用 箱子 耳塞,0
问题 细节 不能 高频 粗糙 改善 管子 坐等 二进宫 后能,-1
耳朵 个人 风格 类型 讨好 属于 偏软 回弹,1
楼主 恭喜 点赞,1
推荐 看到 本来 预算,0
称作 重整 缓存 接收 勉强 之后 同轴 驱动 输出 时钟,1
可能 不会 两个 平衡 线路 不同 单端 干扰 口转 炸倒,-1
可能 几个 不要 打脸 推好 见到 只能 耳放 不好 市面上 露面 说欧 欧能 算能,-1
声音 知道 问题 系统 没有 电源 我用 当然 感觉 调音 是不是 当时 普通 差不多 样子 凝聚 真用 发散,-1
安定 机器 舒服 原线 平衡 下来 更优,-1
不错 换成 古典,1
不错 二代 平衡 香榭丽舍,1
声音 不用 产品 比较 反正 现在 非常 明显 比起 音质 好点 稍微 提高 插座 几款 滤波 滤波器 大打折扣 家用,-1
兼容 界面 我用 看来,0
比较 更好 品牌 买同,1
有矿 一两千 超值 电音 索尼 电影 咸鱼 时代 纠结 家里 直接,1
真的 无奈 头大,-1
楼主 识货,1
超弦来 引力波,1
同级 排除 完全 不是,0
第四 柴可夫斯基 开头 坚持 下来 一段 试一试 楼主 当时 交响曲 我用,0
看到 全新,0
适合 退烧 总结 饱满 到位 阶段性 花哨,-1
发闷 小霸王 音染少 回去 棉被 折腾 不行 必要 适合 电源线 耳机,-1
垃圾 可能性 最大,-1
耳机 帖子 很多 真的 最近 好像 帮顶,1
为啥 一体机 实际 照样 万元 别人,0
来说 好听 听得出来 高级 舒服 不好 老烧 大气 厅堂 词儿 雍容 松弛 富贵 松香 听耐,-1
爱丽丝 上台 分离 试试 知道,0
声音 声场 低频 档次 特色 全面 差不多 方面 延伸,-1
线能 改系 不怎么样 一圈 换线 改变 系列 继续 或许 习惯 横向 上面 其实 声场 耳朵 高端,0
知道 不错 搭配 不是 系统 完全 细节 现在 感觉 不能 喇叭 人声 基本 价格 一套 中频 全部 丰富 满意 实力 发挥 大气 原版 不失 朋友 甜美 遇见 直到 仿制 现今,-1
老款 亲切感 因素 这是 磁带机 现在 关键 机器 声音,0
应该 东西 不至于 图里 爱华 整齐,-1
手机 楼主 报纸,1
之上 高于 加上 吊打 上限 实际 夸张 音色 单元 调音 水平 素质 正常 本来 乐感 可能,1
两股 一边,0
直接 当然 全新 理由 退货 天无,-1
记得 楼主 帮顶 知道,1
界面 解码器,0
锯齿状 波浪 无缘无故 下面 滤波器 难道 几条 采样 加上 真的 数字 里面 之间 存在 声音,0
精壮 那种 比较 声音,0
开心 重要 心情 一毛 老头 老太 打麻将 几毛,1
换线 大神 同样 考虑 规格,0
站楼,0
知道 不错 耳机 不是 手机 可能 比较 问题 版本 方便 不会 没有 不能 适合 听歌 所有 有个 追求 电脑 普通 前端 用个 上限 稍微 几年 寿命 电池 播放器 不想 连接 蓝牙 台机 坚定 无线 到时候 寄回 插线 备件 只想用,-1
感觉良好 贴切 有个,1
庄家 不种 蝲蛄,0
支持 试听 牛转 乾坤 巡回,1
楼上 观点 适合 听音 感觉 喜好 支持 不错,1
帮顶,1
这点 推个 推力,0
洋鬼子 至少 几百元,0
特强 七七八八 偶尔 感受一下 一千左右 差不多 推荐 特色 森海 氛围 古典 听听 耳放 交响 解码 二手 建议,-1
糟心 缺陷 设计 耳罩 我用 以前,0
耳机,0
二手 选项 一万元,-1
舍不得,0
腰斩 产品价格 严重不足 逻辑性 太广 产品线 母猪 换壳 劲浪 配色 新机,-1
稳压 电容,0
系统 目前 满意 折腾 咸菜 观念 恰恰,-1
简单 直接 纠结 几天 玩吧,1
不用 二手 解码 喜欢 接近 分立元件 雅俊 黑盒子,1
用不上 可惜,0
上述 挑放 我私 听来听去 真棒 展上 看清 广州 纯净 限量版 电池 玩意 有意思 以为 型号 通透 后悔 歌德 相比 他家 有个 愉悦 组合 耳放 确实 厂家 机器 起来 解码 没有 不是 搭配 耳机 不错 声音,1
好看 顶一下 这是 浪客剑心,1
未知,1
磁通量 来个 天龙 是不是 单元 水平 现在 就行了 直接,0
兼得 发言 反驳 小白 大声 不可 人声 觉得,1
不好,-1
后选 主听 百老汇 实际 平衡 原创 流行,0
以下,0
问题 退货 前前后后,-1
问题 机器 是否 最好 听说 听音 对比 马兰士 类型 不好 不少 因素 抛开 人云亦云 听耐 先入为主,-1
直接 现在 感觉 低音 后面 正常 音量 刚刚 音效 最大 振膜 重低音 前期 较厚 不破 轰一 酷狗用,-1
耳机 不要 推力 必要 低阻 音量 歌德 不好 以为 足够 笔记本 一众 没想到 单从 阻难 推买 够响 欧欧,-1
革命性 接下来 退步 密集 纠错 升级 期待,-1
太行 古典,0
左右 产品 预算 需要 耳放 流行 容易 功放 推得 这么久 那入 最合适 个样 坏卖,1
便宜 一下 不会 好声 喜欢 一体机 搞个 闲鱼 折腾 谷津 暖声 再出 天鹰座 淘个,-1
不是 非常 素质 调音 总体 差一点 全方位 很值,-1
思叔 永远 支持,1
主人 检查一下 过来,0
声音 佩戴 试听 更好 当时 无论是 认为 是因为 陌生人 完胜,1
未经检验 观望 回报 买房 刚出 新款 延迟 永远 以下 无论是 满足 跳水 确实 能力 厂家 大概 几乎 比较,1
耳机 之间 区别 很多 这种 耳罩 基本 低频 一点 稍微 频段 有点像 玩意儿 间隙 猛增 假象 把戏 相箱 密闭,-1
耳机 最好 选择 动圈 全面 顶级 目标 现役,1
高敏易 体会 作用 功放 以后 基本 最近 当然 手机 耳机,1
论坛 建议 有钱 无所谓 网上 索尼 太贵 不划算,-1
现在 一代 白菜价,-1
不错 佩戴 一定 方便 升级 有点 感觉 非常 效果 开放式 封闭 原线 意思 隔音 麻烦 半天 差点 折腾 一流 里算,-1
古典 流行,0
直接 评论 都还没 心急,-1
早点 望楼 后续 补充,0
根本 知道 支持 斑竹 标题 不明 懒得 进去 起码 别人 呵呵,-1
版供 高增益 何庆华 定制 灵敏度 耳机,0
小时 两个 后悔 为啥 没事 别退,-1
知道 不错 耳机 不是 手机 可能 比较 问题 版本 方便 不会 没有 不能 适合 听歌 所有 有个 追求 电脑 普通 前端 用个 上限 稍微 几年 寿命 电池 播放器 不想 连接 蓝牙 台机 坚定 无线 到时候 寄回 插线 备件 只想用,-1
知道 系统 烧友 十万 现在 多年 评价 退烧 搞个 一致 回来 九成 周围,-1
麻烦 遇到,-1
爆棚 树莓 投入 性价比 折腾 派线 无底,-1
影音 山灵 马兰士 天龙,0
觉得 说起 突然,1
耳罩 状态 半天 当初 更差 洗碗,-1
证明 至少 还少 水平 那种 二手 建议 一定,0
这口 大烧 正义 老掉牙 色彩 金银线 天花板 银彩 不好 时代 韵味 那种,-1
声音 耳机 要求 出来 之前 人声 素质 直连 确实 编制 古典 真是 不好 凑合 前端 一体机 伺候 鼠莓 爵士 直到 改观 一整套 大有,-1
建议 价格 一点 差不多 推妥,-1
耳机 佩戴 大部分 相比 舒适,1
不错 音箱 电影 创新 玩游戏 新诗,1
没想 过去 播放器 入耳 直接 不错 声音,1
礼品 抽奖 本次 参加 忘记 活动 不错,1
耳机 明白 一堆 折腾 奇怪 新人 卖线 问东问西,-1
很强 真的,1
养猫 书房 我家 所有 只能 设备,1
声音 觉得 耳机 音乐 声场 推好 高频 适合 用来 素质 中频 唯一 欣赏 听会 听久 寡淡 不比差 薄不耐 一服,-1
一定 耳罩 不好 程度 頭帶 定期 更換 損耗 衰聲 怎麼,-1
透明度 价格比 推得 中性 几千 万元 极致 算是 大乌 耳放 性价比 选择 推力 人声 国产 建议 几个 一半 搭配 耳机 便宜,0
支持 有钱人,1
沙发 能力 顶起 豪横,1
加一点,1
稍低 平级 贡献 大件 推测 这方面 纵向 出色 综合 试试 价位 相对 素质 影响 声场 看看 没有 不会 系统 耳机,1
几乎 入门 系统 最好 后面 投入 性价比 退烧 密度 同一 无敌 比是 中万 起跑线,-1
好看 不错 耳机 最贵 可能 比较 很多 没有 买过 个人 关系 感觉 插头 喜欢 风格 外观 原配 审美 后来 欣赏 发现 一个月 依然 欧亚 古河 恶心 至今 智商 银色 换回 全世界 胶水 出屎 牛逼到 坚持下去 简约,-1
模拟,0
睡觉,1
解决方案 原因 遇到 主要 版本 估计 问题,0
价位 不可 推力 接受,0
功放 安心 不了,-1
匹配 阻耳放 阻抗 平板 低频 适合 特别 明显,0
羡慕 大佬 资料 整理 时间,1
太软 声音,0
暴殄天物 有点 耳机,0
来测 看见 第一次 解码 耳机,0
退烧 田螺 爷用,-1
估计 解码 一台 原创 胆放 咸鱼 差不多 加点 蹲个 能收 配台 分体 不香,-1
能力 仪器 离开 到底 图个 这种 怀疑 思路 搞乱 绝口不提 鼓吹 最近 算了 好坏 不能 感觉 好不好 看起来 现在 其实 起来 简单 测试 分辨 出来 器材 参数,-1
胆机 太贵 器件,-1
一下 有点 界面 厉害 中文 努力 牙膏 英文 这波 汉化 挤得 混着,1
浪银乌 上个 流行,0
太强 几十万 设备 耳机 不错,1
好看 东西,-1
雅诗兰黛 之谜 海蓝 不送 耳机,0
新年快乐,0
耳罩 状态 半天 当初 更差 洗碗,-1
曲线救国,0
大开 没问 属于 价格 平板 确实 那种 问题 耳机 不错 声音,1
楼主 恭喜 干扰 免除 之忧,-1
长外 原线 必要,-1
女生 就算 折腾 一套 必要 就行了 起来 提升 一定,-1
左右 支持 二手 时钟 现在 极其 不好 近年 稳定 一张 好多年 买来 万多 贵在 驱动程序 更新 统一 外部 毫秒 延迟 硬指标,-1
声音 耳机 器材 不知 帖子 可能 没有 声场 铁三角 完全 机器 其实 现在 感觉 这种 非常 明显 听感 自然 不行 横向 组合 水准 讨论 远远 大于 平衡 力度 很少 关注 综合 没什么 金属 退烧 端的 单端 推低 驱动 正确 分享 当年 认为 纵向 更加 坛子 差一点 低估 绝配 特性 传播 也许 拉长 阻塞 毕业 推欧 规整 推是 仍然 结项 远古 极好 子有 噪且 发糊 钢丝 马马虎虎 蛋鸡 小圈子 急功近利 压扁 凸显,-1
下来 换线 性价比,0
海大 啥时候 耳机,0
伟良 马甲 这是 产品,0
迷途羔羊 传销 一入 洗脑 可怜 绿坛 楼主 好像,1
回复 感谢 动态 目前 是否 考虑 必要 打算 一点 纤细 两条 折腾 优点 保险丝 换耳放 外换,-1
数据 线材 测试 估计 以上 音频 材质 弄个 标示 不符 打假 九成,-1
修改 需要 表示,0
不错 建议 二代 一代 三代 改名,1
工钱 保险丝 熊猫 加上 成本 现在 起码,0
加万 支出 换个 不香 有人 同样 耳放,0
大有 一整套 改观 直到 爵士 鼠莓 伺候 一体机 前端 凑合 不好 真是 古典 编制 确实 直连 素质 人声 之前 出来 要求 耳机 声音,-1
一家之言 比好 空间感 试试 声场,1
不错 不用 功能 里面 看看 电源 升级 前级 我用 非常 某宝 很多年 推荐 海淘 差不多 装备 绿坛 录线 大小 随身 接上 再次 新年 弄条,-1
真的 好听 买个 下个 双十 弦乐 女声 音染 第一个 杂食 过目不忘,-1
快快 下集 不要,0
不错 几个 的确 价位 就够 利润 单位 金瓶梅 靶子 死命 小本买卖,1
调偏 无意 录得 各种各样 录制 故意 后期 偏音 情况 本身 耳朵 耳机,0
一起 组合 单元 两个 不会,0
水线 那种,0
定位 不是 现在 价格 垃圾 旗舰 不高 导致 当初 是因为 认可度,-1
内修 保年 尼玛 男人家 一年 旗舰 两次 质量 以上 考虑 真的 声音,1
外加 八九成 转入 据说 强大 当初 整个 后来 推力 解码 没有 耳机,1
歌德 更好 音质,1
不要 直接 以上 牌子 打开 以下 扩流 搞不好 踏踏实实 欧洲 分立 东芝 假洋鬼子 澳洲 美洲 铁壳 普普通通 磨片 一百 百元,-1
总谱 鬼母 带有 母带 不说 还原 声音,0
再就是 太少 看好 很全 矩声 画眉 可惜 目前 功能 知道 声音,1
考虑 沙发,0
原来 失望 难怪,1
预算,0
最合适 蓝牙 适配器 值得,1
哈哈哈哈 想要 喜欢 味道 这种 没有 一定 觉得 声音,1
受折磨 再也 美滋滋 现在,0
少不了 强大 这货 听个 上限 千元 耳放 水平 值得 投入 推力 解码 需要 大概 来说 手机,1
知道 论坛 加个 提升 不大 耳放 有个 说法 真是假 说直,-1
帖子 顶一下,1
喜欢 扁长 正方,-1
重新 镀金,0
冷冻 超低温 古河 喜欢 比较,1
恭喜,1
只能 说明 管子,-1
转盘 差别 机型 挺大 据说 两三千,-1
巨人 乐章 第七 常用 跳舞 电影 整体 特别,0
刷红 蓝线 速速,0
觉得 耳机 味道 拜亚 更好 成本 喜欢 算是 同样 森海 价位 均衡 大师 准备 通透 德国 退烧 前端 大气 两千元 高于 同价位 同档次 越来越 品牌 理由 曾经 振膜 四平八稳 清新 我会 揭示 难得 乱说 森海饭 力好 三大 正比,-1
搭配 推力 好像 试试 大点,1
未知,0
看头 留下来 最终 发烧 比较 耳机,0
降价 直接,0
没有,0
声音 论坛 帖子 试听 提升 感觉 似乎 楼主 没见 恭喜 程度 随手 找到 几篇 台式 仔细 想要 插过,1
感冒 厂出 发现 大家 耳放 不是 耳机,0
劣质 网易 上头 响度 工业 酒精 算法 提升,0
不错 不是 声场 当然 类似 非常 人声 选择 喜欢 宽松 密度 音染 口味 开放 包裹 室内乐 浓厚 感强 高密度 机而,-1
论坛 退烧 真正 不来,-1
台机 刚入 文章 好文 学习 支持,1
音乐 编制 不行 不好 一听 不难 靡靡之音 粘着 节奏快,-1
内置 播放器 做工 续航 便携 可惜 不能 真的,1
好看 不是 好声 那种 内部 路线 品牌 东东 一贯 平价 虚价,1
功率放大 中低端 程度 重要 解码 概念 一定 器材,0
好看 专业,1
几天 机会 听听 一分钟 东西 出来 不到,0
偏耳 调换 管子 偏音 正好 平衡 本身 有点 耳朵 左右,1
拉线 配电柜 改不了 源头 同感 作用 确实 电源线,1
所谓 应该 一下 别人 完全 影响 当然 这种 电影 一次 动作 几次 黑人 英文 感动 表演 包含 唱歌 个人经历 确切的说 看电视 教堂 合唱 小姑娘 全英 一叮里 听不懂 眼泪 不由自主 流下来 视觉 歌者 表情,1
达斯 组合 经典,0
玉林,0
声压 提高 解析 不是,0
概率 不买 不好 绝对,-1
觉得 便携 台机 莱尔,1
到底 进行 失真,-1
下楼,0
没有 目前 感觉 胆机 对比 价格 一点 不好 下来 凌厉 温润,-1
基本上 解码 耳放 音量 测量 增益 响度 比大 相差 误差,-1
均衡器 后者 比好 音质 不错,1
编解码器 坐等 索尼 厉害 大法 升级 估计,1
输出阻抗 推力 不错,1
高频 特别 特定 干扰 信号 一声,-1
推撒 必须 风生水,0
应该 最好 以内 必要 不难 收不到,-1
不错 不是 里面 比较 已经 建议 设备 升级 真的 进口 价格 好像 时代 万元 箱子 或许 高音 继续 性能 不得而知 绅士 早期 一对 书架 配套 书架箱 脚架 理想 意力 基础 落地 脚钉 看样子 还过得去 适中 没想 博良 退级 达尼,-1
不美哉 听小编 银乌 搞个 差不多 好像 流行 二代 级别,-1
一下 不是 解码 楼主 不好意思,-1
黑金 好评,1
左右 耳机 听感 的确 素质 水平 调音 不行 全新 试试看 变化 淘宝 失望 想想 创新 耳放上 接到 除掉 耐听度 月份 有元 冷薄 双凑 有入 俗话说,-1
毒器 女声,1
上榜 品牌 不敢,0
唯一标准 真理 检验 实践,0
传播 数字信号 我国 不同 线材 区别,0
在于 折腾 生命,-1
声音 问题 解决 感受 使用 不好 依然 体验 属于 毫无疑问 售后 结合 能用 各有千秋 保障 类产品,-1
伤心 玩笑 攀比 兄台 开个 开心 喜欢,1
可乐 支持,1
第三张 图想 第一张 必须 看到 好看,1
声音 觉得 毕竟 不太 没有 有点 个人 很大 感觉 适合 大乌 整体 平衡 单端 差别 作用 增益 石机 推大乌 调节 起到 调低 会糊 三挡 实质性 调高,-1
听过 感觉,1
知道 耳机 出声 耳朵 所谓 一定 很多 东西 需要 其实 不能 不够 解析 高频 听力 严重 尤其 对此 音质 耳塞 一点 容易 追求 巨大 有时候 细胞 入耳 旗舰 内部 天价 导致 疯狂 生产 宣传 毁掉 带来 长期 误导 后果 厂商 卫生 污染 贡献 通道 入耳式 教育 组织 不合理 健康 造成 形象 呼吸 毁坏 神经 耳蜗 上皮 绒毛 过分 密闭式 很伤 耳道 局部 缺氧 受损 外耳道 感染 进一步 恶化 责任 树立 群众 叫停 恶劣,-1
松软 版多 毒点 不毒 加厚 浓郁 牺牲 特意 换回 瞬态 真实 富有 这版 漂亮 泛音 华丽 依然 路线 通透 感情 比起 喜欢 低频 高频 十分 人声 觉得,1
感觉 低频 皮肤 最老 一字版 震得 颤抖 轰隆轰隆,-1
温度计 磁力 方便 不错,1
咸菜 当成 大件,-1
换线 同意 必要,0
无非 心情 精力 欣赏 音乐 时间 觉得,0
洋品牌 不会,-1
唬住 奇怪 音效 机线 那种 使用 不要 很多 耳朵 电源线 声音,1
幸运 面市 达斤 大奖 已故 一位 最低价 大作 历史 一次 真材实料 日本 设计 大师 重量 获得 耳放 机器 解码 烧友,0
我入 感觉 已经,0
顶一下,1
用户名 多变 真是,0
全球 短缺 火灾 搞反 因果 先后 发生 芯片 楼主 好像 之前 事情,1
实在 无所谓 返修率 感人,1
哪款 几款 耳机,1
补充 楼主 不好 惊雷 听算 排个,-1
系列,0
不痛不痒 翻天覆地 微调 条线 改变 几千 流行 买个 耳机,0
一圈 价位 最近 感觉 看看,0
正常人 方式 听歌 选择,1
数据测试 记得 芯片 有个 听感 买个 已经 帖子 不是,0
宾馆 感觉,0
音乐 形容 语体 富丽堂皇 宫殿,1
这种,0
耳机 器材 论坛 少数 合适 买不起 大部分 退烧 大家 找到 本质,-1
觉得 没有 真的 下潜 高频 低频 编制 流行 中频 曲目 整体 三频 情况 宽松 饱满 刺耳 能量 银乌 毛病 蛮正 淤积 感听 非大,-1
敏感 绕线 变压器 相位 关键 机器 里面 一定,0
机器 只能 不好 无关 国家电网 怨电,-1
服务 流媒体 帮顶 支持,1
耳朵 线材 不敢 凡是 坛子 哈哈哈 比赛 听出,1
其实 退烧 不信 快能 刚刚开始,-1
加转 功放 接口,0
留下 退坑 耳塞,-1
现在 听歌 耳放 安心 后来 关注 入手 两年 刚入 到处 找耳放 阴差阳错 自我感觉 良好 从此 不再,-1
比挺 零整 保价 舒尔换 居然 单元 直接,0
太日系 这改 第一眼 银乌 这是 外观 出来,0
特点 三代 其实,0
耳机 现在 大法 倒退 简直 外观设计 稀饭,-1
脑袋 买单 过滤 有人 噪声 一点 买买 高频 需要 东西,0
挺住 不来 上能 用到 经济 前提 天天 喜欢 不错,1
折腾 够用 矩声,-1
比较 当然 随便 麻烦 保持 状态 折腾 小巧 线坏,-1
胆机 必要 追求 平衡,-1
耳机 不用 软件 支持 自带 声卡 连接 蓝牙 群晖 外接 近距离 局域网 可用 外网,1
分别 耳机 功能 系统 设备 有点 前级 性价比 价格 用家 一点 看上去 体现 发现 分体 折腾 一阵 后级 口味 专门 反而 换换 合并 机去,-1
听风 搞个 耳放 解码,0
谢谢 好文 分享,1
顶班 出错 风险 情况 容易 交响 第一 选择 特别 系统 不是,1
手机 几个 不太 方便 起来 现在 纠结 转盘 解码器 似乎 不太好 操作 数播 体验 才能 输出 太行 用做,1
声音 参数 存在 不错 高端 不是 可能 问题 很多 没有 动态 解码 细节 关键 其实 感觉 非常 不够 模式 解析 味道 高频 特别 两个 听歌 性价比 韵味 算法 低频 自然 价格 中频 一点 大部分 用户 电阻 芯片 内部 不太好 缺乏 全面 实际 设计 天价 国内 一点点 导致 升频 看着 王者 潜力 电路 流畅 很难 并联 差一点 缺少 滤波 歌曲 转成 最高 不小 回事 下来 分立 挖掘 一众 变差 比要 到头来 高性价比 分立式 精度 噪大要 缘故 难通 几片 产商 搞升频 分路 做纯,-1
根本 不错 耳机 不到 比较 详细 感受 起来 其实 最好 低音 下潜 非常 过瘾 不够 上面 质量 平板 难受 舒服 结像 类型 震动 动圈 缺乏 描绘 不同 整个 变化 大小 静电 过程 弹性 不深 区分 量感 精准 分清 形态 鼓棒 粗细 敲鼓时 鼓皮 描绘出来 模糊 最差 硬邦邦,-1
主线 下楼 请问,0
几位 楼上 谢谢,0
没有 起来 效果 容易 旗舰 折腾 圈里,-1
本地播放 问下 文件 传输 大佬 树莓,0
感到 反应 吃惊 楼主 不差 里面 器材 耳机,-1
一起 出掉 打包 不是,0
解毒 样子 有点,1
电线 很差 上班 好玩 重点 玩好 台机 蓝牙 就行 位置 换个 体验 不好 喜欢 效果 一种 机器 不是 搭配 声音,-1
老叶 适配器 强烈推荐 银版,1
巡回 乾坤 牛转 试听 支持,1
根澄线 口气 凝聚 晚上 改善 原配 听听 素质 不够 人声 感觉 问题 可能 声音,-1
解码 两个 价位 差不多 乾龙盛,-1
知道 不少 一片 成品 丝带 假线 线假 看宝 奥丁,-1
头和线 插座 纯银 欧亚 内部 自带 性价比 买个 电源 二手 知道,0
中想 上个 纠结,0
蒂斯 入手 后来 不错,1
沙发,0
家里 闲置 稍微 人间 折腾 宿舍 下学期,-1
双木三林,0
具备 品牌 大厂 国际 短板 特点 以下 信号线 素质 其实 声音,0
耳机 性价比 旗舰 个人感觉 平面 静电 铝带 一战,1
有糊 乌下 银牛 清清楚楚 源文件 好处 缺陷 推大乌 太高 越高越 录音 一点 流行 素质 人声 不是 要求 不错,1
不错 好听 非常 素质 退烧 够用 耳放接 绕过,-1
缺点 用过 有点 几个 耳机 不错,1
造型 漂亮 偏向 个人,1
不急,-1
不是 可能 二手 老板 古典 全新 森海 咸鱼 肯定 一手 多久 不买 继续 照样 实际上 就算 复刻 销量 天天 登顶 福布斯 首富 党会 后期 呼声 拉倒 车友 嘴上 两厢 背出 爆真到 三厢 老烧们 淘着 没买过 打折 拉低 低价 接盘,1
不错 谢谢 用户,1
玩具 漂亮 恭喜,1
保值 森海 相当,1
不太对 台机 随身 确实 有点 算个 不错 声音,1
不错 佩戴 试听 声场 感受 感觉 性价比 质感 清晰 能量 比好 纹理 比大,1
线材 基本上 必要 智商 天花板,-1
声音 知道 不错 版本 很多 建议 方便 别人 解码 机器 好听 考虑 后面 相当 全新 普通 满意 闲鱼 代理 到手 处理 唱片 英国 蓝牙 上个月 晚上 块钱 卖家 没用过 成溪 上入 总部 货该 老骚 黑胶 我入 晶振般 李工 之宝 灯光 很漂亮 师旷 红心,-1
系列,0
未知,0
再烂 越久越 耳罩 好听 不要,1
方面 对比 大乌 的确,0
真的 很强,1
原唱 接头 换个 刺耳 稍微 圆润 调音 随便 颗粒感 明显 没有 问题 耳朵 觉得,1
情感 器乐 应该,0
定论 标准 升频 不同 差异 算法 解码器 请教 机器 问题,-1
双边 限于 动力 基本 拜亚 耳机,0
民间 高手,0
挺不错 买不起 可惜 机器,1
绿帽子 好加 仔细 那块 真的,1
慎重 小作坊 销售 不算 市场 牌子 以上 国产 没有 耳机,0
焊点 电线 转接 一边 一点 可能,0
便宜 要求 听音 大部分 用户 满足 主要 一体机 不高 折腾 不爱,-1
优越 骂骂咧咧 有事没事 这句 一路货 一路 到处 喜欢 的确 这种 理解 论坛 不是,1
理论 状态 系列 光头 设计 机子 就算 电容 寿命 飞利浦 看运气,1
投诉 淘宝 直接,0
全家 很惨 原线 觉得,0
蛮值 各擅胜场 水货 动圈 全新 听过 最好 个人 耳机,1
接接 二嫂 金嗓子 播放 只能 必要,-1
觉得 调音 天龙 试试 机子 喜不喜欢,-1
便宜 觉得 起来 金乌,1
分享 好文 谢谢,1
差别 金耳朵 正规 合格 住宅 一双 夜深人静 心潮 平定 听出,-1
应该 线材 不会 价格 一根 一百 好几百 来算,1
家里 闲置 稍微 人间 折腾 宿舍 下学期,-1
觉得 一定 希望 里面 很多 烧友 时钟 有点 解码 厂家 这种 价格 程度 电路 越来越 复杂 好用 廉价 口袋 作坊 宽裕 还贵 厂机 要价 虚高有 打压 太黑,-1
科学性 比较简单 切中要害 具有 易懂 大家 习惯 算是 非常 概念 几个 问题 一定,1
火钳 留名 毒文 歌德 喜欢,1
不错 有点 解码 设计 一体机 样子 按钮 人类,1
音质 更好,1
歌德 适合 人声 没有 左右,0
大点 播放器 弄个 稍微 上台 便携 推力 就行了,0
有线 不买 使用,0
韭菜 新版 香榭丽舍 机了,-1
非要,0
知道,0
水平 真是 一言难尽 拍照,-1
没用 低频 音效 出不来 影院,-1
称霸 不好 万元 平板 最好 绝对,-1
数据 功能 移动 软件 搜索 建议 没有 思路 选择 基本 更好 一句 播放 控制 设计 价值 文件 太多 一张 放弃 顺便 和谐 网络 本地 串流 费用 这一 失去 核心 查找 路径 本地播放 控制软件 每月 美刀,1
搞小厂 第一个 冷门 容易 翻车 建议 耳机,0
兄猛货 迷你 恭喜,1
声音 之前 感受 第一次 真的 一代 喜欢 听到 大耳 楼主 塞子 想象 刚入 年前 是因为 惊艳 从没 过越 相仿,-1
不是 很多 声场 好听 人声 味道 素质 分离 电脑 代表 太多 越高越 耳放能 惊雷 退出 越大越 我大乌,-1
耳机 可能 建议 二手 完全 个人 真的 考虑 地方 全新 了解 一点 情况 把握 干嘛 可靠 发生 本质,-1
不看 指标,0
差不多 声卡 弄个,-1
半糊 半闷 实际 更好 耳罩 原装 买个 耳机 声音,1
没有 有点 必要 用户 本人 种草,1
声音 便宜 出来 比较 不太 不会 解码 感觉 不能 这种 投入 转盘 更好 大于 一体机 合理 几千 折腾 过得去 网播 集成 外接 投比 会花,-1
个动圈 搭调 这货 早期 惊喜 旗舰 胆放 楼主 平板 风格 喜欢 相当 怀疑 建议 不用,1
遗世独立 用户 原道,0
音乐 设备 简单 升级 流行 价格 道理 文化 消费 需求 紧迫 在乎 听到 歌词 故事 凯丽金 萨克斯 磁带 能先 开心 而用 便携 磁带机 便携机 差异 极大 硬件 花费,-1
耳朵 比较 设备 说明 不太好 证明,-1
新机,0
想糊 点缀 欧美 高音 低频 基本 现在,0
天鹰座 满意 多久,0
买不起 二手,0
失真 其实 低频 平板 早就 证明,-1
一篇 类似,0
声音 失真 真的 腔体 相对 设计 频段 改进 带来 声学 完善 老款 听惯 一般化 更失,-1
喜欢 效果,1
真的 水平 還是 這吃飯 真差 這是 東家 宣傳,-1
偏冷 偏暖 中性 音色 请教,0
参数 音频 试试 差不多 运放 挑个,-1
难受 编制 三个 有点 耳机,0
换大 爱丽丝 长期 戴着 随身听 平面 电影 电脑 用过 舒服 合适 提到 平板 风格 水平 素质 听歌 耳罩 以上 现在 其实 经常 耳机,1
退烧,-1
预告,0
歌诗德 买回来 退货 喜欢 直接 东西,-1
随身 大菠萝,0
真丑,0
搞笑 楼主,0
憋屈 湖万配 是不是 解码,0
好看 明显 窗口,1
顶顶 大神,1
声音 耳机 一下 表示 比较 没有 大概 感觉 必要 更好 对比 森海 歌德 后来 很多年 发现 方向 架子 下来 擅长 以往 小小的 年纪 渐长,-1
耳机 不是 容易 几万 前端 搞定 振膜 才振膜 好歹 花元 妖艳 贱货,1
薄刺 没录 有点像 一代 有点,1
爆表 中二病 中文名,0
撕开 双排 省事 一根 信号 供电 双子座 两个 直接,0
退线 想当然 没用过 买回来 不想 只能 当然 直接 别人,-1
产品 几个 元素 直接 真的 特别 保留 外观 上来 垃圾 用户 设计 体验 材料 材质 讲究 剩下 限量版 独立 好好 限量 年代 或多或少 服务 致敬 量产 弄点 挖坑,-1
鞋跟 淘碟 入坑 过程 恭喜 推荐 别人 知道,1
新近 老东西 日新月异 说服 底蕴 十几二十年 灾难 研发 简直 推出 尝试 技术 专业 这块 不同 芯片 轻易 不够 现在 厂家 来说 没有 速度 产品,1
一定 估计 喜欢 音色 楼主 歌德 推荐 一年 突然 意识 本想,1
而生 过多 一丝 纯粹 柔美 音染 还原 同样 保留 特别 味道 监听 没有 不是 觉得,-1
声音 问题 解决 感受 使用 不好 依然 体验 属于 毫无疑问 售后 结合 能用 各有千秋 保障 类产品,-1
剩下 整个 一体机 预算,0
好人 楼主,1
真理性 没人顶 文章,1
声音 佩戴 试听 更好 当时 无论是 认为 是因为 陌生人 完胜,1
好奇 来看 普通 新品 主板 享声 对照 工控,1
最近 打算 折腾 太狠,-1
声音 觉得 耳机 比较 不会 动态 个人 感觉 下潜 低频 平板 箱子 残响 适中 薄收,-1
肯定 提升,0
未知,-1
天花板 沙发 应该,0
学习,0
耳机 呵呵 好听 一大,-1
连毒 毒吻,1
两头 补偿 响度 方法 二楼 推荐 道理 音量 调音 低频 人耳 一种 敏感 需要,0
铁座 罕见 四只 飞利浦 配对 一组 入手 非常 声音,0
明白,0
黑盒 明白 两个,0
看起来 听风 有点 骚气,1
一步,0
高阻 驱动 手里 条件 应该,0
早入 学生 折腾 上台 大耳 耳塞 不要 方便 建议 还要,-1
声音 很多 那种 正常 喜欢 满意 太强 个性,-1
帮顶,1
没法 产品 绝对 最后 严重 一句 审美 同意 每个 男人 欣赏 差别 一类 百分之,-1
便宜 太贵 如数,-1
不错 耳机 正在 现在 退烧 低调 强大 占楼 玩换 内敛,-1
其实 意义 那种 价格 以为 渠道 光看 判断 白菜 收来 八九不离十,-1
退掉 底噪 很大 机器,-1
其实 退烧 不信 快能 刚刚开始,-1
二手 相当 北美 好出,1
功夫,1
极致 帮顶,1
普罗米修斯 雅典娜 超级,0
劝退 佩戴,-1
范围 很大 喜欢 流行 歌手 聊聊,1
耳机 佩戴 折腾 配合 最佳 几支 两货 还轻,-1
难收 低价 闲鱼 好点 一体机 明显 解码,1
声音 电源线 耳朵 很多 不要 使用 那种 机线 音效 奇怪 唬住,1
参考,0
耳机 功能 没用 声场 使用 影响 我用 模式 基本 界面 暂时 厚度 不少 宽松 必须 背景 插口 同轴 作用 好多 非常明显 太差 比直 数码味,-1
耳放 厉害 想起 外号 试金石 风生水 那可真,1
个人 怀疑 能力 那种 结构 电容 滤波 饱和 环牛 成分 很差 试下 电网 直流 回路 钳位 二极管 牛磁 抗磁,-1
厉害,1
没小乌 中乌 特点 差不多 好听,-1
客户 插低 不介意 砖配 推大耳 勉强 行为 销售 高阻 用户 耳塞 用来 本来 耳机,1
表示 好听 天龙 手持,1
不了 安心 功放,-1
流行歌 配乐 多种 很棒 复杂 歌曲 压头 头戴 延伸 突出 立体感 挺不错 耳塞 中频 流行 低频 相当 乐器 人声 注意 这种 绝对 真的 不太 出来,-1
耳朵 只能 不好 说直,-1
感觉 大佬 哈哈哈 一起 主动 真棒 拿给,1
令人发指 常用 竟然 不用,0
哪几种 原盒 德行 保修 国行 区别 便宜,0
声音 耳机 做到 一定 非常 经典 音箱 物理 接近 体验 过来 决定 特性 不见得 办法 几块 联想 结项 眉心 要贵 百八十块,-1
上台 净化 绰绰有余 差价,-1
提高 音质 应该,0
不必 像样 搭建 现有 决定 多谢 急于 环境 操作 舒适 重要 一步 条件 听音 解码 升级 设备 建议,-1
框选 图话 金属,1
顶顶,1
占地面积 笔记本电脑 样子 体积 画眉 还好 其实,1
某一方面 好料 千干过 衡量标准 比较复杂 分钱 附加 必定 擅长 这部分 一分货 品牌 原因 偏科 硬指标 统一 一万 基本常识 用料 价值 实力 工艺 一部分 均衡 部分 质量 基本 本身 符合 没有 很多 比较 产品 应该 存在 知道 便宜 声音,1
声音 觉得 耳机 一定 很多 一开 有点 机器 真的 当然 推好 非常 乐器 模式 耐听 味道 特别 素质 不差 调音 意思 情况 发现 高文 圆润 差点 一副 全能 要开 扁平 难得 不糊 下能 聊到 只开,-1
河畔 相思 潔麗 還有 很多,1
玩玩,0
前端 不好 原线 不行 耳放 直接,-1
声音 搭配 建议 使用 一种 算是 解释 森海塞尔 唯美,1
同价位,0
千买 分成 一体机 部分 耳机,0
低音 飞机 轰鸣声 火车 地动山摇,-1
代表性 介绍 下用 解码,0
未知,1
很多 感觉 最近 只能 可惜 比好 两种 格式,1
区别 一定 买个 效果 舒服 电脑 差不多 有质,-1
声音 官方 知道 觉得 不用 一下 问题 没有 解决 看看 提升 完全 需要 反正 以前 感觉 研究 一只 正常 对比 听到 当时 习惯 后来 情况 音箱 继续 电脑 半年 发现 不敢 只好 突然 卡顿 关机 爆音 买来 一次 这货 索性 好多 睡觉 联系 不堪 脑放 仔细 提示 两天 死活 孩子 一会儿 神奇 直到 维修 一切正常 浮躁 休息 若有若无 一用 认不出 拆下来 烦躁 停下来 详细描述 不了了之 听带 周末 依依不舍,-1
楼主 帮顶,1
论坛 帖子 估计 前排 进来 大佬 帮顶 大部分 不敢 导致 啥意思 标准 等待 不火 参与 不好意思 亮家伙 观赏 珍品,-1
耳机 其实 不大 效果 不好 换线 卡达,-1
耳放 厉害 想起 外号 试金石 风生水 那可真,1
渲染 发音 气声 协调 演绎 比例 营造 混响 三者 奶油味 大声 女声 辉煌 时有 一种 类似 动态 之间 觉得 知道,0
方便,0
个分 顶多有 上手 刚出 画眉 凑合 肯定 感觉 现在 起码 几个 不是 耳机,1
多得多 做工 男人家 饱满 平板 低频 考虑 不错,1
三妻四妾 长情 专一 满足 有人,0
没完没了 怎奈 话题,1
问题 设备 大概 太小 更好 音质 楼主 容易 输入 输出 信号 爆音 设置 精准 缓存 加大 锁频,1
没什么 区别,0
撕掉 当天 那层 海绵 防尘 买来 调音,0
不来 声卡 试试 音源,0
耳放用 当纯 耳放强 一体机 后来 他家 听过 以前 解码,1
悬挂 一体 头梁 加上 难受 地方 很多 比较 没法,1
未知,0
到底,1
知道 耳机 不是 大概 是否 二代 明白 大佬 用家 意思 原来 大家 磅礴 玩具 想要 才子,1
正常 选择 现象 不是 参数,1
火牛 新英,1
箱子 蓝牙 听个 出差,-1
決定 心態 境界,0
分岔 这点 声道 平衡 真的 问题,0
香奈儿 看眼 媳妇 整天 买来 老婆 羡慕 研究,1
支持,1
个性 太强 满意 喜欢 正常 那种 很多 声音,-1
最好,-1
之前 不好,-1
威武 老哥 大乌,0
飘过,0
白色 版本,0
不至于 感觉 播放 性能 输出 折腾 分享 大神 文件 限制 下来 劣化 计算机 意味着 无可,-1
黑神,0
上放 蓝牙 出色 不错,1
产品 比较 没有 感受 使用 好奇 百度 相关,1
签名版 大菠萝,1
器材 使用 最好 才能,1
看来 应该 只能 交响 楼主 前端 早出 两套 排山倒海 一口,1
投资 前端 退烧 准备 预算,-1
左右 建议 耳放 万元 不好 分体,-1
信号线 后面,0
喜欢 路过 穷烧果 机直,1
步步高 恭喜,1
驱动 解码器,0
发热 电压 内阻 低空 负载 差值,-1
电源 需要 必要 以为 数播 差点 功放 水塘 开盖 全貌 两堆 明晃晃 买错 光主,-1
太空 很棒 未来 一种 东西,0
耳机 放心 有点儿 没假,-1
不错 机器 不能 硬解,1
希望 网页 手机 总是 无法 退到 一层 做好,-1
一定 解码 耳放 一台 音质 万元 不少,1
企业级 高强度 相差 楼上 普通 消费 压力 很大 测试,-1
入门 低端 台强,1
歌德 随便 低端 耳机,0
董壕,1
毒性,1
钢琴 高级 好听,1
古典 流行 听说 使用 不错,1
撒才,0
惊喜 试试 耳罩,1
口味 机会 音箱 看看 试听,0
建议 预算 直接 提升 很大 挺不错 终结者,1
挺火 量子 段时间 东西,0
全面 差不多 入坑 大号,-1
好文 帮顶 干货,1
不错 觉得 解码 目前 好听 感觉 一代 喜欢 耳放 平衡 耳放用 端口 连接 用单,1
八成 七成 五六成 结项 日常 单端 平衡 古典 更好 适合 人声 机器 大概 声音,1
好听 明显 聚会 离歌 正气,1
货官 骗钱 弄出来 代理 貌似 国内 不到,-1
没货 升级,0
学习,0
觉得 来说 真的 意义 不好 一体机 意见,-1
时接 小烧 时用 换下 菊花 偶尔 日常 上班 台式机 锻炼 平衡 大耳 手上 现在 使用,0
耳罩 状态 半天 当初 更差 洗碗,-1
耳朵 退烧 歌德,-1
玩家 欣赏 想必 分析 调理 非常 音乐,1
不错 推好 女声 潜力 偏科 论音染 对手,-1
收拾 混乱 脑放 一片 桌子 一堆 机器 起来,0
声音 知道 听过 森海 大气 真假 厚暖声,-1
没有 数字 确实 电脑 输出 音染少,-1
玩玩 支持 呵呵,-1
看不起 之作 良心 真是,1
哈哈哈 我用,1
类似 相当 调音 容易 不好 镀银 高低音 混编 脱节 铜银,-1
芯片 人声 现在 不错,1
更加 相信 大乌 适合,0
太子,0
返听用 指弹 吉他 送人 强悍 解析度 日常 独奏 舒尔 器乐 录音 优势 方面 感情 编制 确实 拜亚 高频 听音 多年 现在 已经,-1
手上 垃圾 音质 好几 剧本 轻薄 工作站,-1
没有 非常 听歌 确实 一台 差距 楼主 平衡 试过 兴趣 属于 打游戏 线会 若有 全能型,-1
谢谢,0
耳朵 现在 听力 大家 分享 经验 保护 下降,1
音源 素质 耳机 不错,1
拿捏 接上 试用 申请 听听 值不值 系统 声音,1
明显 带音染,-1
很多 便宜,0
起少 外挂 室米开 投影 寸万级 撑死 精细 不够看 电视 影音 分辨率 房间 画面 多媒体 环境 箱子 好比 万元 理论 听音 空间 系统 要求 高端,1
管子 貌似 不错,1
看不懂 看到 听风,1
插座 美标 国标,0
毕竟 要求 论坛 不会 东西 不要 直接 店家 满意 曝光 淘宝 投诉 退货 难为 太高 修好 三次 伟良 无条件 这店,-1
箱子 东西 楼主 出差,-1
森海配 活泼 含蓄 沉稳 表达 热情 不少 歌德 感情 说白了 喜欢 烧友,1
区别 耳朵 当然 感觉 本身 楼主 一体机 干净 最大 处理 杂讯 作用 大量 来自 两千多 第一台 另当别论,1
顶赞,1
提升 投入 价格 感上 咸菜 最多,-1
买光,0
知道 试听 评价 才能 申请 易懂 状况 为实,1
價格 沒聽過 不起 真的,0
传输速率 码流 固态 完美 产生 甩锅 硬盘 机械 换个 够用 干扰 传输 电脑 本身 使用 概念 问题 不是 应该 根本,-1
只能 说明 管子,-1
来看 生意 南京路 人流 线下,1
不上 平衡 很大 提升 耳朵,0
没用 原线 平衡 顺便 下楼 主用,-1
做好 方便 空间 解码 其实 一体机 电路 早期 一起 合并 跟耳放 差分 体机 更省,-1
耳机 耳朵 搭配 线材 很多 直接 评价 前端 不耐 导致 人用 阴间 相反 下会 偏亮 要用 亮声 来直 不绝于耳,-1
耳机 难看 确实 严重 颜值 拉低 翠绿,-1
书架 舒适 万元,1
下楼 方面 前端 推荐 请教 线材 搭配,0
蓝牙 大菠萝 功能,0
现在 听歌 耳放 安心 后来 关注 入手 两年 刚入 到处 找耳放 阴差阳错 自我感觉 良好 从此 不再,-1
带路 俱乐部 动手 很棒 据说 安装 打算 最近 树莓 烧友,0
闲鱼 貌似 一台,0
听耐 松香 富贵 松弛 雍容 词儿 厅堂 大气 老烧 不好 舒服 高级 听得出来 好听 来说,-1
支持 一下,1
未知,0
不错 测试 时钟 性能 合成,1
宫殿 富丽堂皇 语体 形容 音乐,1
听不出来 声卡 是不是 必要 感觉 升级 没有 区别,0
前提 正版 换绒 用过 盗版 不行 某宝 耳罩,0
区别 搭配 不是 系统 试听 调音 均衡 纯银 无氧 单晶 铜线 越贵 一对 非常明显 弄不好,-1
声音 拜亚 正常 不怎么 糊味 喜不喜欢,-1
噪音 具体表现,-1
机器 价格 祝贺,1
同款 帮顶 前排,1
声音 一定 出来 线材 不是 东西 绝对 高级 差异 几百 电阻 玩家 电位器 找到 电容 相信 避震 几十块 保险丝 一颗 焊锡 那群人 一卷 脚钉 修磨 上千 一群 乐此不彼,-1
增益 功率,0
这类 推过 不会,0
单元,1
头版 后悔 高价,0
帖子 特别 必要 开心 众人皆醉 独醒 阴阳怪气,-1
插针 位置 没事 一点 上面,0
圈里 静电 接近,0
耳机 毕竟 一定 一下 二手 升级 影响 现在 能力 某宝 一种 两个 只能 道理 音质 楼主 夸张 后来 果断 工艺 焊接 折腾 换线 放弃 顺便 佩服 入个 朋友 动手 乐趣 梅花 换机 修过 修理 良莠不齐,-1
清楚 用家 水平 看看 参数,1
知道 毕竟 电源线 可能 理解 减少 内部 电磁干扰 就要 前面 尽可能 开关,-1
伺候 相对,1
觉得 耳机 有没有 没有 试听 音乐 发烧 好听 好不好 基本 必要 喜欢 地方 听到 不好 退烧 反复 没救 先量 量体温 缓解 痛苦 会加 日后 发作,-1
这版 非常,1
应该 支持 没有 解码 现在 听感 基本 楼主,1
声声慢 走向 比较慢 倾向 习惯 听音 那种 个人 比较 速度 声音,0
很重 样子 似乎,0
声音 耳机 一定 达到 定位 感觉 不能 高频 低频 尤其 中频 纵深 心里 准确 主要 想要 优秀 位是 前后左右,1
耳机 做到 一定 不要 不了 解码 推力 解析 交响 便携 类型 不好 前端 等于 控制力 因素 挑选 比例 歌单 中划,-1
分布 说法 三代 拜亚,0
好看,1
真的 好听 来看,1
小东西 归宿 基本,0
几百块 落地箱 淘宝 功放 推力 数字 简单 不是,0
正在,1
台机 胆机 没有 几个 几乎,0
二手 买个 耳塞 降价 多值,1
两孔 引出来 电线 从前 接口 地方 接地 这种 现象 问题,1
原道 起来 耳机,0
体量 小众 没多大 其实,0
左右 二手 类似 全新 价格 太贵 还算值,-1
耳放,0
耳放双 推是 两台 声道 调整 平衡 请教 这种 问题 左右,0
未知,-1
推得 找个 还行 帮顶 耳放 音源 随便 现在 解码,1
声音 不错 觉得 当然 这种 选择 价位 不太好 强点,1
一干二净 漏得 褶皱 后期 低频 换成 拜亚 耳罩,0
支持 西装 玩家 丰满,1
支持 使用 基本 音源 只能 播放 差不多 方面 上限 降级 到位 取决于 方便性 高码 码流会,-1
不用说 库存 高阻 摩擦 去年 好多年 市面上 低阻 现在 帖子 耳机,1
不错 耳朵 不是 耳放 嫌弃 回头,1
申请 试听 器材,0
设计 不好 平衡 很多,-1
老三样 以内,0
中期 断裂 所说 细腻 不足 体现 信息量 颗粒感 明显 推开,0
家伙 很厚 主力 习惯 刺激 听音 耳罩 解决 估计 已经 问题 可能 不是 耳机 觉得,0
触觉 不闷 同意 低频 声音,0
各有所爱 萝卜青菜,-1
一行 顶部 四方 字体 变成 国行 以前 请问 版本,1
轻是 太重 口味 大部分 喜欢 实在 不是,1
声音 觉得 应该 比较 难以 很多 没有 音乐 完全 感受 感觉 非常 解析 听感 调音 尤其 经典 差距 赞同 巨大 来讲 接近 优势 刚刚 替代 售价 真实 感到 调教 后者 注定 好几年 仿佛 恰到好处 拿捏 融入 置身 时空 老练,-1
暖水袋,0
不玩 国产,0
清理 毫无 电器 收藏 价值,1
标线 几根 达标 各项 好用 屏蔽 蓝水 情况 基本 这种 直接 系统 不用 区别,1
问题 就行了 有个 试试 官网 碰到 换个 乾龙盛 打包,1
付诸实践 无用论 比换 直到 一天 坚定 我试 差别 信号线 明显 之前 一下 电源线,-1
差不多 同价位 无出,-1
应该 其实 购买 好点 折腾,-1
点适 选购 即将 元元 早想 必读 老师 纯耳放 上市 一点 文章 一台 打算 耳放 更好 解码器 国产 搭配 耳机,1
时间 现在 差不多 不少 退烧 买来买去 可喜可贺,-1
低估 耳机,0
觉得 高端 耳机 比较 喜欢 大佬 楼主 文章 本人 摇滚音乐 曼森 涅槃 不起 隔得,-1
极端 永远 收藏 古典 调音 值得 慢慢 这种,1
不错 后来 入手 蒂斯,1
别想 三连 琥珀 大幅 玩好 给力 推得 短板 就算 手里 周边 发挥 前端 不行 耳放 降低 转盘 线材 耳机,1
换良品 保说 杀猪 那才 过保 售后 蓝牙 主板 索尼 音箱 全新,0
知道 不用 不到 可能 实在 真的 对比 数播 一听 哈哈哈 达菲 太烂,1
其乐无穷 叠叠,0
排序 四个 反倒 祖传 不难 毫无疑问 程度 高音 不好 平衡 情况 整体 价格 耳放 效果 素质 推力 不够 最好 使用 完全 不了 接受 来说 动态 出现 出来 耳机 声音,-1
建议 新手 看看 好文 静电 好好 深度 近年来 少见 见闻 内容 见解,1
正儿八经 能带 入个 台式 本来 电源,0
两只 提升 有没有,0
仅仅 驱动 确实 解码 需要,0
心动 太贵,-1
改个 挺大 头子 单端 平衡 原线 相对 提升 比较 一般来说,1
不错 南瓜,1
隔离 价格 工业 洋垃圾 摇身一变 几倍,-1
架上 完放 原厂 耳机,0
五名 这前 套路 三天 看着 最后,0
八只 各来 两头 分上 大体 开放 下盘 平衡 封闭 四种 耳机,0
离别 肖邦,0
民用 最高 指标 仪器 东西 可能 器材,0
受重 初代 悬挂 均匀 太薄 换个 头梁 主要 起飞 难受,0
几个 感觉 华语,1
坐等,0
旅游 妹子 不好 必要 买个 已经,-1
剧毒 单元 耳机,1
掰开 就行了,0
感谢 大佬 分享 资源,1
贴切 规整 看重 层次感 之王 纵向 不敢 立体感 结像 横向 不够 声场 可能,1
风评 同问 三代 好像 二代 分别 不错,1
阻抗匹配 下胆 欧姆 承载 负载 电子管 记得 最大 功放 必须 主要 功率 容易 拜亚 长时间 当然 没有 估计 应该 耳机,0
位置 不好 前排,-1
发热 电压 内阻 低空 负载 差值,-1
看来 觉得 做到 不是 可能 时间 很多 没有 元素 感受 好听 听歌 不得不 流行 刺激 文化 过后 市场 足够 日本 不耐 导致 完整 显得 反而 老歌 歌曲 迎合 好多 切歌 表达 编曲 嘈杂 不怎么样 华语 快餐 流行乐 旋律 年轻人 新歌 听觉 强调 主次 起伏 一味 三十秒 开头 就让 如今 日语 顺耳,-1
上根 单买 很难 平衡 不行 耳放 自带 其实 直接 不是,0
耳机 楼主 试试 好点 改变 单晶 耳机线 不小 先换条,1
总开关 只用 无所谓 插排 表示,0
万元 舒适 书架,1
好意思 比得过 机顶盒 电视 几百块 配置 一定,1
表里如一 内部 精致 真是 支持 一下,1
最起码 一体机 前端 合适 质感 低音 比较,1
确实 比较,1
说不上来 一会儿 咸鱼 习惯 调音 感觉,0
声音 看来 估计 支持 起来 不行 大家 数播 乾龙盛 享声,1
数播 实际 电脑 大部分 就行了 需要 功能 浪费,0
昌河 先攒台 轮子 法拉利 买不起,0
数据 出来 希望 功能 问题 软件 很多 不会 没有 解决 解码 影响 当然 现在 类似 味道 一种 解码器 基本 风格 尤其 组合 均衡 播放 往往 内部 电脑 传输 一体机 优势 干扰 特点 噪音 导致 实际上 播放器 最大 今天 奇怪 调整 消失 过程 音乐风格 足以 初步 进行 实现 编辑 能够 数据流 好处 计算机 出身 数据传输 音频文件 原则上 误传 转化成 模拟信号 风扇 事实 充当 网易 特效 多种 固化,-1
没有 差评 好评 右边 卫生纸,-1
淘宝 供电 纯银 应该 不错,1
活动,1
加大 孔隙 填平 旨在 鲨鱼 接触面 接触 接插件 古河 类似 有点,0
小乌 确定 推不开 平板 声场,0
新鼠 鼠莓 申请 大师 试听 耳机,0
官配 记得 刺耳 当时 高频 时钟 不太 已经 搭配 失真,-1
认为 不行 没用 觉得 声音,-1
吃饭 陶瓷 铁碗 区别,0
阻好 国都 推低 小不点 耳放,1
卡卡,0
透透 赶上 二手,0
赞同 比较,1
有口 上放 独石 太多拔 推直 洋洋洒洒 这台 台机 并联 电容 匹配 吊打 一堆 电脑 巨大 楼主 高频 检查 绝对 提升 设备 手机 一下,1
线材 里面 东西 电源 解码 好听 不能 上面 高频 算法 音色 后来 通透 信号线 重要 略微 单晶 铜线 两端 延伸 偏中 不仅仅 核心 水线 浓郁 装置 强点 没染,1
退俩,-1
老掉牙 差不多 状态 新版 全新 其实 已经 耳机 声音,-1
鱼龙混杂 水分 市场 一部分 超越 全面 老烧 俩个 不同 同一个 差异 尤其 调音 注意 高价 真的 几个 线材 区别,-1
瓶颈 越来越少 发展 最大,0
不香 二代,0
方便 老实 遥控,-1
出不出,0
左右 不错 二手 解码 低端 感觉 最近 价格 天龙 万元 推荐 成色 性能 世界 前提 得到 歌诗德,-1
胆机 不会 没有 好听 意义 折腾,-1
插耳放 不下 必换 功放 上墙 音源 最好 插排 直接 电源线,1
开声 没煲 惊艳 一听,1
声音 比较 很多 拜亚 特色 歌德 具有,1
别想 好听,1
对比 现在 比较 测试,0
耳机 音乐 感觉 味道 素质 不差 容易 平衡 沉浸 宽松 密度 驱动 音乐味 温润 展现 台耳放 机都 太高久,-1
很酷 表现 满意 入手 高音 低频 解析 下潜 不是,1
殿堂 诚如 木听 金色 所说 华丽 辉煌,0
每逢 第二个 男人 拜亚 别人 问题,0
直接 耳放 不行 原线 不好 前端,-1
平手 一个圈 互黑 另一家 联合 几家 形成 一家 完美 其实,0
同型号 太快 很难 新品 跳水 速度,0
流行 估计,0
未知,0
塞子 风格 喜欢 两个 感觉 耳机,1
机架 好好看,1
帖子 家里 那种 最后 居然 普通 一听 镀银 折腾 换上 两根 电线 好几下 定稿 商店 装修 下墙 好几百 发烧级,-1
耳机,0
裤子 差点,-1
必须,0
耳机 一下 非常 喜欢 木碗 不好 这次 这头 头梁 男人家 索尼 梁太 连接处,-1
耳机 家里 只能 部分 音箱 优势 处理 声学 毋庸置疑 要命 跟上 扰民,-1
谈天说地 各地 莫名其妙 尴尬 交流 之前 帖子,0
打印机 架子 路由器 完事,0
耳机 一下 升级 提升 很大 人声 音源 耳放 三代 试试 不好 手里 顶级 乌用,-1
帮顶,1
绝不 德行 动力 后悔 价位 拜亚 最好 目前 二手 估计 耳机 左右,1
个人 听感 档次 比差,-1
金宝,0
发听感 认为 水军 楼主 打算 支持 不会,1
可耻 人穷志短 俱佳 韵味 素质 的确 选择,1
单端 不错,1
无实 有型 跑车 筋肉 引擎 省油 开配 质和量 轻克 那比 美式 磁铁 对手 没什么 好比 重量 基本 现在 动态 入门 耳机,1
方便 有钱 折腾 静电 愿意,-1
欧美 流行,0
售后,0
无假货 组装,-1
一定 不是 难听 三代 旗舰 随身听 搞定,-1
存在,0
子来 变着法 新花样 规规矩矩 怪声 骗钱 听来听去 中规中矩 还算 年前 至少 居然 喜欢 调音 最后 厂家 升级 设备 知道 声音,-1
线材 还要 解码 高级 巨大 比贵 体积 很多很多,1
键盘 网站 耳机,0
较贵且 路霸 避讳 四个 斑驳 丝带 看上 斑波 先买 剩下 淘宝 五个 排除 主要 暂时 三个 效果 牌子 大概 插排 音乐 不是 有没有 知道,0
便宜 预算 机器 推好 有限 一台 组合 一点 不少 换个,1
耳朵 歌德 退烧,-1
方案 使用 需要 完全,0
好听 不好 男人,-1
纹理 发觉 错觉 营造 擅长 呈现 半个 器乐 气息 认为 这是 方式 导致 录音 一年 染色 表现 实际 来看 结像 总体 氛围 味道 乐器 人声 最近 问题 不到 耳机,1
耳机 比较 放在 路子 天差地别 一起 這兩個,-1
考虑,0
必出 老手 必买 神奇 品牌 新手,0
感觉 低频 不好 第几,-1
研究 正在,0
就要 追求 胆机 味道 不是,1
拜亚,0
声音 级别 出来 问题 来说 请教 素质 差距 有个,-1
不错 很多 好听 非常 听感 素质 宽松,1
耳机 难看 确实 严重 颜值 拉低 翠绿,-1
不足以 刮耳 一副 玩过 拜亚 高频 解析 以前 已经 显示 觉得,1
比较 烧友 真的 楼主 代理 品牌 差钱 残粉 招聘,-1
水平 张学友 专辑 录制 真不差,-1
当个 小白兔 一群 天天 玩具 说实话 玩意 为啥 垃圾 喜欢 反正 不是 出来 出声,-1
不错 试听 细节 难听 力度 活动 说句实话 惊艳 一波草 割起来,-1
一只 试过 退烧 狗头,-1
湖人 完事,0
声音 建议 不会 没有 解码 我用 买个 适合 以内 素质 差不多 楼上 划算 够用 流畅 短板 不堪 感到 双休 唱机 多休,-1
模块 干脆 差异 界面 请教 我用 升级 建议,-1
最低 一年 关注,0
源文件 难得 前提 真正 提升 里面 器材,1
选择 低频 平板 流行 古典 氛围 过量 主听 属于 互补 恰当 差些,-1
期待 是否 确实 对比 价位 设计 体现 才能 物有所值 同价位 民族 有所 工业 看出 眼前一亮 自豪感 高昂 鬼版,1
耳朵 听力 两个 正常 严重 试试 差别 放个 单声道,-1
极别 归属 佩拉 阿卡 高解晰 银线 这支 毫无 万隆 最终 顶级 平衡 性价比 拜亚 直接 别人 建议 耳机 声音,1
字样 浅色 黑色 数字 没有,0
预算 准备 退烧 前端 投资,-1
测评 原来 大佬,0
收个 男人家 动圈 天龙,0
德奥 中端 足够 流行 绝对 不会 上线 已经,-1
那就好 省钱 几十块 花钱 没多大 我试 真心 耳机线 玩意 或许 只能 听不出 不能 真的 低端 反正 提升 设备 没用 线材 电源线 毕竟 区别 觉得 不错,-1
东西 价格 不好 涉及 明说,-1
表示 理解 建议 不会 音乐 声场 不能 低频 听听 电脑 发现 最大 不算 好好 也许 各种类型,1
六百多 打消 送人 有过 想法 后来 以前 好看,-1
不错 区别 一定 需要 更好 音质 一点 有人 网上 听得出 梯子,1
退烧 烧好 烧死,-1
更好 厚度 触感 真皮 新旧 差太远,-1
越小越 听清 声压 测测 保证 兴趣 情况 感觉,1
声音 起来 真的 其实 现在 最好 素质 似乎 平衡 是从 发现 代表 必须 播放器 本末倒置 最强 国人 热衷于 三七 二一,1
这耳放 平衡,0
感受 人声 水平 只能 便携 大耳 突出 能够 稍差 一档 比闷糊 胜在易,-1
一段时间 退烧,-1
带个 航空 明纬 零售 转接头 网上 适配器 功率 考虑,0
贵点 一起 森海 显然,0
睡懒觉,0
温吞 惊奇 这有 属于 只能 本来,0
不当 视频 挺不错,1
符合 一下 要求,0
觉得 起码 目前 交响 古典 推荐 平面 上台 机听 三星 推当 随身听,1
比较 不会 几率 行货 正价 有假,-1
品牌 价格,0
无损 张学友 差不多 有损 玩意儿,-1
中肯 主力 朋友 楼上,0
加厚 換線 換墊 真皮 淘宝,0
复杂,1
素质 意思 差不多 有意思,-1
大板 脚钉 实木 桌面 合适,1
好奇 耳放,1
简洁 直观 帮顶 非常,1
千呼万唤 突击 发布 序曲 不是 出来 知道,0
没有 起来 效果 容易 旗舰 折腾 圈里,-1
帖子 问题 那种 看到 刚刚 低调 办公室 选个,1
不错 慢慢 帮顶 收藏,1
没有 好像 以下 闲鱼 新机 升到,1
期待 恭喜,1
人声 选择 更好 主力,1
一百多 包月,0
极品 换机 管子 才能 水平 随便 不是 做到,0
声音 区别 线材 不能 最好 基本 肯定 旗舰 单晶 包括 屏蔽 要说 避震 各家 编织,1
分離度 搖滾樂 適的 還是 並列 覺得 分支 一個 下面 搖滾 金屬 其實 不合 幾乎 多年 很多 要求,0
暖糊 喜欢 刺激 谷津 歌诗德,-1
区别 耳朵 当然 感觉 本身 楼主 一体机 干净 最大 处理 杂讯 作用 大量 来自 两千多 第一台 另当别论,1
不错 问题 人声 纵深 原线 缺乏 换线,1
赌博 抽到 盲盒 盒里 亏盲 利用 低于 心理 售价 上市 容易 所有 算了 有点 需要 东西,0
推档 打得 增益 万元 舒服 水平 素质 机不 国产 一定,1
声音 层次 可能 加个 空间 感觉 非常 素质 不好 分离 闲鱼 多收 扎实 毫不 香肠 拖泥带水 幸亏 白捡,-1
电脑 确实 适合 比较,0
不得不 确实 恭喜 漂亮,1
价格,0
舒适性 很差 肯定,-1
不行 麻烦 自吹 越吹越,-1
不是 请问 买过 杂志 断断续续 好几本,1
神经性 耳鸣 查一查 具体 百度 有种,0
月份 大牛 下面 去年,1
不用 没法 时间 慢慢 折腾 回去 完蛋 金乌 发黑 可逆 变色,-1
多买 买版 欧版 扁平 爱丽丝 高点 中频 古典 摇滚 流行 低频 人声 以上 一定 要求,1
不好 讲武,-1
所知 惊雷 胆机,0
不错 觉得,1
考虑,0
怀念 有点像 以前,0
应该 可能 不至于 推好 听感 耳放 楼主 来看 不同 线条 感极强 倒退,-1
老老实实 早期 收到,0
昭和 录音 时代 听听 现在 很多,-1
大大降低 晚上 噪音 环境 主要,-1
活动 支持,1
直接 更好 连接,1
静静 角落 是不是 听歌 应该,0
方波 接市 电好 重新 正弦波 不见得 何必 处理 输出 模拟 现在 直接 设备 电源 很多 不是,1
声音 搭配 机器 喜欢 单纯 乐趣 把玩,1
奥力 嘻哈 店员 店里 脚架 照片 肉肉 试试 楼主 耳放 适合 感觉 有点 之前 很快 很多 时间 速度,1
一楼,0
未知,0
有意思 学习,0
一下 支持 真是 精致 内部 表里如一,1
痛点 不少 解决,0
剑神 土炮 来个 就行 音乐,0
没有 声场 好听 随便 听感 素质 流行 纵深 需求 封闭 歌德 粗糙 找个 平平 还够用 差结,-1
理论 追求 转为,1
谢谢,0
推欧 适合 觉得,0
预算 应该,0
指望 桌面 音箱 为主 尤其 古典 流行 两个 人声 不能 耳机,0
东方 听风 之声 真想 配合 系列 听听 效果 觉得 不错,1
拓品 感兴趣,0
心理声学 解释,0
已有 重要 搭配 耳机,0
确实 差距 比好 台式 拉开,-1
一定 档次 没错 不好 说好 来准,-1
确定 耳放 解码器,1
提高素质 就算 副作用 不能,0
丧失 极其丰富 小规模 创造 反射 做成 开放 实际上 一点点 封闭 非常 感觉 细节 空间 一定,0
支持 学习 好文 文章 刚入 台机,1
写作 发到 请严 篇文章 老师 典范 版主 文章 论坛,0
放毒,1
黑豹 肯定 极致 推力 不错 声音,1
入版 初版 木盒 拥有 必要,-1
玩吧 很少 有人 估计,0
手持 帮顶,1
台机 漂亮,1
装饰 羊皮 打孔 双面胶 下面 外面 一圈 去掉 耳罩 我用,0
有要 几小时 拆包 顺手 一对 几年 准备 出手 手上 耳罩 原装,0
听感 支持,1
要求 东西 二手 进口 发现 就算 开箱 禁止 二手物品 作假 退运,-1
声音 不错 老叶 不能 那种 味道 流行 偏向,1
过硬 理想 森海 增加 古典 编制 音源 的确 选择 预算,0
还敢 经不起 执意 进灰 维修 交易 无语 烧油 说实话 折腾 商家 以后 不是,-1
上车 这贴 不太像 语气 精英 抄袭 原来 楼主 了解 一波 支持 看不懂 帖子 产品,1
换个 试试,0
音乐 编制 不行 不好 一听 不难 靡靡之音 粘着 节奏快,-1
静电 垃圾,-1
无假货 组装,-1
刘紫玲 迷上 最近,0
线好,1
相互影响 自融 无地,0
检车 医院 煲机 改善 做个 直接 没有 不会 问题 耳朵 耳机,-1
东西 特别 当心 广告 集中 轰炸,-1
领先 放电影 两声 提供 优点 这货 放歌 单纯 主要 普通 电脑 音质 绝对 支持 方便,1
声音 不错 老叶 不能 那种 味道 流行 偏向,1
重复 有点,0
不到 不会 当然 差不多 搞定 滤波 模块 接好 头尾,-1
辣雞味 降級線 審美 百多 一股 百元 符合,0
下潜 高频 低频 延伸 反而,-1
便宜 合适 那款 后期,1
排插换 装修 处理器 静神 滤波 楼上 普通 同意 价位 很大 出来 不用 区别,1
需要 器材 电源线,1
要命 激励 那压限 电子 童丽 属于,0
无穷 白开水 精音 一周 大大 收过 单端 试过 平衡 推力 人声 不是,-1
候补 预备队 战士 架子 大佬 看到 知道,0
没假 担心 不用 耳机,-1
失语 震撼,0
马兰士 解码 看来,1
部分 耳放 自带 压力 手机,0
哪款 不谋而合 基于 当中 囊中 收入 难免 昂贵 对味 推爆 爱好者 音响 驱动 大家 一体机 系列 低价位 每个 平衡 森海 相对 效果 自带 非常 其实 比较 不是 高端 不错 知道 声音,1
应该 来说 更好 角度,1
亚马逊,0
相声 郭德纲 拿大乌 喜欢,1
桌面 越好 干净 现在 简单,1
非必要 风险 增益 最大 通透 音量 升级 官方 声音,0
音管 有导 小东西 修复 淘宝 有没有 知道,0
太漂亮 品牌 保证 信任 绝对 声音,1
前排 厉害 地妈 跪拜,1
选择性 困难 耳机,0
排除 以下 输出阻抗 低阻 耳机,0
潘多拉,-1
不是 直接 以前 这种 转盘 成本 情况 光头 用心 飞利浦 新派 变成 一起 机芯 几十块 出过 组件 咋个 三洋,1
低端 货色 不值一提,1
初步 应对 够用 万元 大部分 耳放 不够 解码,0
耳机 耳朵 出来 不是 分辨 手机 设备 感觉 随便 对比 描述 单纯 台式 太差,-1
前排 不好 位置,-1
最轻 轻量级 平板 补充 应该 耳机,0
试水 热门 添加 应该 耳机,0
随身 比较 移动 应该,1
技术含量 介绍,1
外观 高级 毫无 退步,-1
没有 赶紧 感冒 退换 鼻炎,-1
漂亮,1
差耳放口 多当 高性价比 好处 一体机 超级 有个 马兰士 天龙 解码 功能,-1
下载,0
比较 问题 设备 喜好 相位 纠结 喜欢 所有 习惯 有人 录音 处理 工作 最终 方法 呈现 混音 回放 成品 取决于 母带,1
声音 搭配 比较 电源 个人 感觉 明显 高频 最后 适合 听感 喜欢 声底 机线 一点点 密度 相似 毛刺 提高 口味 冷声 透明 变得 享声 反而 留下 瑞士 走向 厚声 保险管 延申 廉价 那条 几毛钱 素淡 感和机线 粗线 偏薄 舒特,-1
舒服些 三节 老灰 杂事 仍然 好几年 调音 好听 佩戴 觉得,1
声音 便宜 建议 不会 看看 不要 个人 买个 转盘 老实 德国 上万 包括 欧洲 多差 机都 稀烂 某鱼 摇头,-1
一会 声带 去年 机子 听过,1
声音 觉得 耳朵 可能 懒得 当然 不能 算了 家里 听音 确实 是不是 好像 友好 用家 不好 箱子 环境 平面 确定 经验 位置 白天 插座 解惑 趁双 十二 有源音箱 我家 插拔 插上去 再动 变僵 双休日 用电 听错 求有 劣化 拔下来 液晶电视,-1
个头 不小,0
目前,1
胆味 本身 机器,0
看不到,0
呵呵 加个 不了 耳放 档次 箱子,-1
耳机 电源线 线材 音质 信号线 纯铜 镀银 纯银 喇叭线 音响 镀金 越高越 为佳 金银线 相差 天地 混编 纯度 根是 镀锡 根为 用银铜 之别,-1
追梦 声卡 直接,0
指导 设置 谢谢,0
感受 人声 水平 只能 便携 大耳 突出 能够 稍差 一档 比闷糊 胜在易,-1
图片 好毒,1
主机 显示器 干扰 直接,-1
全胆 不同于 混合型 后石 二房 一度 负责 关键词 自行 友情 前胆 提示 原版 评论 属于 百度 复刻 仅仅 国内 德国 听过 胆机 两个 完全 没有 搭配,0
客观 评价 算是 比较,0
看到 眼睛 好看,1
纯放 建议,0
支持 厉害,1
知道 解码 两个 价位 差不多 乾龙盛,-1
更易 奥帝 遇到 没有,0
轰炸 集中 广告 当心 特别 东西,-1
国产机 计划 长得 容易 价位 入门 有没有 好看,1
八千 稍微 加点 特别 二手 已经 不是 要求 左右,1
觉得 耳机 不用 耳朵 影响 口罩 非常 耳罩 最后 听歌 换成 音质 耳塞 舒服 轻便 平时 变成 介绍 戴着 完美 海绵 眼镜 贴合 试下 拆掉 小妙 夹得 套头 不太稳 鼻托处 夹个,-1
毕竟 一下 东西 设备 下去 最好 耳放 以后 继续 吃饭 玩家 动力 理想 厂商 出货 给你个,1
电脑 考虑,0
觉得 耳朵 问题 没有 明显 颗粒感 随便 调音 圆润 稍微 刺耳 换个 接头 原唱,1
收割机 交换机,0
电视 插个 折腾 玩意 好点 传到 塞子 麻烦 必要 就行了,-1
回忆 参考 算是,0
懒人 折腾 不爱 推党,-1
变小 大前 变差 后者 频响 阻抗 主要 噪声 失真,-1
朋友 头像 是不是 两个,0
刚好 想入 上市 滤波器,1
没有 二代 全新 差距 想象 划算,-1
海捷 淘宝 耳机,0
升级 垃圾 必须 线才行,-1
陷阱 低频,0
无伤大雅 回帖 潜水 耐用 在家 真正 男人 平板 细节 问题 毕竟 声音,1
觉得 应该 拜亚 素质 旗舰 往往 缺乏 无所谓 贵气 鲜活 趣味 差一点,-1
支持 好文 老烧,1
超频版 属于 自然 正常 声音,0
不错 实际 下手 有意 欧博 办法 犹豫 没敢,1
这价 买不到 官方,0
音质 背景 感人,1
胶带 贴纸 办法 黑色 总是,0
难受 受不了 嗡嗡响,-1
耳朵 明显 解析 差距 当年 小白兔 安卓机 佩塞一,-1
耳朵 不会 相信 骗人,-1
稍微 一点 帮顶 耳机 不错,1
干货 期待,0
左右 明显 值得 低频 差距 相差 大惊小怪 原始数据,-1
欲购从速 特价 人气 拜雅 抢购 秒杀 最后 小时 不到 耳机,0
左右,0
香榭丽舍,0
叶欢 潘越云 万芳 梁燕玲 黄莺莺 蔡幸娟 神仙 年代 歌手 太多,0
无脑 单端 平衡 更好 不能 耳机,1
一下 简单 好听 的确 超级 播放器 设置,1
做过 同轴 输出 电脑 有人 印象 对比 转盘 类似 使用 之前 不是 一定,0
知道 别人 推荐 恭喜 过程 入坑 淘碟 鞋跟,1
最丑 银乌 大乌 几个 里面 觉得 好看,1
路转 多不差 领域 男人家 牌子,-1
血亏 平衡 相当于 老板 一条,0
大家 新年快乐 办越,1
后出,0
兴趣 有个,0
振膜 厚度 差距 很大,-1
声音 显示 支持 没有,1
周围 九成 回来 一致 搞个 退烧 评价 多年 现在 十万 烧友 系统 知道,-1
推荐 选择 真的 个人 线材 没法,0
接线 一体机 放大 转盘 解码 应该,0
不是 建议 来说 当然 适合 理论 减少 楼主 追求 出手 玩家 参考 折腾 经验 新鲜感 差钱 适用 结合 风险 大幅 进进出出 贬值 吃螃蟹 巨额 友人 决策,-1
器材 有点 类似 档次 重要 有用 摄影 黑椒 玩意儿 调教 基准值 牛头 出渣,1
不会 差别 振膜,-1
不用 无法 一条 暂时 比来比去 独苗 香火 延续 只好 先供,1
轴箱 推同 阻都 小烧 自行车 据说 全频 原创 真是 牌子 来说 还要 高低 不错,1
歌诗德 实在 试听 懒得 支持 一下,1
黑化肥 发挥,0
不算 成色 二手,1
此言 压耳式 略逊 透明度 冷静 中性 号称 歌德 三频 音色 可能 一定 应该 毕竟 知道,0
绝版 问下 发邮件 打电话 替代品 替代 问问 型号 没货 耳罩 官方,1
耳机 明白 一堆 折腾 奇怪 新人 卖线 问东问西,-1
之忧 免除 干扰 恭喜 楼主,-1
暴毙 动不动 现在 一下,0
玩法 听感 搭配,0
推过 还行 感觉,0
快学 软硬件 注重 播易 过数 以往 做得好 因素 品牌 数播 容易 非常 考虑 没有 系统 很多,1
应战 不输大耳 乌托邦 耳塞 出来,0
卖掉 太坑,-1
知道 不错 觉得 不是 帖子 之前 个人 目前 感觉 那种 人声 二代 本身 拜亚 韵味 相当 喜欢 风格 编制 流行 合适 追求 每个 空间感 方面 弦乐 女声 男声 器乐 接触 独奏 擅长 演绎 各有千秋 演奏 宽广 美声,1
差距 几条 一项 没差 拉开 光密度,-1
推荐 没看,1
坐车 扣掉 真不知道 隔绝 干什么 下来 半小时 噪音 买买 平均 时间 耳机,-1
声音 一下 建议 别人 这种 喜欢 对比 相对 结像 入手 浑厚,-1
很多 大概 自然 相当于 套装 生意 高兴 微软 森海出 杀毒软件 一大批,1
根本 不是 经常 推好 便携 台机 推出,1
有点 蛋疼 确实 貌似 短板,-1
试试 天龙,0
两千元 卖掉 弄个 一体机 足够 平衡 二手 左右,-1
听说 不错,1
壳子 能比 客观 宣传 道理 好像 单元 不是 数据 官方,1
不错 推得,1
交响 这是 难道 七楼 语无伦次 常常 后果,-1
必要 古董 得到 粉红色,-1
兴奋点 总能 属于 发现 味道 机器 层次 声音,1
耳机 好听 人声,1
爱国 说句 从来 指标 国产 解码 问题 测试,0
比要 推不动 换线 正确 好点 电脑 隔音 确实 有点 还要 佩戴 声音,1
强迫症 逼死 变形 图片 真是,1
来太省 竖起 底座 另配 地方,0
出好 如有 实心 空心 联系 成色 一段时间 短暂 听过 好听 觉得 不错,1
没加 等于 系列 界面 感觉,0
比较 差距,-1
推到 音圈 铝线 观察 高水平 细腻 柔软 铜线 动圈 控制 好像 单元 不够 影响 耳机,1
倒也不是 强劲 打游戏 买回来 高阻 头戴 干净 优势 参考 发挥 电脑 目测 旗舰 声底 楼主 不太能 不行 低频 素质 监听 推好 感觉 铁三角 浪费 应该 耳机,1
防潮箱 娇贵 反正 完全 问题,0
三支 在线 我选 结像 感情 均衡 三频 唯一 调音 素质 人声 过瘾 问题,1
不错,1
出声 耳朵 估计 时间 啥时候 起码 没有 试听 之前 有点 反正 现在 感觉 推好 味道 第一 只能 编制 听过 流行 听听 印象 不好 电影 发现 一点点 女声 说实话 太多 比好 年前 留下 真想 心理 三年 留恋 有过 白牙 坑后 阴影 说真的 一丁点 南京东路 满格 闷声 场窄 原声带 国语,-1
呵呵 拜亚 素质 森海 价位 歌德 用料 最高 据说 次之 相同 最足,-1
失真 不是 降到 最小 最低 玩儿 尽可能 感念 措施,-1
说亮 银乌 一副 评测 偏暗 真的 理解 耳机,0
人声 更好 销量 哈曼,1
舞种 芭蕾 大腿 这种 应该 高端 好看,1
声音 官方 知道 觉得 不用 一下 问题 没有 解决 看看 提升 完全 需要 反正 以前 感觉 研究 一只 正常 对比 听到 当时 习惯 后来 情况 音箱 继续 电脑 半年 发现 不敢 只好 突然 卡顿 关机 爆音 买来 一次 这货 索性 好多 睡觉 联系 不堪 脑放 仔细 提示 两天 死活 孩子 一会儿 神奇 直到 维修 一切正常 浮躁 休息 若有若无 一用 认不出 拆下来 烦躁 停下来 详细描述 不了了之 听带 周末 依依不舍,-1
城里人,1
雅堡 秋叶原 假洋鬼子 垃圾 低端 声音,-1
声音 耳机 耳朵 定位 声场 直接 很大 绝对 感觉 下潜 性价比 低频 确实 开放式 便携 差距 平庸 力度 准确 前端 发现 差点 索尼 位置 器乐 退货 煲机 这货 随身 不深 信仰 持续 小时候 大鼓 半封闭 不失为 旗舰级 多煲,-1
前辈 指导 机子 木碗 对比 知道,0
飘飘 陈淑桦 邓丽君,0
差距 请问 比较,-1
奶罩 控制力 百老汇 单端 试试 唯一 超级 低频 其实 需要 问题 可能,-1
辨析 实践证明 深入 听到 最好 不能,1
光电 或者说 转换 有用 效果 隔离 真的 请问 达到,0
伤疤 最大 质量 产品,0
货都 速速 低端 升级,0
健身房 没出 总会 回去 非要 失望 更新 发现 规律 每次 淘汰 不行 段时间 之前 设备 东西 放在 耳朵,1
不降 收购价格 旗舰机 所有,1
推荐 预算 没法,0
老年人 头版 表示 不是,0
好听 耳机,1
客服,0
看法 行为 在意 舒服 别人,1
推力 不够,0
功能 比较 数字 解码 听说 保留 太小 纤细 功率 入手 实际 刚刚 更大 功放 甲类 现代 转换 双木三林 输出功率 有所 没用过 标注 外表 厚重 外观设计 自动 天逸 天逸是 附带 乙类,-1
前提,0
入门 新手 干货 帮助 中肯 赞对,1
起步,0
非常 效果 耳塞 试试 平衡 苹果 索尼 精选 回来 后接,1
肯定 人声,1
附议,0
牺牲 多点 看法 人民币 比鸡线 充其量 一皮 散成 这般 打印 贝尔金 感结 凝聚力 两段 卡刚 几十 难控 距离 开声 信仰 透明度 鸡线 玩好 一圈 想换 是因为 延伸 到位 今天 最大 号称 索尼 耳机线 就算 隔壁 改变 白金 吊打 搞个 差不多 普通 不止 通透 力度 平衡 厚度 一点 整体 增加 中频 尤其 好像 严重 听过 档次 单元 喜欢 低频 音源 更好 素质 适合 随便 两个 味道 明显 音场 小时 不能 感觉 现在 有点 完全 之前 提升 呵呵 很多 已经 手机 帖子 不是 一下 定位 不到 耳朵 区别 之间 根本,-1
写错 单位 曾经 续航 索尼 松下 楼主 是不是 感觉 考虑 机器 不是,0
适合 升级 问题 一定 耳机,0
神似 才子 价格便宜 好文先 入手 高级 音色 大乌 喜欢 高频 耳机,1
摄影 贴切 形容 做菜,-1
学习,0
耳放,0
唯独 做不了 海纳 做线 搞不定 新派 奇葩 对方 淘宝 输出 用过 有人 成功,0
有人 最近 解码 比较,0
赢家 水果 坐等 最大 大奥,0
折腾 等阵 冒烟,-1
芯卡侬 本质 平衡 应该,0
前排 支持,1
起到 系统对 推大乌 作用 这套 不高 电脑 一套 推开 感觉 完全 提升 没有 问题 还要 出来 要求 声音,1
薄弱环节 最大 耳放,0
有人 没见 唯芯论 芯片 凯音 好奇 二代 不是,1
毒性,1
可人 温柔 礼拜 极限 毫瓦 破音 音乐频道 调频 收音机 晚上 白天 保证 连续 强烈推荐 信号 程度 整个 屋子 清楚 功率 噪声 音量 大概 不要 音乐 出现 耳机 左右,1
搞坏 从来 折腾 内部 总是 器材,-1
过节 女神 妇女节 正义 不配 颜值 是不是 现在,1
耳机 时间 系统 音箱 折腾 精力 毕业 金钱 好几套,-1
失真 应该 一下 测试 尤其 频响,-1
累赘 一且 二选 杂食 气势 出门 耳机线 歌德 古典 耳罩 基本上,0
应该 支持 是否 只能 楼主 播放 文件 介绍 认出 网口,1
应该 数字 关系 结构 搞不懂 材质 屏蔽 难道,1
楼主 系统,0
正文 感兴趣 系列 期待,0
推好 水平 质感 还原 程度 器乐 精细 结项 不糊 略高于,1
医生 楼主,0
声音 觉得 不是 分辨 一半 来说 有点 个人 很大 其实 不能 一种 确实 结构 差异 肯定 工艺 差不多 玩表 几千 几十万 走时 精准度 表芯 镶嵌 外壳 体现 智慧 天价 线有 价值 方面 多数 不值 有钱人 不在意 跟表,-1
干什么 主打 搞不懂 耳塞 便携 推力 不是,1
听歌 电脑 一边 更加 工作 安静 好处,1
徘徊 选择 声韵 二手 之间,0
满足 不会 应该,0
舒服 佩戴,1
消减 弱化 调音师 不常 理念 干嘛 设计 重要 整体 自然 喜欢 高频 影响 接受 产品,1
毛线 分析 咸鱼,0
价格 确实 便宜,0
一体机 合适 有没有,1
方便 有钱 折腾 静电 愿意,-1
漂亮,1
清风 多久,0
不用 考虑 感觉 系列 差别 一支 就够 优先,-1
电源线 实在 低音 最后 高音 受不了 电饭锅 曾经 有过 完美 换回 好几百,1
找不出 小厂 勉强 大厂 换个 表现 超过 价位 整体 古典 耳罩 人声 完全 不是,1
一本 处理器 量子 不靠 物理 推荐 楼主 电源 学习 一下 知道,0
做广告 费事 解释,1
数据线 电脑,0
啤酒肚 好评,1
骨感 清甜 悦耳 味道 非常 时间 觉得 声音,0
类似 相当 调音 容易 不好 镀银 高低音 混编 脱节 铜银,-1
绝无 环节 协议 传输 统统 意义 需要 之前 没有 支持 可能 一定,1
真的 效果 平衡 不好,-1
精致 三代 风格 这种 声场,1
非常适合 男人家 可怕 编制 确实 当然,1
之间 产品 已经 几个 非常 正常 风格 全新 对比 传统 大奥 差距 高度 旗舰 路线 发现 变化 静电 升级版 白牙 抛弃 玩出 雷同 老厂 老路子 看成 毫厘,-1
调节 输出 电平,0
螺丝刀 一把 事儿 美标 相反 注意 国标 相位,0
范围 定位 希望 无法 可能 问题 几乎 系统 支持 解决 电源 设备 简单 之前 接受 完全 需要 使用 影响 关键 当然 这种 变压器 模式 不可 降低 拥有 所有 测量 放大器 并未 减少 同样 相比 容易 放大 噪声 高度 巨大 意思 电阻 功率 芯片 情况 保持 内部 还会 不同 一部分 稳定 输入 设计 电压 多数 变化 出色 必须 输出 噪音 导致 电流 输出电阻 实际上 电路 这是 设置 很难 处理 分开 线性 外部 更加 调整 原因 是因为 最小 晶体管 之后 工作 开关电源 最终 集成 滤波 滤波器 完成 目标 并非 基于 方法 进行 大量 散热 具有 能够 结合 仔细 电缆 频率 负载 调节 想要 优化 提供 混合 控制器 响应 阻止 瞬态 来自 下降 衰减 引入 解决方案 尽可能 做出 回到 电感 仍然 区域 快速 路径 走线 远离 这会 低电压 最快 相同 之上 意味着 可调 开关 称为 进一步 带有 维持 带宽 周围 二极管 稳压器 降压 转换器 组件 广大 音频设备 直流电源 内当 耗散 散热器 不致 过热 低噪声 任务 布局 开关电路 地层 这为 开关电流 电容器 浪涌 通路 纹波 电感器 非线性 入口 经由 最低水平 其后 抑制 兆赫兹 相移 快关 误差 振荡 保持稳定 低压 这使 附加 差分 远距离 感应 两级,-1
一句,0
声音 很大 性价比 差距 双子座 好线 黑线,-1
觉得 一定 希望 里面 很多 烧友 时钟 有点 解码 厂家 这种 价格 程度 电路 越来越 复杂 好用 廉价 口袋 作坊 宽裕 还贵 厂机 要价 虚高有 打压 太黑,-1
滤棉 静电 小心 耳罩 基本上 问题 一层,0
独此一家 旗舰,0
好長,1
理财,0
噪声 解码 失真,-1
资质 认识 享声 这块 数播 不太好 推荐 试试 评价 更好 应该 知道,1
看上去 挺假,-1
深思 明白 这么回事 忍受着 只能 老生常谈 更是 控差 高品 故障率 韭菜 秘密 早就 难听 高敏 自然 平板 还好 好听 厂家 烧友 别人 还要 不是 失真,-1
有人 真的,0
声音 个人 感觉 更好 对比 舒服 空间感 前端 强势 认为 蓝色 层次感 段同 游刃有余 一截,-1
没有 非常 听歌 确实 一台 差距 楼主 平衡 试过 兴趣 属于 打游戏 线会 若有 全能型,-1
出来 不是 问题 解决 这种 最好 类似 那种 只能 三个 垃圾 不好 电脑 稳定 干扰 性能 不足 供电 信号 专业 找到 够用 保证 缓冲 屏蔽 原因 杂讯 尽量 同轴线 分支 调高来 主口 且口,-1
清丽 微暖 素质,0
必买 加强 层次感 推出 同档次 旷世 加点 一两个 旗舰 分离 很少 超过 万元 真是 档次 质感 耳放 低频 推力 解码 一下 不错,-1
弥补 尽可能 谈不上 细腻 大力 互补 情况,0
耳机 二手 感受 听音 两个 喜欢 试试 差别 买回来 挺大 再出 留个,-1
选贵 只选,0
翻出来 如般 外面 不断 掉皮 三年 回去 一圈 两年 每次 耳罩 不到,0
到代 成色 现在,1
咋样 正好 不买 耳机,1
清淡 和弦音 指标 机子 差不多 主要 流行 风格 高频 不够 非常 不会 比较 觉得,-1
建议 实在 喜欢 风格 一段时间 换掉 独特 钢线,-1
试试 平头 野牛,1
不说 型号 推荐 设备 耳机,0
电源线 不是 之前 机线 好好 非得,1
恭喜,1
线材 基本上 必要 智商 天花板,-1
声音 存在 出声 做到 应该 问题 现象 不要 关系 好不好 质量 单纯 焊上 属于 到位 接触不良 老老实实 被害 妄想症,-1
线材 不是 不要 来说 最好 明显 音质 楼主 肯定 不止 单晶 改善 镀金 粗细 单单是 现身 话说回来,-1
字头 早晚 耳机,0
问题 音乐 需要 国产 喜欢 好像 照片 折腾 指标 一类 一起 像素 高清 艺术 油画 水彩 人文 底蕴,-1
音乐 其实 正常 等到 退烧 过程 花钱 不停 回归 试错 钱花够,-1
毕竟 不同 开放 强点 用途 很菜,-1
只能 选择,0
啃过 吞噬 红木家具 铜味 砖味 铁味 细菌 变得 塑料 会有 自然 东西 发烧友,0
声音 本身 后来 上墙 原来 转接头 能够 转接 备用 公牛 会劣化,1
不错 应该 实在 其实 味道 后面 必要 电阻 输入 设计 玩意 运放 看着 假货 电路 电容 太多 哪家 散热 银色 看不出 两种 像是 莱曼 混合 快速 看样子 真假 调味 耦合 推挽 之用 整流 机用 箭猪,-1
下潜 低频 中频 女声 音染 甜美 偏少 清新 靓丽,-1
知道 有没有 来说 最后 两个 好奇 楼主 这货,1
业余 连纯 走线,-1
左右 耳朵 有点 本身 平衡 正好 偏音 管子 调换 偏耳,1
建议 升级 我用 请教 界面 差异 干脆 模块,-1
估计 以前 更好 音箱 这是 英国 飞利浦 金标管 大盾 心得,1
续航 年前 日期 发帖 先看 反应 差不多 印象 听过 第一 喜欢 一下 不错,-1
不错 买个 播放器 蓝牙,1
减到 重量 大耳,0
执著 无须 终究 不好 呵呵,-1
蚂蚁 铁锤 童丽像 童丽 不敢 感觉 设备,1
知道 应该 可能 比较 没有 那种 对比 一套 磁带 磁带机 农村 复读机 原配 耳塞 买点 盗版 听得 舒服 初中 县城 上学 有个 同学 家庭 条件 当时 森海 几百 说白了 那句话 伤害 坐井观天 了解 心里,1
芯片组 高通 香炉 多个 老老实实 其实,0
配置 现在 不要 便宜,0
声音 耳朵 经常 细节 丰富 通透 大气 分享 经验 耳屎,-1
耳机 二手 现在 基本 两年 折腾 当年 硬通货 卖出去 心情,-1
加炮 耳机,1
作业 试听,1
产品 很多 是否 怀疑 底噪 正确 判断,-1
很弱 一体 单端 不是,0
喜欢 闲鱼 转手,-1
鼓捣 晚上 买来 热机 到货 够用 一体机 差不多 预订 价格 确实 转盘 两个 本来 明显 解码 之前 提升,-1
很粗 秋叶原 开脑放 便宜,0
插什麼 特別 比較 這耳機 前端 好像 味道,1
高笑 潜力,0
确实 比较,1
年代 享受 健伍 音响 一边 素质 这种 感觉,0
知道 喜欢 大家 以价论 法拉利,-1
解码 适合 耳放 部分 大菠萝 差强人意,-1
画眉 蓝宝石 档次 明显,0
问题 素质 差不多,-1
是不是 小尾巴 换购 出差,-1
占用 百分之 显卡 轻松,0
战场 到达 围观,0
不好 金乌,-1
遇到 麻烦,-1
看看 原装 听说 试试 男人家 根线,-1
磁通量 潜力 变化 不大,0
重要 价格 合适,1
整一个 香榭丽舍 一体机,0
支持 音乐,1
小妞 瘦身 世纪 美国 歌德 算是 喜欢 个人,1
一件 事情 比较 东西 楼主 环境 一堆 打包 旅游 出差 搬走 酒店 周围 猛得,-1
千耳放千 千分 解码,1
楼主 以为 差点 发表 豪气 冲天 四字 真言,-1
输出 平衡 要求,0
工薪阶层 人有 配个 办公室 副耳机 音响 电脑 满足 音箱 楼主 已经 不是,0
前面板 双口 前面 有个 支持 耳机,1
认为 导致 录音 多数 错误 设备,-1
买买 差不多 这店 元器件,-1
以前 差点,-1
不是 人声 推力 平衡 试过 单端 收过 大大 一周 精音 白开水 无穷,-1
不错 搭配 建议 二手 大概 买个 效果 合适 管子 两千多,-1
声音 耳机 水平 外观 真是 差距 旗舰 差不多 顶级 一流,-1
意大利 品牌 耳放仿,-1
听风 看到 看不懂,1
比大奥 现场 接近 其实,0
头版 居然 真是 全新 东西,1
古河,0
声音 不用 产品 比较 反正 现在 非常 明显 比起 音质 好点 稍微 提高 插座 几款 滤波 滤波器 大打折扣 家用,-1
学术讨论 网络资源 全删 污染 青年 好好 网络 坛子 始终 国外 氛围 中国 这种 不能 绝对 回复 浪费,1
截然 高阻 奇怪 相反 单端 平衡 低阻 有点 出来,0
觉得 建议 试听 不好 满意 别提,-1
反正 不在意 正常人 傻子 文盲 图一乐,-1
不是 简单 难听 原因 构造,-1
大使 德国 换成 简单,0
腔体 单元 差距 不同 主要 反射,-1
修复 损坏 很难 单元 完全 便宜,0
觉厉 不明,0
声音 耳机 出来 比较 试听 声场 目前 感觉 味道 高频 素质 低频 氛围 精致 横向 整体 楼主 开阔 三频 一点 意思 挺不错 满意 没什么 前端 端的 合理 宽松 稍微 规模 不足 差点 驱动 显得 冷静 新机 长期 下来 走向 充分 底子 搞了个 分布 留下来 轰头 但少 不出意外,-1
也许 耳机线 单晶 试一试 应该,0
大连 省事 更高 分体 上限 一体机 不同 类型 差距 预算 比较 功能,-1
毛毛,0
太旧 推荐 天龙 木碗 相当 声音,1
一代 加个 二手,0
支持 烧友 楼主 身体健康 北京 早日康复,1
推上 无脑 不好,-1
感想 新款 活动 看到 拿到 最近 放在,0
觉得 应该 线材 提升 需要 尤其 音染 搞不好 转接头 倒退 内线 转接 环节 这一 母机,-1
歌诗德家 帮顶 试听,1
服谷 技巧 之声 调音,0
觉得 耳机 不是 东西 最好 耳罩 解析 适合 音量 舒服 机会 不少 刺耳 缺点 换个 偏科 优点 头疼 力高 放低,-1
小红旗 地域 城市 一座 福建 木耳 意思 居然 试听 没有,0
弟弟 据说 声场 比较,1
窗太近 离后 箱子,0
好看 个人感觉 国产机,1
问题 感觉 不好,-1
在外 模拟输出 马兰士 解码 个人 懒得 已经 不错,1
巡回 大家 实际 厂家 建议 一下,1
企及 魅力 至少 类型 古典音乐 现在 目前 无法,0
一付 伺候 耳机,0
选纯耳放 貌似 一体机 肯定 耳放 解码 已经,0
好评 右边 卫生纸 没有 差评,-1
转盘 差别 机型 挺大 据说 两三千,-1
便宜 耳机 低音 基本 飞利浦,-1
手机 必要 不香 随身 台式 来自 回家 出差 灵魂 发问 两三万 砖有,-1
声音 低音 不够 高频 好像 没什么 不少 改善 一周 高增益 使劲 办法 三天 不润,-1
平板 吓哭,-1
觉得 没有 真的 下潜 高频 低频 编制 流行 中频 曲目 整体 三频 情况 宽松 饱满 刺耳 能量 银乌 毛病 蛮正 淤积 感听 非大,-1
世纪 天际 五原 三原 战森海 一原 天下第一 原创 原道,0
不信邪 卧槽 架子 提高 未必 改变 搞个 机线 变化 发现 后来 换成 随便 明显 真的 以前 设备 出来 左右 声音,0
不好,-1
帖子 估计 看到 充电 方面 寿命 偏差 两天,-1
声音 可能 估计 很快 二手 关系 现在 非常 音场 不好 超越 不少 闲鱼 流畅 透明 超值 低于 不断 走低,-1
长短 余音 回声 伴奏 持续 非常明显 大小 这类 稍微 好点 前端 中端 耳塞 声场 已经 入门级 区别,1
比高 几个 级别 声音,0
就要,0
真是 好東 西罕見 差評,-1
失真 耳机 系统 安定 极致 场景 整个 场面 不堪 大量 达标 密集 重金属 常有 吉他 鼓点 快速 主唱 竭力 嘶吼 混乱 配原线 衰样,-1
线材 感受 原装 耳罩 全部 差不多 前端 投资 闲钱,-1
一下,0
加精,0
出来 不是 比较 解码 前级 我用 效果 输出 独立 理想,1
不错 应该 搭配 不是 起来 我用 最后 喜欢 属于 暖厚声 找价,1
障板 五块 两块 后期 封闭 听说 之前 区别,0
前厚后 近圆型 后文 调换 薄厚 耳垫 斑马 缅甸 壳体 实木 趋向 玩法 采用 方法 柔软 做工 男人家 相似 改变 仅仅 安装 设计 物理 实际 舒适 推荐 均衡 结构 确实 调音 听感 模式 十分 注意 佩戴,1
不错 播放 同轴,1
已经 上线 不会 绝对 流行 足够 中端 德奥,-1
明确 区别 应该 无损 真的 听感 表现 完成度 电流 咸菜 目的 信号 这头 传递 那头 相似 一致 一方,-1
新出 没见 森海,0
不着 评价 听过 不要 没有 根本,0
互补 正好,1
耳机 一般来说 出来 人声 低频 流行 不行 古典 万元 意思 高中 想象 差点 器乐 瞬态 兼顾 更贵,-1
慎重 购买 特别 声音,-1
不错 觉得 耳机 东西 解码 好听 性价比 音箱 准备 方面 数播 几年 折腾 乾龙盛 台式 大学 孩子 今年 攒钱 迷上 挺高 自此 挽救 下半年,-1
区别 升级 就行了 值得 以后 数播 太快 更新 易用性 连好 不太大 网桥,1
到哪去 采样 音质 音源 算了 问题 手机,1
真的 这种 程度 品控 差到,-1
相信 森海,0
感觉 不好 更新 尺寸 红芯 小点,-1
噱头 平庸 对不起 比较 期待,0
耳机 同样 帮顶 歌德 第一个,1
一代 折腾 惊喜 有线 有小耳放,-1
一定 线材 不是 好声 解码 关键 举个 例子 指标 电路设计 各项 华硕 老虎 外置 味精 完胜 不尽然 大补 特补,1
电源线 东西 真的 顶顶 没烧,1
北京 流媒体 这款 展会 合适 特别 非常 这种 真的 机器 高端 声音,1
不用 恭喜 退烧 折腾,-1
消费品 电子 消耗品 他家 别人 耳机,0
我想 问下 咋样 三代,0
区别 搭配 不是 系统 试听 调音 均衡 纯银 无氧 单晶 铜线 越贵 一对 非常明显 弄不好,-1
低噪声 硬盘盒 稳压 重点 改造 普通 里面,0
现在 低频 编制 耳放 古典 烘托 氛围 原线 很少 谷津 挺足,1
电源线 不是 解析 包围 听过 蓝色 一起 那条 假洋,-1
牌子 讨论 帮顶 非常少,1
时期 不同 推荐 拥有 几个,0
很多 上面 价格 音质 参考 宽松 大气 假货 线条 翻倍 当心 坑里 感强 硬而脆,-1
耳机 不会 好听 绝对 用来 胆机 音量 不好 控制 功放 没试 石机 大功率 回事 有事 推和大,-1
失真 左右 根本 出来 已经 直接 明显 低频 真是 容易 音箱 科学 上天 频响 好多 典型 忽悠 标注 响度 失真度 乱说 搞懂 同志 高出 测到 只测 一例,-1
并小有 手中 互补 换个 恐怕 风格 最好 升级 已经,1
范登美 价位 可能,0
选森海 独奏 交响 编制 拜亚,0
不错 谢谢 用户,1
说穿 想要 烧油,0
觉得 不是 不能 音质 音箱 音染 升频 回事 高低音,-1
确定 是不是,0
有钱,0
宙斯 特点 人声 不错,1
拥有 值得 耳机,1
看哈,0
耳机 很多 价位 不好,-1
入闲鱼 水线 一米 准备 呵呵,-1
能破局 靶子 相同 试下 深海 也许 销量 价位 大法 本来,0
挺大 变得 更加 玩家 解析 提升 来说 安定 同时在线 声音,0
好看,1
双修 耳机,1
其实 不错 价格 差不多,-1
司机 洗礼 口味 拿来 战火 容易 耳朵,0
留个 最多 过来 厉害,1
加一点 价格 性价比 现在 二手,0
觉得 一定 出来 建议 设备 不要 个人 听音 后面 素质 调音 马兰士 差距 芯片 想法 稍微 未必 大厂 取向 日系 选了 别看 一码 大街 口耳 白花 随性,-1
试试,0
看看,0
不会 支持 打算 楼主 水军 认为 发听感,1
声音 应该 估计 不会 这卡 强些 支持 创新,1
不长 味道 有点 声音,0
声音 觉得 推力 明显 高频 更好 不差 比起 一套 平衡 认为 电磁炉 听点 偏弱 更通,-1
押金 申请 百老汇 试听,0
神龙 速速 四个 呼唤 许愿,-1
难得 新机 帮顶 看到 对比 铁三角,1
淋漓尽致 机有 温润 加拿大 一步到位 柔美 细腻 挺大 差别 大气 华丽 德国 美国 每个 风格 喜欢 意大利 买个 看看 动态 很多,-1
插楼 入大耳 直播 很感兴趣 准备,0
突兀 蓝色,1
问题 本身 算法 设置 是因为 逻辑 跳出 文件夹,1
参数 数据 好看 很多 音乐 发烧 其实 还好 不好 旗舰 声卡 指标 主板 省钱 华硕 学会 板载,-1
佩戴 劝退,-1
不会 难看 单元 外观 容易 歌德 设计 导致 避免 接触不良 连接处 以往 双股 扭线,-1
声音 搭配 声场 提升 好听 感觉 解析 高频 低频 听到 一点 清楚 方面 稍微 女声 男声 线基 纵向 立体 差一点 几根 盖住 得话 仔细听 蔷薇 残料,-1
面条 直得 宣称 给出 曲线 频响 上市 公布 重要 平衡 确实 不可 耳机 官方,0
伏笔 埋个,0
配得 太好了 深海 差个 一分货 单端 系列 型号 一分钱 他家 价位 流行 耳放 交响 刚好 解码 入门 搭配 耳机,-1
肯定 不要,0
推荐,0
研发 重心 外壳 放在,0
高性价比 喜欢,1
木头 喜欢,1
不错 效果,1
未知,0
设计 差不多 一下,-1
可能 不会 两个 平衡 线路 不同 单端 干扰 口转 炸倒,-1
洗掉 洗衣机 火气 干脆 一次 耳机,0
前端 舒服 算是 调音 加个 树莓 比较,1
升级,1
考虑一下,0
知道 没法 咸鱼 出手 信息 历史 挺好玩 删掉 就断 记录 货物 去处,1
沧耳放 学习 不错,1
合成 性能 时钟 测试 不错,1
解答 看看,0
大奥,0
稍弱 换大 太差 能量 密度 相比 感会 耳罩 原装 声场 很多,-1
未知,0
老何 国内 算是 东西,0
应该 不是 胆机 合适 办公室 床头 价钱 胆后 对得起,1
声音 不错 展会 平面 这次 功放 铝带 很棒 土炮,1
硬解 驱动 稳定 解码 觉得,0
失真 看看,-1
有钱 满意 退烧 烧烧 假装,-1
知道 不错 觉得 不是 帖子 之前 个人 目前 感觉 那种 人声 二代 本身 拜亚 韵味 相当 喜欢 风格 编制 流行 合适 追求 每个 空间感 方面 弦乐 女声 男声 器乐 接触 独奏 擅长 演绎 各有千秋 演奏 宽广 美声,1
关系 段时间 长时间 后来 身体 状态 前有 三年 身体状况 耳鸣 肾亏 恢复,1
觉得 估计 不行 丝带 多到 说线 无用,-1
支持 一条 最后 外观 整体 金属 用料 浮夸 网格,1
声音,0
女王 有点 耳朵 好看 声音,1
讨教 流程 网易 苹果 推送 分享 有意思 大概 音乐 感谢 系统,1
胆机 确实 折腾,-1
卡拉扬 水星 朋友 飞利浦 高于 录音 一堆 不少 很多年 讨论 评价 出彩 比较,0
便宜 没法 还要 里面 呵呵 直接 使用 机器 其实 这种 功率 情况 电流 换个 保证 换上 动作 短路 保险丝 会烧 高压 五金店 毛买个 铁芯 原边 触发 一截细 铜丝,-1
修路 易懂 好文,1
之前 不好,-1
真的 噪音 简直,-1
区别 感觉 配置 差不多 同轴 三宝,-1
觉得 佩戴 系统 东西 有点 反正 现在 人声 一代 长时间 特别 确实 尤其 手上 森海 回来 不想 好友 头版 淡淡的 甜味 有股 再切 情节 仔细听,1
看起来,0
电源线 东西 真的 顶顶 没烧,1
如风 徐徐,0
耳机 应该 级别 一下 可能 时间 很多 几个 不会 基本上 声场 不了 现在 二代 随便 一只 三个 满意 稍微 优势 手里 控制力 会出 大声 出掉 黑色 搞好 犹豫 首选 欧姆 二奶 全出 觉着 胜出 差不离 万号 除掉 只留 留个 选线,-1
觉得 搭配 人声 性价比 古典 不好 不太多 比差 台机 主观,-1
店买米 尾太差 厂线 散线 范登豪 记住 别买 天花板 主流 古河 淘宝 配上 欧亚 效果 插头 真的 已经 高端 不错,-1
差不多 同价位 无出,-1
保平安 选错 问题 耳机,0
不错 机器 音源 播放 准备 刻录,1
没有 非常 东西,1
声音 很多 换成 相当 习惯 接口 干净 主板 屏蔽 高芬 这货 那根 再也 转卡 插不回 脏东西,1
占楼 影响 一层,0
脑子 不是,0
狙初 入烧 小白 拿来 机子 退烧 老烧,-1
组合 性价比,0
搭配 器材 不错,1
声音 建议 直接 更好 大佬 需求 有人 头子 更大 功放 隔壁 说法 接线柱 接触 面积 拧紧 之后 更稳 裸线 连接 反映,1
问题 细节 不能 高频 粗糙 改善 管子 坐等 二进宫 后能,-1
导致 稍微 肯定 一点 古典 素质 听感 人声,0
昨天 手头 主要 下单 试试 只能 平板 比较,0
签到,0
出花 大神 系列 芯片 他家 详细 比较 一下,1
歌德 低端 高端,0
退烧,-1
声音 耳机 没法 已经 看看 实在 有点 感觉 多年 低音 投入 听感 音源 难受 耳放 价格 尤其 楼主 平衡 真力 电位器 一致 开发 温暖 一类 那款 配合 增益 贝斯 心脏 频都 清澈 剩渣 卖个 假大空 太薄 听要 放线,-1
需要 推好 推力 办法,1
押金 原创 试听,0
耦合 负反馈 直流 场效应管 电流 一体机 设计 了解 耳放 傲立 解码,0
没有 关系 森海 始终 毛钱 女毒,1
开过 京东 合适 空间 不是,1
事倍功半 霸道 用大乌 代替 做法 省钱 双修 一环 前端 主要 重要 推荐 耳放 选择 绝对 需要 系统 里面 不是 线材 一定 耳机 觉得,0
前方 立于 凸出 哈曼 典型 曲线 特点 背景 人声,0
接近 比起 低端,0
安慰 没有 呵呵 不用 区别 声音,-1
不错 应该 实在 其实 味道 后面 必要 电阻 输入 设计 玩意 运放 看着 假货 电路 电容 太多 哪家 散热 银色 看不出 两种 像是 莱曼 混合 快速 看样子 真假 调味 耦合 推挽 之用 整流 机用 箭猪,-1
不错 耳机 手机 比较 起来 不能 人声 对比 横向 高度 纵向 优点 简直 二房 重奏 声扬 略大,-1
子卡 常见,0
太少,0
声音 知道 不是 别人 不能 意义 那种 喜欢 买回来 测评 娱乐 牛比得,-1
不错 乐圣,1
数据 出来 希望 功能 问题 软件 很多 不会 没有 解决 解码 影响 当然 现在 类似 味道 一种 解码器 基本 风格 尤其 组合 均衡 播放 往往 内部 电脑 传输 一体机 优势 干扰 特点 噪音 导致 实际上 播放器 最大 今天 奇怪 调整 消失 过程 音乐风格 足以 初步 进行 实现 编辑 能够 数据流 好处 计算机 出身 数据传输 音频文件 原则上 误传 转化成 模拟信号 风扇 事实 充当 网易 特效 多种 固化,-1
再往 堆料 惊喜 上限 性价比 有限 不会 耳机,1
摇头 某鱼 稀烂 机都 多差 欧洲 包括 上万 德国 老实 转盘 买个 个人 不要 看看 不会 建议 便宜 声音,-1
觉得 低频 弹性,1
听觉 楼上 状态 一部分 身体 很大 影响,0
大白 歌德 三代,0
多码 此等 动手 复杂 指导 图片 不想 设置 看着 视频 操作 习惯 感觉,0
较佳 琢磨 感知 这句 情绪 微信 好好 能够 灵敏 老烧 控制 楼主 确实 值得 加个 自我,1
看到 价格 之前 希望 便宜,0
现在 一大堆 假货 太行 同价位 泛滥,-1
区别 出来 完全 很大 感觉 耳罩 腔体 对比 灵敏度 手头 显著 后换线,1
暴殄天物 入个 推出 暴力 密度 发现 不好 三频 压缩 正常 解析 没有 起码 比较 声音,-1
失真 可能 比较 建议 没有 前级 使用 明显 解码器 耳放 连接 就行,-1
不错 清晰,1
飞利浦 基本 低音 耳机 便宜,-1
不是 里面 时钟 反正 纠结 必要 原理 合并 独立 机没,-1
一米 重要 最后 比较,0
始终 难看 感觉,-1
得到 滤波 试试 知道,0
恭喜,1
到时候 用过 对比 看看,0
迫不及待 艾利和 威力 所说 几天 出掉 大声 最大 到手 必须 才能 发挥 一点 楼主 可惜 确实 感觉 机器 没有 应该 不错,1
分享 谢谢,0
声音 耳机 搭配 没有 试听 真是 印象 不好 始终 满意 深刻 找到 书架箱 先后 昨天 二房 极度 良心 音展 木盆,-1
莫文蔚 吉他 忽然 表现 人声 小时 实在 太棒了 里面 之间,0
有没有 系统 有钱 没用 设备 百万 升级 反正 韭菜 一套 继续 等到 无所谓 赶紧 老骚 太差 觉悟 发言权,-1
不错 耳朵 发现 听会 缺陷,1
平衡 需要 不错,1
比较 插排 考虑 选择 总线 漂亮 蓝水 高登 物美价廉,1
厉害,1
无损 张学友 差不多 有损 玩意儿,-1
支持 非常 数播 巴适,-1
金鱼 缸子,-1
人读 安安 好多,1
威武,0
用白丝 应该 不错,1
质量 没什么,1
优越感 找点 几句 华人 高等 野戴迪 拜个 招摇过市 下流 不以为耻 国人 一群 洋奴 心理 扭曲 以为 主要 国货 面前 喜欢 西崽 升级,1
地方 青海,1
失真 应该 一下 测试 尤其 频响,-1
声音 觉得 浪费 比较 建议 不会 好声 解码 平板 平衡 实际 和弦 端口 拿来 本人 认可 坛友 很差 多个 好处 广受 没玩过 变暖 入转 出用,-1
进去 需要 价格 链接 假货 具体 最低 多个 物品 合用,-1
老旧 机有口 解码板 开发板 接线 近距离 大多 针脚 转换 数播 拆机 解码 数字,0
合集 带花 企鹅 下载点 百度 三星 古典音乐 随便 搜索 版块 一下,0
展示 图二 凌乱 劝退 照片 内部 实在 直接,-1
大家 谢谢 支持,1
看上去 外观 有点,0
耳机 其实 适合 相当 大乌 表现 嘻哈 带劲 西海岸 说唱,1
造型 漂亮 感觉,1
美滋滋 网易 下来 听些 双木三林 降级 足够 主要 消费 天龙 一套 耳放 一波 解码 音乐 看看 二手 建议 知道,0
未知,1
极具 参考价值 客观 评价 看起来 比较,1
特色 没什么 音染,-1
略低 真不错 属于 淘宝 假货 个人感觉 不好 容易 价格 喜欢 低频 音源 监听 感觉 级别 耳机,-1
发挥 通透 极致 歌德 好听 搭配 觉得,1
无误 大方向 结合 快捷 初衷 务实 背离 论调 高山仰止 初烧 着实 生死 一线 某坛 深有体会 过程 结论 人才 出好声 玄乎 整个 即可 追求 总体 玩过 大佬 听音 其实 发烧 升级 简单 音乐 烧友 系统 搭配,1
美好 没有 时钟 解码 目前 转盘 来看 同步 优于 想像中,1
这篇 看过 好像 以前 帖子,1
便宜 细节 确实 不好 电脑 纯银 一次 反而 硬亮 天乐 只试,-1
觉得 最好 评价 听到 每个 差点 同价位 尊重 比友商,-1
耳放 不好,-1
做无本 年底 悄悄 生意 行动 小心 可能,1
差一点 趣味 鲜活 贵气 无所谓 缺乏 往往 旗舰 素质 拜亚 应该 觉得,-1
精灵 天猫 接到 有源音箱 改造 一下,0
第一幅 喜欢,1
耳机 这种 人声 必要 典型 是非 终极 德奥,-1
音乐 安心 数播 折腾 切歌 想着 找歌,-1
事件 洗衣 一次 想起,0
不来 消失,0
建议 直接 秒杀 一套 所有 环境 退烧 真正 降噪 宿舍,-1
退烧,-1
妄想症 被害 老老实实 接触不良 到位 属于 焊上 单纯 质量 好不好 关系 不要 现象 问题 应该 做到 出声 存在 声音,-1
服务器 商用 不服,0
比较 没有 听说 两个 楼主 试试 四只 按过,1
功能 没用 抖动 频率 防抖 挺高,-1
旗下 松下 产大耳 单元,0
估计 质量 劝退 居多,-1
严谨 头梁 只不过 不太,0
堆上来 四芯卡 根三芯 并不比 卡侬 屁股 母转 线接 恐怖 发现 一体机 不少 信息量 氛围 耳放 确实 正常 不能 解码 完全 直接 声场 动态 没有 不是 耳机,-1
要贵 银乌 挺大 差距 起来,-1
客观 公正 帮顶 评价 比较,1
同好 热心 推荐 准备 试试 谢谢,1
拿个 忽悠 烧友,0
好听 确实,1
指琴 没点 舒缓 太过 恕我直言 曲子 不上 主题 推荐 氛围 水平 对应 完全,-1
目前,0
声音 一下 建议 别人 这种 喜欢 对比 相对 结像 入手 浑厚,-1
知道 系统 烧友 十万 现在 多年 评价 退烧 搞个 一致 回来 九成 周围,-1
重启 更新 情况 系统,1
深入 玩得 详细 支持,1
线贵 比米 具体情况 具体分析 大多 一倍 工程 差不多 情况 以上 来说 系统 可能 耳机,-1
暴死 爆音,0
化器 荷宝 滤波 插座 美标 一堆 即可 换成 上面 这种 低端 声音,0
应该 还要 地方 流行 太大 好像 便携 试试 旗舰 供电 台机 飞傲 砖头 如今 动凯音,1
太富,0
觉得 好像 音质 遥控 没什么 蓝牙 传歌 连带,-1
系统 没有 解码 早就 驱动 正版 关闭 数字签名 强制,-1
品牌 一年 这家 是不是 听说 速度,0
贝司 跌进 一到 演绎 不已 糟糕 舞台 顺便 变得 染色 整个 金属 吐槽 塞子 箱子 过度 大耳 好像 古典 流行 低频 高频 非常 感觉 好听 还要 一下 出来 根本 看来,1
解码 不能 好像 硬解 构架,1
差个,-1
耳机 出来 没有 基本 可惜 前端 真正 实力 发挥,-1
好处 人少,1
耳罩 喜欢 流行 摇滚 歌德 啥意思,1
颜色 一点 木碗 比较 好看,1
耳机 问题 看看 使用 厂家 考虑 老板 相当 是不是 经典 这位 一段时间 容易 告诉 分析 价值 发现 实体店 导致 伺候 就算 回来 静电 复杂 售后 据说 无敌 太难 节奏 振动 仔细 老兄 也许 日常 心情 潮湿 灰尘 南方 北方 养护 天慢 店员 诚实 听慢 快节奏,1
楼主 恭喜 干扰 免除 之忧,-1
偏软 样子 钰龙 个人感觉 古典 调音 适合 不大,0
出的钰龙 坛友 优惠 看下 帖子,0
那有 过瘾 器材,0
耳机 应该 玩玩 东西 解码 影响 音源 耳放 楼主 同意 差不多 录音 惊喜 最大,-1
声音 比较 东西 设备 监听 味道 长时间 适合 传统 欣赏 专业 录音室 中性 直白 音乐家,1
声音 觉得 一定 没有 这种 味道 喜欢 想要 哈哈哈哈,1
音乐 编制 管弦乐,1
智能 模拟信号 电线 传播 数字信号 网络 变成 苹果 端的 传输 以后 只能 解码 没有 不是,0
耳机 出来 没有 基本 可惜 前端 真正 实力 发挥,-1
计较 何必 东西 没有,0
声音 左右 知道 出来 有点 感觉 反接 相位 难听 交响 结像 喇叭线 一边 方向 正负 接反 一试 会糊,-1
失真 没法 大概 这种 万元 很少 讨好 性能 反映 厂商 档会 加进去 费力,-1
失真 不是 网站 音色 音质 续航 标准 曲线 最佳 没人 各大 哈曼 比榭兰图,-1
无语,-1
插线 优化 蓝牙 电路 意义 直接 东西 耳机,0
新入 头号 备胎 只留 今天 一台 考虑,0
简单 解码 感觉 后面 耳放 好点 数播 折腾 换个,-1
预算 实在 不行 折腾 好好,-1
本来 是不是 歌德 型号 搞个 貌似 解毒,1
菜鸡互,-1
声音 不用 产品 比较 反正 现在 非常 明显 比起 音质 好点 稍微 提高 插座 几款 滤波 滤波器 大打折扣 家用,-1
华丽 机器 测试 不是 出来 器材 数据,0
还要 很多 本身 水平 主要 优化 软硬件 关系不大 神可 爆数播,-1
不错,1
太干 办法 中频 确实,0
数学 高考 话题 搞笑 不及格 难道 以上 问题,1
特色 没什么 音染,-1
不错 耳机 已经 现在 确实 耳放 森海 突然 据说 要出 捆绑 停产 发售 带像 阿帕图,1
不好 耳放,-1
巴托克,1
里面 手机 方便 音乐 注意 以上 非常 以内 秒杀 界面 确实 对比 万元 全部 不好 电加 线电用 播放 个数 控制 赏心悦目 不太多,-1
动手 技术 支持 一下 一定,1
应该 支持,1
水平 知道,0
系统 不要 最好 掩盖 特性 乱调,1
光泽感 几回 进进出出 太暗 凝聚 全频 镀金 饱满 高频 明显 更为 没有,1
一票,0
下一代 只能 支持 期待,1
器材 不会 音频 森海 恭喜 录音 专业 就算 明智 口碑 失望 领域 之选,1
问题 没用 本身 耳放 帮顶 个人感觉 设计 调整 耳放底,-1
参数 这种 差不多 往后 索尼 稍稍 微单,-1
第一个 歌德 帮顶 同样 耳机,1
热巴 迪丽 穿过 衣服 考虑一下 鞋子 都行 二手 不会,0
身影 板块 动物 背对 袈裟 穿着 人头像 谈里 方丈 擅长 翻翻 出没 大家 随身听 塞子 肯定 耳塞 看到 经常 帖子 论坛 知道,0
了解 一下,0
首歌 录音 楼主 电平,0
专业 文章 意义,0
声音 耳机 做到 要求 应该 一定 电源 设备 解码 影响 其实 当然 有限 明显 反思 听感 素质 音源 相当 自然 是不是 耳放 不行 听到 旗舰 信号线 市面上 最大 电磁炉 短板 耳放能 贵价 极少 功效 只能靠 弥补,-1
删去 内容,0
比耳放加 纯前级 前级,1
围观,0
划伤 顶部 容易,1
线材 折腾 两千,-1
比较 更好 品牌 买同,1
很久以前 刻录 实际上 听不出来 研究 区别,0
喜欢 师兄,-1
總在 多耳機 玩眾 十幾年 陪伴 深夜 耳塞,0
实惠 平衡,0
耳机 加炮,1
掩盖 双修 全能 推出 频段 刺耳 相对 三代 确实 低频 乐器 二代 人声 类似 感觉 反正 使用 需要 完全 设备 没有 区别 不错,1
高低音 回事 升频 音染 音箱 音质 不能 不是 觉得,-1
试听,0
琥珀 并存 走向 高阻 低阻 适合 关系 应该 声音,0
大卖 改款 老黄 支持,1
拍卖 一出 到手 随手 以为,0
比较 帮顶 不错 电源线 评价 活动 公正 客观 这篇,1
振膜 差别 不会,-1
建议 听音 基本 类型 前端 良好 共用 出入 覆盖,1
用户 升级,0
真够 夸张,0
挺大 出掉 不少 低频 一只 感觉 以前 完全 区别,0
便宜 国产 很大 我用 音质 差别 不信,-1
咸鱼 粗糙 假货 淘宝 小心 一张 爆音 印刷 做工,-1
垃圾 旗舰 闲鱼 大牌,-1
方便 不要 发烧 真的 这种 身体 展会 去一趟 外省 费劲 太难,-1
折腾 精神可嘉,-1
耳机 级别 感觉 监听 音源 低频 喜欢 价格 容易 不好 个人感觉 假货 淘宝 属于 真不错 略低,-1
官升线 闲鱼 镀银 略微 原线 提升 耳朵 左右,0
功课 入烧 退烧 不少 配置 不错 看来,-1
医院 肯定 第一 检查 这种 时间 问题,0
比较 支持 需要 似乎 硬件 美妙,1
耳机 机器 现在 暖糊 高频 适合 素质 容易 刺耳 不耐 新旗舰,-1
不错 雄起,1
打个 酱油,0
没有 二手 价格 差距 不值 多大 三倍,-1
实际效果 高度 观点 凤凰 同意 光纤 界面 理论 呵呵,-1
不时 绵都化 超年 一边 沙沙声 折腾 欣赏 时代 同样 所有 不会 声音,-1
预算 强烈推荐,1
真诚,0
声音 产品 系统 前级 当然 不能 更好 效果 降低 耳放 放大 相当于 输入 输出 信号 缓冲 前提 进行 内阻 有源音箱 太差 中耳 不加,-1
财大气粗 待客 投诉 楼主 印象 态度 经常 毕竟,1
声音 不错 方便 没有 感觉 原来 一对 蓝牙,-1
国产 支持,1
力士 玩家 纵深 表示,0
一声 信号 干扰 特定 特别 高频,-1
反正 不在意 正常人 傻子 文盲 图一乐,-1
声音 好看 耳机 几个 用来 必要 是不是 打算 楼主 后悔 添置,-1
西装 感觉 解码 问题 有没有,0
人声 左右,0
呵呵 可能,-1
忍住 几次,0
安心 即可 恭喜 退烧 笔记本,-1
电路 好评 变压器 看不懂,1
用来 蛋疼 音质 稳定 必须 驱动 天下第一 编曲 羚羊 毋庸置疑,-1
不太 个人 差别 认为 随意,-1
闪迪卡 鼠大 启动 几次 下载 不了 树莓,0
理论 听感,0
挺舒服 耳罩 觉得,1
便宜 不是 接受 那种 素质 调音 大家 差点 还行 缺点 出厂,-1
级别 一级 两个 前端 折腾,-1
之上 换线 潜力 巨大 提升 估计 看来,0
耳机 说明 宽松 不耐 堆钱,-1
声音 好不好 这种 特别 喜欢 价格 港台 称呼 不见得 大大的,-1
价格 一台 试试 咸鱼 准备 半年 上市 太贵 蹲守,-1
不错 纸包,1
锐利 泛音 难受 特别 高频 感觉 版本 时间 问题 耳朵 知道 声音,0
耳朵 所谓 正在 需要 感受 细节 人声 高潮 丰富 重要 每天 体会 尽情 女毒 兀自 女歌手 换气 唇齿 开合 粘连 舌头 喉咙 湿润 蠕动 仿佛 思念 千百遍 恋人 动情 稍纵即逝 颅内,-1
致密 脆略 单薄 扎实 狗哥 到位 塑料 宽松 自然 达到,0
改编 一写 回报率 重金 全然不顾 稀有 头版 一般般 机身 妨碍 作品 十五年 本末倒置 种类 乐趣 朋友 享受 镜头 摄影 之后 说法 碟子 分享 折腾 录音 周边 收藏 单纯 以为 播放 有人 喜欢 一种 乐器 非常 个人 简单 来说 设备 音乐 没有 很多 器材 发烧友 存在 左右,-1
代比 宙斯 差点 满意 纵深 调音 现在 已经 知道 声音,-1
声音 耳机 不用 问题 更好 自带 低频 价格 不好 控制 平面 用功 折腾 适配器 线加 面积 铝带 小声 艾伦 挺香 耳放换,-1
美好 声音 不错 要求 所谓 器材 出来 不是 手机 比较 时间 很多 音乐 来说 需要 空间 感受 解码 绝对 其实 现在 感觉 喇叭 那种 非常 乐器 最后 一种 两个 更好 效果 喜欢 编制 流行 摇滚 古典 获得 听到 古典音乐 容易 不同 欣赏 经历 金属 真正 日本 模拟 才能 能量 功放 分享 中有 令人 器乐 电音 生活 冷门 新世纪 长久 更高 独奏 欧美 电子 钢琴 国语 山寨 平静 高水平 快乐 纯粹 回放 曲子 情感 从来 歌剧 人民币 不妥 内心 灵魂 合成 优越感 粤语 曲高和寡 重奏 意味着 演奏家 穿越 四重奏 莫扎特 巴赫 眼泪 且不说 艺术歌曲 每位 作曲家 赋予 流派 打动 维塔利 恰空 悲伤 这两首 自觉 流出 扣动 心弦 准确度 播出 震天响 乐则 管风琴 个成 出窍 翻译成 阳春白雪 应译 经典音乐 一时期 动听 令人感动 陪伴 编制工作 炫耀 高雅 地被 身心,1
没有 真的 其实 人声 特别 还好 钢琴 声是,1
耳机线 上万 稍微 好点,1
耳机 值得 耳放 平衡 上限 千买 投个,1
低敏 有意思 高敏 对应 比较 耳机,0
支持 开箱,1
静电 平板 基本上,0
好听 不好 旗舰 恶声,-1
编织 透明 受不了 这种,0
体谅 体力 策划 报团 炒作 花费 成本 需要 支持 很多 时间 一下 耳机,1
箱子 对比 耳机,0
里面 放在 直接 折腾 硬盘 尽量 机箱,-1
级别 楼主 试试看 属于 尝试 敢于 作坊,-1
第四条 充分 非常,0
不是 问题 好听 非常 质量 喜欢 流行 水准 塞子 路上 主要 差不多 曾经 送修 黑武士,-1
比较 前端 控制力 这套,1
喜欢,1
编号 螺旋 手刻,1
觉得 应该 不是 喜欢,1
耳机 不用 线材 电源 解码 这种 纠结 界面 以后 数播 永远 苹果 木耳 避震 买耳放 侧不香 心烦,-1
播放器 用不着 好点 上台 即可 便携 不大 提升,1
內里 拆機 實際 看看,0
建议 数字 线有 匹配 屏蔽 严格 规范 阻值 手工,1
一家,0
耐听些 打次 动次 受限于 小家子气 集中 过于 日系 大得多 器乐 场面 能量 宽松 流行 太小 非常 声场 补充,1
声音 不是 比较 建议 看看 牌子 眼睛 基本 调音 差别 本人 不小 朋友 两只 这三只 相近 号段 两种,-1
占楼 编辑,0
听感 素质 尤其 原线 平衡 退烧 很赞,-1
人声 喜欢 器乐 选小乌,1
这家 反正 不会,0
爆棚 动态,0
延长 发明 距离 当年 目的 接口 传输 楼主 器材 之间,0
不好 软文 一看 非得,-1
顶一下 必须,1
失踪人口 长期,0
太开 爆机 展台 插金 用直 拉得 功放 这次 平面 展会 横向 正常 不会 声音,0
稳当 雅兰 表示慰问 沙坪坝 实惠 修好 兄弟 推荐 有个 价格 地方 需要,1
分钟,0
音科 暖系 山灵 朋友 偏暖 推荐 声音,0
声音 拜亚 正常 不怎么 糊味 喜不喜欢,-1
现在 听歌 耳放 安心 后来 关注 入手 两年 刚入 到处 找耳放 阴差阳错 自我感觉 良好 从此 不再,-1
幾代 那算,0
深老铁味 铁味藏 木碗 比较,0
应该 版本 升级 解码 感觉 类似 风格 部分 放大器 当时 以为 差不多,-1
知道 耳机 比较 几乎 不会 东西 动态 安定 感是 简单 需要 最好 推好 听得出来 对比 高级 相对 每个 型号 具体 典型 据说 毛躁 感到 例外 烦躁 伯乐 台厂 超乐仕,-1
耳放仿 品牌 意大利,-1
不用 恭喜 退烧 折腾,-1
给出 特性 大作 接口 参考 不同 楼主 选择 学习 建议 应该,1
董壕,1
同期 全程 电影 十分,0
联达 天域 好意思 不买 感觉 试听 东西 不太,1
喜欢 真的 很强,1
从来 跟风 大法 别人,0
谈谈 听感 谢谢 希望,0
一毛钱 名词 形容词 楼主 关系 没有 测试,0
那得 拿来 画眉 铁三角,0
造型 不解,0
咸菜 当成 大件,-1
比较 播放 蓝牙 好玩 能接,1
顶顶,1
变慢 废话 地扯 毫不相干 顾左右而言他 面对 工程师 事实 抉择 小白们 谐波 偶次 大量 干净 指标 听不出来 代表 饱满 单纯 总体 一点 森海 减少 增加 低频 水平 听感 其实 真的 低端 速度 无法,1
输出 解码器 支持 系统,1
未知,-1
对电 早换 纯度 导体 污染 好线 进入 屏蔽 电流 变化 前端 主要 不同 放大 容易 本身 影响 烧友 很多 声音,1
违和 身位 投了 拉开 看着 貌似 价位 素质 有点,0
电源 其实 原装 充电 降噪 苹果 不算,-1
声音 声场 个人 喜好 那种 解析 选择 喜欢 棉被 明亮 暗系 讨厌 太暗,1
耳机 佩戴 流行 价位 劝退,-1
部分 数字,1
现在 听音 早就 确定 不敢 好多 初烧 教育,1
耳机 当然 铁家 通吃 除外,1
声音 觉得 不会 感觉 降低 一点 输入 高增益 增益 真假 平调,-1
折腾 足够 天龙,-1
看来 不错 配置 不少 退烧 入烧 功课,-1
过时 唯有 余地 折腾 声卡 以下 合适 现在 东西 很多 已经 知道,-1
看看 起来 好听 现在 更好 效果 平衡 播放 插件 下载 之后 连接 蓝牙 简直 接上 海贝 上边 窗户 关上 等线,1
胃口 日系 大众 不说 颜值 一堆 皮碗 木碗 消费者,1
声音 知道 耳朵 直接 之前 一只 的确 单元 出手 麻烦 金属 半年 寄过去 两边 保修 变成 用到 刚出 织布 内衬,-1
价位 不好 同价位,-1
漂亮 看着 真是 听过 听感 非常 没有 不知,1
失真 耳机 系统 安定 极致 场景 整个 场面 不堪 大量 达标 密集 重金属 常有 吉他 鼓点 快速 主唱 竭力 嘶吼 混乱 配原线 衰样,-1
哪种 人声 那种 发烧,0
支持,1
充足 缺口 输出 一体机 旗舰 肯定 功率 耳放 素质 解码 需要 比较 耳机,1
歌单 日区 曲库 自由 买碟 怀念 时代 古典 非常 现在 以前,0
我发 古典 看下 入门 帖子,0
支持,1
改用 推得 中性 推过 改变 没什么 后来 舒服 中频,1
觉得 味道 必要 不同 听个 无非,-1
放弃,0
音乐文件 流媒体 高品质 前端 肯定 音乐,1
觉得 电源线 国标 成本 垃圾 划算 一米 看样子 黑水 没贵 多点儿,-1
大小 电脑 塞子 入耳 不会,0
一下 谢谢 请问 楼主 麻烦 购入,-1
看中 折价 有无 卖家 分享 问问 推荐 价位 大佬 界面 听感 牌子 目前 买过 希望 一下,-1
觉得 耳机 不是 东西 最好 耳罩 解析 适合 音量 舒服 机会 不少 刺耳 缺点 换个 偏科 优点 头疼 力高 放低,-1
歌德,0
一定 感觉 慢慢 垃圾 等到 程度 初烧 进入 烧到,-1
反而 延伸 低频 高频 下潜,-1
太贵 全是 成本,-1
占楼,0
要花 大件 前提 属于 箱子 条件 是否 设备 预算 建议 系统 要求 耳机,0
线闲鱼 千元 起步,0
晶彩 想要 首选,1
二选 首选 完善 一点 只能 界面 最后 已经,1
差不多 箱子 音质 听音 考虑 预算,-1
声音 耳机 细节 感觉 人声 更好 对比 突出 更强 立体性 来些 刻画 轻重缓急,-1
灵魂 收购 失去 哈曼 买单 错误 烧友 已经,0
电源线 二手 真的 最后 垃圾 退货 低价 想要 商听 商量,-1
顶顶 大神,1
任性 耳机,0
打卡,0
升频 直接,0
小时 两个 后悔 为啥 没事 别退,-1
解码 机器 风格 楼主 平衡 退烧 上限 互补 期望 第一个 太高,-1
意义 音质 不好 很难 配件,-1
凤毛麟角 没人会 排除法 用升频 几台 模块 简直 专门 开发 升频 才能 方案 肯定 特别 其实 解码 设备 很多 不是 不用,0
基本上 金星 富佬来 没差 会不耐,-1
升级 人声 打算 无语,-1
投个 千买 上限 平衡 耳放 值得 耳机,1
不是 比较 性价比 管子 古董 管是 产管,1
背景 知道,0
发烧 折腾 抽烟 戒烟,-1
怀念 年前 上次,0
毕竟 经常 态度 印象 楼主 投诉 待客 财大气粗,1
手机 可能 不会 直接 铁三角 其实 推好 风格 低阻 上台,-1
用三孔 接地,0
推低 适合 不会 耳机,0
有点 最近 驱动 湖人 销量 重装 装个,1
出来 无损 同意 区分,1
可能 不会 还好 死亡 风扇,1
看笑 推出 双木三林 相信 功放 功率 结像 价位 耳机,0
差点 以前,-1
没什么 平庸,0
闲鱼,0
顶顶,1
精神 离得 支持,1
声音 范围 根本 不到 做好 动态 芯片 更何况 两片 单片,1
器材 里面 提升 真正 前提 难得 源文件,1
一定 很多 东西 看起来 国外 垃圾 国货 照样 代工 贴牌 很火 男人,-1
他家 客服 一体机 驱动 某家 看个 热闹,1
非常 傲立 成色 朋友 有台,1
时代 差不多 加入 毒龙 本论坛,-1
毛子牌 版主 记得 差别 分享 外观 类似 之前 声音,-1
很值 综合 建议 看来,1
了解,0
积极 贴话 顶上去 难得 回事 发个 真实 整个 大家 好像 对比 这种 感受 论坛,1
电源线 学习 信号线 折腾 避震 保险丝 柴大 挖掘潜力,-1
耳机 机器 现在 暖糊 高频 适合 素质 容易 刺耳 不耐 新旗舰,-1
出来 问题 估计 出现 之前 机器 真的 明显 界面 地方 情况 一体机 大家 一言难尽 驱动 改进 更新 一次 谷津 板子 烧掉 外加 口出,-1
没有 直接 其实 必要 高级 折腾,-1
很足 被动 掌门人 斗嘴 明里暗里 港局 邮局 国砖 全方位 米饭 明亮 第一个 气势 至少 相比 不是,0
毒毒毒,1
单运放 两颗 银色 电容 音色,0
声音 失真 很多 好听 自然 耳放 音量 一点 干净 晚上 安静 下降 聆听 会开,-1
成本 金银铜 合金 耳机线 制作 好几,1
能比 放下 万元 编制 解码 左右,1
耳机 佩戴 一下 两个 相对 舒服 宽松 正好 激情 尝试,1
音响 入耳 大耳,0
系列讲座 收费 韩嘉天 电台 觉着 网易 免费 系列 全面 有个 听听 不是,1
顶顶,1
原厂 蓝牙 降噪 极致 封闭式,0
好听 更好 推好,1
级别 就别 浪费 数字 转盘 评价 几万 来看 发挥 功放 咸菜 潜力 舍得 玩法 忠告 投资 精力,-1
快乐,1
推得动 机才 收放自如 光泽 凌厉 相对来说 器乐 必须 不少 金属 上台 容易 均衡 三频 的确 感觉 动态 耳机,1
通透性 磁体 逃脱 改良 换购 代价 下降 不满 变成 技术 就算 潜力 灵敏度 随身听 表现 规律 通透 不好 考虑 提升 参照 已经 不是 有没有 声音,-1
第三方 耳罩 简单 有效 便宜,0
前级 功能,0
已经 现在 多年 听音 高频 拜亚 确实 编制 感情 方面 优势 录音 器乐 舒尔 独奏 日常 解析度 强悍 送人 吉他 指弹 返听用,-1
太狠 折腾 打算 最近,-1
区别 玩玩 正常 基本 西装 价位 折腾 乐趣,-1
耳朵 有人 听不出来 差别 因人而异,-1
声音 之间 区别 不到 速度 音频 差异 接口 个体差异 倾向 一丝,-1
回不去 人玩个 全频 一对 相反 万元 观点 监听 感觉 刚好 耳机,1
等待 分享 不错,1
子木 主板 听听 解码器,-1
乐彼 蜻蜓 线圣,0
声音 好看 二手 喜欢 一手 情况 回来 太强 优点 保修 售后 高登 主观性 有票 没票,1
信噪比 环节 播放器 好听 数字,1
会员 省钱 立刻,-1
冤枉钱 几千块 多加 加钱 咬咬牙 混响 故意 着重 测评 矩声 关注 后来 氛围 好像 是不是 本来 很多 知道,1
看到,1
烧到 无非 最终 唱片 音源 最后 系统 入门 版本,0
声音 知道 觉得 耳机 好听 低频 描述 索尼 有无 轰炸 累死 类似之处,-1
换线加 加强 进行 不靠 低频 耳罩 看看 应该,1
便宜 国产 很大 我用 音质 差别 不信,-1
家里 闲置 稍微 人间 折腾 宿舍 下学期,-1
超越 二代 二手 觉得,0
竖放 想着 发公频 放多厚 出处 圈圈 支架 发个 私聊 最大 链接 楼主 购买 耳放 请教 最近 设备 谢谢 方便,0
安定性 工作站 笔记本 差别 差点 变化 系列 足够 音量 交响 风格 二代 当然 反正 有点 没有 移动 耳朵 区别,-1
期待 好看 知道 小巧 内功,1
区别 不用 出来 考虑 不能 听得出来 听不出 几百 试一试 几千 专业 高芬 一根 大牌 不急,-1
加油 武汉 一篇 感受 实在,1
直接 办公室 代好,1
本身 更好 音源 改善 结项,1
肥波 实测 数播 光纤 明显 解码 提升,0
声音 耳机 毕竟 感不 可能 起来 好不好 高频 质量 低频 自然 中频 开放式 封闭式 相当于 还原 密度 限制 全频 现场 取决于 感人 音染少 和量 捉襟见肘 单元尺寸,-1
问题 东西 质量 从不 退货 包邮 顺丰 确认 发货 买家 售出,-1
左右 存在 发烧友 器材 很多 没有 音乐 设备 来说 简单 个人 非常 乐器 一种 喜欢 有人 播放 以为 单纯 收藏 周边 录音 折腾 分享 碟子 说法 之后 摄影 镜头 享受 朋友 乐趣 种类 本末倒置 十五年 作品 妨碍 机身 一般般 头版 稀有 全然不顾 重金 回报率 一写 改编,-1
厉害,1
毕竟 问题 减少 内部 电磁干扰 传输 一体机 出好声 供电 信号 外部 损失 吸收 做得好 集成度,-1
山寨 硬件 高价 软件,0
动心,0
紧薄 冷硬 达斯 就够 这线 目的 旗舰 味道 感觉 不了 一条 系统 达到,0
相序 确认 一下 电源线,0
纯属 即可 万元 浪费,0
初六 福利 给力 录音 相当,0
地址 看图 大佬 基本 不了,0
台机 大多 现在,0
绝对,0
是不是 好多 虐待 家里人,1
耳机 应该 级别 一下 可能 时间 很多 几个 不会 基本上 声场 不了 现在 二代 随便 一只 三个 满意 稍微 优势 手里 控制力 会出 大声 出掉 黑色 搞好 犹豫 首选 欧姆 二奶 全出 觉着 胜出 差不离 万号 除掉 只留 留个 选线,-1
中耳炎 大耳能 防止,0
难搞 非要 专门 正确 推低 一体机 没什么 线路 耳放 压力 本身 思路 没有 耳机,0
割起来 一波草 惊艳 说句实话 活动 力度 难听 细节 试听 不错,-1
电做 加线 韩国 前面 数播 可否 相比 楼主 评价 谢谢,0
支持,1
脸上 但点 莫名其妙 第一段 拆机 进来 不错,1
死气沉沉 负作用 活泼 过于 得到 显得 净化器 纯银 线上 玩意 原理 差不多 一点 成本 效果 自带 不够 非常 其实 有点 电源 安定 没有 估计 可能 声音,-1
没有,0
成品 几十块 老老实实 电源线,0
陈雷激 古琴 录音 不错,1
买大 品牌 耳罩 经常 测试 耳机,0
本想 意识 突然 一年 推荐 歌德 楼主 音色 喜欢 估计 一定,1
说明书 冲坏 脉冲 静电 爆音 开机 尤其 建议 可能 应该 耳机 明确,0
期待 觉得 希望 目前 二代 明显 喜欢 风格 对比 差距 有个 或许 原来 不同 前端 开放 带来 目标 放下 进入 仔细听,-1
声音 知道 有没有 产品 定位 东西 空气 之前 国产 其实 中国 牌子 价格 几百 不好 操作 机子 加上 代理 当年 小白 加持 分钟 降价 毛病 国家 代理商 关税 炒起来 贵不说 那分,-1
声音 觉得 不是 分辨 一半 来说 有点 个人 很大 其实 不能 一种 确实 结构 差异 肯定 工艺 差不多 玩表 几千 几十万 走时 精准度 表芯 镶嵌 外壳 体现 智慧 天价 线有 价值 方面 多数 不值 有钱人 不在意 跟表,-1
要求 器材 不要 关键 现在 低音 效果 不差 自然 成熟 提高 越来越 电音 流行音乐 重低音 运用 肆无忌惮 回放 表演,-1
最近 效果 价格 差距 入手 下手 台机 床头 回家 大不大 机用 看狗东 三四千,-1
一年 啥子,-1
打印机 无线 导致 整个 有个 垃圾 之前 系统 不是,-1
不错,1
再往 量子 保险丝 太贵 不起 消费,-1
搭配 不会 完全 有点 赞同 功率 有源 匹配 等级 输出 功放 相信 大小 频响 曲线 说法 输出功率 吹牛 老烧们 整天 各类 无源 无论如何 失真度 幽灵 版靠 频带,-1
大姐 干嘛 单端 平衡 动态 很多 不用,-1
螃蟹 吃个 坛子 分享 楼主 听感 东西 一下,0
交换机 普通 家里 设备 应该,0
反正 目前 感觉 用来 这放 平衡 再贵 没用过,-1
一发 耳放直 系系 入烧 当年 兴趣,0
不提也罢 这种 个人 东西,0
掰断 当年 头梁 没有 应该,0
单晶 不足 千元 特别,-1
耳机 二手 现在 后面 打算 差距 整个 天鹰座 两千左右 和代,-1
来得 有点,0
功能 自带 不差 耳放 平衡 切换 连接 增益 线电 相对来说 核心 次要,-1
歪个 雅马哈 素质 请教 声音,0
空空 中空 飘飘 海绵 换上 底气 低频 那种 没有 声音,0
前排 看起来 不敢 豪气 顶狗哥,1
声音 耳机 很爽 低音 横向 高音 以下 设置 越来越 滤波 增益 双修 用口 偏薄亮 口气,-1
很轻 其余部分 完好 真皮 塑料 头梁 舒服 应该,1
萧大 难得 发个 听感 耳机 看来,0
东北 过去 坐飞机 以为 是从,0
音区 高电平 低电平 是因为 电位器 同样 电平 音量 需要 没有 问题,0
铁三角 没有,0
选择,1
介绍 不错,1
器偏 音区 膜电位 通病,1
老老实实 开关电源 算了,0
测试 很大 压力 消费 普通 楼上 相差 高强度 企业级,-1
退烧 烧好 烧死,-1
隐士,0
耳机 一下 非常 喜欢 木碗 不好 这次 这头 头梁 男人家 索尼 梁太 连接处,-1
反推 成交价 搜下 成色 一手 价格 大概 看看 二手,0
现在 音箱 隔音 房子 别用 很差 楼房,-1
均衡点 不同 流行 风格,0
选个 办公室 低调 刚刚 看到 那种 问题 帖子,1
没细,0
优化 笔记本 体验 试试 一下,0
那条 说好 天仙配 不起 大佬 更好,1
左右 根本 不错 比较 建议 进去 解决 前级 那种 人声 牌子 压力 喜欢 耳放 好像 音量 一点 平衡 差不多 依旧 百老汇 还行 电位器 控制力 体积 电容 偏音 上个 毫无 原厂 通吃 几块钱 对讲机 叫好 人换 点钟 耳放要 带调,-1
投一票,0
耳机 佩戴 流行 价位 劝退,-1
大号 入坑 差不多 全面,-1
西格玛 西塔 贝塔 四台 阿尔法 串联 放大器 最后,0
功能 支持 机器 可惜 蓝牙 光是 单一,1
无敌 万元 值得 个人 觉得 存在,1
主要 音效 多拉,1
楼层 老人 全都 看上去,0
耳机 二手 设备 目前 关键 其实 非常 性价比 三个 开放式 封闭式 听到 价位 玩过 极致 场景 旗舰 始终 最初 稍微 仅仅 张扬 专业 包括 评测 出掉 目标 一圈 重复 振膜 出街 出差 运用 难选 服役 群友 三千 大多数 直到 多多 用途 没蹭 心仪 多月 生物 大耳后 调试 用用 本坛 可折叠 携带 站得住脚,-1
强些 灵活性 看着 塞子 只不过 单独 不能 感觉 已经 不用 不错,1
不用 考虑 感觉 系列 差别 一支 就够 优先,-1
线坏 小巧 折腾 状态 保持 麻烦 随便 当然 比较,-1
隐士 推低,0
素质 听感,0
呵呵 加个 不了 耳放 档次 箱子,-1
录音 设备,-1
差点 单端 平衡 意思,-1
觉得 已经 声场 解析 试试 复杂,1
不间断 碟煲 新线 煲机 几百 小时 耳机,0
闲鱼 不敢 建议 论坛,0
拉掉 楼管 这条线 总线 确定 空调 不会,0
不行 两个 其实,0
未知,0
根本 存在 耳朵 里面 没有 机器 小时 纠结 必要 更好 听过 差异 同样 不好 同一 煲机 后期 头版 记忆 周边设备 脑海 听真,-1
声音 觉得 推好 样子 振膜 差不多,-1
不太好 好像,1
能响,0
便宜 不是 目前 高频 容易 至少 系列 刺耳 口碑 价格比 保险 压不住 境外,-1
没有 真的 好听 好不好 素质,-1
新春,1
个人见解 其他人 回事 细微 年前 吊打 不少 实际 不同 保持 每个 有人 生硬 当时 整体 评价 三个 是不是 当然 其实 起来 细节 音乐 动态 不会 理解 可能 所谓 耳机 不错 知道,1
不错 感受 其实 风格 听听 塞子 不同 有时 小耳,1
不坑 大厂 机子 恭喜 很多,1
知道 鼠莓 直连强,1
比好 同理,1
耳机 潜力 电磁炉 差得远,-1
声音 产品 问题 之前 质量 好像 大家 除开 谣传 质疑,1
缺点 潜力 特点 听过 一下,1
高频 偏好 少核 牙膏 劝退,-1
已经 上线 不会 绝对 流行 足够 中端 德奥,-1
发现 差不多 刺激,-1
厂家 哈哈哈,1
失真 看看,-1
屏蔽 点赞 国产,1
不错 完全 不行 不耐 阻口接,-1
小气泡 气泡 脚架 精准度 明白 堪忧,0
不错 好听 非常 素质 退烧 够用 耳放接 绕过,-1
修饰 上限 极致 歌德 差异 精致 风格 调音 素质 目前 没有 比较,-1
自研 降低标准 芯片 确实 没有 应该 毕竟,0
声音 耳朵 比较 不能 好坏 敏感 人耳 新版 容易 情况 变化 改变 差别 细微 老版 适应 变差 定论 先入为主 捕捉 感性 抗拒,-1
推荐 手机,1
时间 现在 差不多 不少 退烧 买来买去 可喜可贺,-1
肯定 很差 舒适性,-1
碳纤维 忠爱 插头 个人,0
参考价值 具体 分享 楼主 下个 解码,1
唯一 疫情 很难 过去 降价 一时半会 出路,-1
来说 好听 听得出来 高级 舒服 不好 老烧 大气 厅堂 词儿 雍容 松弛 富贵 松香 听耐,-1
准快 主要 喜欢 低音 实在,1
追求 正确 周董,1
不是 没有 不能 界面 国外 普通 口碑 固件 抄袭 教授 不值一提 用旧 推它,1
中文 设置 教程 有空 试试 没有,0
不错 一下 试听 看起来 机会 以后,1
耳机 完全 反正 推力 推荐 控制力 好几个 怪声,1
优缺点 大佬,0
几个 呵呵 真的 地方 貌似,-1
不拿万 干嘛 书架箱 落地箱 音箱 耳机,0
新版,0
走向 不怎么 蓝牙 说实话 数播 对比 界面 声音,0
顶赞,1
卖贵,0
能换线 动手 小白 能力 没有 知道,0
动态 提升 感觉 高频 稍微 差点 有所 两天 再煲 看吧 延展,-1
会变 二次 直通 数据流 滤波 一次 硬解 必须 解码器 解码 声音,0
声音 知道 不错 比较 提升 感觉 本来 两个 素质 新版 差距 依旧 灵敏度 棉被 现代 老版 大幅 多大 基音 前辈,-1
器材 估计 建议 不要 机器 能力 明显 本来 胆机 更好 效果 大于 个人感觉 足够 单纯 用料 换运放 电路 电容 管子 具体 高手 晶体管 大多 太弱 扎实 玩法 原机 家电论坛 整机 配不上 无济于事 脱胎换骨 再绿坛 胆艺轩 发问,1
电源 想起 十几年 看到 时代 差点 汽车 着火 前用 电瓶,-1
攒够 折腾 万元 考虑 直接 预算 不用,-1
几乎 入门 系统 最好 后面 投入 性价比 退烧 密度 同一 无敌 比是 中万 起跑线,-1
非常 高芬,1
声音 不是 起来 听到 清晰 摩擦 享受 琴弦 败兴 鼻涕,1
未知,0
胜出 驱动 优势 接近 发现 相对 古典 编制 素质 特别 明显 真的 已经,1
声音 不是 比较 建议 看看 牌子 眼睛 基本 调音 差别 本人 不小 朋友 两只 这三只 相近 号段 两种,-1
仙人 开启 楼主 模式,0
情况 歌德 正常 这种 耳机,0
办公室 小巧 工作 影响 方便,1
官方 耳机 一下 不是 当然 注意 类似 十分 模式 听感 调音 确实 风格 结构 外观 小不点 均衡 推荐 舒适 实际 物理 设计 这款 翻译 仅仅 改变 相似 做工 柔软 一对 主题 介绍 造型 采用 重点 木盒 包装 外包装 玩法 英语 趋向 实木 名字 以此 概括 硬纸 如尼文为 词源 天赋 壳体 缅甸 斑马 过敏 蛋白 耳垫 进圆型 薄厚 调换 后文,1
解析 拜亚 动力,1
直线 压成 图快 曲线 频响 有用,0
最具 不用说 出个 飞秒 金丝雀 买来 一个月 成色 千元 满足 准备 芯片 需求 耳放 自带 性价比 二代 推力 时钟 不到,0
不会 顶多 曲目 楼主 侧翻 全翻,1
声音 出来 手机 软件 几个 放在 学习 设备 声部 喜欢 音量 萨克斯 耳塞 单独 旗舰 普通 合理 录音 正确 音响 制作 外放 女朋友 贵价 混音 听下 比例 大耳是 收音 录音师 小城 萨克斯风 吹奏 辨别出来 浪漫,1
动态 低频 初心 一发,1
比较严重 艾利和 漏音 以前 耳机,0
不会 影响 低音 高频 喜欢 音质 发挥 好量 洪水猛兽,-1
定制 担心 美国 正常 几个 线材 产品,0
不错 耳机 没有 试听 有点 听感 确实 对比 差距 价位 手里 惊喜 中规中矩 失望 没发,-1
不轻,0
不敢 一个月 肯定 更好,1
接湖 流行 适合 人声,0
麻烦 玩起来,-1
声音 知道 已经 现在 调音 纵深 满意 差点 宙斯 代比,-1
铁棍 导管 定制 耳机,0
东西 好像 有人 很少 注定 搞小众 孤独,1
忘装 说装 扣紧 卡扣 上家 观察 拆开 还好 确实 调音 耳罩 可能,-1
期待 声音 一下 试听 感觉 外观 机会 设计 用心 做工 介绍 活跃 简洁 大方 前代 流动 欠佳,1
久记 耳放去 同时对比 功放 清楚 有人 似乎 好像 更好 比较 帖子,1
支持,1
系统 支持 解码器 输出,1
很大 直连 清楚 电脑 数播 差别 大不大,-1
百老汇,0
无关 楼主,0
论坛 评价 以为 差点 一阵 目的 看着 顿时 妹纸 走错 金瓶梅 心底 凉意,-1
觉着 副耳机 发现 半年 后来 条件 确实 可闻 基本 原道 明显 以前 提升 没有 比较 耳朵 区别 耳机 看来,0
二手,0
测试 烧友 提升 厂家 水平 不得不 原配 男人家 随随便便 佩服 下来 高人 工程师 多条 线才定,1
蓝牙 优势 喜欢 效果 明显 其实 比较 耳机,1
应该 还要 重量 差不多,-1
一塌糊涂 独奏 听个 器乐 真力 古典 编制,0
存在 播片 价值,1
变高 推好 现在 要求,1
更是如此 太多太多 口比 最终 经验 单端 平衡 听感 不是,1
没试 有空 试试,0
他家,0
感谢 值得 分钟 老黄 报价 友情 成都 海帆 特此 今日 信赖,1
收个 不香 咸鱼,0
价位 不好 同价位,-1
帖子 特别 必要 开心 众人皆醉 独醒 阴阳怪气,-1
节后 决定 机会 试听,0
烦恼 轻量级 穷人 目前 耳机,-1
耳机 级别 器材 系统 值得 是不是 箱子 避震 揭示,1
薄绒 金属外壳 不同 耳罩 很大 买过,0
觉得 应该 不大 差距,-1
羡慕 值得 拥有 王牌,1
镜头 焦段 难题 对焦 黑暗 拍摄 损失 像素 裁剪 广角 标准 换个 加上 密度 稍微 场景 试试,0
一线品牌 笔记本 基本 问题 高端,0
想弃 直流电 欧姆 上万 阻抗 以为 交流 通透 低阻 以上 之前 耳机 根本,0
就够 一两个 歌德 其实,0
瞎搞 人买 怪不得 品牌 出不来 一堆 玩意 国内 测试 一下 出来,1
不要 解码 其实 现在 适合 效果 喜欢 耳放 旗舰 往往 电脑 千元 集成声卡 一体机 特点 推低 折腾 推成 想着 家专,-1
价了 女毒 越来越少 铁家 好像 一只 现在 耳机,1
真是 毒到,1
耳机 耳朵 论坛 估计 喜好 现在 听感 只能 耳塞 类型 来看 多数 加上 普遍 闷糊 不煲 再细 吃亏 假货 遍地 中介,-1
出好声 才能 等于 补品 不值 价位 价格 耳放,1
便宜 如数 太贵,-1
玩玩 考虑 胆机 漂亮 过年,1
过金 没听 暖声 谷津 画眉 相比 算是 低频 我用 比较 应该 声音,0
完全 对应 水平 氛围 推荐 主题 不上 曲子 恕我直言 太过 舒缓 没点 指琴,-1
好文 真的,1
流口水,0
主要 环境 噪音 晚上 大大降低,-1
真的 好像 发现 几年 之后 理由 退货 京东 猛男 退假 无数次 没天,-1
棉官 头梁 耳罩 不要,0
三端 电路 单端 平衡 楼主 有没有,0
未知,0
耳机 有点 细节 非常 特别 音源 喜欢 不行 容易 系列 表现 不少 出好声 好些 折腾 跟不上 薄刺 比系,-1
用点力,0
感人 音质,1
更好 推好 好听,1
插件 版本,0
不错,1
管弦乐 编制 音乐,1
声音 干净,1
喜欢,1
做法 应有 这才 认真 佩服 楼主 耳机,0
声音 产品 系统 前级 当然 不能 更好 效果 降低 耳放 放大 相当于 输入 输出 信号 缓冲 前提 进行 内阻 有源音箱 太差 中耳 不加,-1
耳机 不是 比较 几个 建议 看看 乐器 更好 传统 大于 个人感觉 表现 日本 相似 我试 器乐 歌曲 日系 我国 注重 德奥 顺耳 内在 本国 渊源 西洋乐器 丝竹,1
这回 屏幕 连个 半天 没看 玩意 之前 东西 没有 知道,1
选择 正常 必要,-1
出掉 已经 耳机,0
萌新 一体 百灵鸟 请教 最近 升级 一下,0
老虎 毛病 专用 听歌 定位,0
工资 该扣 美工 哈哈哈哈 概念 烧友 可能 不是,1
好听 必要 价格 没多 限量版,1
假设 原本 如果说 回放 衰减 混响 真实 进行 一次 制作 录音 话筒 还原 不好 差异 结构 需要 直接 设备 空气 音乐 参照 已经 问题 可能 耳朵 声音,-1
耳机 本来 歌德 意外 智商,-1
失望 东西 不会 耳机,1
十周年 今年 一次 活动 新品 唯一 最后 试听,0
难过 马飞,-1
正常 品质,1
一大半 展位 耳塞 线材,0
未知,1
佩戴 应该 音质 重量 下单 差不多 咋样 昨刚,-1
普通 塞子 确实 适合,0
质变 镀银 平衡,0
收到 成色 容易 合适 古典 一代 二代 不错,1
觉得 来说 真的 意义 不好 一体机 意见,-1
建议 支持 数字 代理 改成 数位 推广 支援 词汇,1
系列 没假,-1
缺乏 性价比,0
十有八九 假大空 推出 改善 经历 个数 干冷 音源 界面 感觉 现在 个人 直接 建议 很多 声音,-1
恭喜 东东 两外,1
挑出 很难 缺点 平衡,0
画眉 一代 现在 二手,0
行业动态 了解,0
六边形 中庸之道 战士 每块 木桶 板子,0
助听器 真的,0
很多 请问 拜亚 更好 古典 看到 大师 情况 推荐 德国 博主 推不差 推选,-1
太冷 温暖 功放 不耐 最好 声音,-1
时间 估计 开发商 软件 提交 已经 问题 不全 显示 名称 版块 还要,1
椰子壳 感觉,0
共同 三者 作用 电位器 耳放 耳朵 耳机,0
以前 确实 退回,-1
音乐 折腾 享受 无需,-1
收益 好文,1
支持 手持 播放器 米饭,1
声音 耳机 不用 空间 音质 关注 刻意 摆位 远比,1
仅次于 平板 解析 应该,0
迄今为止 技术 方案 大部分 盗版 国外 出来 知道,0
有用 输入 好像,1
手机 推荐,1
耳机 感觉 十分 互补 遭遇 双修 后者 不该 凄惨,1
就行 销量 看着 好点 评价 应该,1
声音 解码 真的 桌面 没得说,1
进去 大于 差异 实际 电处 未必 白天 生理,-1
割機 拆售 單純 看法,0
停产 双木三林 貌似 看看 符合 要求,0
失真 应该 真的 那种 明显 味道 拜亚 喜欢 摇滚 习惯 肯定 染色 说实话 索尼 一贯 不合 数码味 胃口 说到底 碰巧,-1
官方 支持 欢迎 试听 解码器 平衡 大家 兴趣 报名 分立 多多 第一款 飞马 请加,1
恭喜 喜提 狗兄,1
经典 相当 搭配 声音,0
回复,0
啥意思,0
看见 绕道 推荐 极致 基本 一定,1
老比强 收个,1
灰尘 好多,1
未知,1
有何 放下 楼主 效果 请问,0
不配 高登 钰龙 遥控 麻烦 机器 很多,-1
不到 不会 当然 差不多 搞定 滤波 模块 接好 头尾,-1
多越 越来越 发现 恭喜 追求 发烧,1
一定 就行了 地方 程度 機線 甚麼 升級 入門 不會 差別 之後再 談線 不遲,-1
很难说 比金菊 墨菊 好多 不同 每个 我用 喜好 有点 觉得,1
印证 针对性 各有特点 判断 进行 互补 换线 单晶 特点 正好 镀银 发现 原线 试试 当时 针对 选择 考虑 一条 比较 声音,1
问题 没用 二手 需要 买个 上面 音源 耳放 试试看 无关 女声 不信 解决不了 机而 不毒,-1
推挺 发布 好听 东西,1
脑放 相信 终于 确实 帖子 存在,0
不用 手机 东西 直接 界面 曲目 控制 遥控 同一 漂亮 直观 文件夹 网段,1
范围 其实 喜欢 楼主 列出 蓝图,1
耍流氓 概不考虑 国产机 押金 不能 试听,0
整了 卖家 博主 大战 博主看 科普 不送 卖主 淘时 圈子 遇到 别家 半天 闲鱼 发现 关注 居然 有个 几个 很多,1
不错 比较 解码 推力 选择 素质 效果 算是 部分 箱子 有源 一体机 折腾 够用 这台 想少,-1
起来,0
好评 杀死 石家庄,1
音乐 高频 听到 噪音 反而 比人能 灾难,-1
天籁 帮顶,1
声音 人能 比较 问题 时间 没有 发烧 其实 最好 退烧 实力 找到 认为 动力 聪明 精力 经济 早点 说出 晚点 执着 迟早会 没劲 早晚 固执己见,-1
设置 第三 播放器 完整 要装 安装 驱动 输出 插件 播放 第一 解码器 支持 参数 官方,1
接受 现在 性价比 平板 不少 这俩 实价,-1
高多 谐振 压不住 口型 声线 歌剧 细腻 真实 之王 静电 两端 细微 更加 短板 跟不上 变化 通透 同样 相对 中频 大乌 流行 更是 自然 平板 比起 确实 解析 人声 非常 当然 声场 高低 毕竟,1
鼓鼓 勉勉强强 荷包 哼哼 教授,1
震惊,0
知道 听听 就算 歌手 御用 这口 发布会 胡莎莎,1
不错 直接 前级 其实 选择 一台 没错 后级 记得 高登,-1
直接 提升 很大 感觉 最好 满足 折腾 网播 过于 转到,-1
知名度 不会错 尽量 大厂 国内 国外 线材 一定,0
没玩 好找 播音 碟片 同价位 数播 暂时 更好 目前 不是,1
耳机 出声 东西 好声 绝对 推好 属于,1
阿婆 发力,0
不是 没用 一家,-1
省钱 正好 区别,1
失真 不是 还要 别人 烧友 厂家 好听 还好 平板 自然 高敏 难听 早就 秘密 韭菜 故障率 高品 控差 更是 老生常谈 只能 忍受着 这么回事 明白 深思,-1
木壳 漂亮 真是,1
声场 真的 腔体 不行 封闭式 垃圾 结像 勉强 振膜 金乌 挣回点 惨兮兮,-1
想要 解码 动态,0
耳机 呵呵 好听 一大,-1
估计 好听 感觉 底噪 喜欢 有个 楼主 手头 液态 说实话 当初 基本一致,-1
遗忘 定个 吃错药 满满的 自信 角落 世界 天价 大家 是不是 耳机 知道,0
失真 呵呵 功率 目测 抛开 神论,-1
问题 软件 没用 其实 极其 适合 听歌 质量 拆解 严重 音频 硬件 应用 传输 俩个 完整性 开发 完整 信息 协议 局域网 基于 缓存 不负责任 机制 上层 握手 校验 数据包 软件商 下功夫,-1
办公室 搞个 一体机 应该,0
三年 男人家 确实 人声 最好 建议 耳机,1
东西,1
海运 马云家 过去 木架,0
耳机 电源线 适合 必要 不行 折腾 棉被 回去 音染少 小霸王 发闷,-1
支持 开箱,1
顶一下 反正 中奖 绝缘体,1
竟然 没有,0
发虚 随之而来 两声 八斤 对比 流行 交响 更好 人声 可能 还要,1
自我 完全 感觉 这种 意义 不大 调音 对比 天龙 拿来 曲线 目标 太远 放飞 风马牛不相及,-1
耳朵 产品 定位 手机 真的 感觉 注意 解析 高频 听感 更好 对比 消费 差距 当时 有空 总体 结像 关注 很闷 机会 正好 专门 兄弟 回去 聪明 心理 刻意 大众 好好 营造 假象 两货 七七八八 回想起来 力会 拔高 中上 盘以,-1
图中 楼主 前排 提醒,0
价算 有过 出掉 适合 非常 之前 二手,0
好听 不好 男人,-1
文风 神贴 非常,1
出来 机器 这事 难听 有个 设计 太行 原版 疑问 抄袭 黑锅,-1
耳机 搭配 线材 提升 高频 前端 齿音 周边 量感,-1
解码 差评 芯片 拆机 运放 功放 电路 电容,-1
喜欢 扁长 正方,-1
声音 可能 个人 认为 很难 修好 感觉不好 线断,-1
应该 问题 塑料布,1
市场 好事 选择,1
非常 价格 差不多 音染 一款 潘多拉 记得,-1
年终奖 年底 好久没 赶紧 舍得 顺便 大家 一波,1
更高得 肉桂 想要 直观 钻石 想法 喜欢 调音 素质 预算,1
比较 有点 低频 不好 齿音 很棒,-1
更好 厚度 触感 真皮 新旧 差太远,-1
没钱,0
这样的话 安卓 装个 苹果 控制 部分 音源 提升 支持 手机,1
阻易 换个 耳机,0
能比 不是 声音,0
声音 耳机 系统 支持 音乐 不要 好声 解码 模式 基本 音源 耳放 音频 没错 集成声卡 输出 声卡 信号 方式 播放器 转换 跟着 独占 想着 最差 合成 采样率 集成板 载能 你播,-1
虚无缥缈 几成 说法 平衡 这种 现在 没有 已经 问题 觉得 声音,0
自顶,1
紫坛 一战 隔壁 或许,0
觉得 一定 希望 里面 很多 烧友 时钟 有点 解码 厂家 这种 价格 程度 电路 越来越 复杂 好用 廉价 口袋 作坊 宽裕 还贵 厂机 要价 虚高有 打压 太黑,-1
好文好,1
声音 版本 不会 解决 现在 二代 本身 三代 道理 追求 极致 多数 变化 就算 好过 推版 多花点,1
存在 耳机 手机 直接 提升 反正 好听 当然 最好 必要 上台 心目 缺钱,-1
耳放怕 不太够 一台 推好 几个 耳机,1
对象 要强 这俩 素质 应该,1
没法子 感太强 即视 忘记 发帖 推荐 看到 设备 知道,1
不错 没有 看看 现在 看起来 质量 玩不起 当年 三菱 呜呜 中关村 熟人 厂盘,-1
咋样 现在 好听 以前 知道 声音,1
音乐性 耐操 投一票 几次 地上 没事 拿下 均衡 舒服 调音 性价比 耐听 不到 佩戴,1
标的 号段 端线 森海,0
不知 直接 真的 现在 高频 喜欢 一点 大师 系列 一体机 回来 直白 武汉 加听 听海 比硬,1
不错 模式 不行 不想 开启 日常 当耳放 行想,1
亏了 百分之 跳水,0
解码 机器 两个 水平 耳放 档次 差不多,-1
声音 告诉 大神,-1
消费 降级 玩不起,-1
一下 东西 提升 敏感 明显 周边 用个 好点 数播 机线 换掉 搞个 两位 电处,1
多大点 这套 换个 装备 纠结 听音 耳罩 定位,0
是不是 小尾巴 换购 出差,-1
声音 电源 声场 不了 音源 不好 个人感觉 好点,-1
音质 好多,-1
听说,0
好多 灰尘,1
直接 评论 都还没 心急,-1
声音 不会 所有 同样 时代 欣赏 折腾 沙沙声 一边 超年 绵都化 不时,-1
声音 其实 极其 内部 做工 原件 这耳放 不算 国行 复杂 贵先,1
不错 呵呵 细节 确实 价格 透明度 揭示,-1
麻烦 玩起来,-1
耳膜 脑浆 震动 身体 塞子 箱子 大耳 低频 起来,0
德森瑞 太爽了 我晕 固件 爽歪歪 花钱 转接头 推得 不同 居然 大耳 新版 选择 插头 我用 之前 版本 不错,1
应该 好像 一点 清楚 齿音 一点点 收敛,1
未知,0
失真 其实 低频 平板 早就 证明,-1
差异 驱动,-1
见鬼 早上,0
灵敏度,1
泯然 不加钟 众人 真的,0
不满,0
其实 森海 硬朗 着急 身子,-1
大点 试试 好像 推力 搭配,1
区别 呵呵 申请 诺贝尔奖 奖项,-1
知名 功放 感觉 现在 有点,0
起来 价格 差距 实际 百灵鸟,-1
搞定 闲鱼,0
区别 耳朵 水电 火电 类似 听感 确实 道理 楼主 说明 退烧 听不出来 大多 木耳 体会 较大 温差 这比,-1
耳机 没用 好听 还好 不住,-1
收个 一体机 成色 一点 一代 二手 里面,1
大概 量化 数字 提升 第二根 第一根 插排 请问 升级 电源线,0
声音 美好 共赏 光临 期待,1
不好 耳放难,-1
花钱 换上 螺丝 国标 插头 买个 直接 几个,1
大乌 喜好 一下,1
好值,1
早晨 上班 本人 路上 特别 味道 感觉 音乐,0
很能 入手 以后 大佬 对比 现在 考虑,0
反正 目前 感觉 用来 这放 平衡 再贵 没用过,-1
真滴 门店 火线 提起 摆在 样机 兴趣 导致 为啥 听过 段时间 感觉 机器,0
耐用 可降解 环保 尽可能 采用 索尼 材料 必须 设计 要求,0
感觉 上台 单端,1
崇尚 探索 有所 这线 够用 即可 价位 确实 非常 现在 不错,1
不错 耳朵 需要 反正 感觉 那种 耐听 适合 确实 耳放 类型 不好 挺不错 好些 驱动 老歌 谷津 新世纪 中庸 轻音乐 歌算 的士高 老耳放,-1
出声 做好 比较 以上 准备 想要 爷爷,1
聊过 怀念 好多年 没见 牌子,1
耳机 时间 平均 买买 噪音 半小时 下来 干什么 隔绝 真不知道 扣掉 坐车,-1
没能 新旗舰 大厂 旗舰 感觉 好听 完全,1
超线程 不选 优化,0
很足 利润 商家 说明 不用,0
楼主 点赞,1
买个 不好 排插 滤波 直通,-1
清亮 暖厚 速度,0
百老汇,1
不了 影响 封闭 噪音 漏音 降噪 开放 发动机 二是 旁边,-1
应该 关键 好不好 牌子 后面 算是 代工 没什么 德国 不敢 音响 电容 现代 飞利浦 最起码 原版 动手 诚意 老头 工厂 大规模 记不清 焊工 原产,-1
声音 不要 机器 本来 一说 顶级 好歹 打击 变差 积极性,-1
平板,0
一千 出头 收个 非常 二手 不错,1
智商 意外 歌德 本来 耳机,-1
能直 欧版 冷静 平衡 自然 喜欢,1
舒适度 老三样 秒杀 佩戴,1
参数 耳机 不用 店家 推力 基本 耳放 高级 电阻 以后 同一个 不同 电压 体现 发现 推动 大神 认为 耳放能 说话 恰好 值越 瞎掰 推不动,1
未知,1
铁三角,0
不用 考虑 感觉 系列 差别 一支 就够 优先,-1
必须,1
好听 喜欢 两次 努力 办法 不上,1
现在 两个 买红,1
印着 说理 上边,0
一整 哈哈哈哈 整个 本来 精神 耳机,1
折磨 受不鸟 压耳式 最终 放弃 本人 试过 想入 舒服 流行 只能 选择 最后 耳罩 感觉 以前,-1
豪华版 必须,0
施展 不开 几百 家里 没有 根本,0
下会 电子管 匹配 阻抗 担心 容易 不会 问题 耳机,0
味精 基础 上加 驱动 音染 容易 一代 二代 声音,-1
楼上 体验 实体店 参考 同意 搭配 觉得 不错,1
各有所爱 萝卜青菜,-1
萝卜 寡淡 针对性 日系 调整 周边 传统 耳放 调音 需要 一下,0
自重 永久性 纤毛 恢复 据说 耳朵 没法,0
主力 更好 选择 人声,1
修养 火气 明纬 带动 疑问 柔美 毛躁 最低 澎湃 改善 电流 输出 有个 原配 明显 现在 需要 电源 没有 一定 应该 电源线 声音,1
我换 银彩 主要 试试 性价比 感觉 便宜,0
仿机,-1
试试 平板,0
没有,0
预读 漫长 几乎 时间 不用,0
真的 芯片,1
知道 不错 机器 音源 低频 确实 体积 专业 气势 感好,1
楼主 好太多 明智,1
目瞪狗 避震 传说,0
好腻害 学习,1
耳机 现在 味道 编制 流行 似乎 推荐 用过 主要 一体机 画眉 分体 听大 没用过,-1
靠拢 趋势,0
能大 略有不同 圈钱 看法 中庸 更高 不算 品牌 到哪去 实际上 大致 程度 规模 凑合 差不多 平衡 巨大 结像 同意 部分 相对 单元 只能 风格 调音 水平 素质 特别 解析 二代 这种 最近 感觉 不到 耳机 觉得 便宜 声音,-1
不好 不少,-1
升级 垃圾 必须 线才行,-1
学习,0
随身 结论 问题,0
营养 留名 关注 楼主 前排,0
新鼠 鼠莓 不高 习惯 价格 界面 保留 使用,0
神力 天生 儿子 兄弟,0
恭喜 楼主 条件 音源 很大 提升 升级,1
改过 黑有 黑而 造福 能够 改进 重视 大家 必要 正常 厂家 起来 烧友 问题,-1
排除法 太烂 替换 年代 主板 起来 简单 电源 解决 不是,0
电源线 好听 界面 耳放 发现 折腾 电位器 突然 内线 同轴线 线墙 差换,-1
敏力 左右,0
带单 问下用 单端 端线 平衡 新版 区别,0
差評 西罕見 好東 真是,-1
声音 不错 耳机 比较 支持 声场 模式 相当 出彩 部分 唯一 打开 平衡 不算 偏冷 大耳放 郁闷,1
感受 人声 水平 只能 便携 大耳 突出 能够 稍差 一档 比闷糊 胜在易,-1
声音 耳机 一下 不是 一层 比较 不太 建议 个人 现在 感觉 这种 那种 人声 乐器 明显 一种 特别 低频 喜欢 风格 对比 氛围 铁家 三代 条件 始终 实际 依旧 允许 样机 三种 反差 仿佛 纱蒙 不肯 消散 德味 冷淡 紧缺 大钛子,-1
样子 漂亮 押金 只能 绝对 试听 上海 耳机,1
地位 两把刷子,0
铝壳 多香 金波 完美 听感,0
不错 希望 解码 样子 谷津 旋钮 红色 出个 骚气,1
电源线 已经 系统 解决 好听 其实 最好 人声 底噪 流行 旗舰 高文 接近 这套,1
更新 驱动 玩意 后面 厂家,0
内去 热闹 大众 目标 制作 流行歌曲 本来 考虑 发烧友 范围,0
持久 频繁 大声 耳塞 尤其 确实 不要,0
正道 过日子 踏踏实实 一步登天 乃是 研发 可比性 耐用品 三年 消耗品 大宗 体育用品 小众 属于 整体 有限 能力 没有 可能,0
失真 应该 一下 测试 尤其 频响,-1
百度 没有,0
同频 太窄 频谱 有线 无线 天线 家用 更大 干扰 设计 芯片 厉害 最好 现在 关系,-1
只求 耳机,0
焊上 插头 就行了,0
条路 毫不客气 难得 难办 遗憾 频响 稍微 好点 发现 以下 至少 有人 后来 森海 打算 正常 慢慢 好听 目前 下去 解决 没有 问题 出来 耳机,-1
烧友 真的 友好 城市 一线,1
开心 重要 心情 一毛 老头 老太 打麻将 几毛,1
高芬 非常,1
平衡点 有点累 在意 晚上 不爽 基本 现在 完全 时间 比较 不到 声音,0
上限,0
佩戴 高频 特别 低频 对比 友好 方面 真心 无敌 变态 乌大乌 对头,1
区别 不会 没有 细节 乐器 肯定 清晰度 差别 人头 信息 一把 主体 几把,-1
背景音乐 主题 灵修 神秘主义 宗教 老卡 飘逸 新世纪 典型 空灵 认为 风格 音乐 符合,0
支持 玩家 折腾 大作,-1
足够 耳放 平板 难看 考虑 解码,-1
半档 铜环 比差 普通 确实 素质 好听 声音,-1
动漫 挺不错,1
未知,0
累出 可惜 随便 好听,1
商家,0
很多 机器 麻烦 遥控 钰龙 高登 不配,-1
声音 耳机 耳朵 不是 可能 问题 不太 喜好 关系 怀疑 听音 适合 腔体 听到 有人 不好 压根 威士顿 最早 很小 模具 全家 所有人 导管 超细,-1
单元,1
不是 问题 好听 非常 质量 喜欢 流行 水准 塞子 路上 主要 差不多 曾经 送修 黑武士,-1
问安,0
海绵 头梁 舒服 一句 换成 感觉 很多,1
播有 一万多 一万 多数 区别,0
声音 可能 个人 认为 很难 修好 感觉不好 线断,-1
退烧 烧好 烧死,-1
女人味 汉子 不温不火 感多强 女性 具备 色彩 甜美 世界 猜测 流畅 有点像 男人 只不过 好奇 界面 素质 现在 机器 之前 电源 总是 线材,1
楼主 猜测 厂商 多家 菜刀,-1
看来 有点 大部分 肯定 不好 包括 主观 客观 设计师,-1
听风 我用,0
差钱 买耳放,-1
耐心 开声 前段 随身 煲机 反而 一年 稳定 上台 手持 摇滚 流行 适合 人声 好听 不要 耳机 声音,1
总是 羡慕 老兄 日子 高潮迭起,1
缘故 一阵子 另一边 也许 心理 一听 平衡 不行 单元 耳罩 不是,0
上面 厉害 貌似 几家,1
包括 插件 变化 齿音 现在 版本 声音,0
里面 起码 真的 中频 玩过 推荐 好点 密度 英国 台式机 不及格,-1
做工 手办 觉得,0
好听 难听 一点 古河 旧款,-1
声音 耳机 毕竟 感不 可能 起来 好不好 高频 质量 低频 自然 中频 开放式 封闭式 相当于 还原 密度 限制 全频 现场 取决于 感人 音染少 和量 捉襟见肘 单元尺寸,-1
普通 有个 档次 音源 提升 有没有 知道,0
更好 音质,1
很糊 香榭丽舍 不至于 应该 觉得,0
人声 真的,0
下文 强贴 期待,1
書室 我常 手嶌葵 专辑,0
达尼 退级 博良 没想 适中 还过得去 看样子 脚钉 落地 基础 意力 理想 脚架 书架箱 配套 书架 一对 早期 绅士 不得而知 性能 继续 高音 或许 箱子 万元 时代 好像 价格 进口 真的 升级 设备 建议 已经 比较 里面 不是 不错,-1
超高 現價性 價比 質素 確很好,1
黑日系 不少 感觉 不至于,0
同时代 各家 复杂 频响 超越 旗舰 素质 不用 存在,1
玩歌 这卡 罗兰 马头 优点 拿来 驱动 稳定 箱子 特别 完全 耳机 声音,0
变压器 一套 好多年 记得,1
凑个 热闹 玩具 看看,0
现在 胆机 不好 伺候 管子 想来,-1
好点 洗脑 神算,1
高端 耳机 定位 符合 声场 素质 差距 超越 密度 最大 有所 这点,-1
当然 非常 流行 唯一 千万 旗舰 千元 收藏 手里 器乐 欧在 强项 纯音乐 别碰 留着 档里 机把,1
最优化 追星 减小 明星 便宜货 戴过 损失 找个 每个 之间 耳机 便宜,0
知道 应该 更好 评价 试试 推荐 不太好 数播 这块 享声 认识 资质,1
顶一下,1
听音 以为 正确 回来 米饭 白菜 纠正 萝卜 各有所爱,-1
没有 问题,0
补充 声场 非常 太小 流行 宽松 能量 场面 器乐 大得多 日系 过于 集中 小家子气 受限于 动次 打次 耐听些,1
换碟 各有千秋 黑胶 方便,-1
清爽 点亮 更亮 染色 相对 喜欢 调音 高频,1
声音 耳机 不是 可能 很多 好听 类似 人声 不够 听感 基本 编制 差异 楼主 用户 功率 前端 变化 功放 甲类 听大 评测 铝带 无力 很明感 变差 趋向 另一台 场效应管,-1
只用 这款 后来,0
范围 不错 觉得 耳机 可能 比较 放到 影响 考虑 这种 变压器 解析 适合 耳放 合适 低阻 一点 适应性 实力 发挥 单纯 一体机 输出 可能性 经验 更高 想要,1
失真 不是 降到 最小 最低 玩儿 尽可能 感念 措施,-1
顺路 手执 德系 同价位 认为 找到 找个 推低 方面 不同 每个 超过 歌德 价位 当时 合适 对比 听听 确实 胆机 推力 个人 感是 几个 耳机,1
耳机 支持 机器 感觉 对比 尤其 真是 国外 楼主 不少 视频 太贵,-1
一部分一部分 认可 大家 耳塞 部分 只能 可能 做到 耳机,0
声音 电源 树莓 不好 普通 线性 派用,-1
桑拿 长期 塑料 单元 不是 一下,0
场地 现场 提一嘴 下次 一点 真的 希望,0
足金 确保 解码,0
下潜 低频 中频 女声 音染 甜美 偏少 清新 靓丽,-1
机器 很大 底噪 退掉,-1
小船 有质 太行 仅仅 机线 变化 一体机 接入 重要 肯定 万元 部分 尤其 耳放 确实 音源 界面 这种 解码 直接 设备 二手 级别,0
下来 套子 改变 请问 不会 不用 声音,0
声音 失真 很多 进去 差异 只会 芯片 每个 奇怪 并联 个体 叠加,-1
很大 听感 差别 别用,-1
耳机 好听 人声,1
蓝水想 并不大 欧亚 担心 现在 提升,0
闲鱼 出门 新型 货要,1
目标 欧博 吹喇叭 现在,0
出来 一下 真是 音质 帮顶 用户 贵气 纯银 超值 出乎意料 好好 几十块 黑武士 回头,1
机壳 偏心 没谱 采购 阿尔卑斯 旋钮 假货 排除 机器,-1
对头 乌大乌 变态 无敌 真心 方面 友好 对比 低频 特别 高频 佩戴,1
变态 前端 有个 流行 是不是 平板 推好 能力 感觉 几个,1
还要 没有 拜亚 成本 结构 真是 似乎 成熟 螺丝 设计 低廉 流弊 更胜一筹,1
半塌 代用 再换个 还行 驱动 接近 单端 试过 成色 不好 平衡 原线 厚度 耳罩 一代 二代 不够 极其 建议 声音,-1
免得 标签 会进 用久 不停 维修 判定 没个 在意 猜测 当初 不好 一点 是不是 简单 不要 东西 有没有 没法,-1
便携 需求 性价比 没有,0
未知,0
不能 出差,-1
好听 听边,1
包个 海绵 就行了,0
听大乌 不同于 箱子 感觉 第一次 耳机,0
器劣化 仔细 功放 阻抗 结像 音质 严重 听听,0
雅马哈 真力 音箱,0
不是 问题 系统 预算 感觉 俩个 退烧 静电,-1
假话 愚人节 说真的 干嘛,-1
性价比 没法,0
大佬,0
无人 第三台 提及 下楼 群里 位置 至今 一致 情况 这种 需要 简单 设备 手机 一下,0
有点 以前 感觉 两个 明白 感情 突然 太快 发展 突兀,1
占位 强帖,1
未知,1
退税 欧元 大名 久闻 只值 两三年 白开水 持有 认为 德国 当时 下去 大概,-1
声音 左右 应该 不到 不是 比较 建议 最近 那种 状态 差不多 几年 木头 改进版 距今 要收 新型,-1
相是 不收 只收 上家 维修 来回 台湾 记得 人工 运费 百老汇 不同 耳放 难看 厂家 以前 有点,-1
黑神线 原来 区别,0
金丝雀 这是 输入 正常 一代 二代 问题 耳机 声音,0
喜欢 耳机,1
我用 不好,-1
觉得 有点 喜好 我用 每个 不同 好多 墨菊 比金菊 很难说,1
安心 搞好,1
日立 大些 西数略 小些 希捷 最大 硬盘 机械 噪音,-1
区别 很大 听不出 耳放 平衡 单端 就算,-1
数字 好听 播放器 环节 信噪比,1
区间 次于 台式 几款 索尼 弄个 足够 电脑 一点 素质 性价比 加个 没有 几乎 手机,0
前排 不好 位置,-1
淘宝 咸鱼 不能 接受 二手 不会 几乎 耳机 便宜,0
一二 战平 大白 接近 能否 歌德 价格 素质 推好,1
革命 红色 桌子 经历 感觉,0
胡言乱语 气急败坏 抹不掉 抵赖 篡改 某人 截图 防止 这下 编辑 哈哈哈 发现,-1
不错 特别 对比 以后 干货 文太少 借鉴 帮助,1
双子座 一下,0
乌糊 比大 结论 楼主 完全 声音,0
乌算 一家 劲浪 能量 高频 其实 比较,1
投影仪 充电器 类产品 电视 插上去 滤波 作用 开关电源 路由器 主要 盒子 音频 起来 设备 电源 时钟 系统 显示 手机,0
数据 层次 不是 比较 不会 知识 正常 不得不 相对 评价 国外 国内 老外 世界 暴发户,-1
手机 很多 不会 概念 提升 解码 耳放 高级 同意 没什么 上限 下限 同化,-1
觉得 好听,1
将要 拜亚 纠结 飘过,0
不明 二手 个人 质量 推荐 卖家 谨慎 责任 鱼上 时常 货源 参差不齐 不负 大耳君,-1
年底 好久 手上 之前,1
救赎 生克 经典,0
未知,0
应该 可能 比较 其实 成本 数量 几百块 磁铁 磁力,-1
比较 隔音 折腾 一根 好代 线省,-1
不错 价格 毛病 奶罩 感人 六万 挑不出,1
评测 分享 说明 只能 这种 级别,0
不是,-1
退烧,-1
耳机 明白 一堆 折腾 奇怪 新人 卖线 问东问西,-1
概率 比较,0
哥真牛 阿明,1
同龄人,0
已经 坐等 皮筋 大小 优化 胶水 从良 乌走线 腐蚀 走线,-1
声音 根本 知道 耳机 要求 产品 一下 比较 系统 别人 没有 东西 感谢 烧友 感受 以前 好听 感觉 推好 听得出来 特别 平板 不行 评价 一点 关注 商家 平面 真正 总结 参考 方式 发了 开箱 完成 一起 偷懒 采用 一是 恳请 发个 答应 事要 二个 合并 不便 做过 主观 表达 直观 高大 以防 误导 医耳 放下 好金 气动式 草医耳放 推金 最低 门槛,1
两张,0
觉得 建议 试听 不好 满意 别提,-1
可能 问题 需要 其实 低频 超级 唯一 试试 单端 百老汇 控制力 奶罩,-1
著名品牌 油画 梵高 适合 国产 完全 耳机,0
医用 工业,0
嚴重 中頻 問題,0
乘员 配色 不喜 系列 可惜 地方 看起来 试听 上海 有没有 不错,1
音乐,0
捣鼓 放弃 半天 觉得,0
呵呵 绝对 不少 日后,-1
拜亚 好像 后续 貌似 发表 新机种,1
不会 洋品牌,-1
转盘 用来 性价比 硬件 主要 操作 一类 台机 无脑 接机 一大帮 斯德哥尔摩 整天 拼命 起哄,-1
玩得 楼主 认真,1
仰望 大佬,0
渐长 年纪 小小的 以往 擅长 下来 架子 方向 发现 很多年 后来 歌德 森海 对比 更好 必要 感觉 大概 没有 比较 表示 一下 耳机 声音,-1
参数 差不多 性质 高价位 乐色,-1
不是 可能 问题 没有 选择 效果 是不是 交响 追求 不好 还原 满意 永远 录音 输出 位置 最终 太远 想要 究竟 混音 现场 疑问 循环 成品 感而 现实 高斯 指挥,-1
必要 古董 得到 粉红色,-1
播够 比数 多余 有数 多一些 体积 干扰 电脑 必要,-1
左右 估计 不会 喜欢 欧亚 淘宝,-1
声音 官方 知道 觉得 不用 一下 问题 没有 解决 看看 提升 完全 需要 反正 以前 感觉 研究 一只 正常 对比 听到 当时 习惯 后来 情况 音箱 继续 电脑 半年 发现 不敢 只好 突然 卡顿 关机 爆音 买来 一次 这货 索性 好多 睡觉 联系 不堪 脑放 仔细 提示 两天 死活 孩子 一会儿 神奇 直到 维修 一切正常 浮躁 休息 若有若无 一用 认不出 拆下来 烦躁 停下来 详细描述 不了了之 听带 周末 依依不舍,-1
一定 耳罩 不好 程度 頭帶 定期 更換 損耗 衰聲 怎麼,-1
两幅 红色 黑色 第三方 想换 容易 自带 耳罩,0
左右 根本 不错 比较 建议 进去 解决 前级 那种 人声 牌子 压力 喜欢 耳放 好像 音量 一点 平衡 差不多 依旧 百老汇 还行 电位器 控制力 体积 电容 偏音 上个 毫无 原厂 通吃 几块钱 对讲机 叫好 人换 点钟 耳放要 带调,-1
觉得 高端 耳机 比较 喜欢 大佬 楼主 文章 本人 摇滚音乐 曼森 涅槃 不起 隔得,-1
诱惑力 事儿 这件 头戴 活动 路过 确实 音乐 经常 比较 事情 毕竟,0
耳朵 玩玩 经常 当然 随便 差距 不在意 脑放 产物 附议 无可厚非,-1
有意思 历史 顶顶顶,1
更何况 瓶颈 宣传 噱头 芯片 界面 目前,1
漂亮,1
双买过 魅族 华为 原配 声音,1
走心 搞个 原线 楼主 升级 不会,0
大吉,1
支持 解码,1
不服 表示,0
应该 不是 设备 其实 理论 电阻 地线 传输 不同 电压 干扰 信号 事实上 波动 共用 很小,-1
成蹊 新出 双木三林 享声 数播 系列 马兰士 左右,0
塑料 美元 外壳 成本 可能,0
脖子 功夫 还要,0
应该 不到 已经 完全 解码 感觉 水军 背景 几篇 评测 莱尔 功劳 水文 穷到 请不起,1
声音 湖人耳放,1
说真的 好评 来看,1
没下盘 昨天 我刚 退掉 硬盘 起来,-1
问题 强烈 两个 交响 太大 习惯 变化 互补 适应 不大想 反差 清秀 走单 一绝 管乐 齐鸣 那一刻,-1
极致 觉得 比较 现在 合适 前端,1
声音 人能 比较 问题 时间 没有 发烧 其实 最好 退烧 实力 找到 认为 动力 聪明 精力 经济 早点 说出 晚点 执着 迟早会 没劲 早晚 固执己见,-1
声音 机器 更换 适合 是不是 管子 整流管 传说 中牛 哄哄 贵族 仿西电 我块,-1
德颂 知道,0
来调 科学 足够 音源 味道 推力 解码,0
居然 不了,0
查一查 型号 机器 知道,0
不错 耳机 希望 比较 二代 拜亚 听过 封闭式 这次 失望 给力 不怎么样,1
比较 有点 低频 不好 齿音 很棒,-1
沉重 细腻 稍微 有点 比较 声音,0
开博尔 类比 上大 这条 淘宝 现在,0
声音 有点 反正 现在 好像 旗舰 稍微 专业 性格 方向 大多 妥协 我选 会变 后者 听久 原则 随和 圆融 做作 假正经,-1
感恩节 优惠,0
觉得 价位 不好 玩家 大多 没人刚,-1
耸人听闻 说口 会信 台阶 好几个 同轴 差别 有点,-1
睡觉,1
似懂非懂 民科 崇拜 阶段 迷恋 停留 指标 确实 简单 几个 比较 测试 参数,1
丰乳 娇美 柔弱 印象,0
马勒 贝九 阿卡 十多年 一晃 当年 店铺 试听,0
很多 学习 之前 感觉 大佬 文章 先顶 肯定 拜读 未看,1
口气 提升 总是 知道,-1
加钟 舒服,1
比较 不要 升级 前级 影响 不差 管子 曙光,-1
精工 手艺 支持,1
简洁 老师 点赞 评价 接地,1
注塑 塑料件 塑胶模具 商标 模具 英文 内侧 做工 头梁 缺乏 看上去 不好 水准 可能 不错,-1
试试 其实,0
没看 运放 这耳放 分立元件,1
听得出 瑕疵 直观 细微 反应 容忍度 相对 西装 音源 素质 特别 明显 很多 觉得,0
换个 平衡 三代,0
不是 没用 一家,-1
鼠大帮 口好 平衡 原线 提升 浪费 耳朵,1
未必 前端 耳机 觉得,0
失真 耳机 有效 来说 提升 明显 本身 听感 确实 增加 耳塞 相比 划算 改善 频响 带来 亲测 如换,-1
延长线,0
琥珀 胆耳放 难忘 方程式 不见得 澎湃 几天 推得 饱满 低频 特别 几个 一下 不错 声音,1
前端 之前 不好,-1
顶顶 活动,1
真的 芯片,1
国行 开发 票价 拿下,0
声音 存在 不知 不是 版本 完全 以前 国产 感觉 是不是 中频 情况 或许 稳定 失望 劝退 个例 之下,-1
拿来 不要,0
入门 适合 好文 真切,1
参数 范围 知道 不是 没有 数字 完全 关系 好不好 到底 两个 必要 极端 频段 能量 毛钱 频响 在意 看出 多大 循序渐进 幅度 戛然而止 根本无法,-1
些许 感稍 更淡 电话线 直线 相近 个体差异 接近 氛围 拜亚 监听 非常 一条 声音,-1
觉得 一定 出来 建议 设备 不要 个人 听音 后面 素质 调音 马兰士 差距 芯片 想法 稍微 未必 大厂 取向 日系 选了 别看 一码 大街 口耳 白花 随性,-1
叛徒 楼主,0
拉二用 台机 爵士 推得 不谈 推不出 力度 便携 摇滚 流行 交响 推力 需要 很多 出来 根本,1
苏墨 太阳神 现场 转接 一根 接听 原线 大部分 流行 交响 人声 现在,0
做到,0
生成 晶振 重整 一片 方式 效果 直连 低端 树莓 时钟 之间,-1
不是 不了 两个 当初 一周 售后 改造 高登 良心 返修 急眼 反讽 忙不过来 将心比心 一档,-1
推到 灵音 一体机 便携 效果 以上 最好 很多,1
焊上去 勇气 下来 干脆 一张 复刻 焊接 手段 楼主 全新 需要,0
信服 结论 得出 楼主 测试,0
听出 平定 心潮 夜深人静 一双 住宅 合格 正规 金耳朵 差别,-1
不是 几个 所有 旗舰 吊打,1
同等 降到 以内,0
为啥 打不开,0
二手 成色 不算,1
发给 真是假 有厂 打假 正品 中介 塞子 对比 不行 看看 东西 里面 分辨 耳朵,-1
顶一下 烧友 其实 最后 纠结 平板 旗舰 担心 男人家 曾经 糟糕 品控 繁体字,1
论坛 监听 素质 高级 玩意 烧油 厌烦 大谈,-1
讨论 加老机,0
好奇 封闭 为啥 国行 小乌 拆封 看见 多仅 银乌大,1
音乐 折腾 享受 无需,-1
支持 真的 好文,1
误解 单端 平衡 是不是 机器 看来,0
估计 以前 更好 音箱 这是 英国 飞利浦 金标管 大盾 心得,1
微调 找到 目的 合金 变化 主要 合适 音色 喜欢 调音 低频 系统 搭配,1
不错 一下 解码 拿到 界面 确实 部分 刚刚 初步,1
烧友 原价 完全 正常 档次 价位 旗舰 玩家 土豪 复刻 相信 索尼 做工 宣传 这货 那万 万块 当回事 货颜值 十万八千里 当不起,-1
不足 味道 解析 不太 估计,0
随身 塞子 建议 移动,0
声音 声场 最好 解析 高频 最后 低频 横向 差不多 差点 纵向 立体 次之,-1
围绕 自私 逻辑 出品 小尾巴 世界 蓝牙 代表 需求 耳放 一种 那种 厂家 需要 不要 东西 别人 建议 还要 不是 产品,0
钱来 音乐种类 德行 歌曲 下手 中性 专门 看着 匹配 整个 不行 耳放 更好 适合 解码 二手 耳机,1
小姐姐 居然 厉害,1
下午 接待 仍然 拜访 翔声 前去 江南 受到 曾经 厚道 留下 十年 大佬 印象 厂家 试听 支持,1
幾成 能到 金寶的 編織 漢聲 祖師爺 編織線 作為 銀三種 單晶 鍍銀 單晶銅 等級 三種 還有 事實 機線 寶的 真金 假線 傻蛋 著金 個掛 金寶線 那個 較過 忽悠 功力 方向 索尼 照片 不好 差距 牌子 看看 知道,-1
不少 好像,1
砖有 两三万 发问 灵魂 出差 回家 来自 台式 随身 不香 必要 手机,-1
老头 亲测 英国,0
相仿 过越 从没 惊艳 是因为 年前 刚入 想象 塞子 楼主 大耳 听到 喜欢 一代 真的 第一次 感受 之前 声音,-1
玩玩 几个 不要 解码 起来 小时 以后 退烧 大家 稍微 想要,-1
叫座 北美 更小众 火不火 产能 不弱 叫好 归根结底 没人 毛子 半死不活 代理 国内 实力 美国 说白了 当然 关键 出来 有没有,1
声场 真的 腔体 不行 封闭式 垃圾 结像 勉强 振膜 金乌 挣回点 惨兮兮,-1
未知,1
出汗 寡淡 还过得去 感人 银乌 重量 乐器 耳罩 人声 有点 声音,1
楼主 耳机,0
有变 热机 价值 稳定 没有 估计 测试,1
馒头 有线,0
不出意外 但少 轰头 留下来 分布 搞了个 底子 充分 走向 下来 长期 新机 冷静 显得 驱动 差点 不足 规模 稍微 宽松 合理 端的 前端 没什么 满意 挺不错 意思 一点 三频 开阔 楼主 整体 横向 精致 氛围 低频 素质 高频 味道 感觉 目前 声场 试听 比较 出来 耳机 声音,-1
亚光版 缩小 阵子 变成 盒子 好像,1
觉得 耳机 出来 没有 影响 两个 更好 效果 确实 同样 不好 型号 发挥 同一 实际上 副耳机 经验 标准 因素 理想 玩意儿 说好,-1
口味 包括 三千块 歌德 楼主 二手 符合 几个 应该,0
蓝宝石 觉得,0
拿来 古典 流行 知道,0
口和单 同是 很开 拉得 后者 莱曼 立体 端口 端的 前端 平衡 横向 耳放 很大 影响 声场 问题 比较 耳机,0
不错 觉得 可能 起来 现在 真是 不在意 降到 男人家 不想 长期 只玩过,1
其实 二代 推过 我试 不难 过用,-1
很多 解码 性价比 相对 肯定 价格便宜 体积 比好 小巧 一大截,1
折腾 便宜 没法 还要 里面 呵呵 直接 使用 机器 其实 这种 功率 情况 电流 换个 保证 换上 动作 短路 保险丝 会烧 高压 五金店 毛买个 铁芯 原边 触发 一截细 铜丝,-1
声音 真是 了解 用过 一言难尽,-1
货真要 远离 无源 歌诗德 网上 几张 价位 算是 熟悉 最后 买个 前级 个人 建议 不是 觉得 不错 便宜,1
大菠萝,0
太贵 耳机 好看,-1
两个 流行 有人 鸡互,-1
银乌,0
万元 歌德 大耳 耳朵 毕竟 觉得,1
多玩点 乐器 不会 问题 应该,0
分离 通透 打问号 很闷 关注 气动 箱子 单元 解析 以前 起来 细节 耳机 觉得 声音,0
单元 真的,0
帖子 看不懂 呵呵 厉害,-1
新年好,1
感觉 好多 破音 第一首,1
手气 看看,0
胆机 一点 预热 最蛋,-1
声音 喜欢 挺不错 音染 当年 奶油味 细腻 股子 太过分,-1
知道 耳机 铁三角 考虑 现在 最近 选择 西装 不好 以后 旷世 套装 宣了,-1
很多 推力 平衡 上去,1
一档 将心比心 忙不过来 反讽 急眼 返修 良心 高登 改造 售后 一周 当初 两个 不了 不是,-1
明说 涉及 不好 价格 东西,-1
推听 黑胶 原创 古典 流行 更好 很多 不错,1
不及格 表格 两天 老哥 不到,0
远不如 看耳放 担心 古典 人声 应该 不用,0
一轮 线换 朋友家 两套 干脆 不同 平衡 看到 对比 两个 系统 不是 搭配 之间 耳机,0
说大奥 低级,0
不是 可能 问题 没有 选择 效果 是不是 交响 追求 不好 还原 满意 永远 录音 输出 位置 最终 太远 想要 究竟 混音 现场 疑问 循环 成品 感而 现实 高斯 指挥,-1
产品 很多 是否 怀疑 底噪 正确 判断,-1
旋转 波段 步进 开关 焊上 电位器 电阻 应该 声音,0
特例 普遍规律 存在,0
电源 需要 必要 以为 数播 差点 功放 水塘 开盖 全貌 两堆 明晃晃 买错 光主,-1
不好,-1
一定 出来 无损 测试 能分,1
方便 安心 塞子 享受 降級 買個 加個 直連 手機 退燒 音樂別 升級 別想,-1
不错 高端 已经 真的 插头 效果 欧亚 配上 淘宝 古河 主流 天花板 别买 记住 范登豪 散线 厂线 尾太差 店买米,-1
定制 搞定 准备 楼主 不是,0
好看 可能 没有 现在 外观 好像 看上去 个人感觉 蓝色 原版 悬念 最有 喷漆,1
体会 新年快乐 感动 楼主 希望,0
好看 明显 窗口,1
支持 试听,1
是不是 相对 不太好,1
金鱼 缸子,-1
东西 一段 完美 能录,1
比较 当然 随便 麻烦 保持 状态 折腾 小巧 线坏,-1
一千个 元器件 不是 耳机,1
骡子 视听 录个 就行了 知道,0
帮顶,1
一出 这毒文 版主 热度 方向 换线 改变 变化 超级 上来 喜欢 确实 性价比 估计,1
重质 紧实 靓丽 纤细 重量 整体 印象 低频 高频 符合 比较 觉得,0
耳机 不是 容易 几万 前端 搞定 振膜 才振膜 好歹 花元 妖艳 贱货,1
论坛 帖子 估计 前排 进来 大佬 帮顶 大部分 不敢 导致 啥意思 标准 等待 不火 参与 不好意思 亮家伙 观赏 珍品,-1
声音 高端 耳机 要求 电源线 一般来说 问题 系统 建议 预算 看看 声场 设备 需要 个人 感受 厂家 其实 敏感 国标 大陆 最后 更换 选择 换成 相对 均衡 追求 准备 通透 型号 个人感觉 全面 至少 差不多 表现 确定 体验 改变 方向 条线 带来 收益 销售 投资 静神 凝聚 书房 成品 一档 实价 取舍 分配,-1
垃圾 平衡 单端 机子,-1
信赖 今日 特此 海帆 成都 友情 报价 老黄 分钟 值得 感谢,1
真假 眼看 下运放,-1
几年 不值 一手 价格,1
交响 耳机,0
天籁,0
抓轨 苹果 软件 不错,1
耳机 垃圾 折腾,-1
判断 真力 一笔 确实 性价比 耳机 高端,1
声音 一下 没有 买过 有点 这种 拜亚 正常 基本 难听 电阻 内部 发现 没事 接头 百度 接触 库存 腐蚀 锈蚀,-1
刘听风 重要 路上 非常 发烧 一件 器材,1
搞个 转盘,0
算啦 原道,0
占楼,0
左右 高低 耳朵 一定 可能 完全 其实 一种 听感 单元 高度 一点点 差别 两边 位置 尝试 调整 挺大 相差 对称,-1
建议 耳机,0
无线耳机 发射 电视 接收 森海塞尔 蓝牙 整个 系列 音频 直接 方便 不是 耳机,0
采样率 控制面板 能用 就算 问题,0
一条 铁三角,0
业界 线质量 附带 良心 简直 反而 平衡 原线 唯一 老铁 现在 以前,1
觉得 不知 不是 版本 支持 只能 明白 是不是 似乎 后来 有人 普通 输出 驱动 一阵 今天 限制 一把 最高 着实 瞬间 哥们 激动 额前 得知 回事儿,1
过数 流媒体 剩下 主要 其实 直接 建议 玩玩,0
反正 目前 感觉 用来 这放 平衡 再贵 没用过,-1
一次 听说 学习,0
个人 怀疑 能力 那种 结构 电容 滤波 饱和 环牛 成分 很差 试下 电网 直流 回路 钳位 二极管 牛磁 抗磁,-1
折腾 等阵 冒烟,-1
超乐仕 台厂 伯乐 烦躁 例外 感到 毛躁 据说 典型 具体 型号 每个 相对 高级 对比 听得出来 推好 最好 需要 简单 感是 安定 动态 东西 不会 几乎 比较 耳机 知道,-1
老叶 目前 好听 动圈 喉宝 耳放越,1
刺激,0
耳机 之前 需要 老哥 折腾,-1
选择 低频 平板 流行 古典 氛围 过量 主听 属于 互补 恰当 差些,-1
搞定 随身听 旗舰 三代 难听 不是 一定,-1
平底锅 一点 更好 现在 其实 声音,1
未知,1
不用 恭喜 退烧 折腾,-1
兔子 升级 耳朵 区别 觉得,0
天龙 好点 头梁 杀人,1
便宜 玩玩 其实 现在 耳房 线路 成熟 完成度,1
不错 效果,1
别退 没事 为啥 后悔 两个 小时,-1
北京,0
标的 插座 输出 面板 设计 单端 以为 平衡,0
德奥 终极 是非 典型 必要 人声 这种 耳机,-1
没试 超级 只能 听说 一下,1
佩戴 劝退,-1
没装 驱动 解码器,0
耳机 毕竟 非常 人声 更好 喜欢 一点 好些 过气,1
不知 直接 真的 现在 高频 喜欢 一点 大师 系列 一体机 回来 直白 武汉 加听 听海 比硬,1
声音 安定 时钟 电源 音乐 完全 解码 投入 不差 只能 柔和 播放 电影 价值 模拟 数播 在于 游戏 搞好 净化 时当 时而 回报 三样,-1
没用 原线 平衡 顺便 下楼 主用,-1
搭配 不是 好声 随便 木碗 平衡 日系 最佳 德奥 之流 不易,1
桌上 电脑 只能 确实 放在,0
各有所爱 萝卜 纠正 白菜 米饭 回来 正确 以为 听音,-1
香榭丽舍 推高阻 绝对值 能力 我用 耳机 声音,1
耳机 素质 风格 只好 角度 不喜 毛病 王道 白搭,1
声音 耳朵 比较 不了 排除 假货 原因 一周 适应 厚重,-1
标称 京东 实际,0
支持 科普 插楼,1
数据 明确 做到 无损 问题 音乐 以前 不能 研究 有个 一点 重要 主要 不少 方式 技术 决定 记录 发行 载体 决定性 反盗版 复制 光盘,1
不错 实在 评测 强多 不知所云,1
最好 拜亚 难听 不好 动力,-1
太闷 塑料模具 点用 皮套 学学 耐用 做工 小心 干净 导线 设计 至少 过量 过头 舒服 水准 低频 拜亚 压力 耳罩 非常 不能 国产 完全 实在 很多 问题,1
多点儿 没贵 黑水 看样子 一米 划算 垃圾 成本 国标 电源线 觉得,-1
搭配 不是 老烧 当年 认可 不无道理 早出,1
电源线 直接 这种 折腾 不让 保险管,-1
机里 整台 天花板 部件 一起 设计 单独 音质 价格 隔离 解码 时钟 整合 出来,0
耳机 很多 确实 频响 频宽,-1
声音 觉得 浪费 比较 建议 不会 好声 解码 平板 平衡 实际 和弦 端口 拿来 本人 认可 坛友 很差 多个 好处 广受 没玩过 变暖 入转 出用,-1
直接 喜欢 音质 芯片 等于 噱头 说话 成品,1
声音 之间 区别 不到 速度 音频 差异 接口 个体差异 倾向 一丝,-1
沙发 先顶 看帖,1
朋友 两个,0
名字,0
好奇 测量 瀑布 看到 三代 现在 失真,-1
个人 当然 界面 更好 值不值,1
年轻一代 欢迎,0
太差 台式 单纯 描述 对比 随便 感觉 设备 手机 分辨 不是 出来 耳朵 耳机,-1
漫长 老一代 过程 上市 匹配 差不多 旗舰 用户 态度 对比 耳放 音源,-1
幻觉 产生 闭塞 火个 渠道 信息,0
库存 流连忘返 超值 一支 咸鱼 全新 性价比 拜亚 人声 非常,1
智商 这种,0
通通 避震 网播 硬盘 供电 功夫 只能 东西 没有,0
造成 缺陷 省钱 高阻 市面上 不好 相对 低阻 难听 高敏 素质 正常 不要 事情 器材 耳机,-1
分享 感谢,0
高清晰 处理器 战斗 能够 最大 音频 非常,1
确实 拜亚 之前 耳机 不错,1
明显 封闭 没什么 方面 木头 差别 做工 开放 缩水 看出,-1
发展 阻碍 中国 直接,0
合适 宝马 力帆,1
二手,0
并不多 谈及 帮顶 风格,1
经典,0
未知,1
玄学 检验 省钱 想要 太多 思考 实践,0
不错 搭配 比较 几个 没有 更为 声场 细节 耳罩 明显 高频 适合 低频 喜欢 自然 耳放 开阔 推荐 不同 全面 差不多 变化 突出 潜力 马甲 不喜 后者,-1
官方 支持 欢迎 试听 解码器 平衡 大家 兴趣 报名 分立 多多 第一款 飞马 请加,1
不会 类似 针脚 取代 协议 越来越少 始终认为 板间 非板间 串口 并口,1
应该 一下 速度 很多 不太 动态 有点 国产 感觉 那种 耳罩 解析 两个 不差 低频 对比 封闭式 相对 舒服 一点 分离 差不多 优势 略微 貌似 木耳 夹头 海绵 日产 要轻 掏出,-1
方程式 二手,0
大自然 气息 关键 声音,0
重要 的确 搭配,0
是不是,0
接近 个人感觉 高音 部分 自然 高频 人声 真的,0
谢谢,0
平衡 原线 楼主 明显 提升 直接,0
试过 好像,1
摩擦 地上 原来 塞子 价位 同样 左右,0
耳机 明白 一堆 折腾 奇怪 新人 卖线 问东问西,-1
报废 银龙线 店老板 有家 成都 年入 一米 达斯 改造 一根 回来 耳机线 正好 完爆 加工 原线 国外 不行 第一 确实 非常 真的 觉得 不错 声音,1
信息量 档次 可能 耳机,0
很大 听感 差别 别用,-1
大食 大功 出了名 声压 家用 一倍 这是 指标 灵敏度 推不出 就要 可怕 音箱 情况 功率 差距 耳放 非常 当然 其实 出现,-1
未知,0
平板 难听 推动 老老实实 方程式,-1
太细 改是 主要 成功 真的 比较,1
港台 加一点 肯定 刺激 流行 两个 二手 建议,0
声音 耳机 毕竟 搭配 二手 考虑 感觉 听说 两个 条件 平衡 玩意 说实话 方向 收个 小尾巴 有底 和暖 咯薄亮 厚风 魅族 高一,-1
大不了 有口 附带 数播 没什么 界面,0
个人 就行了 推荐 退烧 再换,-1
甚麼 請問,0
人声 喜欢 最干,1
不行 人声,0
失真 问题 已经 版本 以前 太小 低阻 音量 所有 功率 不少 输出 驱动 最新 管子 钻石版 驱动力 削顶 钻石 改用 输出功率,-1
厂机 台阶 磨过 普及 记得 元件 运放 机子 二手 不会 帖子 论坛,-1
接双级 单级 不接 接个 滤波 前面 弄个 功放 不行 耳放 音源 隔离 最好 思路 实在 不要 产品,1
听音 值得 风格 档次 肯定 不同 同一 折腾 就算 换线 换管 玩法 乐趣 总司令 心路历程,-1
良心 降价 确实 感觉 经常 不错 声音,1
不错 器材 搭配,1
已经 好听 现在 感觉 听歌 控制 脑放 串流 不住 起床,1
不好 价位 很多 耳机,-1
未知,1
四不像 意见 差不多 歌德 楼主 当时 东西 觉得 不错 知道,-1
助听 音特 全入 三节 佩服 当年 美的 系列 大部分 升级 烧友 已经 可能 器材,0
带来 更加 交换机 肯定 效果 明显 提升 线材 觉得,0
焊个 全力支持 日后 成品 俱乐部 外形 事儿 电路 问问 相比 能力 感觉 简单 不会 耳机 不错 声音,-1
易于 浪漫主义 巴洛克 分类 欣赏 古典 风格 大都 很多,0
还要 可能 问题 绝对 音源 刺激 大部分 原线 不耐 恐怕 改善 耳机线 原因 反而 走错 造成,-1
洗碗 更差 当初 半天 状态 耳罩,-1
相应 跟着 码率 推送 变化 选择,0
驱动 没什么 友好 厂家 要求 知道,1
个人 觉得 好看,1
品牌形象 如潮 超值 保证 上市 好评 不好 跳水,-1
玄学,0
没用 百万 之前 解码器 耳放 几十万 推过 暂定,-1
同时对比 有没有,0
音源 耳放 对比 态度 用户 旗舰 差不多 匹配 上市 过程 老一代 漫长,-1
两用机 功放 接口 看到,0
代得 主打 干脆 古典,0
手机,0
声音 觉得 没用 不行 认为,-1
突兀 发展 太快 突然 感情 明白 两个 感觉 以前 有点,1
声音 不错 方便 没有 感觉 原来 一对 蓝牙,-1
起来 硬盘 退掉 我刚 昨天 没下盘,-1
共模 干扰 噪声 楼主,-1
遥控 老实 方便,-1
范围 可能 现在 耳罩 质量 确实 差点 男人家 属于 消耗品 曾经 质保 耳棉 比路,-1
上心 商家,0
来说,0
需要,0
平衡 功率 放大器 耳机,0
同样 帮顶 蓝来,1
难道 从无到有 先买 最大 集成声卡 万元 解码器 提升,0
动态 基本上 好听 人声 耳罩 明显 本身 音质 一点点 适用 劣化 很窄 稍差,-1
情怀 立体 成熟度 性格 纵向 亮锐 甜甜的 冷声 平头 还行 系列 森海 耳塞 整体 横向 确实 高频 人声 低音 好听 声场 没有 几乎 声音,1
心疼 认为 音量 真是 耳机,-1
设置 驱动 问题,0
月球 九段 大佬,0
那大 玩意儿 一台 系统,0
很烂 比直 飞傲 确实 感觉 手机 区别 声音,0
里面 起码 真的 中频 玩过 推荐 好点 密度 英国 台式机 不及格,-1
能刚 密度 素质,0
好奇 一点 麻烦 电路设计 轻松 原厂 优秀 原封不动 抄来,-1
区别 里面 问题 基本上 前级 以前 机器 好听 非常 理论 音源 情况 推动 八爪 功放 折腾 专业 后级 到位 反而 大力 奇迹 合拍 民用 用用 世通 未为不可,-1
难分 线呢 真假 买好 古河 才能 即可 推荐 是不是 听说 一下 不错,-1
声音 已经 之前 有点 解码 考虑 感觉 眼睛 两个 耳放 听过 价格 充电 双十 两件套 千元 喜出望外 系列 闭着 咨询 行家 诱骗 方案 差不多 等到 试试看 小贵 酱油 贵过 先放 一放 下次,-1
已经 符合 简单 解码 细节 目前 真的 是否 后面 值得 直连 效果 推荐 丰富 通透 刚入 改善 入个 层次分明 调性,1
一战 手头 能否 旗舰 唯一 好奇,1
声音 细节 我用 解析 高频 不足 飘逸 透明度 金波 做出 琥珀,-1
邻国 同轴 太重 长得 木头 重量 好像 单元 不会 应该 耳机,1
用过 评价,0
集大成 选就选 最淡 重音 半斤八两 最低 最大 音染 密度 综合 老铁 调音 解析 最好 里面 声音,-1
更新换代 耳放脑 乱码 改变 始终 解码 升级 音乐 不是 器材 声音,0
忠实 这才 称得上 表达 能够 中正 还原 平衡 意思 相比之下 音源 比较 耳机,0
韭菜,-1
不错 没用 搞定 月底 乖乖,-1
祝贺 价格 机器,1
陆续 涨价 品牌 很多 已经,0
讲武 不好,-1
夕阳 张学友,0
声音 最贵 估计 机器 非常 转盘 差不多 参考 光头 读不出 那台 和弦 市面上 稳定 不出,-1
环节 方程式 专用 连接 一次 索尼 奇葩 接口 组合 问题 觉得 知道 声音,0
不大一样 精准度 结像 风格 确实 两个 很多 耳机,-1
好找 隔音棉 衰减 材料 合适 高频 以上 一定,1
小胆放 俄罗斯 换管 绝配 歌德 原配 音色 真的 建议,0
延展 看吧 再煲 两天 有所 差点 稍微 高频 感觉 提升 动态,-1
太重 确实 不错,1
木器 裸木 漆层 保养 这种 不用,0
大家,1
编号 耳罩 里面,0
不衰 搞懂 畅销 好听 觉得,1
耳机 区别 测试 问题 系统 明显 本身 底噪 必要 有人 音箱 有用 比较严重 手雷,-1
先发 强烈建议 开箱 评测 价格,1
络腮胡 不错,1
解码,0
事业 年初 京东 算是 支持,1
搭配 一下 无法 问题 感谢 感觉 最近 二代 研究 小不点 打算 楼主 准备 推荐 发挥 单端 遇到 淘宝 多谢 威力 情迷 无奈 老师,-1
七天 理由 退货 听听看,-1
这次 解码 搭配,0
数据 出来 希望 功能 问题 软件 很多 不会 没有 解决 解码 影响 当然 现在 类似 味道 一种 解码器 基本 风格 尤其 组合 均衡 播放 往往 内部 电脑 传输 一体机 优势 干扰 特点 噪音 导致 实际上 播放器 最大 今天 奇怪 调整 消失 过程 音乐风格 足以 初步 进行 实现 编辑 能够 数据流 好处 计算机 出身 数据传输 音频文件 原则上 误传 转化成 模拟信号 风扇 事实 充当 网易 特效 多种 固化,-1
声音 左右 知道 出来 有点 感觉 反接 相位 难听 交响 结像 喇叭线 一边 方向 正负 接反 一试 会糊,-1
确认 鼓励 等待 收货 大家 意思 系统,0
浪琴 手表 买块,0
声场,0
沼泽 沉迷在 事半功倍 大件 选好 软点 回直 主力 小点 之外 返厂 避免 电磁炉 从后 一体机 真正 成熟 保养 耳放 音源 非常 感觉 好听 声场 觉得 声音,1
过渡 难搞 剩下 推个 旗舰 信息量 万元 增加 国产 解码 预算 几个 比较 一下 耳机 左右,0
必经之路,0
省事 一体机 继续,0
乌就行 搞个 性价比,0
声音 失真 真的 腔体 相对 设计 频段 改进 带来 声学 完善 老款 听惯 一般化 更失,-1
类型 质量 听歌,1
档次 好评 看着 这头梁,1
声音 耳机 比较 有点 感觉 评价 均衡 不好 没什么 略微 特点 说实话 夹头,-1
不错 觉得 解码 刺激 一套 君子 朋友 放小 方盒,1
支持,1
恰饭 操作 用户,0
用来 蛋疼 音质 稳定 必须 驱动 天下第一 编曲 羚羊 毋庸置疑,-1
好不好 耳放 平衡 單端 問題,-1
平板 吓哭,-1
黑洞 超导 烧点 清明 量子 冷冻 单晶 建议,1
不会 没有 好听 意义 折腾,-1
觉得 应该 低频 金属 电子,-1
难看 漂亮,-1
耳机 级别 比较 这种 意义 界面 耳放 评价 合理 数播 分体 跟不上 没用过 不大换,-1
老爷子 确实,1
声音 一条 非常 监听 拜亚 氛围 接近 个体差异 相近 直线 电话线 更淡 感稍 些许,-1
看海帆 果断 一条 之前,0
比颗 刚买 是不是,1
水平,0
旗舰店 官网 没有,0
未知,0
价值 收藏 电器 毫无 清理,1
实在 不能 不行 必须 实木 海南 黄花梨 印度 小叶 紫檀 更差,-1
耳机 不是 已经 当然 最好 选择 性价比 素质 西装 铁家 传统 推荐 染色 太贵 在线 女毒 如今 太老 铁声,-1
退烧 下次 发烧 有钱,-1
声音 器材 不会 呵呵 使用 其实 现在 感觉 耳罩 见到 高级 真是 态度 相对 差距 帮顶 玩过 一段时间 特色 诚恳 审美 品位 平庸 国货 总体 说得过去 相比 容易 保养 习惯,-1
预算 准备 退烧 前端 投资,-1
发过来 幽灵 终于 帖子,0
用带 代与代 保险丝 中间 大小 古河 换个 清楚 原装 真的 不要 电源 很多 版本 声音,1
声音 耳机 水平 外观 真是 差距 旗舰 差不多 顶级 一流,-1
贵老 配合起来 看能 赶上 过段时间 弄个 手头 试试 不能 现在 有点 东西,0
真的 无敌,1
湖人,0
没有 早就 厉害 心态 玩意 三宝 到时候 纯属 开帖 喷死,1
接力 屋子 三五天 夸张,0
箱子,0
耳机 出来 问题 时间 很多 设备 其实 用来 调音 证明 参考 当年 推会,1
好用,1
有毒 年内 毒死,1
耳机 分辨 好不好 容易 数播,-1
退运 作假 二手物品 禁止 开箱 就算 发现 进口 二手 东西 要求,-1
不能 知道,0
欧好 能比 玩过 楼主 一代 二代 感觉 设备,1
沙发,0
解码 听说 好像 有个 没见 文杰,1
逃避现实,0
范围 没用 低频 细胞 回事 要死 脑细胞 惨用 耳聋,-1
价格,0
很重,0
老师 生活 丰富,0
注册,0
声音,1
要求 一定 以上 人声 低频 流行 摇滚 古典 中频 高点 爱丽丝 扁平 欧版 买版 多买,1
观摩 一下,0
群里,0
机器 特别 有用 避震 下功夫 效果显著,1
耳机 前级 听歌 必要 音量 完事 上个 科学家 靓声,-1
知道 耳机 烧友 解码 音源 调音 耳放 针对 困难 交流 咸菜 找个 冷门 过于 放该 少有 一个个,-1
有个,0
锂电池 别用线 好得多 效果,1
闲鱼 推荐 平衡 一条,0
玩玩 支持 呵呵,-1
要求 应该 最好 类似 琵琶,1
恢复正常 两下 扑哧 拍打 轻轻 覆盖住 用手掌 娇贵 摔过 试一下 振膜 稳定性 偏音 会有 普通 以后 说明 听到 平板 明显 耳罩 戴上 不会 经常 问题 耳机 声音,-1
觉得 耳机 系统 好听 明显 特别 更好 差距 以为 几千 为啥 一般般 不开 一万多 暴打 搞懂 火并,-1
声音 新版 楼主 全部 市场 特征 不妨 三款 感悟 退市 现存 所述 大相径庭 更有意义,-1
不香 分体 配台 能收 蹲个 加点 差不多 咸鱼 胆放 原创 一台 解码 估计,-1
漂亮 真是,1
觉得 可能 个人 其实 当然 非常 人声 解析 适合 拜亚 素质 更好 编制 流行 尤其 纤细 体现 极端 碰到 尖锐 器乐 大量 利器 独奏 特性 两款 合成器 电子乐器 伴奏,1
含金量 齐家 秘方 独家 玄学 避震 据说 位置 当年 机子 有意思 价位 十几年 调音 副牌 有点 东西 建议 入门 玩玩 做到,1
那可真 风生水 试金石 外号 想起 厉害 耳放,1
泛滥 同价位 太行 假货 一大堆 现在,-1
金刚石 钢琴漆 振膜 还要,0
高音质 大于 远远 收获 满足感 愉悦 获得 听者 减少 并未 低级 不解 组合 这种 感觉 现在 出来 器材 产品 声音,0
问题 东西 质量 从不 退货 包邮 顺丰 确认 发货 买家 售出,-1
基本 需要 提升,0
猜森海 回应 人们 以来 工程师 寻找 两支 融合 名字 做出 聆听 科技 瞬态 响应 试图 这支 认真 优点 静电 认为 一支 一路 缺点 动圈 一段时间 手上 明白 秘密 平板 成功 没有 系统 一定 耳机 声音,1
国产,-1
情感 评判,0
电源线 之前 重要 老外 杂讯 作用 科普 转发 好几遍 专家 文了 导出,1
上台 听听 随便 手机,0
同问,0
高端 要求 系统 空间 听音 理论 万元 好比 箱子 环境 多媒体 画面 房间 分辨率 影音 电视 不够看 精细 撑死 寸万级 投影 室米开 外挂 起少,1
高登 一代 考虑,0
矮子 女毒 拔高 只能 觉得,1
店里 听听看 明天 正好 参考 重要 肯定 细节 没有 可能,1
套房 七百多万 遗憾 北京 记得 有人 拿下 当时 价格 消息 不到 知道,0
受教,0
降低成本 国军 下一代 马上 内部 解码 直接,0
尴尬 挺不错 耳塞 比较,1
记住 新款 着重 明年 当年 上市 解码器 考虑 国产,0
胡桃木 比宙斯 看着 高级,1
羡慕 拥有 值得,1
不错 耳机 非常 箱子 平时 记得 保护 避潮,1
耳机 东西 解码 机器 买个 十分 喜欢 耳放 一台 不解 原来 一点点 玩大耳 非要 掉换 省略 同级 无非 耳放差 耳放好 适应 飞不出 花来,-1
直接 算了 没货 好像 那家,-1
耳瘾 深圳 展会 烧友,0
中频 不好,-1
草中 贵长 进一步 海外 看过 得到 评论 加持 缺点 改善 情况 唯一 用家 隔离 使用 声音,0
不是 问题 好听 非常 质量 喜欢 流行 水准 塞子 路上 主要 差不多 曾经 送修 黑武士,-1
线电 算是 晕倒 东西,0
断层 价格 调音 这种,0
天籁 端接 还行 感觉,0
活跃 清新 钻石 特点 欣赏 用户 乐感 个人,0
后来 好像 官方,1
手机 呵呵 当年 比好 没玩过,-1
舒服 音质 佩戴 耳机 声音,1
数字 解码 使用 耐听 部分 差异 电脑 数播 等级 同轴 回去 最低,-1
享声 乾龙盛 数播 大家 不行 起来 支持 估计 看来 声音,1
失真 耳机 要求 比较 动态 音乐 其实 当然 人声 曲目 所有 交响曲 增加 语言,-1
线材 建议 起来 感觉 人声 高频 自带 对比 尤其 手上 分析 宽松 发现 银彩 背景 密度 音染 有种 慵懒,-1
国产 厂家 瞎折腾,-1
芝麻糊 下水 耳罩 不要 已经,0
反正 推好 喜欢,-1
耳机 搭配 比较 感觉 厉害 整体 楼主 出色 好久 索尼 几次 层次感 观察 美化 渲染 一词 贵配 腰价,1
无用 说线 多到 丝带 不行 估计 觉得,-1
看来 耳机 提升 解码 感觉 耳放 不好 原来 一体机 安桥,-1
看好 再战 注册 流传 记得 拿来 文章 那会 经典 一代 现在,1
谈谈 特点 声音,0
同化 下限 上限 没什么 同意 高级 耳放 解码 提升 概念 不会 很多 手机,-1
一成不变 品牌 不是,0
不知 值得 全新 对比,1
不是 非常 素质 调音 总体 差一点 全方位 很值,-1
后者 不喜 马甲 潜力 突出 变化 差不多 全面 不同 推荐 开阔 耳放 自然 喜欢 低频 适合 高频 明显 耳罩 细节 声场 更为 没有 几个 比较 搭配 不错,-1
国军 加入 感觉,0
漫漫 前路 入坑 恭喜,1
翻唱 千寻 米仓 质量,0
试试,0
一半 打扰 价才,-1
视频录像 发布会 上传 后续,0
分离 摇滚 喜欢 应该 要求,1
更好 水平 不差 评价 国外 平衡 阿米 比强 可玩性,-1
包邮才 前有 卖掉 几年,-1
明年 一台,0
比较 差距,-1
环流 闭路 插座 问题,0
口齿 火炉 太重 耳机,0
代和代 几天,1
有耳放 歌德 没耳放 看看,0
声音 不用 预算 考虑 都行 喜欢 分体 天鹰座 二选,1
感觉 低频 皮肤 最老 一字版 震得 颤抖 轰隆轰隆,-1
声音 应该 不到 机器 差别 据说 很小,-1
发热 电压 内阻 低空 负载 差值,-1
顶多 切歌 梯子 放秒,-1
已经 需要 路线 朋友 退步 大多数 问小白,-1
不错 完全 不行 不耐 阻口接,-1
楼主 请教 设备 谢谢,0
没有 非常 听歌 确实 一台 差距 楼主 平衡 试过 兴趣 属于 打游戏 线会 若有 全能型,-1
能接 好玩 蓝牙 播放 比较,1
便宜 要求 听音 大部分 用户 满足 主要 一体机 不高 折腾 不爱,-1
弦乐 真的假,-1
交流 恭喜 设备,1
落后 两个 应该,0
楼主 好太多 明智,1
财务状况 森海 好奇 目前,1
声音 失真 高端 耳朵 做好 动态 当然 现在 最近 这种 多年 解析 胆机 刺激 好像 容易 追求 淘汰 有人 往往 思想 主要 为啥 稍微 几年 音染 特殊 普遍 提高 鲜活 技术 反而 缺少 高素质 严肃 不难 并非 石机 混响 偶次 谐波 透明度 瞬态 单薄 多一点 诚实 音乐味 温润 一味 排斥 如同 奇次 罪魁 不腻 不缺 发木,-1
这卡 线性 输出 耳机,0
化合 确实 老板,1
很能 飞利浦 千元,0
不以 用不上 见长 何庆华 推低 似乎 可能,0
算了 退烧 机子 索尼 太贵,-1
觉得 耳机 不用 耳朵 影响 口罩 非常 耳罩 最后 听歌 换成 音质 耳塞 舒服 轻便 平时 变成 介绍 戴着 完美 海绵 眼镜 贴合 试下 拆掉 小妙 夹得 套头 不太稳 鼻托处 夹个,-1
产品 几个 元素 直接 真的 特别 保留 外观 上来 垃圾 用户 设计 体验 材料 材质 讲究 剩下 限量版 独立 好好 限量 年代 或多或少 服务 致敬 量产 弄点 挖坑,-1
单声道 放个 差别 试试 严重 正常 两个 听力 耳朵,-1
不会错 果家 万元 流行 特别 觉得,0
文笔 不想 祝贺 说话,-1
从容 自信 天花板 大声 表现 展会 确实 非常 耳机,1
奶罩,-1
耳机 胆放 不好,-1
低噪 三万 电磁炉 索尼 轻微 输出 数播 还原 电脑 相比 差距 一台 手上 耳放 质量 音源 明显 我用 解码 没有 不会 很多,-1
系统 喜欢 听过 箱子,1
值钱 机器 目前 来说 可能,1
问题 烧友 起来 厂家 正常 必要 大家 重视 改进 能够 造福 黑而 黑有 改过,-1
有点 以前 厂家 难看 耳放 不同 百老汇 运费 人工 记得 台湾 来回 维修 上家 只收 不收 相是,-1
说用 距离感 直接,1
不错 好听 非常 素质 退烧 够用 耳放接 绕过,-1
一下 支持 沙发 听感 楼主,1
爱好者 搞笑 机翻,1
搭配 不是 老烧 当年 认可 不无道理 早出,1
耳机 耳朵 论坛 估计 喜好 现在 听感 只能 耳塞 类型 来看 多数 加上 普遍 闷糊 不煲 再细 吃亏 假货 遍地 中介,-1
声音 耳机 没法 已经 看看 实在 有点 感觉 多年 低音 投入 听感 音源 难受 耳放 价格 尤其 楼主 平衡 真力 电位器 一致 开发 温暖 一类 那款 配合 增益 贝斯 心脏 频都 清澈 剩渣 卖个 假大空 太薄 听要 放线,-1
自用 排除 以前 版本 声音,0
不佳 混合 单晶 原线 不至于 里面 官方,0
下潜 低频 中频 女声 音染 甜美 偏少 清新 靓丽,-1
偷着乐 闭门 长三角 交流 广东 烧友,0
觉得 音乐 直接 实在 看到 老实 不想 密集 恐惧症,1
脑放好 网线 强大,1
新派,0
一体机 电脑 部分 解码 里面,0
旷世 电流 放大 好像 耳放,1
不吃 转换 泛音 信号 用料 不好 光纤,-1
有点 电脑 复杂 好久没,1
声音 觉得 耳机 音乐 声场 推好 高频 适合 用来 素质 中频 唯一 欣赏 听会 听久 寡淡 不比差 薄不耐 一服,-1
欢哥 必需品 过得去 纯银 水平 明显 影响 一条 数字 系统 一定 电源线,0
措施 感念 尽可能 玩儿 最低 最小 降到 不是 失真,-1
耳放全 小巧 数播 一套 解码,1
微单 稍稍 索尼 往后 差不多 这种 参数,-1
强弩之末 能战 森海 拜亚 已经,1
专听 弄个 金属 关注 打算 流行 编制 强烈 已经,1
比爱版 算不算 罗版 好听 觉得,1
味道 柔和 万元 高音 旗舰 搞好 大方向 不输 最重 偏干,1
声音 耳朵 不要 直接 千万 继续,-1
不好 大耳直,-1
大乌 适合 感觉,0
六七千 搞定 一套 二手,0
冷门 歌德,0
比较 不会 几率 行货 正价 有假,-1
下载 新版,0
只能 说明 管子,-1
不会 难看 单元 外观 容易 歌德 设计 导致 避免 接触不良 连接处 以往 双股 扭线,-1
买过 感觉 好像 机个 仿耳放,-1
北京 样机 现在 没有,0
澄会 好些 参考 不会,1
建议,0
家里 别墅,1
区别 线材 几个 真的 高价 注意 调音 尤其 差异 同一个 不同 俩个 老烧 全面 超越 一部分 市场 水分 鱼龙混杂,-1
淘宝 棉被 打折 高仿 掀掉,-1
平直 就算 动圈 旗舰 平板 低频 下潜 很多 做到,0
何必 这种,0
流行 喜欢 人声,1
折叠 更高品 走向 库存 就算 用料 外壳 不好 高级 全新 单元 更好 不可 素质 基本上 知道 声音,-1
上来 以后 烧鸡 开机 几分钟 胆管 猴急,-1
区别 没有 二代 一代 好奇 这次 一体,1
中正 顶级 分析家 密度 大气 超级 素质,1
不错 比较 人声 流行 歌德 日系 多种 奔放 分好,1
正在 这款,1
西边 猪能 大汉 坐个 太阳能 脑放 旁边 美女 打开 影响 出来,0
知道 耳机 不用 要求 不是 正在 总是 问题 很多 不会 东西 基本上 实在 不了 其实 大都 老板 更好 喜欢 是不是 无论是 开口 音响 反而 平时 成交 无聊 一天 店里 眼神 买卖 快餐 生意 指望 进门 点菜 买单 客人 呆坐 人品 太差 侃侃 投机 精着 光是 十之八九 点想 直说 正忙着 愣头愣脑 自讨没趣,-1
耳朵 只能 不好 说直,-1
厦门 老哥 请教 耳机,0
包间 大得多 大声 音量 必要 正常 没有 已经 比较 测试 觉得 声音,0
夸成 能比 相信 手里 清楚 耳朵 耳机,0
国砖 哪款,0
转录 黑胶 底噪,0
真质 文赞,1
顶头 还好 耳罩 有点,1
耳机 人声 听说 差点 打住,-1
器材 音乐 好事 安心 折腾,-1
声音 耳机 搭配 比较 几个 起来 目前 不能 最后 流行 舒服 一点 试试 玩过 为主 以后 一两个 变化 太多 歌手 留下 录制 比低 双修来 银乌能 国家队 欧美经典 大气磅礴,1
能否 动圈 强于 习惯 平板 接受 应该 耳朵 声音,1
两片 解码,0
群里 代买 众说纷纭 回来 厉害 统统 设备,1
哈哈哈哈 附送 研制 早点 换购 马上 专用 接口 耳放 两个 前级 升级,1
顺滑 高频,0
不错 试听 细节 难听 力度 活动 说句实话 惊艳 一波草 割起来,-1
帮助 借鉴 文太少 干货 以后 对比 特别 不错,1
這兩個 一起 天差地别 路子 放在 比较 耳机,-1
最好 不好 动力 拜亚 难听 封闭式,-1
差距 正常人 频响 木耳,-1
不错 搭配 建议 二手 大概 买个 效果 合适 管子 两千多,-1
家得 开裂 早期 箱子 容易 最好 版本,1
触电 机壳 电流 意思,0
红心 师旷 很漂亮 灯光 之宝 李工 晶振般 我入 黑胶 老骚 货该 总部 上入 成溪 没用过 卖家 块钱 晚上 上个月 蓝牙 英国 唱片 处理 到手 代理 闲鱼 满意 普通 全新 相当 后面 考虑 好听 机器 解码 别人 方便 建议 很多 版本 不错 知道 声音,-1
声音 更好 一段时间 发现 归零,1
迭代 产品软件 社区化 更新,0
耳放调 调到 实际 说明 肯定 音量 理论 纠结 听不出 最好 数字 方便 很多 问题 区别 根本,1
一大截 小巧 比好 体积 价格便宜 肯定 相对 性价比 解码 很多,1
挑衅 扼杀 主意 降维 打击 降价 进行 平面 是不是 平板 左右,0
国行贵,0
无损 张学友 差不多 有损 玩意儿,-1
觉得 产品 估计 二手 前级 以前 真的 不能 本来 适合 自然 韭菜 耳放 外观 不行 万元 实际 一体机 搞个 性能 只好 真心 多元 样子 售后 翻倍 效应 光是 出个 开脑放 产品线 招牌 能割 行别 年头 作罢 骚家,-1
一定 出来 估计 绝对 其实 看起来 人耳 基本 差距 单个 全面 综合 程度 听不出来 指标 之后 说不定 哪家 好多 下来 谐波 失真度 并不大 会测 全测 洋洋洒洒 好几页 看得懂,-1
停产 型号 讨论 便宜,0
返璞归真,0
适不 帝亚兹 到时候 马上 到货 比差 楼主 真是 平板 适合 推好 看看 耳机,-1
耳放 流行 欧美,1
气动 单元,0
单机 两个,0
下一代 气动 消息 已经,0
背着 火车 飞机 地铁,0
耳机 不是 刺激 并非 直白 雾蒙蒙,1
意外 挺不错 当时 其实,1
香格里拉,0
很大 最近 确实 差距 几天,-1
所谓 喜欢 千金难买 心头 珍贵,-1
耳朵 更好 楼主 文章 佩服 全文 拜读,1
两个,0
三种 很大 区别,0
好几千 这点,1
知道 以上 厉害 至少 试过 升频 大神 最新 滤波 之处 版升频,-1
略偏 偏小而 量少 偏亮 不小 貌似 整体 调音 低频 声场,0
建议 看不懂 谢谢 有点 更好 大佬 有时候 推荐 具体 名字,1
版好 很少 确实 见到 二手 东西,1
转到 过于 网播 折腾 满足 最好 感觉 很大 提升 直接,-1
世界 同款 请教 插头 升级 烧友 感谢 一下,0
直接 喜欢 音质 芯片 等于 噱头 说话 成品,1
开挂 腿毛 声音,0
期待 升级 纠错 密集 退步 接下来 革命性,-1
铁三角 现在 这种 舒服 原来 飞翼 护垫,1
加个 解码 推好 一体机 搞个 灵音,1
声音 知道 问题 系统 没有 电源 我用 当然 感觉 调音 是不是 当时 普通 差不多 样子 凝聚 真用 发散,-1
耳机线 明白 感觉,0
光纤,0
初烧 搞定 折腾 平衡 二手,-1
美特 牛逼音 关注 一下,1
水蓝 蓝水 差别 感有,-1
未知,0
太脆 耳机,0
参数 做到 应该 级别 无法 可能 几乎 没有 动态 电源 设备 树莓 数字 大概 实在 有点 这种 非常 十分 两个 尤其 似乎 看到 需求 同样 超级 试试 串联 身上 重要 表现 三星 以下 真正 大家 模拟 玩意 不敢 还行 电容 索尼 哪家 滤波 内阻 响应 用电 单位 电感 离谱 大多数 胜任 用途 惨不忍睹 天下 组个 锂电池 那才 阵列 依靠 等效 提过 测定 脉冲响应 聚合物 电解 毫欧 数字电路,-1
搭配 一下 无法 问题 感谢 感觉 最近 二代 研究 小不点 打算 楼主 准备 推荐 发挥 单端 遇到 淘宝 多谢 威力 情迷 无奈 老师,-1
恭喜,1
稍为 挑战 越级 换个 价位 一下,0
好奇 来看 普通 新品 主板 享声 对照 工控,1
不错 耳机 要求 比较 估计 没有 试听 符合 意义 非常 听音 听感 基本 音源 耳放 相对 参考 一副 联系 搞不定 优秀 参考价值 频谱,1
声音 知道 关键 档次 重量,1
骄傲 致敬 毛病 退烧 楼主 真的 级别,-1
封闭式 最好 拜亚 难听 不好 动力,-1
声音 觉得 比较 没有 请问 质量 前端 不值 失望 感一耳,1
好像 一头 样子 造型,1
应该 直接 店家 编号 顺丰 一位 发给你 发走,1
绝对 最好 平板 万元 不好 称霸,-1
治好 多年 颈椎病,1
后文 帮顶,1
未知,0
应该 论坛 问题 好多,1
臭纯 嘴巴 米饭 不少 音质 是不是 感受 个人,1
兆欧 匹配,0
高频,0
神教 已入 情怀 明白,1
感到 转成 楼主 所有 音源 我用 没有 问题,0
购买 渠道,1
很多 耳罩 听说 不错 宙斯,1
输出 随身听 音量 耳放 降低 经常,0
从来 没关系 心态 退烧 器材 级别,-1
声音 几个 没有 东西 高价 一代 耳罩 听过 远远 大于 差异 垃圾 大部分 实际 编号 程度 差别 上天 是因为 出掉 初版 橙色 无非 成分 造成 炒作 说好 新旧 远大于,-1
愉快 玩得 祝您 老板 谢谢,0
上放 单端 平衡 非常 机器 需要 觉得,1
输出 没有 声音,0
耳机 不是 实在 差距 原线 线有 纯银 铜线 太渣,-1
推算 中性 极致 差异 评价 三代 低阻 古典 喜欢 素质 拜亚 二代 考虑 目前 比较 声音,-1
声音 版本,1
确实 差距 比好 台式 拉开,-1
占用 桌面 组合 一半,0
看来 觉得 做到 不是 可能 时间 很多 没有 元素 感受 好听 听歌 不得不 流行 刺激 文化 过后 市场 足够 日本 不耐 导致 完整 显得 反而 老歌 歌曲 迎合 好多 切歌 表达 编曲 嘈杂 不怎么样 华语 快餐 流行乐 旋律 年轻人 新歌 听觉 强调 主次 起伏 一味 三十秒 开头 就让 如今 日语 顺耳,-1
高端 不是 低端 选择 所有 一点 容易 一堆 最强 集中 力量,1
薄弱 一体 播放器 便携 低端 解码 没法 根本 声音,0
就行了 必要 麻烦 塞子 传到 好点 玩意 折腾 插个 电视,-1
矩声 当年 一听 风格 那种 解码 觉得,0
代言 张靓颖 支持,1
十个 难道 一次,0
不知,0
搭配 考虑 感觉 合适 运放 找到 磨机,1
已经 支持 没有 解码 以前 这种 模式 不行 后来 不好 输出 旷世 直出 放弃 协议 谷津 海贝 办法 安卓,-1
不会 差别 振膜,-1
帮顶,1
现在 口碑 很漂亮 隐士,1
手机 方便 支持 使用 不能 音量 不好 控制 遥控 红心 遗憾 遥控器 按键 进快,-1
觉得 可能 意义 相对 总体 每个 参考 在于 频响 最准 一大群 认知 偏差 大得多 个体差异 人头 补偿曲线 很准 公差 最小,-1
试听 机会,1
耳机 问题 二手 以前 全新 后来 情况 平衡 差不多 客服 寄过去 一张 联系 一根 免费 包装 换购 说明书 前不久 裸机 质保卡 盖章 收据,-1
选机,0
比起 口径 腔体 差劲 包围 风格 魔幻 混沌 仿货 真货 只大 第一 低频 喇叭 类似 有点 耳机 知道,-1
声音 好听 随便 一体机 随身 米饭 瞎折腾 搞搞 将来 有福气 老弱病残 风烛残年 老家伙,-1
三宝 兄弟 用过 界面 提升 觉得,0
现在 一代 白菜价,-1
声音 电源 声场 不了 音源 不好 个人感觉 好点,-1
双买 优惠,0
数量 必然 过来,0
论坛 放毒 退烧 不上 神仙 各路,-1
要死 劝退 耳罩 直接,-1
声音 知道 有没有 产品 定位 东西 空气 之前 国产 其实 中国 牌子 价格 几百 不好 操作 机子 加上 代理 当年 小白 加持 分钟 降价 毛病 国家 代理商 关税 炒起来 贵不说 那分,-1
我大 后果 天下第一,0
不错 一下 喜欢 第一 听过 印象 差不多 反应 先看 发帖 日期 年前 续航,-1
参数 范围 知道 不是 没有 数字 完全 关系 好不好 到底 两个 必要 极端 频段 能量 毛钱 频响 在意 看出 多大 循序渐进 幅度 戛然而止 根本无法,-1
太紧 感觉不好 夹头 拥有 值得 非常 好听,-1
显示屏 本质 外接 电脑 遥控 使用 需要,0
变得 不想 折腾 听听 耳放 界面 随便 不能 就行了 解码 提升 建议,-1
播放器 调音 大法,0
耳机 更为 买个 耳罩 他家 实际 粗糙 换个 反而 耐用 娇贵,-1
不错,1
绝缘体 中奖 反正 顶一下,1
差一点,-1
声音 不错 出来 版本 以前 国产 好听 其实 现在 低频 印象 三频 差不多 不少 一体机 稍微 改善 大多 入个 人云亦云 干什么 均匀 水润 烧们 旧版本,-1
淳朴 哪里找 现在,0
听听 推送 频后 比耐,1
蓝牙 恶心 目前 支持 啥时候 不是,1
玄学 解析度 不够 很大 影响 解码 系统 很多 可能 不是 电源线 觉得,0
建議,0
声音 知道 有没有 产品 定位 东西 空气 之前 国产 其实 中国 牌子 价格 几百 不好 操作 机子 加上 代理 当年 小白 加持 分钟 降价 毛病 国家 代理商 关税 炒起来 贵不说 那分,-1
越低 降到 干扰 间隔 讯号 隔开 串扰 叫做 学术 线上 引起 互容会 互感 略微 性质 端口 交换机 不同 信号线 每个 噪声 必要 数字 东西 区别 之间,-1
刺激 差不多 发现,-1
是否 交换机 干扰 连接 带来 避免 网线,-1
吹牛 张图 实际 看看 没有 耳机,1
自用 加耳放 桌面 办公室 后续 一体机 推荐 适合,0
不太够 或者说 反而 立体 纵向 不足 相对 横向 更好 起来 有点 声场,1
出来 不是 问题 解决 这种 最好 类似 那种 只能 三个 垃圾 不好 电脑 稳定 干扰 性能 不足 供电 信号 专业 找到 够用 保证 缓冲 屏蔽 原因 杂讯 尽量 同轴线 分支 调高来 主口 且口,-1
声音 看来 估计 味道 高频 先天 刺激 大部分 容易 以下 刺耳 不耐 能量 太多,-1
声音 官方 搭配 线材 系统 需要 机器 就行了 当然 一台 没什么 排除 楼上 改变 换线 一根 改动 更差 调皮 远比 锦上添花,-1
品质 输出 数据,1
遗憾 版太 原厂 平衡 一代 没有,0
宝卖 曾经 运放 看到 家里,0
耳机 不会 东西 失望,1
搭配 能响 好听 素质 算是 耳塞 不好 至少 随身听 优势 程度 驱动 索六 大振 费电,-1
越近 通断 开关 插座 控制 附近 当然 没有 方便 电源线,0
够低 分频 好几 兄台 公斤 喇叭 知道,1
黑神 给力 电源线,0
有趣 功放 单端 平衡 耳放,0
原创 古典 适合 人声 请问,0
不择手段 引导 青少年 获取 消费主义 创造 资本 赚钱 家长 孩子 收入 说法 往往 消费 地方 没有 应该,0
真力 不错,1
答案 比较,1
看来 耳机 实在 有点 调音 喜欢 风格 只能 换个 放弃 海绵 买不到 舍不得,1
谈不上 我会 推荐 歌德 预算,0
别关 开着 关掉 这货 热机 稳定 界面 需要 不要 时间 一定,0
音区 电位器 以下 一部分 大概,0
耳机 应该 浪费 铁三角 感觉 推好 监听 素质 低频 不行 不太能 楼主 声底 旗舰 目测 电脑 发挥 参考 优势 干净 头戴 高阻 买回来 打游戏 强劲 倒也不是,1
绑定,1
刺多 三天 银乌 很强 愿意 能量 整体 价格 确实 水平 高频 最近 有点 不错 声音,1
耳朵 不到 感觉 人声 歌德 毒性 做不了 注定,1
理解 楼主 深刻,1
超万用 耳放加 台式 一万 电脑 肯定 底噪 解码 没有 线材 不到 耳机,0
设备 只能 所有 我家 书房 养猫,1
高端 耳机 不到 没有 目前 最好 听过 听听 不好 型号 出色 女声 包括,-1
声音 声场 开阔 圆润 大气 控制力 超强 表现力 卓越 宏大 灵性,1
小船 就够 肯定 流行 界面,0
考虑 太贵 能用 一百块 凑合着 塌陷,-1
本人 上限 满足 推荐 价位 楼主 使用 正在 应该 要求 声音,0
白玉 翡翠 单口相声 刘宝瑞 先生 珍珠 一段 有空 楼主,0
西电 适合 电源线,0
缺少 可惜 器材,0
好文 玩意 很感兴趣,1
太重 申请 试听 玩玩 耳机,0
不乏 建筑 一栋 太多太多 第一步 一块 人用 指标 功放 仅仅 驱动 参考 重要 音箱 功率 只能 地方 成功 水平 考验 不错 声音,1
所困 六尘 不净 六根 施主 原因,0
声音 耳机 不到 没有 个人 低音 那种 非常 更好 确实 交响 尤其 高音 通透 接近 华丽 认为 飘逸 扎实 也许 音乐会 现场 味精 比闷,1
推鼠 无脑 电源线,0
煲机 不用,0
欧洲 格雷,1
好不好 耳放 平衡 單端 問題,-1
耳朵 分辨 里面 东西 看看 不行 对比 塞子 中介 正品 打假 有厂 真是假 发给,-1
耳朵 二手 完全 好听 喜欢 合适 歌德 震撼 感兴趣 失望 升级版 下来 大白 收不到 比不上 来得 我收,-1
真人 要不了 原型机 初音 智能 迟早 机器人 自动化 不算 未来 保证 多久 乐器 人声 现在 完全 比较 无法 分辨,0
多少度 能热到 赶快 机器 看看 试听,0
差距 几条 一项 没差 拉开 光密度,-1
不错 已经 升级 准备 超过 老何 高档 解码,1
定位 不是 现在 价格 垃圾 旗舰 不高 导致 当初 是因为 认可度,-1
不要 直接 以上 牌子 打开 以下 扩流 搞不好 踏踏实实 欧洲 分立 东芝 假洋鬼子 澳洲 美洲 铁壳 普普通通 磨片 一百 百元,-1
这颜值,1
设置 播放器 没装 驱动 音质 影响,1
定制 偏音 电位器 音量 没有 问题,0
歌德 退烧,-1
享声 性价比,1
一个多 家才 大耳 小不点 单元,0
已经 上线 不会 绝对 流行 足够 中端 德奥,-1
好听 难听 一点 古河 旧款,-1
新专辑 常见 发行 再次 老歌 比较,0
入手,0
论坛 帖子 回复 已经 出现 高价 大佬 一段时间 有人 口水 装备 貌似 绿坛 突然 回来 哈哈哈 智商 总有 神棍 尝鲜 螃蟹 要火 跳墙 急不可耐 死去 暴增 不外乎 一地 挑事互,-1
声音 可能 估计 很快 二手 关系 现在 非常 音场 不好 超越 不少 闲鱼 流畅 透明 超值 低于 不断 走低,-1
级别 二代 流行 好像 差不多 搞个 银乌 听小编 不美哉,-1
怨电 国家电网 无关 不好 只能 机器,-1
不是 退烧,-1
人声 喜欢 流行,1
可能 呵呵 没有 我用 感觉 明显 难受 舒服 后来 身上 突出 改进 得到 按摩 设计师 疗效,-1
出来 机器 这事 难听 有个 设计 太行 原版 疑问 抄袭 黑锅,-1
不错 电源线 原装 成色 欧亚,1
产品 很多 感觉,1
有强 怪味 找到 专业 替代 以下 没什么 至少 全面 旗舰 价位 翻车 素质 乐感 这种 提升 没有 不会 一般来说 声音,1
底座 比较,1
试听 一套 了解 画眉 本人 强太多 太多大,1
比较 看起来 得来 换运放 文字说明 可玩性,1
平铭版 精髓 凸铭版 滤网 肥厚 后期 早期 声音,0
实在 买个 喜欢 木碗 便携 外形,1
看起来 倒角 太大 胖胖的,-1
耳机 空间 明显 折腾 争议 优缺点,-1
不错 效果,1
存在 没有 意义 单端 推不比差,-1
指正 交流 听感 以上 个人 欢迎,0
忽视 推个 价位 音源 非常 不能 解码,0
菜鸡互,-1
在线 注册 半年 小时 做到,0
那帮人 一说 蒙人 电路设计 几年 看来,0
不知 建议 不会 预算 好声 空间 适合 耳放 增加 几率 分开 不难 床头 机和耳放 选择面 大太多 多少倍,1
倒货 黄牛,1
稳得 一批 组合,0
有线 不算 美元 超过 入门 应该 耳机,0
差个,-1
要求 可能 敏感 不好 普通 环境 金属 总结 刺耳 录音 温暖 无论如何 盒式磁带 高歌,-1
蓝牙 潜力 找个 前端 至少 大耳 便携 最好 有点 手机 耳机,1
之间 动态 非常 验证 发现 采样 突然 不难 数码味 创造 变换 方波 这时候,1
正常 左右,0
觉得 试听 最好 音质 试试 日本 索尼 精选 免费 在线 商城 有首,1
真假 换成 真的 不明,-1
有个 情况 规律 性能 体积 材料 电容 技术 是因为 损耗 漏电 越高 代价 通常 越差 容量 比容 电解电容 高容量,-1
器材 还好 咸鱼 从来不 换下来 磨改,1
苦衷 简陋 体会 上班 能够 一点 支持,1
比较 设备 听歌 音源 喜欢 来看 电影 粗糙 主板 格式 多次 倍频 仔细听 原味,-1
双工 网线 方向 没有,0
不到 国内 貌似 代理 弄出来 骗钱 货官,-1
套个 罩子 娇贵 原厂 耳机,0
反而 值钱,-1
储能 弥补 滤波 技术 不足 插排 动态,0
手机 呵呵 当年 比好 没玩过,-1
声音 知道 设备 升级 厂家 最后 调音 喜欢 居然 至少 年前 还算 中规中矩 听来听去 骗钱 怪声 规规矩矩 新花样 变着法 子来,-1
碰巧 说到底 胃口 数码味 不合 一贯 索尼 说实话 染色 肯定 习惯 摇滚 喜欢 拜亚 味道 明显 那种 真的 应该 失真,-1
青楼 像是 听童丽,0
区别 解码器 部分 电脑 设计 干扰 瞎折腾 受到 差会,-1
舒服 楼主 功力 排版 很显 怒赞,1
推全 四针 连接 平衡,0
代理 现在 不了 没有,0
二种 我用线 硬而脆 皇冠 银彩单 丝滑 柔润 金星 世界 纳米 超越 丰富 风格 喜欢 好听 细节 很爽 声音,1
是泽丰 太子 转接头 效果,0
占个,0
甩卖 清仓 意思 价格 现在 之前 几个,0
说出 终于 楼主,1
未知,-1
入金波 楼上 两位 设计 推荐 胆放 打算 谢谢,0
休眠 自动 屏幕 持续 信号 播放 一段时间 音频 机器 没有,0
耳机 交响 顶级 欲望 现有 无感,1
就算 游戏 看到 听歌 两个 时间,0
时间 一分钟 平均 一首歌,-1
好几,1
稳妥 金银铜 碰为 偏风 亏出 不耐 刺耳 极端 半天 直呼 收过 闲鱼 镀银 铜彩 发现 金属 信号线 解析 感觉 提升 觉得,-1
支持,1
就行了 影响 直接,0
允许 财力 动圈 只能 看看 不错,1
不了 不至于 原线,-1
现在 低频 编制 耳放 古典 烘托 氛围 原线 很少 谷津 挺足,1
应该 解码 音源 三个 耳放 不行 原线 平衡 不好 换掉 电路 二个 不给力,-1
忽然 大幅 却是 高清 鄙视 流行音乐 是因为 发现 同意 古典音乐 古典 流行 解析 非常 好听 提升 系统 耳机,1
档才 第五 四档 不带 旋钮 平衡 音量 出声 声音,0
耳机 没用 好听 还好 不住,-1
这种 学习 支持,1
声嘛 咔哒 卡扣 之后 到位 听到 明显 耳罩 不是,0
声音 问题 解决 感受 使用 不好 依然 体验 属于 毫无疑问 售后 结合 能用 各有千秋 保障 类产品,-1
发言 基于 理论,0
明纬 稳定性 开关电源 一流 做工 功放 几年 确实 买过 数字,0
期望值 文案 国产,1
肌肉 颈部 锻炼,0
好近,1
最起码 人声 机器 不错,1
躁动 按住 平衡 原线 大佬 感谢,0
耳机 第一次 试音 一段 记得 城里 用暮光 森林 没想 流泪,1
觉得 耳朵 不到 搭配 乐感 相当 流行 意思 意外 出色 差点 影子 相反 吊锤乐图 小尾巴 改进版 简直 相得益彰,-1
胡说 碰上 赶巧 年纪 解渴 威家 听来听去 转转 兜兜 几句 规整 提问 走向 白开水 兄弟 中间 哈哈哈 定制 兴趣 变化 不少 准备 出彩 感觉 现在 是否 升级 问题 比较 可能 帖子 不是 一下 耳朵 知道,1
发烧友 才能 毛病 便宜货 一窝蜂,1
楼主 感谢,0
不是 人声 推力 平衡 试过 单端 收过 大大 一周 精音 白开水 无穷,-1
马兰士 价位 机嘛,1
测试 估计 没有 稳定 价值 热机 有变,1
稍差 很窄 劣化 适用 一点点 音质 本身 明显 耳罩 人声 好听 基本上 动态,-1
恭喜,1
价格,0
上耳放,0
了解 工程 确切 喷泉,1
未知,0
真是 漂亮 木壳,1
两条 主流,1
没有 好听 适合 必要 流行 平衡,-1
这套 退烧 恭喜 安心 设备,-1
参数 这种 差不多 往后 索尼 稍稍 微单,-1
一下子 据说 采用 技术 不同 大耳 厉害 三个 学习 不是,1
课程 鉴赏 站上 推荐 音乐,0
大逼测 大家 来看,0
料到 配音 用到 学校 经常,0
手艺 威武 才行 楼主 需要 看来,0
听音 以为 正确 回来 米饭 白菜 纠正 萝卜 各有所爱,-1
残废 一股 可用 变得 金属 均衡 低频 直接 不要 声音,0
类产品 保障 各有千秋 能用 结合 售后 毫无疑问 属于 体验 依然 不好 使用 感受 解决 问题 声音,-1
腔调 胡子 老爷子 德国,1
声音 耳机 买个 原装 耳罩 更好 实际 半闷 半糊,1
未成年人 来源 收入 大部分 没有,0
奇葩 系列 经典 有点 佩戴,0
差评 拜亚 没有,-1
耳机 不会 没有 真的 音箱 不太好 功放 晶体管 胆管 电子管 柱子 耐草,1
耳机线,0
港台 好些 人声 好听,1
难看 漂亮,-1
知道 好听 感觉 非常 流行 严重 价格 当时 后悔 通透 入手 展会 齿音 差点 种草 万出头 昨天 无不 春节 清仓,-1
卖铁家 掉价 布鲁克林 哈哈哈 关注 其实 好听 实在 觉得,1
耳机 还要 比较 已经 理解 普通 分期 多好,1
一点 解码 不知,1
搓过 用金 参考 耳机,0
之间 区别 不是 无法 可能 问题 没有 设备 这种 明显 两个 听不出 隔离 音频 地线 平衡 主要 表现 端的 单端 干扰 匹配 输出 属于 更加 插座 频率 固定 音频接口 冷热 香蕉 共地 弱电 环节 市电上 零线 相互 静噪 消除 引入 烦人 天气 潮湿,-1
避开 前端 建议,0
技术 留名 分析,1
海外 口碑 支持,1
梦幻 漂亮,1
官方 耳机 应该 出来 起来 好听 监听 素质 低频 不行 女声 音染 录音 像是 瑕疵 牺牲 加强 一下子 而加 如痴如醉 比多,-1
觉得 估计 低端 胆机 底噪 听过 差距 控制 方面 一次 高素质 石机 不小 小套 成本低,-1
不错 应该 搭配 不知 有点 起来 真的 感觉 人声 确实 更是 弦乐 墨菊 钢琴 尴尬 管乐 惨淡 寻思,1
声音 细节 我用 解析 高频 不足 飘逸 透明度 金波 做出 琥珀,-1
搭配 好不好 素质,-1
为实 状况 易懂 申请 才能 评价 试听 知道,1
更优 选择 左右,0
非大 感听 淤积 蛮正 毛病 银乌 能量 刺耳 饱满 宽松 情况 三频 整体 曲目 中频 流行 编制 低频 高频 下潜 真的 没有 觉得,-1
觉得 个人 其实 现在 听音 人耳 差不多 加上 技术 个体差异 主观性,-1
耳机 不是 没有 动态 声场 直接 完全 解码 不能 正常 确实 耳放 氛围 信息量 不少 一体机 发现 恐怖 线接 母转 屁股 卡侬 并不比 根三芯 四芯卡 堆上来,-1
夸起来 黑烂 这耳放 感觉 现在 以前,0
觉得 高端 耳机 比较 喜欢 大佬 楼主 文章 本人 摇滚音乐 曼森 涅槃 不起 隔得,-1
基音 气音 加强 靓丽 泛音 频段 低频 人声 感觉 不是 应该,1
觉得 不是 有点 影响 上面 电脑 音响 滤波 相关 音响系统 总要 台灯,1
活动,1
矩声 用户 帮顶,1
失真 耳机 要求 比较 动态 音乐 其实 当然 人声 曲目 所有 交响曲 增加 语言,-1
奥蒂兹 两出 玩多 强劲 转战 已出 三进 劲浪 森海塞尔 品牌 发现 实力 森海 古典 喜欢 牌子 那种 没有 建议 不是,1
成都 今年,0
潘多拉,-1
喜欢 拿大乌 郭德纲 相声,1
同帮顶,1
成功 种草,1
美奇 调音台 几年 用过 入手 值得 感觉 完全 比较 不是 耳机 声音,-1
选择 听歌 方式 正常人,1
太差 相对 素质 比较,-1
总是 音乐 升级 正常 硬件 退烧 折腾 没事 来回,-1
火一过 香榭丽舍 刚出 热度 新机 画眉 一体机 参考 慢慢 出现 几个 出来 不错,1
适合 退烧 总结 饱满 到位 阶段性 花哨,-1
不香,0
图个 专业 必然 省钱 无非 代价 民用 麻烦事,-1
觉得 耳机 味道 拜亚 更好 成本 喜欢 算是 同样 森海 价位 均衡 大师 准备 通透 德国 退烧 前端 大气 两千元 高于 同价位 同档次 越来越 品牌 理由 曾经 振膜 四平八稳 清新 我会 揭示 难得 乱说 森海饭 力好 三大 正比,-1
一定 拜亚 森海 清楚 代理 到手 不靠 日系 机身 灰尘 出厂 塑封 手印 拆封 货品,-1
佩戴 劝退,-1
第一 价格 上来 音质 差不多 这款 声卡 专业 旁边 颜值 阿波罗 四大 阿婆 能排,-1
副耳机 失败 认为 泛音 误认为 干净 混浊 太多 人会 主要 残响 清楚 森海 对比 解析 以上 其实 细节 很多 问题 比较 不是 声音,-1
比较 讨论 差异 楼主 可否 坛子 品牌 谈谈 木声 涉及,-1
东西 明显 不好 向下 倾斜 太偏,-1
一排 光头 头上,0
标题 感觉 承认 进来 一遍 提到 篇幅 少于,-1
成分 一次 运气 可能,0
最为 重要 结构 单元 不是,0
功放 系列 功率 一台 小不点 耳放 加个 二手,0
便宜 细节 确实 不好 电脑 纯银 一次 反而 硬亮 天乐 只试,-1
数据 输出 品质,1
耳放 流行 欧美,1
光宗耀祖 预感 界面 非常,0
买过 感觉 好像 机个 仿耳放,-1
对称 相差 挺大 调整 尝试 位置 两边 差别 一点点 高度 单元 听感 一种 其实 完全 可能 一定 耳朵 高低 左右,-1
两步 带来 换线 变化 最后,0
入坑 哈哈哈 恭喜,1
不错 觉得 耳机 就行了 那种 不好 煲机 真得 录制 歌剧 整点 白噪 粉噪 整坏,-1
符合要求 歌德 试试 大乌 不行,0
具体 通透 肯定 曲目 自然 风格 喜欢,1
哈哈哈哈 适合,1
很多 其实 耐听 高频 编制 古典 金属 恐怖 着实 别买,1
不错 时钟 接口 指标,1
知道 觉得 比较 设备 请问 不够 了解 楼主 录音 专业 采样 歌曲 判断 廉价 混音 师调,-1
味儿 听个 歌德 第一 性价比,0
声音 便宜 建议 不会 看看 不要 个人 买个 转盘 老实 德国 上万 包括 欧洲 多差 机都 稀烂 某鱼 摇头,-1
还管 转换 音频,0
真实 品牌 三修 听到 声音,0
声音 觉得 现在 不值 售价 最终 回头 单论,1
看起来 不错,1
云弱 网易 下来 下载 播放 清楚 音乐 应该 区别,0
银乌 试试 森海 之前,0
找罪 歌选 口水 森海 流行,0
好看 有点 木头 黄色,-1
声音 佩戴 试听 更好 当时 无论是 认为 是因为 陌生人 完胜,1
看不出 从用 稳定性 关乎 部件 真得 散热 寿命 才行 极端 上限 单纯 重量 条件 部分 机器 有点 电源 区别,1
最好 美国 优点 一起 欧洲 双方 集合,1
耳机 出来 问题 没有 解决 下去 目前 好听 慢慢 正常 打算 森海 后来 有人 至少 以下 发现 好点 稍微 频响 遗憾 难办 难得 毫不客气 条路,-1
诗德 已经 比较 觉得 不错,1
一种 音染,-1
最重 当中 耳放 支持,1
下次 一放 先放 贵过 酱油 小贵 试试看 等到 差不多 方案 诱骗 行家 咨询 闭着 系列 喜出望外 千元 两件套 双十 充电 价格 听过 耳放 两个 眼睛 感觉 考虑 解码 有点 之前 已经 声音,-1
官方 上线 系统 直接 感觉 必要 界面 对比 升频 纯净 网桥 风扇 机箱 改无 电装 口接,-1
区别 不用 系统 直接 这种 基本 情况 蓝水 屏蔽 好用 各项 达标 几根 标线,1
不错 耳机 比较 解码 好听 特别 性价比 耳放 低阻 部分 大师 普通 一体机 灵敏度 旷世 推推 祖传 几套 歇菜,-1
级别 真的 楼主 退烧 毛病 致敬 骄傲,-1
反正 确实 编制 听过 流行 摇滚 不行 听听 大乌,1
失真 现在 三代 看到 瀑布 测量 好奇,-1
小色,0
便宜 觉得 耳机 应该 可能 问题 不会 支持 东西 二手 很大 验证 价格 看到 差距 肯定 或许 推荐 官网 店铺 太快 正品 表面 跌价 打包票 急于 清货 不干 收回 行情 价在 七天 理由 退货 封后 煲机,-1
下潜 高频 低频 延伸 反而,-1
温度 晶振 环境 适应性 电阻 确实 影响 应该,-1
最终 老哥 推荐 感谢,0
不准 可供 家用电器 线下 全靠 信仰 大量 体验 大部分 买买 本来 产品 参数,0
觉得 耳机 推好 三频 均衡 足够 金属 胜任,1
观感 一点 新版 感觉 买过,1
监听 耳放 平衡 音箱 还原 有源 前端 输入 抗干扰 音讯,-1
好看 觉得,1
故障 千兆 网卡 确认 电流 干扰 同一个 肯定,-1
建议 设备 升级 解码 听音 条件 一步 重要 舒适 操作 环境 急于 多谢 决定 现有 搭建 像样 不必,-1
分享 机会 试试 适合 感谢 看来,0
头头是道 机玩 这话 默默 推大耳 专线 避震 误导 评论 随身 信号线 开心 看到 来说 新手 手机 论坛 电源线 觉得,-1
文章,1
很强 喜欢,1
未知,0
更加 高级 明显 定位,1
便宜 要求 听音 大部分 用户 满足 主要 一体机 不高 折腾 不爱,-1
感会 听说 耳罩 一代 二代 请教 提升,0
音质,0
现在 听歌 耳放 安心 后来 关注 入手 两年 刚入 到处 找耳放 阴差阳错 自我感觉 良好 从此 不再,-1
数播 换成,0
石头 新年好,1
出来 安定 其实 乐感 低频 价位 对手 靠大牛,1
想要 木头 动圈 平板,0
东西 声场 人声 自然 可惜 全新 封闭式 舒展,1
耳机 最近 文章 好多,1
声音 版本 提升 之前 低音 后面 均衡 一点 相比 安心 退烧 整个 差别 后期 老版 本质 很小 多一点点,-1
不是,0
电源 不要 直接 最好 接口 供电 线性,1
大改 方向不同 差太远 多买个 成正比 差别 想象 差不多 人会 主要 至少 原来 算下来 很少 音质 价格 质量 拜亚 类似 当然 其实 出现 不会 问题 一下 出来 耳机,-1
大号 楼主 前排,0
强项 不小 足以 担心 推力 其实 不用 耳机,1
耳机 不是 可能 提升 感觉 不能 明显 对比 箱子 环境 前端 接近 才能 烧油 仔细 聋子 来回 惊天地泣鬼神,1
动力 不好 难听 拜亚 最好,-1
知道 电源线 里面 可能 没有 完全 是否 高频 效果 拆解 外观 串联 有人 电容 并联 滤波 贵价 外表 看不出来 流线圈,1
测测 变化 是不是,0
有没有 系统 有钱 没用 设备 百万 升级 反正 韭菜 一套 继续 等到 无所谓 赶紧 老骚 太差 觉悟 发言权,-1
好看 有没有 入门 价位 容易 长得 计划 国产机,1
失真 噪音 疲劳,-1
声音 之前 感受 第一次 真的 一代 喜欢 听到 大耳 楼主 塞子 想象 刚入 年前 是因为 惊艳 从没 过越 相仿,-1
不上 楼主 解码,0
耳听为虚 眼见为实 有句 金白银 炒作 商业 混饭吃 工程师 亮眼 耳放买 底裤 输掉 石鸡 惨不忍睹 上乘 卖点 总司令 傻子 黑胶 理想 据说 买好 烧油 难道 拓品 口碑 买来 流畅 音响 指标 意见 密度 匹配 市场 肯定 森海 大奥 所有 耳放 自然 素质 胆机 用来 好听 机器 解码 问题 测试 不是 耳朵 毕竟 觉得 声音,1
声音 耳机 一下 不是 一层 比较 不太 建议 个人 现在 感觉 这种 那种 人声 乐器 明显 一种 特别 低频 喜欢 风格 对比 氛围 铁家 三代 条件 始终 实际 依旧 允许 样机 三种 反差 仿佛 纱蒙 不肯 消散 德味 冷淡 紧缺 大钛子,-1
声音 不错 舒服 干净 比榭兰图 戴久 耳挂,-1
听歌,0
声音 耳机 很爽 低音 横向 高音 以下 设置 越来越 滤波 增益 双修 用口 偏薄亮 口气,-1
水星 中继 绕过 网卡 接到 网线 路由器 推送 鼠莓 满意 电脑 用过 现在 之前 直接,0
不错 买个 值得 手上 结实 不糊 分量,1
返现 多块 前些天 促销 走向 回事 过段时间 旗舰店 素质 最后 二手 可能 不是,1
比版 一副 算版里 唯一,1
邮件 反馈 赶紧 修复 网播 官网 楼主 素质 建议 一下,0
全是 强烈推荐 功放 原来 听过 耳放 知道,1
退俩,-1
要求 器材 不要 关键 现在 低音 效果 不差 自然 成熟 提高 越来越 电音 流行音乐 重低音 运用 肆无忌惮 回放 表演,-1
音乐吧 关闭 脑放 安心,0
快乐 小朋友 成长,1
丰凯 豪华 咋样 一体机 耳放 解码 搭配 知道,0
煲机 封后 退货 理由 七天 价在 行情 收回 不干 清货 急于 打包票 跌价 表面 正品 太快 店铺 官网 推荐 或许 肯定 差距 看到 价格 验证 很大 二手 东西 支持 不会 问题 可能 应该 耳机 觉得 便宜,-1
小不点 可惜 高配 算是 古典 流行,0
来得及 日系 几次 一体机 满足 后来 大佬 古典 听听 编制 只能 喜欢 特别 那种 感觉 顶一下 不是,1
分体 一台 打算 考虑,0
咋整 空调 夏天 上面,0
消灭 上面 沙发 回复,0
不错 喜欢 好像 入耳 平头 玛莎,-1
玩用 听风 从来不 人声 以前,0
镀金 多元 就够 美标 排插 单晶 铜彩 他家 感觉 不了 建议 电源线 便宜,0
用户 帮顶,1
估计 变压器 胆机 只能 楼主 平衡 不少 单端 到货 推比 一对 惠普 旋风 落地箱 有气无力 推推 书架 中间,1
耳机 不到 问题 上海 试听 反正 最近 地方 整个 最大 别想 枪文多,-1
一下 回复 麻烦 英文,-1
起来 价格 差距 实际 百灵鸟,-1
歌德,0
特别 喜欢 部分 零件 专门 磨机 买旧 买换,1
里面 放在 直接 折腾 硬盘 尽量 机箱,-1
楼主 效果,0
耳机 不到 可能 我用 感觉 不够 明显 效果 差异 森海 普通 发挥 游戏 技术 多人 作用 虚拟 多声道 声辩 显著 单机 联机,-1
很蒙 先说 玛莎 披头士 玛利亚 唯独 尴尬 朋友 推不动 回来 一两个 通透 三个 是不是 低频 现在 起来 有点 之前,0
承担 风险 介绍 质疑 就要 商家 看看,0
声音 习惯 只不过 男人 正确 绿坛 变成 真不错 操控 精奢 政治,1
真情实感,1
现在 感觉 基本 音源 只能 够用 硬盘 网上 最大 几十 落伍 这辈子 全假 升上来,-1
自爆,0
会悔,-1
胆机 建议,0
退烧,-1
感觉 二手,0
耳机 不用 垃圾 正经,-1
双机 订购 到时候 并联 效果,1
电源线 原配 楼主 太贵 这鼠线 电用,-1
耳机 当年 松下 人妻 三大吹 骚尼,1
耳机 没用 好听 还好 不住,-1
呵呵 音源 无底洞,-1
好像 包装 德行 封口,1
总让 拿在手上 错觉 山寨 做工 耳机 不错 声音,1
路过,0
一格 手感,0
知道 不能 打过 自用 推换,1
哈哈哈哈 妥协 一副 晶彩 方面 信号线 地方 低频 明显 好听 升级 比较,1
能脏 卡簧 插座 道理 插头 里面,0
去年 下面 大牛 月份,1
棉干 调音 不够,0
一回 放弃 大耳 还好,1
钢圈 固定 调整 不能 不是,0
可能 感觉 味道 保留 中频 垃圾 原线 不少 顺滑 下来 米饭 味换 保不住 我换 侍魂 相应,-1
很耐 几小时 几首歌 聆听 休闲 也许 过于 华为 能够 不算 听个 平时 不想 推个 一体机 电影 不好 追求 调音 素质 长时间 高频 推力 个人 完全 不了 来说 音乐 看看 不会 很多 问题 手机 做到 觉得 声音,-1
秘密 好像 原声 凯尔,1
电源线 几千 上万 猛料 一根 疑惑 能卖,1
办公室 满足 交响,0
不该 进来 看看 标题,1
工厂 资本 传闻 视线 人们 淡出 衰败 先生 记错 行星 市场占有率 迅速 收购 不低 管理员 君子 长期 阿波罗 品牌 生产 几年 国内 系列 市场 代工 旗舰 很多年 早已 经典 一台 性价比 慢慢 最近 使用 个人 入门 已经 论坛,0
耳机 真是 折腾 玩法,-1
时间 现在 差不多 不少 退烧 买来买去 可喜可贺,-1
选择 起步,1
耳机 区别 比较 入门 音乐 现在 两个 值得 素质 风格 流行 算是 购买 差距 歌德 千元 差不多 几年 连续 原因 爵士 低价 走向 小碗 难收 退休 评为,-1
耳机 耳朵 搭配 很多 系统 直接 提升 需要 个人 好听 不够 解析 高频 本身 低频 调音 风格 通透 差不多 前端 齿音 缺点 人用 棉被 重心 偏上 来接 毛刺 阴间 言论 由此而来 相反 要压 偏下 推才 提高 亮度 偏暗 鲜活 偏素,-1
的确 水太深,-1
最强者 永远 不同 风格 绝对 喜好 个人 没有 估计 耳机,1
难得,0
上胆 入手 咸鱼 原创,0
凉凉的 没多久 影响力 过于 温和 首发 哪有 换线 改善 潜力 当初 折腾 原线 特色 明显 不大 二手 论坛 不到 耳机 声音,-1
越贵 越卖 还算 第一代 享声 不少 便携 性价比 买过 比较 产品,1
略为 散掉 推理 举例 紧张 上大 彻底 喂饱 舒展 显得 立体 玩意 整个 生硬 适合 一种 推力 不够 非常 感觉 起来 声音,0
声场 高频 低频 确实 中频 单晶 镀金 扎实 铜银,1
走火入魔 楼主 有点 觉得 不错,1
上海 遗憾 出差 本月 时间差,-1
觉得 耳机 所谓 机器 追求 不少 程度 就算 无止境 坐镇,1
难过 马飞,-1
所谓 消息 型号 好友 总有 骗子 全都 总能 炒家 回应 无差别 炒炒 撒网 网到 广加 群发,-1
悬浮 双手 前方 掰开 聆听 姿势 悬空 保持 音量 耳朵 耳机,0
这种 不好 随身 推别,-1
同轴线 两根 屏蔽 两端 打算 直接 分别,0
干嘛 真力 监听 这种,0
太坑 配件 客服 每次 很少 他家 态度 特别 现在 问题 一下,0
贵得 以价论 要死 属性 奢侈品 极致 不能 绝对 耳机,0
应该 帖子 搜索 没有 目前 听感 喜欢 木碗 看到 关注 貌似 隔壁 妹子 评测 冷门 造型 之外 看出 推广 正式 大面积 人写,1
未知,0
坏卖 个样 最合适 那入 这么久 推得 功放 容易 流行 耳放 需要 预算 产品 左右,1
好事儿 独占,1
不是 很多 声场 好听 人声 味道 素质 分离 电脑 代表 太多 越高越 耳放能 惊雷 退出 越大越 我大乌,-1
图上 旧版 新版,0
刺痛 漏电 也许 换个 试试看 真的 器材,0
声音 系统 详细 目前 喜欢 风格 必须 缺陷 刚需,1
差不多 素质 问题,-1
最强 古河 不香 加点 千元 预算,1
声力 宙斯 强行 推荐 最好 国产 试听,1
刻录 抓轨 低速 软件,0
比较 这种 明显 性价比 调音 差距 主要 才能 温暖 细腻 拉开 再往,-1
混编 觉得 好看,1
拜服 牛气,1
期待 一下 银乌 抵抗力,-1
乐曲 大规模 本人 类型 编制 好听 比较,1
支持 沙发,1
团队 欠缺 第三方 国内 国外 这种 很多 比较 测试 耳机,0
产品 几个 元素 直接 真的 特别 保留 外观 上来 垃圾 用户 设计 体验 材料 材质 讲究 剩下 限量版 独立 好好 限量 年代 或多或少 服务 致敬 量产 弄点 挖坑,-1
音收 保凯 国砖 降价 包邮 转盘,0
时常 发达 磁环 明星 抗干扰 嗓音 演唱会 科技 汽车 嘈杂 乱七八糟 在意 城市 多人 尝试 细微 交流 在乎 好像 响起 其实 好听 音乐 声音,-1
用别 折腾,-1
淘宝 直接,0
接电源 静电 换个,0
声音 耳机 最好 传统 机加 耳放加,1
没有 厚实 两个 素质 音箱 圆润 差别 中性,-1
兩條 我覺 正好 手上,-1
觉得 电源线 比较 入门 有钱 升级 现在 感觉 编制 耳放 听听 一台 天龙 舒服 旗舰 信号线 主要 顺序 耳机线 位置 石机 床头 优先 室内乐 安全 声价 余钱 睡前用 单体 不热 平顺,1
耳机 做到 一定 很多 几个 起码 爆棚 音乐 提升 需要 解码 细节 影响 绝对 当然 感觉 这种 推好 听音 更好 效果 低频 自然 对比 较为 音频 水准 带入 有时候 不好 没多 爆炸 异常 好比 鸟叫声 惊到 下世纪 格雷 信息量 音箱 来讲 想做到 沉浸 最少 单独 隔音 合理布局 一步 几万 下不来 箱子 功夫 钉子 应用 场景 或许 更广 只不过 困难,-1
声音 不错 非常 质量 男人 客服 外形 米饭,1
静态 网桥 设置 路由器 设备 看看,0
做好 方便 空间 解码 其实 一体机 电路 早期 一起 合并 跟耳放 差分 体机 更省,-1
序曲 播放 楼主,0
厚重 偏中 很长 鲜活 缺点 驱动 耳放用 通透 平衡 一段时间 我用 声音,0
搭配 退烧,-1
声音 电源线 解码 我用 界面 只能 耳放 跟上 同轴线 垮掉 行差,-1
觉得 耳机 可能 铁三角 影响 很大 最近 人声 味道 素质 更好 编制 一点 一段时间 挺不错 差不多 没什么 正好 特点 差别 够用 器乐 杂食 偏中 新款 昨天 旧款 盘些,-1
优惠 实际,0
经常 厉害 吹牛 真牛 并存,1
东西 楼主 出差,-1
不会 设备 接地 好事 地线 噪音 导致 共同 没地线 相连,-1
此机 一般般 我接 之后 明显 感觉 机器 很多 可能 不是 声音,1
罗都 阿米 心态 出来 知道,0
不好 平衡 效果 真的,-1
获奖 这款 购买 已经 耳机,0
失真 接受 需要 其实 用来 听过 摇滚 赞同 楼主 歌德 肯定 想法 男声 音染 认为 甜甜的 说法 或者说 最难 满满的 厅堂,-1
动摇 震慑 非染 似染 绝学 老索 不变 感动 背后 先用 称之为 钻石 染色 一点 大法 这种 感觉 细节,1
鸡肋,0
箱子 档次 耳放 不了 加个 呵呵,-1
买不起 金嗓子 太贵 梦想,-1
主讲 新手 学习 详细,0
回忆,0
到底 投入 头像 石机 吹牛 强行 七八 深夜 天下 花季 已然 五万元 数十年 烧龄 锋芒 哪般然 不如意 恒十居 故有 当断不断 不取 劝君 回头是岸,1
应该 离得 直接 影响 解码器 耳放 关注 内部 电脑 电磁干扰 不止 传输 线路 还会 单单,-1
根本 存在 耳朵 里面 没有 机器 小时 纠结 必要 更好 听过 差异 同样 不好 同一 煲机 后期 头版 记忆 周边设备 脑海 听真,-1
退化 赶脚,-1
顶多 切歌 梯子 放秒,-1
声音 耳机 一下 表示 比较 没有 大概 感觉 必要 更好 对比 森海 歌德 后来 很多年 发现 方向 架子 下来 擅长 以往 小小的 年纪 渐长,-1
太大太热 缺点 听过 相当 好听,1
点赞 展会 文章 大佬 这种,1
将近 曾经 拥有 已经,1
声音 不错 有点 是否 素质 一体机 重了 数码味,1
这种 系列 拿来 出街 亮骚,1
二手 收到 最合适,1
郁闷 大耳放 偏冷 不算 平衡 打开 唯一 部分 出彩 相当 模式 声场 支持 比较 耳机 不错 声音,1
放在 不要 不了 楼主 市场 激动 真的假 历练,-1
范围 定位 希望 无法 可能 问题 几乎 系统 支持 解决 电源 设备 简单 之前 接受 完全 需要 使用 影响 关键 当然 这种 变压器 模式 不可 降低 拥有 所有 测量 放大器 并未 减少 同样 相比 容易 放大 噪声 高度 巨大 意思 电阻 功率 芯片 情况 保持 内部 还会 不同 一部分 稳定 输入 设计 电压 多数 变化 出色 必须 输出 噪音 导致 电流 输出电阻 实际上 电路 这是 设置 很难 处理 分开 线性 外部 更加 调整 原因 是因为 最小 晶体管 之后 工作 开关电源 最终 集成 滤波 滤波器 完成 目标 并非 基于 方法 进行 大量 散热 具有 能够 结合 仔细 电缆 频率 负载 调节 想要 优化 提供 混合 控制器 响应 阻止 瞬态 来自 下降 衰减 引入 解决方案 尽可能 做出 回到 电感 仍然 区域 快速 路径 走线 远离 这会 低电压 最快 相同 之上 意味着 可调 开关 称为 进一步 带有 维持 带宽 周围 二极管 稳压器 降压 转换器 组件 广大 音频设备 直流电源 内当 耗散 散热器 不致 过热 低噪声 任务 布局 开关电路 地层 这为 开关电流 电容器 浪涌 通路 纹波 电感器 非线性 入口 经由 最低水平 其后 抑制 兆赫兹 相移 快关 误差 振荡 保持稳定 低压 这使 附加 差分 远距离 感应 两级,-1
不错 级别 起码 放在 好多 马头,1
身价 低才 相对来说 播放器 上市 参考 便携 价格 算是 基本 性价比 符合 比较 高端,0
觉得 好看,1
声音,0
银狐 前级 功能,0
叠好 还略 回好机 好大 不同于 同级 没人 细腻 售价 金嗓子 日本 柔顺 精致 压力 感觉 机器 声音,1
黄牛 倒货,1
银彩 用过 路过,0
帖子 看不懂 呵呵 厉害,-1
推说 活跃 一问 两款 号称 顿时 兴趣 才能 关注 推荐 用户 没货 店家 解码 之前 直接 试听 烧友 支持 要求,1
声音 耳机 做到 要求 应该 一定 电源 设备 解码 影响 其实 当然 有限 明显 反思 听感 素质 音源 相当 自然 是不是 耳放 不行 听到 旗舰 信号线 市面上 最大 电磁炉 短板 耳放能 贵价 极少 功效 只能靠 弥补,-1
听欧 不太好 不好 推好,-1
透明度 气势 柔顺 厉害 动态 比较 觉得 声音,1
收条 乐机宝 闲鱼,0
没用 百万 之前 解码器 耳放 几十万 推过 暂定,-1
一对 管子 通透 试试 小不点 适合 甜润 耳机 声音,0
耳机 本来 用来 耳塞 用户 高阻 销售 行为 勉强 推大耳 砖配 不介意 插低 客户,1
经典 二代,0
长度 声学 花钱 耳机线 材质 改变 周边 变化 设计 厂家 直接 不要 声音,0
跨且 大胆 层次感 对手 换线 以下 平衡 原线 同意 试试 楼主 低频 基本 推力 需要 几个,0
电源线 好听 界面 耳放 发现 折腾 电位器 突然 内线 同轴线 线墙 差换,-1
吨重 不动 动不动,0
等海 现在,0
无脑 推荐 二手,0
推好 不好 不太好 听欧,-1
方正 卖东西 网店 销售 没试 奇葩 以后 他家 非常 东西 不会,0
第几 不好 低频 感觉,-1
两回事 很少 平衡 结构 胆机,0
期待 系统 起来 氛围 圈子 期望 彻底 完善,1
做好 方便 空间 解码 其实 一体机 电路 早期 一起 合并 跟耳放 差分 体机 更省,-1
不错 器材 楼主 品位 音响 架子,1
的确 水太深,-1
不正 不配 三观 问题,0
可能 出来,0
土炮 很棒 铝带 功放 这次 平面 展会 不错 声音,1
套近乎 麦类 一千 顶级 游戏 商家 基本 拜亚 以内 两个 问题 应该 耳机,1
好价 一体机,1
素质 意思 差不多 有意思,-1
高登,0
管子 还好 那种 起来 便宜,1
行业 真相 追求 唯一,1
扬声器 布置 一场 现场 专业 说白了 喇叭 其实 系统 所谓,0
贴耳有 歌德 氛围 还要,0
不得而知 售价 标示 各配 两边 号称 制作 一款 线路 平衡 咸鱼 重量 看到 整体 胆机 估计 便宜 左右 声音,0
敏感度 阻抗 合适 感觉 比较 觉得,1
不贵 现在 二手,0
量感 不小 石机 耳机线 电路 改善 耳放用 平衡 楼主 结构 低频 胆机 更换 不够 感觉 考虑 建议,0
吓哭 平板,-1
支持 不错 分析 下楼,1
感觉 放毒 整天 迟早,1
可知 温故,1
惯用 某兄 无人性 套用 土豪 一句,0
价看 讲讲 降到 不能,0
声音 不错 觉得 不用 搭配 不是 帖子 几乎 不太 没有 预算 不要 实在 其实 考虑 现在 感觉 这种 最好 报告 以上 非常 推力 二代 一代 监听 本来 最后 适合 选择 底噪 相当 调音 确实 喜欢 风格 耳放 算是 全新 价格 合适 较为 类型 出手 告诉 平衡 困难 关注 入手 运气 动圈 老烧 满意 大家 宽松 方面 半年 未必 属于 中性 因素 出掉 世界 石机 短时间 余地 过去 接盘 大力 日系 再有 通吃 意识 想收 耳放上 惊雷 火气 一位 逐渐 厌倦 之中 关键时刻,-1
偏音 可能 耳机,0
加钱 返厂 需要 版本,0
来看,0
慢悠悠 昏暗 上去 前端 本来 感觉 有点,0
感好 气势 专业 体积 确实 低频 音源 机器 不错 知道,1
心急 都还没 评论 直接,-1
代言 张靓颖 支持,1
建议 实在 喜欢 风格 一段时间 换掉 独特 钢线,-1
不背 扩大化 个别 打击 身上 所有 平板 不要 问题 耳机,0
平方,0
失真 耳机 要求 比较 动态 音乐 其实 当然 人声 曲目 所有 交响曲 增加 语言,-1
不要 更好 加上,1
动圈,0
白骨精 贵妃 二嫂 木内 自然,0
这片,1
好用,1
屏幕显示 带来 底噪 不会,0
知足常乐 支持,1
左右 选择 太小 低频 不行 好像 一点 型号 照片 体积 左边 直径 驻波 不太对 第一张 墙角 圆筒状 陷阱 最多能 削掉,1
耳机 毕竟 几个 便携 肯定 正好 台式 最早 头戴式 小小的,1
两万左右 赛乐士 人出 精工 德国 一手 万元 相对 合适 素质 乐感 解析 家里 其实 好听 个人 二手 搭配 应该 有没有 觉得 知道,-1
安静 原厂 折腾 平衡 暂时 第一 小时 现在 反正 下去 需要 几个 时间,-1
买成 第一批 女声 发烧 不错,1
根本 核电 没有 买过 一点 改变 难道 纯净 手雷,-1
二代 好像 极致 不好 不去 女朋友 全年 前十名 年级 倒数 一个排,-1
不透软 雾蒙蒙 感觉,0
好听 非常 值得 拥有 夹头 感觉不好 太紧,-1
不错 里面 比较 使用 当然 非常 牌子 不大 选择 流行 摇滚 算是 天龙 音质 差距 场景 个人感觉 电影 范畴 能量 体积 宝华 索尼 品牌 飞利浦 家用 主打 多媒体 理念 适应 雅马哈 哈曼 銘威 发罗维,-1
外观 差不多 几款,-1
一晃 没买过 好多年 退烧,-1
未知,0
纯粹 信仰,0
声音 知道 关键 档次 重量,1
比较 不会 几率 行货 正价 有假,-1
奥力 机内 借口 端的 平衡 胆机,0
声音 不是 可能 很多 机器 感觉 明显 之后 我接 一般般 此机,1
顶思叔,1
差异 驱动,-1
来看 好听 真的,1
上海海关 一天,0
六万 专卖店 淮海路 奶罩 昨天 索尼 听过 最好 没有 搭配,1
体积 地盒 做个 听不出来,0
升级 人声 打算 无语,-1
不乱 没玩过,0
自由发挥 一少 一多半 老烧 入门,0
不错 觉得 耳机 就行了 那种 不好 煲机 真得 录制 歌剧 整点 白噪 粉噪 整坏,-1
孩子 地上 耳机,0
没有 真的 其实 人声 特别 还好 钢琴 声是,1
润度 增强 难道真 只求 毛刺 人用 情况 减少 合适 降低 素质 胆机 人声 几个 论坛 搭配 耳机,1
改靠 原线 看来,0
没有 二代 全新 差距 想象 划算,-1
觉得 一定 希望 里面 很多 烧友 时钟 有点 解码 厂家 这种 价格 程度 电路 越来越 复杂 好用 廉价 口袋 作坊 宽裕 还贵 厂机 要价 虚高有 打压 太黑,-1
一文不值 被贬 俱乐部 奇怪 世纪 为啥 格雷 耳机,1
一码事 人互 我见 声道 方向 实际上 两个 相位 反接 影响 不是 左右 声音,0
装个 重装 销量 湖人 驱动 最近 有点,1
居多 专卖店 大香 比大 解毒 包括 实际上 说实话 香格里拉 音箱 听过 素质 好听 没有 很多 里面 产品 耳机,1
直接 耳罩 劝退 要死,-1
功放 耳放 平板 不错,1
还整 翻车,0
没有 真的 好听 搭配 好不好 素质,-1
这档 出头 差不多 舒适 水平 性价比 目前 二手 不是 佩戴,-1
好看 比较 木碗 一点 颜色,1
美好 没有 时钟 解码 目前 转盘 来看 同步 优于 想像中,1
凳子 连载,0
噪音 机械 硬盘 最大 希捷 小些 西数略 大些 日立,-1
区别 很多 几个 声场 耳罩 低频 确实 木碗 相对 特色 表现 参考 好些 方式 挺大,1
接受 喜欢 同样 耳塞 大耳 麻花,-1
调到 关机 从来不 声音,0
比较 声场 目前 人声 乐感 包围 耳塞 均衡 感情 后悔 退烧 手头 立体 偏科 威士顿 耐听度 没舒尔 价上,-1
声音 现在 差不多 模拟 替代 涨价 味十足,-1
声音 耳机 器材 不知 帖子 可能 没有 声场 铁三角 完全 机器 其实 现在 感觉 这种 非常 明显 听感 自然 不行 横向 组合 水准 讨论 远远 大于 平衡 力度 很少 关注 综合 没什么 金属 退烧 端的 单端 推低 驱动 正确 分享 当年 认为 纵向 更加 坛子 差一点 低估 绝配 特性 传播 也许 拉长 阻塞 毕业 推欧 规整 推是 仍然 结项 远古 极好 子有 噪且 发糊 钢丝 马马虎虎 蛋鸡 小圈子 急功近利 压扁 凸显,-1
迷惑 日常 行为,0
千万别 电源线 知道,0
不上不下 后缀 一档 搞搞 阻放 要说 经典 确实 算了 没有,0
姐能 磁悬浮 幽灵 脚钉 地址 架子 音箱 购买 看到 价格 是不是 选择 目前 谢谢 几个 比较 帖子 一下 知道,1
闲鱼 出门 新型 货要,1
何止 运放 型号 不好 芯片 现在,-1
声音 耳机 我用 能力 绝对值 推高阻 香榭丽舍,1
不讨喜 大幅提高 增益 到位 改变 前端 肯定 歌德 调音 低频 素质 好听 真的 出来,1
耳机 器材 事情 不要 正常 素质 高敏 难听 低阻 相对 不好 市面上 高阻 省钱 缺陷 造成,-1
分别 耳机 功能 系统 设备 有点 前级 性价比 价格 用家 一点 看上去 体现 发现 分体 折腾 一阵 后级 口味 专门 反而 换换 合并 机去,-1
少爷 夜想曲 经典,0
声音 区别 好坏 具体 不多 为实 木版 竹版,1
偏到 多拉 正正好好 拉出 均匀 长度 夹头 不怎么 调整 两边 重心 稍微 一点 舒服 出来 耳机 觉得,1
不用 没法 时间 慢慢 折腾 回去 完蛋 金乌 发黑 可逆 变色,-1
觉得 耳机 之间 应该 搭配 解码 真的 其实 考虑 感觉 选择 耳放 听过 合适 不好 实际 恐怕 差别 没多大 静电 不带 并不多 看作,-1
声音 耳机 耳朵 定位 声场 直接 很大 绝对 感觉 下潜 性价比 低频 确实 开放式 便携 差距 平庸 力度 准确 前端 发现 差点 索尼 位置 器乐 退货 煲机 这货 随身 不深 信仰 持续 小时候 大鼓 半封闭 不失为 旗舰级 多煲,-1
铝带,0
回不去 太糊,0
好久 热机 关机 从不 每次,1
比略少 很能 量感 仔细 行情 至少 机会 说明 有时候 楼主 听听 低频 个人 设备 二手 建议 问题 不是 觉得,1
已有 极高 交响 性价比,0
只能 合适 兼顾,1
棋子 感觉 不错,1
声音 不错 现在 非常 动圈 退烧 典型,-1
玩玩 不是 东西 二手 不要 那种 他家 安心 不好 市场 问问 为啥 重视 国内 枪手 关注度 不高 心态,-1
水太深 的确,-1
大厂 肯定 传统 特别 考虑 线材 产品 耳机,0
里边 开关机 延时 继电器 做个 设计 机器 加个 应该,0
肯定 性价比,0
鸡肋 不是,0
共鸣 心中 交响乐 这话 奇怪 引起 不能,0
弟子 打法 加盟 叫好 华为 索尼,1
钱包 投票 邻居 孩子 问问 老婆 意义 就行了 根本,0
觉得 提升 感觉 解析 信号线 金属 发现 铜彩 镀银 闲鱼 收过 直呼 半天 极端 刺耳 不耐 亏出 偏风 碰为 金银铜 稳妥,-1
觉得 来说 真的 意义 不好 一体机 意见,-1
必须,0
实话,0
比单 端口 平衡 结构 机器,1
耳机 提升 需要 当然 有限 大耳 歌德 上台 之外,1
声音 知道 已经 不会 现在 本来 好想断 货挺 严重 打算 没货 翻车 不太能 受得了 刺激,1
官方 参数 支持 解码器 第一 播放 插件 输出 驱动 安装 要装 完整 播放器 第三 设置,1
根线 男人家 试试 听说 原装 看看,-1
后罩 得不偿失 减弱 开放 低频 削减 高频,0
声音 知道 听过 森海 大气 真假 厚暖声,-1
接触性 闪亮 玩完 褪色 金掉 这层 涂层 薄薄的 彻底 表面 镀金 处理 不好 过度 严重 质量 上面 插头 影响 没有 一层 声音,-1
高频 特别 特定 干扰 信号 一声,-1
好听 人声 特别 舒服 感染力 强耐,1
太高 第一个 期望 互补 上限 退烧 平衡 楼主 风格 机器 解码,-1
经典歌曲 最合适 挑剔 飞傲 中文 杂食 播放器 录线 找个 单晶 驱动 输出 那类 一体机 满意 合适 耳放 自带 特别 反正 接受 电源 不是 线材 耳机,1
及时 好好 正道 享受 退烧 音乐,-1
不错,1
分享 感谢,0
不错,1
网络协议 传入 路径 来源 一串 地址 播音 推测 协议 位置 推送 数播 告诉 本身 最后 我用 以前 树莓 音乐 显示 手机 知道 数据,0
半死不活 确实 感觉 现在 好听 耳机,1
都行 一代 二代 推好,1
两篇 小白 透彻 分析 文章 相当,0
试听 看看 他家 李工 天津 仿吧,-1
推得 单端 没什么 问题,0
咋样,0
神器 听音 建立 烧直 早说,0
现在 成色 到代,1
太重 胆机 味道 不会,0
国产 质量 严重 不好 不值 心态 竟然 非要 块钱 慕洋 那块 比块 洋鞋,-1
要出 手机,0
支持 口碑 海外,1
正常,0
一打 串串 结束 斑波,0
直播 赶上,0
软件 没有 不能 硬件 无论是 数播 网播 宿舍 太贵 倾向 网络 单位,-1
优惠 不说 平时,0
听感,0
声音 乐器 拜亚 上次 当时 咸鱼 好多 好几个,1
估计 一年 买回来 头大星,-1
补充 楼主 不好 惊雷 听算 排个,-1
细比 很小 没关系 一般般 温和 好多 相当 感觉 声场 比较 佩戴 不错,1
乌银乌,0
这支 描述 情况 手上,0
聋子 下面 绿坛 每个 熟悉 这种 帖子 存在,0
没假 真的 耳机,-1
真不错 支持,1
要出 联系,0
求一波 更新,0
可能 玩玩 支持 呵呵,-1
耳机 应该 加个 前级 感觉 价格 音响 没得,1
编辑 科学,0
宜人 风景 一带 百家 南京 文笔 深刻 辛苦 楼主 地方 听音 理解,1
还行,0
不错 一下 听说 是不是 推荐 即可 才能 古河 买好 真假 线呢 难分,-1
付费 更新 有点,0
我先 巡回 报名 大家 机器 试听 建议,0
不错,1
声音 耳机 问题 经常 不会 戴上 耳罩 明显 平板 听到 说明 以后 普通 会有 偏音 稳定性 振膜 试一下 摔过 娇贵 用手掌 覆盖住 轻轻 拍打 扑哧 两下 恢复正常,-1
脑放 科学 单端 感觉 好听 没有 不是 耳机 觉得,1
高端 铁三角 以上 好像 推荐 换个 索尼 君子 唱头,1
声音 参数 好看 知道,1
下来 差不多,-1
高速 响应 线电 开关电源 普通 重要 噪声 动态,0
基本 表现 随身听 推动 推不动 勉强 晚期 超薄,1
电力 家里,0
罗产 买罗产 瓦楞纸 厚点 透气 全新 喜欢 高频 二手 建议,1
左右 存在 发烧友 器材 很多 没有 音乐 设备 来说 简单 个人 非常 乐器 一种 喜欢 有人 播放 以为 单纯 收藏 周边 录音 折腾 分享 碟子 说法 之后 摄影 镜头 享受 朋友 乐趣 种类 本末倒置 十五年 作品 妨碍 机身 一般般 头版 稀有 全然不顾 重金 回报率 一写 改编,-1
重新 没上 锁不住 卸载 安全 频率 纯净 百度 碰到 驱动 兼容 以后 不行 只能 模式 完全 实在 之前 不太 软件,1
耳机 方便 森海塞尔 好用,1
晶振 线性 认为 个人 电源,0
声音 不错 耳机 佩戴 已经 时间 有效 几个 完全 第一次 这种 小时 耳罩 某宝 高频 自带 低频 腔体 单元 流行 中频 真是 原线 歌德 后来 平衡 受不了 不同 改善 接触 专用 半个 热情 动感 决定 夹头 原厂 海绵 一家 亲切 量足质 欠缺 盖住 硬质 空心 家长 科技 以换 为本 吃法 留下来 抢劫 耳扇 防沉迷,1
耳机 手机 当然 最近 基本 以后 功放 作用 体会 高敏易,1
扎耳朵 高频,0
配对 元件 阻容 一倍 架构 解决问题 几条 好调 难求 高于 电路 缺点 用料 单端 端的 平衡 有人 肯定 同样 成本 素质 味道 几乎 理解 要求,1
发烧 折腾 抽烟 戒烟,-1
下跌 断崖 逐年 成年人 个别 事实 下降 不堪 蓝牙 足够 满足 场景 确实 听力 考虑 使用 已经,0
上动圈 静电 改变 变化 明显 系统 产品,0
取电 独立 太行 供电 恐怕 传输 说明 打算 胆机 后面 解码 移动 不是,0
连小吴 俱乐部 不玩 认可 对手 土豪 音质 真的 东西 耳机,1
削掉 最多能 陷阱 圆筒状 墙角 第一张 不太对 驻波 直径 左边 体积 照片 型号 一点 好像 不行 低频 太小 选择 左右,1
比较 感觉 胆机 歌德,1
顶起,1
耳机 估计 没有 个人 喜好 绝对 风格 不同 永远 最强者,1
来算 好几百 一百 一根 价格 不会 线材 应该,1
没有 值得 低阻 有个 森海 新品 刚出 中阻,1
觉得 耳机 时间 系统 没有 树莓 好听 小时 厉害 大部分 体现 上去 下载 推送 台式 下来 网易 多首 云上,1
未知,0
一下 听歌 安心 恭喜 折腾,-1
到位 算是 存在,0
采样率 头疼 深度,-1
确实 好听,1
垃圾 营养 我发,-1
接近 超越 道理 自然 可能 无法,1
耳机 之间 区别 很多 这种 耳罩 基本 低频 一点 稍微 频段 有点像 玩意儿 间隙 猛增 假象 把戏 相箱 密闭,-1
玩法 效果 转盘 实在 手机,0
密切相关 房间 低频,0
小朋友 精珀 拿音 台式 接触 翻译 便携 听听 已经 觉得,0
老头子 耳放,0
未知,0
不大 差距 廉价 解决方案,-1
新烧 老烧 楼主,0
电磁炉 好评 看到 好像 基本,1
声音 一下 解码 隔离 正常 直连 光纤 噪声 信号线 传递 开关电源 最起码 变差,-1
应该 二手 出点,1
可控 立竿见影 减点 带来 改变 喜欢 低频 效果 高频 设备 耳机,1
感觉 整齐 强迫症,1
擦擦 洗脑 强型 这点 属于 伺候 特点 退烧 主要 喜欢 拜亚 味道 很多 耳机,-1
进阶 看样子 改善 风格 值得 佩戴 声音 期待,1
大爱 很漂亮 外观,1
帖子 特别 必要 开心 众人皆醉 独醒 阴阳怪气,-1
声音 耳机 所谓 建议 以上 拜亚 低频 喜欢 质感 摇滚 中频 追求 无论是 主要 金属 极端 弹性 直白 有过 狂人 残死 两万 已出 空虚 通杀,-1
耳机 一下 不了 确实 价格 厉害 所有 楼主 实力 刚刚 不敢 定价 淘宝 万零,1
不错 建议 二代 一代 三代 改名,1
声音 佩戴 试听 最好 调音 三代 高能 预警,1
口接 电装 改无 机箱 风扇 网桥 纯净 升频 对比 界面 必要 感觉 直接 系统 上线 官方,-1
推大乌 没听到过 石机 好像 好听,1
废掉 不会 耳朵 左右,0
毛糙 反馈 认为 录音 阻抗 三个 音源 明显 版本 问题,0
好家伙 我出,1
入个 超值 现在 便宜,1
主要 环境 噪音 晚上 大大降低,-1
很多 机器 麻烦 遥控 钰龙 高登 不配,-1
耳机 烧友 基本上 退烧 必经之路 上限,-1
代购 国行 问题 不是,0
第一 价格 上来 音质 差不多 这款 声卡 专业 旁边 颜值 阿波罗 四大 阿婆 能排,-1
韩砖 多国 机比 双台 两万多 五六千 体验 实际 万元 同样 明显,1
换条 改善 铜线 稍微 厚度 高频,0
首歌 网易,0
欢喜 身为 杰哥 老师 对比 音乐,0
做工 机会 喜欢 非常 个人 详细 正在 声音,1
继续,0
不是 一条 完全 购买 凭证 假线 真线,-1
玩日系 看到,0
颜色,0
耳机 这种 人声 必要 典型 是非 终极 德奥,-1
知道 帖子 原道 看到 退烧 不远 宣布,-1
行為 義的 有意 換電源線 機器 幾乎 所有,0
这片,1
糟糕 拍得 很漂亮 评测 机子 照片 不错,1
不错 直接 前级 其实 选择 一台 没错 后级 记得 高登,-1
甲类 原来,0
词汇 支援 推广 数位 改成 代理 数字 支持 建议,1
香饽饽 买不到 大乌 耳罩 现在,0
这档 价格 性价比 现在 觉得,0
呵呵 准备 一米 水线 入闲鱼,-1
现在 感觉 基本 音源 只能 够用 硬盘 网上 最大 几十 落伍 这辈子 全假 升上来,-1
失真 耳机 耳朵 表示 问题 很多 懒得 来说 实在 好听 信心 最后 本身 选择 更好 对比 刺耳 搞定 消失 之后 优点 妥协 决定 偶次 谐波 多次 和峰 取悦,-1
声音 觉得 浪费 比较 建议 不会 好声 解码 平板 平衡 实际 和弦 端口 拿来 本人 认可 坛友 很差 多个 好处 广受 没玩过 变暖 入转 出用,-1
买过 感觉 好像 机个 仿耳放,-1
脱胶 皮实 海绵 很少 保养 老化 单元 顶多 本身 问题,1
高端 建议 低端 绝对 其实 以上 推力 研究 效果 上台 飞傲 勉强 太子 半瓦,1
最好 分立 判断,1
进行 作用 去年 模拟 主要 试听 耳机,0
先摘 强迫症 关机 开机 正常 没有 建议 问题 耳机,1
没到 功效 必须 价格 地方 有钱,0
几个 好像 垃圾 评测 线电,-1
韭菜,-1
用线 莲花 是否是 平衡 那种 请问,0
发扬光大 前端 算是 之前 很多 已经 耳机,0
推不偏 刚才 索尼 突然 发现,0
试听 国产 最好 推荐 强行 宙斯 声力,1
级别 就别 浪费 数字 转盘 评价 几万 来看 发挥 功放 咸菜 潜力 舍得 玩法 忠告 投资 精力,-1
应该 评价 好点 看着 销量 就行,1
重新 一根 之后 定义,0
顺出 坛友 阻放 需要 铁三角,0
真水 罐头 可比性 有个 听音 这种 东西 耳机,0
音质 知道,0
不错,1
耳放换 挺香 艾伦 小声 铝带 面积 线加 适配器 折腾 用功 平面 控制 不好 价格 低频 自带 更好 问题 不用 耳机 声音,-1
就算 真力 满意 箱子 价格 古典 牌子 当然,0
古典 编制,0
耳机 耳朵 应该 可能 不会 没有 感觉 二代 低频 地方 大奥 音箱 香格里拉 好点 包括 惊艳 多些,1
学习,0
已经 现在 多年 听音 高频 拜亚 确实 编制 感情 方面 优势 录音 器乐 舒尔 独奏 日常 解析度 强悍 送人 吉他 指弹 返听用,-1
我收 价了 不要 几个,0
不错 其实 的确 功放 电流 纯甲,1
周六,0
不太长 屏蔽线 正经 对底 信号线 影响 没有 不会 问题,0
百度搜,-1
人惠威 接到 电视机 音箱 光纤,0
觉得 好听 折腾 换线 插座 保险丝 一会,-1
很瘦 中性点 现场 太薄 路子 暖厚 欣赏 个人感觉 残响 刺激 那种 试听 还要 不是 应该 耳朵 声音,0
冰山美人 乌是 评测 不太能 人声 感觉 理解,1
降压 升压 管理 操作 芯片 是不是 关键 电源,0
耳机 佩戴 产品 很多 来说 真的 非常 性价比 必要 价格 厉害 过度 不敢 音效 一款 绝对值 一流 初烧 舒适度 优秀 一文不值 区间 吹嘘 踩得,-1
顶一下,1
降下来 上大乌 新出 容易 价格 人声 现在,0
毫无关系,0
破财 风水 今年 来看 楼主,0
一万元 选项 二手,-1
快乐 双修 换线 原线 可惜 实在 没法,0
死活 串流 蓝牙 楼上 播放 不好 似乎 机器 音乐 支持 问题 手机 声音,-1
莱尔 贵点 何庆华 选择 可能 不错,1
赛乐士 价位 选择 转盘 感觉 个人 没有,1
多金 作业 优惠 平面 最近 帖子,0
一代 听得出来 硬件 有用 苹果 强高 配比 低配 具体,1
宙斯 完美 耳机,0
新旧 天猫 程度 体验 实际 一部分 重要 调音 听音 耳罩 原装 影响 建议,0
耳机 铁三角 明显 的确 耳放 算是 插上 阻高敏 差不多 推低 电流 专用,-1
喝酒 喝茶 隔三差五 聚会 抽烟 吹牛 听音,-1
不错 没有 耳放 可惜 功放 之后 谷津 纯耳放,1
线材 很多 东西 电源 特别 年前 电子管 洋垃圾 实用 清远 货场 淘到 拇指,-1
明显 积分 水贴,-1
人出 度过 毒文少 太阳神 现在 考虑 看看,1
倒闭 挣钱 活该 以价论 厉害,1
相位 几分钟 事儿,1
楼上 观点 同意,0
第一 价格 上来 音质 差不多 这款 声卡 专业 旁边 颜值 阿波罗 四大 阿婆 能排,-1
便宜 不错 不是 已经 支持 以前 其实 算法 只能 大部分 后来 超过 传输 设计 国内 数播 标准 老外 是非 引入 国人 设计师 远程 普及 玩数播 差分 远距离 国际标准 国外品牌,-1
想试 蓝牙 平板 买个 比较,0
耳机 现在 低频 大家 静电 科技 发达,1
不错 买个 值得 手上 结实 不糊 分量,1
应该 怀疑 早就 商家 假货 做工 置顶,-1
声音 不错 比较 胆机 低频 耳放 开心 搞套 有染 白开水 补补,1
就值 不能,1
换个 不少 一点 组合 一台 有限 推好 机器 预算 便宜,1
帖子 特别 必要 开心 众人皆醉 独醒 阴阳怪气,-1
挺不错 动漫,1
价位 当时 现在 应该,0
器材 这种 仿真 长脸,-1
觉得 直接 目前 感觉 高频 低频 同意 电脑 老婆 不想 分钟,1
处理器 规划 接收器 量产 定出 接下来 吉他 风扇 几台 月底 优秀 联系 推出 蓝牙 更加 播放器 会出 电脑 地线 便携 音频 考虑 目前 前级 需要 电源 谢谢 已经,1
没有 绝对 只能 满足 折腾 标准 欲望 商品 无限 不断 面对 无穷的 如是,-1
当然 一代 值得 调音 讨好 据说,1
凉爽 夹杂着 迎面 一扇 轻快 沉稳 窗户 明亮 享声 驱动 有力 输入 下单 平衡 打开 对比,0
调歪 关心 说好听 试图 阉割 突出 频段 无关 多数 信息量 好像 价格 素质 保留 好听 真的 东西 很多 问题,1
百分之 投资 超过 最后 不要 系统 线材,0
木纹 好点 一点 自然,1
境外 压不住 保险 价格比 口碑 刺耳 系列 至少 容易 高频 目前 不是 便宜,-1
想当然 有点,0
声音 知道 不错 版本 很多 建议 方便 别人 解码 机器 好听 考虑 后面 相当 全新 普通 满意 闲鱼 代理 到手 处理 唱片 英国 蓝牙 上个月 晚上 块钱 卖家 没用过 成溪 上入 总部 货该 老骚 黑胶 我入 晶振般 李工 之宝 灯光 很漂亮 师旷 红心,-1
官方 参数 支持 解码器 第一 播放 插件 输出 驱动 安装 要装 完整 播放器 第三 设置,1
鱼家 老虎 转盘 考虑,0
按过 四只 试试 楼主 两个 听说 没有 比较,1
非常 效果 功放 上市 后级 问下 现场 演示,1
不错 入门 好像 这套,1
不错 数据,1
优秀 表现 耳放,1
耳机 一定 好听 其实 感觉 味道 流行 道理 歌德 楼上 有种 特殊 流行音乐 贵得 水友,1
感见楼 更新 线材,0
确实 不是 没用 一家,-1
不糊敏力 敏力 做工 铜线 代工 试试 牌子 很多,1
听歌曲 欧低 声力 宙斯 曾经 尝试 一阵 非常 推好 已经 一下 级别 声音,1
帖子 支持 前排,1
合适 价格,1
不绝于耳 来直 亮声 要用 偏亮 下会 相反 阴间 人用 导致 不耐 前端 评价 直接 很多 线材 搭配 耳朵 耳机,-1
小时 两个 后悔 为啥 没事 别退,-1
饱和 市场,0
解码 选择 素质 更好 不好 同价位 这台 数码味 诗德高 登钰龙,-1
品类 协奏曲 全剧 天鹅湖 夹子 胡桃 老柴 排名 曲子 旋律 优美 非常适合 钢琴 小提琴 交响曲 经典 曲目 听听 本身 非常 建议 入门,0
真卡 两根 保险丝 达斯 转接头 楼主 真是 两个 一条 没有,0
退烧 田螺 爷用,-1
耳机 有点 监听 调音 评价 整体 一点 感情 不好 当年 认为 记着,-1
感有 差别 蓝水 水蓝,-1
胆机 器件 太贵,-1
耳机 比较 考虑 现在 最近 一点 附近 多久 不敢 三年 好处 质保 三千 偏重,1
一会 摆设 老版 银色 高增益 发热 巨大 基本 红灯,0
不错 入门级 一级 素质 更好 自然 均衡 用过 宽松 密度 音神 线条 这条 没用过 音乐味 天仙配 威宝 网评,-1
丹娜 型号,0
最终 弯路 走过 名气 找到 匹配 不少 经历 满意 环境 箱子 楼主 非常 类似 其实 好听 真的 没有 系统 很多 可能,1
假装 烧烧 退烧 满意 有钱,-1
知道 不错 应该 牌子 耳放 小心 特制 脱贫 点为,1
里外 铝带 静电 大声 平板 基本上,0
好点 差不多 电脑 直接 东西 建议 入门,-1
很近 爱丽丝 不算 激情 型号 人声 声音,0
好多 还行 没什么 大耳 感觉 铁三角 佩戴 觉得,1
楼主 中频 觉得,0
副耳机 单端 平衡 明显 区别 声音,0
那选 无所谓 没错 价格 一定 最贵,0
太水,0
还要 时间 强烈 容易 电影院 感比 头晕,1
楼和楼 认同,0
声音 耳机 做到 要求 应该 一定 电源 设备 解码 影响 其实 当然 有限 明显 反思 听感 素质 音源 相当 自然 是不是 耳放 不行 听到 旗舰 信号线 市面上 最大 电磁炉 短板 耳放能 贵价 极少 功效 只能靠 弥补,-1
也许 主机 分体 底噪 电源 解决 问题,0
振膜 潜力 是不是,0
罩子,0
乍一听 豪宅 房价 弹唱 这首 林俊杰 实则 这张 铁粉 小房间 这才 客厅 房间 变成 持有 实际上 说实话 正确 专辑 还原 楼主 厉害 问题 觉得,1
透明度 垃圾 耳放,-1
根本 不是 高频 粗越,1
没有 关键 绕线 反相 意义 平衡 输出 功放 方式 次级 仿着 制作 接头 没太大 专门 定制 有同 相地,-1
进快 按键 遥控器 遗憾 红心 遥控 控制 不好 音量 不能 使用 支持 方便 手机,-1
一条 本来 接口 手里 行货 收到 好多年 蓝牙 随身 锦艺 前些天 当个 耳挂,1
觉得 耳机 味道 拜亚 更好 成本 喜欢 算是 同样 森海 价位 均衡 大师 准备 通透 德国 退烧 前端 大气 两千元 高于 同价位 同档次 越来越 品牌 理由 曾经 振膜 四平八稳 清新 我会 揭示 难得 乱说 森海饭 力好 三大 正比,-1
胆机 不会 没有 好听 意义 折腾,-1
偏右 歌偏 地区 左边 未必 录音 不同 正常,0
艾伦 加上 不要 耳机,0
音乐 有点 人声 友好 不好 录音 毛刺 太尖,-1
声音 耳机 毕竟 搭配 二手 考虑 感觉 听说 两个 条件 平衡 玩意 说实话 方向 收个 小尾巴 有底 和暖 咯薄亮 厚风 魅族 高一,-1
一下 支持 真爱,1
足够,0
问题 机器 请教 解码器 算法 差异 不同 升频 标准 定论,-1
铁饼 举重 记得 有个 器材,0
估计 推好 手头 十年 从未,1
潘多拉,-1
同为 我用,0
莫文蔚 陈淑桦 邓丽君 王菲,0
两字 顶思叔论 在座 价位 针对 不是,1
个头 反馈 能出 改进版 用户 细节 估计,0
可能 建议 没用 不要 音源 重要,-1
珍贵 缺什么 眼前 失去 得到 是因为 规律 往往 每个 时代 审美 真的 不是 觉得,1
一大批 杀毒软件 森海出 微软 高兴 生意 套装 相当于 自然 大概 很多,1
大不大 差距 分别,-1
转盘 矩声 出个 纯数播,1
只管 惊艳 后期 一起 推荐 感觉 实在 提升 升级 没有 系统 估计 耳机,1
西安 试听,0
不少 选择 问题 觉得,0
看下惠威 无线耳机 千元,0
不知 没有 非常 听感 听过 真是 看着 漂亮,1
膜拜 大佬,0
声换 右耳 丝丝 一边 有时候 问题 可能 不是 耳朵 耳机,0
耳机 要求 搭配 完全 最好 不同 驱动 几款,1
帮顶,1
参数 范围 需要 真的 其实 必要 有个 区间 普通人 关心,-1
最好 档次 古典 大师 以下 德国,1
电容 坏坏 零件 精密 师傅 淘宝 保修期 就算 信任 代理 圈子 产值 音响 电位器 外国货 芯片 容易 这种 反正 个人 直接 东西,1
限量版 没多 价格 必要 好听,1
支持 好文,1
应该 镀金 插座 好歹,-1
高手 表面 没戏 损伤 真皮 永久 霉菌 咬破 皮衣 弄假,-1
耳机 真的 没假,-1
谢谢 原来 差不多 湖人 指导 精音,-1
轻灵 俊秀 段誉 正像 平实 虚竹 威严 乔峰 黄日华 长相 这三只 中正 兄弟 有点像 天龙 风格 耳机 觉得,0
耳放越 高档 发挥 很少 情况 耳放 需要 东西,1
杨奶 看看,0
出钱 金鸽 过保 顺丰 一代,0
同理 比好,1
青海 地方,1
不错,1
天花板,0
收到 比好 推过 功放 女声 弦乐 人声 二手 可能 不是 不错 左右,1
耳机 已经 感觉 好像 惠威 今年 展上 同类产品,1
看起来,0
搭配,0
知道 鼠莓 直连强,1
兴奋 中端 型号 最近 感觉 真的 比较 产品 耳机 不错,1
新耳放 海外 湖人 上市 国内 考虑 很快 应该,0
数据线 变好论 说会 换线 耳机线 实验 改变 程度 耳放 影响 解码 不会 一定 电源线 之间 声音,1
这条线 颜值 大大 改进 太低,1
人声,0
辛苦,1
听风 拿来 满意 主要 古典,0
声音 其实 味道 放大 原线 全部 平衡,-1
完事,-1
差不多 同价位 无出,-1
单卖 缩小 偷摸 外置 本体 高大 显得 分体 蓝宝石 配置 一笔 直接 电源 不是,0
挺舒服 比好 好评 高频,1
很多 请问 拜亚 更好 古典 看到 大师 情况 推荐 德国 博主 推不差 推选,-1
耳光 记忆犹新 混合双打 爸妈 换来 第一幅 偷钱 家里 现在,0
提心吊胆 看得人 老师 工作 耳放 选择 请教 前级 器材,0
完美 准备 耳放 应该 耳机,0
一扫而空 糊味 几天 配合 惊喜 世纪 说明 格雷 耳放 效果 的确 解码 东西 便宜,1
不信 差别 音质 我用 很大 国产 便宜,-1
参数 器材 出来 分辨 测试 简单 起来 其实 现在 看起来 好不好 感觉 不能 好坏 算了 最近 鼓吹 绝口不提 搞乱 思路 怀疑 这种 图个 到底 离开 仪器 能力,-1
来说 简单 下潜 一只 低频 解析度 增强 厚暖版,1
便宜 不是 接受 那种 素质 调音 大家 差点 还行 缺点 出厂,-1
金丝雀 当时 出来,0
没有 机器 好像 电位器 刻度,1
清库 新款 为啥 准备,0
声音 推力 不差 给够,-1
好看 有点 木头 黄色,-1
失真 出来 了解 普遍 偏高,-1
不保 第一批 真正 告诉 用户 以上 小时 不到 明确,0
包邮,0
之间 产品 已经 几个 非常 正常 风格 全新 对比 传统 大奥 差距 高度 旗舰 路线 发现 变化 静电 升级版 白牙 抛弃 玩出 雷同 老厂 老路子 看成 毫厘,-1
未看 拜读 肯定 先顶 文章 大佬 感觉 之前 学习 很多,1
恭喜 不止 折腾 玩具 生命不息,-1
比较 感觉 人声 味道 意思 表现 差点 有点累 听久,-1
不闷 剪成 丝袜 再也 替换 海绵 大小 惊喜 发现 不少 老婆 居然 素质 解析 提升,1
试听 地方 可惜 城市 主意 拿不定 三线,1
好评 杀死 石家庄,1
发黄 墙面 建议 一下 耳机,0
沐声,0
局促 索尼 效果 太小 非常 声场 知道,0
用心 支持 一下,1
简单 解码 感觉 后面 耳放 好点 数播 折腾 换个,-1
好看 个人 算是 普通 口味 反而 配色 香槟色 太淡 太亚光,1
对比 喜欢,1
耳机 不知 音乐 进口 喜欢 耳塞 上万 驱动 声卡 年前 制作 强大 码率 改造 山寨 创新 后装 威力 高水平,1
电视 正好 推荐,1
换张 底噪大 常听 相反 换个 录音 楼上 同意 古典音乐 解码 设备 解决 不太 很多 不是 应该 所谓 知道 声音,0
用户 支持 一下,1
膜拜 大神 一下,0
防潮箱 不用,0
搞个 前端 歌德,0
声音 时间 国产 感觉 耳罩 一点 换上 非官方 尖锐,1
占楼 编辑,0
更好,1
信号线,0
歌诗德 试试 不要,0
胆机 一点 预热 最蛋,-1
一下 支持 用户 飞秒,1
对银乌 种草 天天 反而 兴趣,1
不错,1
你播 载能 集成板 采样率 合成 最差 想着 独占 跟着 转换 播放器 方式 信号 声卡 输出 集成声卡 没错 音频 耳放 音源 基本 模式 解码 好声 不要 音乐 支持 系统 耳机 声音,-1
造成 走错 反而 原因 耳机线 改善 恐怕 不耐 原线 大部分 刺激 音源 绝对 问题 可能 还要,-1
耳机 有点 真的 一只 喜欢 三代 真心 情怀 很难 失望 品牌,1
银乌 曾经 考虑 不错,1
声音 左右 耳朵 起来 真的 清晰 音箱 一对 全频 走过 家用 身边 脚架 曾经 十多年 距离 脚步 平台 前玩豆客 米左右,1
一系列 宾利 乌托邦 系列 极致 铁三角,0
搭配 不是 问题 不好 推推 优秀 太子,-1
荷宝 上墙,0
个头,0
宿舍 界面,0
失真 问题 已经 版本 以前 太小 低阻 音量 所有 功率 不少 输出 驱动 最新 管子 钻石版 驱动力 削顶 钻石 改用 输出功率,-1
耳机 其实 两个 不好,-1
未知,1
声音 不错 耳机 线材 里面 不会 明显 本身 以内 音源 质量 堪忧 耳放 一套 来看 动圈 系列 够用 中正 瓶颈 成为 驾驭,1
无敌 偏暖 一分货 推个 舒适 一分钱 素质 非常 目前 佩戴 声音,1
耳机 真的 没假,-1
声音 不用 产品 比较 反正 现在 非常 明显 比起 音质 好点 稍微 提高 插座 几款 滤波 滤波器 大打折扣 家用,-1
更別 黑磚 還差點 連金磚,-1
沟通 哪家 真相 无图 到底 看看,0
金耳朵,0
真的 结构 漂亮 黑色 能换线,1
不错 定位 之前 完全 反正 感觉 不能 推开 解析 对比 高音 弦乐 钢琴 散乱 感略,-1
月底 去年 目前 问题,0
已经 需要 路线 朋友 退步 大多数 问小白,-1
硕美科 不怎么 折腾 旗舰 可能,-1
只能 说明 管子,-1
比机 去试 用钱 转出 机内 高质量 不断 小于 本质 数字信号 总会 转成 逐步 结论 同轴 提高 信号 上升 声卡 输出 稳定 肯定 音质 质量 界面 最后 设备 比较,1
不错 测试 起码 买个 屏蔽,1
强项 歌德 好像 喜欢 耳机,1
不错 耳机 毕竟 手机 版本 方便 来说 接受 个人 使用 目前 第一次 感觉 高频 听感 低频 合适 中频 封闭式 重量 三频 均衡 总体 极致 隔音 实际 代表 干扰 差点 活动 降噪 做工 连接 蓝牙 颜值 下来 主动 模块 挑剔 出街 儿子 送给 不妥 两千多 延展 薄点 哪些地方 请勿 见怪 自说 直连出 尚可 价拿 方便性 掉频 商务 略缺 耐用度,-1
好多 高频,1
哈哈哈 大乌,1
教授 一把 科学 翻车 不是,0
偏差 原来 肯定 还好 理解,-1
带感 金属 其实,0
同求 刚入,0
失真 不是 网站 音色 音质 续航 标准 曲线 最佳 没人 各大 哈曼 比榭兰图,-1
转成 天梭 上大盾 整流管 太贵 折腾 用个 个人 不要 觉得,-1
机子 漂亮,1
取舍 平板 调音 适合 解析 推力 人声 这种 提升,0
海绵 声音,0
声音 便宜 刚好 买个 前段时间 夸张 音箱 箱子 差别 提高 一对 一大 简直 脚架 艺特 对劲 多媒体 锐牌 无聊 放上去 毫不,-1
备着 过期 折扣 一副 貌似 本来 有点 已经,0
这年头 好家伙 交换机,1
牺牲 糊化 只能 界面 听感 解码器 解析 看看,0
想到 打个 第一个 以下,0
加油 进步 流畅 依旧 操作 新版 非常 需要,0
不错 耳机 确实,1
重要 水平 关键,0
用时 直出 信号 驱动 证明 音质 影响 解码 设备 问题,0
工藤 变化 太大 真的,0
喜欢,1
家线 头痛 名字 新品 一堆 编号 起来,0
不错 录音 古琴 陈雷激,1
方便 安心 塞子 享受 降級 買個 加個 直連 手機 退燒 音樂別 升級 別想,-1
套装 平衡 试一试,0
活动 试听 没有,0
目测 禁言,1
问题 已经 声场 有点 高频 两个 拜亚 低频 手头 纵向 最大 二是 假大空 一是 有代 许久 较差 总体而言 太假,-1
变淡 略略 感触 更深 隐约 双芯 下午 曲子 很小 一二 感到 进步 延伸 很难 必须 才能 一点点 变化 方面 平衡 相比 厚度 一点 中频 好像 味道 解析 音场 小时 感觉,1
耳机 有点 低音 更好 音源 省钱 莱曼 厚润后,-1
实事求是 本心 遵从 客观存在 变好 不测 联系 改变 毒文 不好 听听 好听 影响 没有 不会 很多 测试 之间 数据,-1
改成 后来,0
判断 加入 音质 对比 好坏 没有 耳机,1
对比,0
不会 洋品牌,-1
耳机 性价比 帮顶 相比 不好,-1
神仙 百人 两人 一人 耳朵,0
摇摆 到位 描述 歌德 森海 流行,0
耳放太难 主流 匹配 耳放,0
不错 耳罩 低频 单元 是不是 安装 教程 漏音 滚降 背面 金属网 堵死,1
很多 时钟 自带 差距 线路 主要 技术 一类 外接,-1
呵呵 少爷 呜呼哀哉 东神,-1
路过,0
有没有 考虑 解码器 换成 楼主 卖掉 传真,-1
毒文 一张 好图 十篇,1
推荐 耳机,0
未知,0
声音 很多 烧友 影响 本身 容易 放大 不同 主要 前端 变化 电流 屏蔽 进入 好线 污染 导体 纯度 早换 对电,1
声音 耳机 一下 表示 比较 没有 大概 感觉 必要 更好 对比 森海 歌德 后来 很多年 发现 方向 架子 下来 擅长 以往 小小的 年纪 渐长,-1
工推起 不错,1
蓝宝石 自带,0
一件 不会 男人 我国 孩子 女人 摧残 这幅 面容 强求 爱情 下场 女性 想通 老一辈 妇女 没想通 结婚 吸血 活得,1
舒服些 细碎 结实 持有 下盘 高频 不会,1
应该 有点 满足 欣赏 系列 发现 竟然 退骚 一天 平平淡淡 出奇 听来听去,-1
无视 大法,0
之前 高价 考虑 隔离 必要,-1
会痒 皮肤 海绵 尤其 耳罩 敏感 时间,1
最强 芯片 耳放 目前,1
解码,0
天龙 容易 振膜 创新 多种 生物 坏些 福斯特,1
耳放 确实 有点 完全 问题,0
觉得,0
划等号 歌诗德 系列 刺激 确实 很多,1
针对性 最合适 设计 感觉 毕竟,1
区分 普通 类型 曲目 本来 关系 很多 无损,1
喜欢 太重,-1
造成 偏音 干扰 不会,-1
论坛 建议 有钱 无所谓 网上 索尼 太贵 不划算,-1
六万 表现 不行 人声,0
现在 音箱 隔音 房子 别用 很差 楼房,-1
打扰,-1
图好,1
声音 耳机 二手 买个 随便 有人 旗舰 参考 一堆 土豪 遍地 定制 差钱 随身 过气 年代 甩开 屁叉 蛋蛋 八条,-1
银乌 封闭 算是 单元 应该,0
不用 很多 动态 平衡 单端 干嘛 大姐,-1
达斯 换线 这线 好像 性价比 以前 便宜,1
拆开 纸上 单元 调音 后面 低音 几个 耳机,1
天狼星 按说 试过 原线 试试 耳塞 二代 不会 搭配,0
左右 不到 原装 改变 频响 曲线 山寨 原厂 一毛 版会,-1
最好 解码器 耳放 平衡设计,-1
支持 一下,1
张纸 意思 审美 有点 耳机,0
耳机 方便 森海塞尔 好用,1
声音 左右 耳朵 问题 刚好 类似 听到 一段时间 情况 这是 之后 偏头 进水,1
高级 界面 需要 时钟 东西 系统,1
根线 差要 先换 试试看 原线 听说 不要,-1
路径 发出 楼主 对比 声音,0
自行车,0
支持 手持 播放器 米饭,1
未知,0
欧若拉 听宝 解决 问题,0
放有 指标 科学 问问 关系 感有,0
不错 耳机 之前 拜亚 确实,1
瞎猜 箱体 共振 音箱 好像 需要 空气,1
未知,1
时代 差不多 加入 毒龙 本论坛,-1
纵深 较为 相对 横向 一代 比较 声音,1
一凡 必须 顶一下 帖子,1
声音 不错 耳朵 可能 版本 动态 其实 现在 不够 颗粒感 素质 更好 自带 压缩 氛围 尤其 相对 前端 改版 顺滑 讨好 灵敏度 现代 混响 略带 推些 老气横秋 怀旧 不给力 增至,1
前面 折腾 所有 二手 东西,-1
不错 有点 人声 性价比 听听 冲新,1
根本 不错 耳机 不到 比较 详细 感受 起来 其实 最好 低音 下潜 非常 过瘾 不够 上面 质量 平板 难受 舒服 结像 类型 震动 动圈 缺乏 描绘 不同 整个 变化 大小 静电 过程 弹性 不深 区分 量感 精准 分清 形态 鼓棒 粗细 敲鼓时 鼓皮 描绘出来 模糊 最差 硬邦邦,-1
前置 兼顾 厂商 主流 功放 驱动 日本 便携 之前 设备 耳机,0
细小 咋样 看着 体积 输出 平衡 心动 水平 前级 有点 知道,0
心动 太贵,-1
声音 失真 真的 腔体 相对 设计 频段 改进 带来 声学 完善 老款 听惯 一般化 更失,-1
卖掉 原来 不好,-1
电流 功放 是不是 问题,0
问题 已经 声场 有点 高频 两个 拜亚 低频 手头 纵向 最大 二是 假大空 一是 有代 许久 较差 总体而言 太假,-1
不错 铁三角 低频 调音 评价 才能 中正 说出 刚收 铁粉 一上 感叹 多差,-1
产品线 山寨 好好 整天 为啥 搞不懂 确实 牌子 耳机,1
灵敏度 阻抗,0
品位,1
比路 耳棉 质保 曾经 消耗品 属于 男人家 差点 确实 质量 耳罩 现在 可能 范围,-1
多花点 一步到位 建议,0
墨菊 古典,0
版本 最好 容易 箱子 早期 开裂 家得,1
素质,1
四百多 当年 特别 觉得,1
白领 搞怪 选手 远古 神马 剩下,0
回复 问题 东西 好坏 态度 卖家 配件 很差 再也 先不说,-1
不是 假洋鬼子,-1
完全 必要,-1
耳机 问题 二手 以前 全新 后来 情况 平衡 差不多 客服 寄过去 一张 联系 一根 免费 包装 换购 说明书 前不久 裸机 质保卡 盖章 收据,-1
铁三角,0
一脉相承 在于 音色 质感 区别,0
设备 很大 差别 台式,-1
贴子 以为 版主 顶上来,1
帮顶,1
星期 同事 好好 上去 楼主 是不是 怀疑 其实 真的 升级 经常 应该,1
分钟 撑开 多大 电吹风 猛吹,1
不是,0
声音 不错 佩戴 应该 三个 歌德 做工 原因 没入,-1
塑料 头梁 这种 简单 没法,0
效果 比起 流行 古典 真是 耳機 原因 這兩 有過 最後出 因為 差口氣 留著 電影用,-1
器材 建议 这耳放 初烧 劝退 没买,-1
安装 电脑,0
推荐 挺不错,1
丑带 这俩 出去 看着,0
手摸 借着 小姐姐 顺便 一下,0
不想 折腾,-1
普及 好耳放 推有 坛友 不亏 节奏 入个 惊喜 淘宝 功放 输出 经典 价格 平板 喇叭 绝对 直接 不要 没有 不会 耳机,1
歌德 退烧,-1
要求 东西 二手 进口 发现 就算 开箱 禁止 二手物品 作假 退运,-1
支持 音乐,1
万贵 售价 淘宝 一下,0
够用 输入 好像 数字,1
叶家 外观 胆机 好看,1
两个 正好 中频 不好,-1
快节奏 听慢 诚实 店员 天慢 养护 北方 南方 灰尘 潮湿 心情 日常 也许 老兄 仔细 振动 节奏 太难 无敌 据说 售后 复杂 静电 回来 就算 伺候 导致 实体店 发现 价值 分析 告诉 容易 一段时间 这位 经典 是不是 相当 老板 考虑 厂家 使用 看看 问题 耳机,1
推系 有点 浪费,0
收金 不坑 多好 五千 出头 画眉 全新 现在 机器 二手 起码 不是,1
试试 对比,0
声场 试试 空间感 比好 一家之言,1
韵味 低频 信号线 真力 比好 配根,1
耳机 手机 这种 最好 非常 人声 效果 难受 玩意 外放 电子 讲道理 合成,1
耳机 区别 不是 耳放 匹配 说好 扩差,-1
搞个,0
应该 搭配 一下 论坛 帖子 比较 很多 搜索 几个 最近 推力 对比 好像 评价 印象 一体机 画眉 普遍 评论 稍差 大半年,-1
纠结 两个,0
捧场,0
明显 封闭 没什么 方面 木头 差别 做工 开放 缩水 看出,-1
但机 醇厚 神马 温暖 刺激,0
好看 看起来 感觉 没什么 黑色 白色 橙色,1
现在 一大堆 假货 太行 同价位 泛滥,-1
不错 应该 实在 其实 味道 后面 必要 电阻 输入 设计 玩意 运放 看着 假货 电路 电容 太多 哪家 散热 银色 看不出 两种 像是 莱曼 混合 快速 看样子 真假 调味 耦合 推挽 之用 整流 机用 箭猪,-1
孔位 不带 滤波 声韵,0
箱子 耳机,0
起哄 拼命 整天 斯德哥尔摩 一大帮 接机 无脑 台机 一类 操作 主要 硬件 性价比 用来 转盘,-1
四千 长款 听书 六千 强化 样子 特殊 要选 中频 针对 一代 最好 当然 实在 二手 建议 手机 里面,1
意思 结构 有点 功能,0
大乌,0
觉得 耳机 比较 音源 耳放 以为 前面 毫无 一档,1
失真 耳机 耳朵 所谓 级别 不是 测试 比较 软件 很多 不会 音乐 提升 需要 使用 机器 国产 现在 不能 敏感 类似 高频 两个 适合 解码器 低频 高级 开心 硬件 楼主 实践 不好 证明 加工 差不多 德国 镀银 频段 功放 播放器 制作 记得 高素质 台式 重点 过于 不必 行业 均衡器 凸起 雅马哈 代替 软硬件 一味 人类 十几 技巧 物美价廉 紧张 零点 测试数据 研判 高峰 低谷 零一 削去 长期实践 做进 依靠 未完待续 案例 效能 重大,-1
毒吻 连毒,1
流星 天马 喜欢,1
碟机 飞利浦,0
没有 差评 好评 右边 卫生纸,-1
求救,0
安桥 得到 单元 直接,0
头版 十五年 今天 流畅 新版 自然 可能,0
蓝宝石 感觉 好听,1
佩戴 耳朵 耳罩 听说 舒服,-1
牛叫 轻微 变压器 请问,1
搭配 不是 问题 好听 怀疑 转盘 楼主 当初 欧博,1
变形 海绵 所有 东西 不会,0
没有 直接 其实 必要 高级 折腾,-1
琥珀 隐士 银色 高阻 低阻 适合 区别 耳机,0
不是 建议 没有 那种 牌子 喜欢 古典 森海 实力 发现 品牌 森海塞尔 劲浪 三进 已出 转战 强劲 玩多 两出 奥蒂兹,1
感觉 不好 更新 尺寸 红芯 小点,-1
声音 存在 觉得 比较 估计 方案 一点点 略微 文件 第一个 装在 读取,1
声音 搭配 老板 确实 喜欢 醇音,1
觉得 耳机 不是 真的 所有 不好 原来 至少 主要 搞定 传说 总司令 曼丽,-1
冲突,0
很多 推力 平衡 上去,1
知道 很多 看到 咸鱼 咋样,1
本地播放 交换机 关系,0
上档次 海绵 认为 看上去 个人,1
电处 好点 买个,1
巨高多 淘个 谷津 收到 一套 性价比 大概 二手,0
一招 学到 暂时 不到,0
收收 平价 不去 路线 国外 研究 非常 建议,0
问题 可能 明显 素质 至少 差不多,-1
知道 帖子 原道 看到 退烧 不远 宣布,-1
耳机 不用 可能 不会 需要 其实 感觉 解析 对不起 质量 看到 楼主 箱子 每次 真正 心痛 大力 奇迹 刚看 几种,1
巡山 雷版来,0
帮顶,1
区别 线材 几个 真的 高价 注意 调音 尤其 差异 同一个 不同 俩个 老烧 全面 超越 一部分 市场 水分 鱼龙混杂,-1
齿音 人声 比较,0
线质量 好像 不是,1
表示 声场 无边无际 对此,-1
好文 收益,1
成倍 搞来搞去 出去 安逸 折腾 森海 西装 价格 听歌 明显 意义 提升 直接 没有 声音,-1
资格 说话,0
编号 好奇 比较,1
一定 建议 直接 类似 值得 调音 走向 馒头 健康 买系,1
未知,0
大牛 据说,1
支持 关注,1
一下 支持,1
不是 留名 大作 顶楼 强帖,-1
两个 流行 有人 鸡互,-1
觉得 定位 不是 很多 解析 结像 清晰 清楚 塞子 立体 带来 拉近 不语 拉大 表象 比大耳好,-1
声音 建议 极其 不够 二代 一代 耳罩 厚度 原线 平衡 不好 成色 试过 单端 接近 驱动 还行 再换个 代用 半塌,-1
不知 试听 非常 说明 方向 北京 实用,1
耳机 耳朵 不到 不是 问题 烧友 扩大 设备 不要 完全 个人 解码 起来 目前 这种 最好 人声 不够 高频 解码器 听感 素质 确实 耳放 氛围 尤其 曲目 部分 分析 欣赏 必须 伺候 思考 认为 回来 方向 具体 收货 是因为 评测 结合 日系 过于 无限 极高 人云亦云 浮夸 本质 内敛 讨厌 国产机 暴露 莎拉 布莱曼 清秀 社会 所有人 推它 硬伤 失控 排斥 如山灵 数毛 骗吃骗喝 拉进 后会 端中 红莓 夜愿 直指,-1
裤衩 赤豪哥 不赖 蓝色,0
声音 耳机 建议 买个 喇叭 纠结 老板 单元 新版 差异 很多年 说不定 使用寿命 寿终正寝,-1
今年过年 新出 加上,0
转盘 差别 机型 挺大 据说 两三千,-1
二手 随便 喜欢 试试,-1
高频 耳机 一下 支持 好多,1
声音 之前 感受 第一次 真的 一代 喜欢 听到 大耳 楼主 塞子 想象 刚入 年前 是因为 惊艳 从没 过越 相仿,-1
方便 老实 遥控,-1
声音 跳水 态度 不好 差不多 太高 售后 没说 爱坏 出保 维修费 价新,-1
令寻 维米尔 奈何 维瓦尔第 网口 外加 省心 件套 锁定 力所能及 简直 最终 网播 输出 貌似 方案 普通 电脑 追求 相比 超级 大佬 厉害 好像 价格 不行 只能 界面 对不起 转盘 本来 有限 能力 不能 感觉 现在 前级 解码 升级 时钟 没有 建议 已经 显示 不用 不错 声音,1
更衣 沐浴,0
失真 喜欢 自然 不好 入耳 代表 下降 耳力 年纪,-1
漂亮 认为 耳机,1
应该 可能 没煲,-1
打扰,-1
觉得 不用 浪费 一定 问题 系统 大部分 原线 平衡 有时候 端的 单端 办法,-1
大家,1
声音 高低 就别 一定 支持 没有 设备 需要 两个 一点 运气 准确 几千 未必 选项 因素 增益 有趣 拉平 不齐,1
来看 好评 说真的,1
金宝 表达 体现 真正 原线 感觉 耳机 觉得,0
大不大 台机,0
不错 喜欢 听过 一次,1
底噪 买个 二手 没有,0
感染力 小声 小尾巴 推得 前端 电脑 歌德 为主 流行 非常 考虑 手机,1
好看 楼主 肯定 一起 南瓜,1
出来 手机 低频 铁皮 这强,1
三条 貌似 丰富,0
不是 比较 国产 是不是 目的 发帖 问问看,1
马兰士 厉害 牌子 起码,1
闲鱼 意思 价格 耳放 性价比 便宜,0
版本 声音,1
电源 目前 价格 咸鱼 同一个 分体 底板 这项 独创 技术 点赞 坚挺,1
声音 觉得 没用 不行 认为,-1
意见 参考 老烧 入手 推荐 准备,0
出掉 上个月 玩意,0
声音 觉得 区别 不是 动态 完全 不能 音色 磁带 精确 不同 还原 模拟 完整 能够 相对来说 记录 再者说 数字编码,1
一堆 物理 喇叭 耳机,0
美感 柔美 推出 反而 前端 一点 特别 高频 需要,0
未知,1
太粗 大胆 不要 没有 系统 电源线 耳机 声音,0
删除 硬盘分区 一次 内置 重装 大家 完全 谢谢,1
换线 正好 升级,1
回复 问题 东西 好坏 态度 卖家 配件 很差 再也 先不说,-1
更好 音质 传输 苹果 安卓是,1
销售 周边 起来 器材 耳机,1
声音 没有 直接 提升 意义 明显 听歌 价格 西装 森海 折腾 安逸 出去 搞来搞去 成倍,-1
平衡 没有 便宜,0
未知,0
安培数 定论 早有 低音,0
听感 速度,0
版本 请问 以前 国行 变成 字体 四方 顶部 一行,1
区别 解码 信息量 退烧 听不出来,-1
音源 古典 超级,1
无锡 苏州 死去 实体店 上海,0
带劲 摇滚,0
版本 不想 深太黑,-1
小乌,0
厉害 动圈 捧场,1
不换 国标 方便 知道,0
国内 所有 界面,1
耳机 建议 不要 长时间 放大器 习惯 保持 每次 下次 关闭 重新 先开 完后 收起 空载 完收 拿出,1
待续,1
膜拜,0
失真 平面 曲线 宙斯 看金 比坛 热议,-1
文顶 总好 葱花,1
很多 现在 听听 时代 录音 昭和,-1
便宜 知道 软件 支持 好像 不好 用过 原来 方案 国内 看着 网易 网络软件,-1
反而 值钱,-1
资源,0
当前 比较 一下,0
直接 提升 很大 感觉 最好 满足 折腾 网播 过于 转到,-1
喜欢,1
大喜,1
驴唇不对马嘴 非烧 大牌 不堪 不难 有个 其实 以前 来说 好看,-1
羊毛 产金标 爱尔兰 罗产 版本 不是,0
一下 需要 关键 推好 低音 非常 耳放 均衡 一点 播放器 舒尔 毛病,1
万元 水平 转盘 达到 左右,0
金嗓子 试试,0
其实 现在 不好 价格便宜,-1
耳机 没有 音乐 使用 投入 只能 是不是 交响 档次 便携 价位 电脑 前端 一体机 性能 人用 播放器 标准 放弃 种类 偶尔 出差 比例 一群 一曲 没得说 在外 能放 来整,-1
不错 搭配 比较 几个 没有 更为 声场 细节 耳罩 明显 高频 适合 低频 喜欢 自然 耳放 开阔 推荐 不同 全面 差不多 变化 突出 潜力 马甲 不喜 后者,-1
耳机 其实 两个 不好,-1
佩戴 没有 一点 风险 断裂 竹子 好长时间 能轻,1
满意 真是 非常 目前 表示 耳机,1
不会 解码 敏感 非常 耳放 配置 满意 前端 定制 前面 电磁炉 毛病 加耳放 挑不出 我配,-1
不是 下潜 解析 低频 高音 入手 满意 表现 很酷,1
时尚 花花绿绿 姑娘 看样子 大厂 系列 极致 铁三角,0
几层 打印机 两层 架子 结实 京东 木头 不贵,0
哈哈哈 马甲 坛子 吴挂 不少 看来,1
更好 人声 声场,1
不错 时钟 接口 指标,1
耳鸣 几年 好像 怀疑 是否,1
觉得 不到 搭配 系统 二手 好听 推好 以上 价格 听得 水军 情况 合理 上限 必然 营销 太子 衡量 黑衣,1
可能 明显 素质 至少 差不多,-1
觉得 估计 不行 丝带 多到 说线 无用,-1
看看 解码 价位 芯片 差不多 一体机 评测 新出 后者,-1
帖子,1
未知,1
好听 主要,1
铁丝 一卷 需要,0
正在 这款,1
便宜货 开心,1
手里,0
器材 学习 值得 楼主 折腾 克制 难得 念旧情,-1
扩散 第一声 能略 老周 及格 钱包 放不开 榨干 弹性 轻松 第三 潜力 普通 一点 整体 低频 几个 版本 问题 耳机 声音,1
截止 听不见 标的 频响 滚降 重要 以后 可能 范围,0
用心,1
声音 一定 出来 线材 不是 东西 绝对 高级 差异 几百 电阻 玩家 电位器 找到 电容 相信 避震 几十块 保险丝 一颗 焊锡 那群人 一卷 脚钉 修磨 上千 一群 乐此不彼,-1
朋友 求助 买来 网上 折腾 试听,-1
天籁 试试 现在 不错,1
好多 支持 一下 耳机,1
未知,0
所谓 消息 型号 好友 总有 骗子 全都 总能 炒家 回应 无差别 炒炒 撒网 网到 广加 群发,-1
觉得 国产 更好 听过 工艺 莱曼 全铝 拉丝,1
延伸 部分 尤其 高频 解析 解码 不错,1
普天下 相信 所有,-1
一把 到位 湖人 基本,0
出来 不能 比原,1
美刀 每月 控制软件 本地播放 路径 查找 核心 失去 这一 费用 串流 本地 网络 和谐 顺便 放弃 一张 太多 文件 价值 设计 控制 播放 一句 更好 基本 选择 思路 没有 建议 搜索 软件 移动 功能 数据,1
价位,0
二手 一手 麻烦 代理 赶紧 保修,-1
別想 升級 音樂別 退燒 手機 直連 加個 買個 降級 享受 塞子 安心 方便,-1
说直 真是假 说法 有个 耳放 不大 提升 加个 论坛 知道,-1
电压 声音,0
沾点 感叹号 慎用,0
结项 改善 音源 更好 本身,1
胜任 口能 自动 屏幕 关闭 勉强 设置 满意 部分 低阻 只能 非常 最近 解码 耳机,1
帖子 家里 那种 最后 居然 普通 一听 镀银 折腾 换上 两根 电线 好几下 定稿 商店 装修 下墙 好几百 发烧级,-1
即可 建议 手机,0
应该 一体机 最强,1
蓝图 列出 楼主 喜欢 其实 范围,1
再减 价钱 数模转换 完美 去掉 耳放 机器 解码,0
未知,0
不玩 遗憾 总会 一支 路上 一下 玩玩,0
问题 人声 质量 古典 流行歌曲 不好 不太好 主要 录音 唱片 爵士 港台 优秀,-1
无损 据说 要出 今年 播放列表 曲库,1
好多年 叠叠,1
便宜 有没有 试听 只能 试试 大碗 线电 无奈,-1
蓝牙 听个 出差,-1
单位 网络 倾向 太贵 宿舍 网播 数播 无论是 硬件 不能 没有 软件,-1
声音 很爽 细节 好听 喜欢 风格 丰富 超越 纳米 世界 金星 柔润 丝滑 银彩单 皇冠 硬而脆 我用线 二种,1
就行了 简单 电源线,0
声音 湖人耳放,1
妻送 陌生人,1
平平 修饰 针对性 无线耳机 做出 有线 补偿 特性 最终 高于 表现 远远 单元 基本 素质 本身 现在 出来 耳机 高端 声音,0
巨大 影响,0
耳机 二手 现在 基本 两年 折腾 当年 硬通货 卖出去 心情,-1
左右 好像 记得 大耳收,1
声音 搭配 很多 没有 大概 起来 乐器 解析 清晰 肯定 高音 分离 关机 煲机 几天 期间 可比性 想要 持续 或者说 人生 比不上 两者之间 一清二楚 头皮发麻,1
机比 魅力 晶体管 真是 胆机 不了,0
烧友 早就 磁带 不买 普通 正常人 瞎折腾 先进,-1
留个 全出,0
耳朵 只能 不好 说直,-1
以后,0
耳机 搭配 比较 感觉 厉害 整体 楼主 出色 好久 索尼 几次 层次感 观察 美化 渲染 一词 贵配 腰价,1
落地 架子 办公室 不能,0
从容 沉稳 中正 大气 合适 古典 编制 非常,1
失真 出来 了解 普遍 偏高,-1
作者 十分之一 欧姆 无力 就够 解释 动圈 说明 入耳 音量 低频 适合 到底 有点 详细 可能,0
一段时间 退烧,-1
可能 呵呵,-1
声音 不错 耳机 不到 比较 性价比 喜欢 经典 配置 价格便宜 两千 像是 山灵 适中 飞傲系 偏暖甜 我蛮 达音 科家,1
声音 耳机 所谓 建议 以上 拜亚 低频 喜欢 质感 摇滚 中频 追求 无论是 主要 金属 极端 弹性 直白 有过 狂人 残死 两万 已出 空虚 通杀,-1
高价位 二代 不要,0
耳机 所有 编号 手里 之后 一天 限量 出名 骗来,-1
配其放 省事,0
耳机 搭配 很多 音乐 本身 很多年 关注 不同 没什么 不少 前端 折腾 一支 玩法 乐趣 纯粹 尝鲜 对错,-1
不是 不了 两个 当初 一周 售后 改造 高登 良心 返修 急眼 反讽 忙不过来 将心比心 一档,-1
三百左右 客户机 再也 成品 一共 线电 数播 电脑 反正,0
便携 流行 考虑,0
氧化,0
肩膀 按摩 趴着 背后 完美,0
麻烦 可否 版主,-1
花买个 功放 吊打 全部 上面 耳机,1
界面 所有 国内,1
至极 淡漠 苍白 无聊 忽悠 前端 垃圾 音色 耳放 解码 耳机 知道,-1
上会 不戴 校准 声学环境 神化 震撼 箱子 单元 两个 耳罩 当然 感受 不要 声场 没有 定位 出声 耳机 存在,0
声音 觉得 推力 明显 高频 更好 不差 比起 一套 平衡 认为 电磁炉 听点 偏弱 更通,-1
不信,0
趋势 推是 支持 一下,1
准备,1
出现 其实 当然 非常 耳放 差距 功率 情况 音箱 可怕 就要 推不出 灵敏度 指标 这是 一倍 家用 声压 出了名 大功 大食,-1
插座 美标 换个 简单,0
好易 温暖 氛围 厚实,1
留个 再出 挺大 买回来 差别 试试 喜欢 两个 听音 感受 二手 耳机,-1
要求 器材 比较 起来 其实 感觉 风格 交响曲 大部分 塞子 差不多 真正 规模 早期 使劲 推都 勉强 作品 晚期 贝九 马勒 对路 并不比 贝小协勃 小协高 布鲁克纳,-1
流行 好过,1
记得 森海,0
不是 以后 商家 折腾 说实话 烧油 无语 交易 维修 进灰 执意 经不起 还敢,-1
动态 压缩 肯定 不同 差别 电路 元件 跑不了,-1
有人 没有 回复 声音,0
好奇 来看 普通 新品 主板 享声 对照 工控,1
线材 建议 起来 感觉 人声 高频 自带 对比 尤其 手上 分析 宽松 发现 银彩 背景 密度 音染 有种 慵懒,-1
朋友 明天,0
有耳放选 静电 动圈 平板 考虑 没有,0
不经 老外 机器 以前 高端,0
便宜 不错 耳机 佩戴 希望 出现 不要 来说 之前 起来 到底 低频 跳水 通透 舒适 主要 暴力 未来 飞利浦 停产 敢于 分项 看好 叫板 各取所需 心疼,-1
机器 漂亮,1
耳机 做到 一定 不要 不了 解码 推力 解析 交响 便携 类型 不好 前端 等于 控制力 因素 挑选 比例 歌单 中划,-1
事实,1
拔草 种草 皮筋 声音,1
差不多 声卡 弄个,-1
声场 单元 垃圾 容易 结像 至少 必须 就算 同轴 搞好 摆放,-1
烧友 喜欢 说白了 感情 歌德 不少 热情 表达 沉稳 含蓄 活泼 森海配,1
声音 耳机 俱佳 玩家 单端 颜值 非常适合,1
封神 之作 最强 毫无疑问 之后 动圈 恭喜 楼主,1
难拆 太太,0
非常少 帮顶 讨论 牌子,1
不亏 嫖个 一段时间 基本 这种,0
节制 消耗 过度 喜欢 不能 耳朵,1
预算 素质 调音 喜欢 想法 钻石 直观 想要 肉桂 更高得,1
元老 膜拜 晚天 管理员 论坛,0
带字 精彩 文章 喜欢 过瘾 这种,1
东西 价格 不好 涉及 明说,-1
魔声 犹如 不争气 牌子 感觉,0
绿联,0
看上去 挺假,-1
听音 建立 应该,0
散发 一股 贵族 气息 耳机,0
很多 其实 耐听 高频 编制 古典 金属 恐怖 着实 别买,1
太偏 倾斜 向下 不好 明显 东西,-1
声音 好看 耳机 几个 用来 必要 是不是 打算 楼主 后悔 添置,-1
第二集 合集 有套 飞利浦 可惜 古典 以前 入门 不错,1
现在 一代 白菜价,-1
耳机 比较 音乐 大概 好听 低音 那种 适合 喜欢 自然 楼主 一点 满足 美的 女声 线性 不难 具有 能够 推用 艺术性 超棒,-1
顶一下,1
小头 坛友 关闭 据说 连接 方式 有种 充电 试试 音源 听歌 这种 不能 没有 手机,0
实在 无所谓 返修率 感人,1
一下 支持 精神 研究 楼主,1
而乙线 状态 工艺 化学 物理 解释一下 可否 资历 还原 空间感 延伸度 描述 甲线 纯铜 两条 甲乙 楼主 结构 高频 不能 现在 细节 请问 达到,1
多重,0
不伦不类 堆料 声音,0
好像 需求 满足 矩声,1
觉得 个人 其实 现在 听音 人耳 差不多 加上 技术 个体差异 主观性,-1
插件,0
美好 声音 不错 要求 所谓 器材 出来 不是 手机 比较 时间 很多 音乐 来说 需要 空间 感受 解码 绝对 其实 现在 感觉 喇叭 那种 非常 乐器 最后 一种 两个 更好 效果 喜欢 编制 流行 摇滚 古典 获得 听到 古典音乐 容易 不同 欣赏 经历 金属 真正 日本 模拟 才能 能量 功放 分享 中有 令人 器乐 电音 生活 冷门 新世纪 长久 更高 独奏 欧美 电子 钢琴 国语 山寨 平静 高水平 快乐 纯粹 回放 曲子 情感 从来 歌剧 人民币 不妥 内心 灵魂 合成 优越感 粤语 曲高和寡 重奏 意味着 演奏家 穿越 四重奏 莫扎特 巴赫 眼泪 且不说 艺术歌曲 每位 作曲家 赋予 流派 打动 维塔利 恰空 悲伤 这两首 自觉 流出 扣动 心弦 准确度 播出 震天响 乐则 管风琴 个成 出窍 翻译成 阳春白雪 应译 经典音乐 一时期 动听 令人感动 陪伴 编制工作 炫耀 高雅 地被 身心,1
再生 电源 比较,0
湿湿碎 玩家 重量 平板 这种 表示,0
最贵 最好 素质 肯定,1
炉火纯青 灌输 买单 击败 思想 这种,0
换管 凯音,0
未知,0
听杰 长老 千元,0
欧呀,0
原厂 说法 没有,0
对号入座 耳朵 二级,0
声音 左右 基本 没什么 差别 就够 分钟 预热 开听 半小时,-1
重要 预算,0
耳机 感觉 素质 调音 肯定 不好 好些 偏科 日系,-1
耳机 现在 味道 编制 流行 似乎 推荐 用过 主要 一体机 画眉 分体 听大 没用过,-1
打造 量身,0
冲击力 活力 振膜 推出 气势 略微 一点点 缺乏 中频 平板 人声 有点,0
后续 关注 情况 正在 期待,0
我试 前级 不错,1
不用 线材 需要 楼主 就算 蓝牙 电线 充电器 骗钱,-1
功能 没用 抖动 频率 防抖 挺高,-1
帮顶,1
不错 应该 实在 其实 味道 后面 必要 电阻 输入 设计 玩意 运放 看着 假货 电路 电容 太多 哪家 散热 银色 看不出 两种 像是 莱曼 混合 快速 看样子 真假 调味 耦合 推挽 之用 整流 机用 箭猪,-1
声音 觉得 耳机 音乐 声场 推好 高频 适合 用来 素质 中频 唯一 欣赏 听会 听久 寡淡 不比差 薄不耐 一服,-1
难有 对耳放 放下 电流 以下 表现 低价位 推荐 一点 价位 楼主 流行 更换 建议 比较 要求 耳机,1
毒到 真是,1
完别 一号 闪腰,0
南瓜 不错,1
耳机 应该 玩玩 东西 解码 影响 音源 耳放 楼主 同意 差不多 录音 惊喜 最大,-1
特殊性 场景 箱子 使用 不要 耳机,0
偏大 四平八稳 特点 低频 没有 声音,0
没用 直接 耳罩 刺激 柔和 平衡 上台 转接 原厂 卡农 线要 转四芯,-1
不错 耳机 要求 线材 手机 比较 动态 音乐 来说 一条 个人 其实 当然 推好 那种 非常 听音 解析 都行 适合 一只 值不值 效果 低频 确实 风格 大乌 音色 类型 控制 配置 推荐 旗舰 动圈 前端 上限 银彩 密度 音染 能量 纯银 改变 号称 属于 现代 调整 编曲 毋庸置疑 电子 想要 非常适合 冲着 首选 大肌霸 超猛 爆型 爽去 样样 不精 真不低 过接 转换头 全面性 强动圈,-1
已经 系统 解码 放到 现在 推好 真正 草医 高文 折腾 湖人 沐声 三年 两套 惊雷 好几年 北极星 到头 玉龙 多套 活活 再到 改玩大,-1
效果 旷世 差得远,-1
失真 耳机 耳朵 表示 问题 很多 懒得 来说 实在 好听 信心 最后 本身 选择 更好 对比 刺耳 搞定 消失 之后 优点 妥协 决定 偶次 谐波 多次 和峰 取悦,-1
发展史 回顾 用心 楼主 耳机,1
知道 线材 没有 东西 完全 感觉 必要 试试 平衡 真心 换线 三针,1
塑料 丁点 农夫山泉 金属 声底 刺激 味道 人声 推好 好听 有点 可能,1
牌子 直接 不是 区别,0
铁三角 性价比 喜欢 不谈 越前,1
稍远 更亮 更大 分离 高音 一点 乐器 一代 二代 人声 我用 声场,1
调性 层次分明 入个 改善 刚入 通透 丰富 推荐 效果 直连 值得 后面 是否 真的 目前 细节 解码 简单 符合 已经,1
三百次 两个,1
试听 真的 素质 三个 听到 继续 原来 等于 半天 认为 曲线 脑放 表演 哈曼 多音失 字云,-1
声音 耳机 耳朵 时间 看看 关系 人声 乐器 索尼 频响 曲线 差远了 走形 难以忍受 配戴,-1
噪音 具体表现,-1
支持 发帖 认真,1
彰显 这图 富贵 真是,0
只能 小白 骗骗,-1
中频 路过 小白 完好 凹陷 那列,1
小觑 展示厅 爆点 环绕 开出 演奏 演示 对味 带感 顶级 优势 模拟 电影 主要 香港 内部 沉浸 大佬 天龙 一套 刺激 交响 效果 音源 不可 算法 不够 现在 很大 真的 之前 音乐 很爽 系统 很多 软件 里面 产品 高端,1
区别 耳朵 移动 没有 有点 反正 当然 二代 风格 交响 音量 足够 系列 变化 差点 差别 笔记本 工作站 安定性,-1
总司令 不多,0
咸菜 当成 大件,-1
便宜 不是 接受 那种 素质 调音 大家 差点 还行 缺点 出厂,-1
现在 用家,1
觉着 比直 自有 换掉 至少 一大堆 西装 适合 推好 感觉 一定,1
呵呵 绝对 不少 日后,-1
梅咯,0
设备 错误 多数 录音 导致 认为,-1
不错,1
便宜 问题 没有 高级 唯一 上去 张扬 导致,-1
声音 问题 解决 感受 使用 不好 依然 体验 属于 毫无疑问 售后 结合 能用 各有千秋 保障 类产品,-1
旗舰 大佬,0
耳机 耳罩 两个 歌德 差别 好大,-1
谈资 要学 视唱练耳 乐理 吹牛 只能,1
声音 官方 好听 原线 平衡 冷静,1
薄亮 高耸 听惯 不耐 楼主 低频 高频 敏感 可能 觉得,-1
落伍 性能 多年 已经 毕竟,0
波是 蒸汽 舞曲 复古 电子,0
淘个 天鹰座 再出 暖声 谷津 折腾 闲鱼 搞个 一体机 喜欢 好声 不会 一下 便宜,-1
范围 可能 现在 耳罩 质量 确实 差点 男人家 属于 消耗品 曾经 质保 耳棉 比路,-1
行会 多能响 别管 很多,0
不要 直接 以上 牌子 打开 以下 扩流 搞不好 踏踏实实 欧洲 分立 东芝 假洋鬼子 澳洲 美洲 铁壳 普普通通 磨片 一百 百元,-1
维度 玩不转 更上一层楼 坑定 玩好 人头 属于 音响 相对 必要 正常 简单 没有 耳机 觉得,-1
纠结 实物 见到,0
知道 有没有 应该 了解 楼主 追求 日本 国内 用心 据说 顶楼 铜环 走俏 黄金时代,1
看来 调音 新版 卖掉 切掉,-1
新款 售后 保修 这款 竞争力 多久 提升,0
棉球 酒精 干净,1
稳压 电路 后面,0
过滤 矩声,1
三线 拿不定 主意 城市 可惜 地方 试听,1
搞不好 欧洲 移民,-1
恩恩 谢谢,0
还毒 耳罩,1
便宜 要求 听音 大部分 用户 满足 主要 一体机 不高 折腾 不爱,-1
不错 比较 人声 喜欢 流行,1
恭喜 迷你 兄猛货,1
天下第一,0
有源音箱,0
同理 良币 驱逐 劣币 饱和度 色域 成为 早有 知不知道 黑胶 翻翻 取代 比好 市场 淘汰 音质 便携 更好 理论 方便 建议 很多 可能 帖子 论坛 不是 一定,-1
耳机 直接 端口 输出 折腾 不想 延迟 连接 损耗,-1
口碑 越来越 收藏 以后 全新,1
要求 东西 二手 进口 发现 就算 开箱 禁止 二手物品 作假 退运,-1
朋友 型号 确实 好听 铁三角,1
好看 胆机 外观 叶家,1
隔得 不起 涅槃 曼森 摇滚音乐 本人 文章 楼主 大佬 喜欢 比较 耳机 高端 觉得,-1
不是 乐感 适合 地方 好像 芯片 柔顺 主要 不足 在于 同价位 据说 柔美 解析度 蜻蜓 轻音乐,1
这种 感觉,1
未知,1
机子 水平,0
觉得 好像 音质 遥控 没什么 蓝牙 传歌 连带,-1
收个 折腾 二手,-1
二次大战 经历 看上去 感觉,0
可能 出现 直接 感觉 这种 模式 更好 水平 只能 电阻 芯片 模拟 性能 作用 滤波器 数字滤波 分立 代替 阵列 玩一玩 用开 双片 片上,1
越娘 意志力 减弱 行为 弱志 流行音乐 奢华 听浮 洗礼 血与火 进行曲 大刀 战争 神圣 喀秋莎 警长 黑猫 葫芦娃 从小 热血男儿 歌曲 这是 经历 应该,0
光晕 图中支 第张 蓝色 管子 为啥 一层 一下,0
尾巴 三万 办公室 一体机,0
比较 这种 明显 性价比 调音 差距 主要 才能 温暖 细腻 拉开 再往,-1
声音 知道 以前 好听 现在 咋样,1
大小,-1
办越 新年快乐 大家,1
声音 不错 出来 一下 入门 详细 顶一下 来说 关键 真的 价格 真是 相对 推荐 机子 竟然 烧油 福音 评论 再次 颠覆 白菜 低廉,-1
部位 阳剖 耳机,0
觉得 平板 动圈 兼容 高阻 没耳放能,1
耳机 之间 区别 很多 这种 耳罩 基本 低频 一点 稍微 频段 有点像 玩意儿 间隙 猛增 假象 把戏 相箱 密闭,-1
很大 流行 相比 优势 体积,1
別肩 蝶泳 最外 选手,0
整台 超能 超一 专门 搞定 准备 最近 机器,0
耳机 直接 端口 输出 折腾 不想 延迟 连接 损耗,-1
折腾 垃圾 耳机,-1
左右 不用 建议 反正 效果 良好 推不出 驱动 保证 声道 独立 两套 做成 钱少,1
可能 不会 两个 平衡 线路 不同 单端 干扰 口转 炸倒,-1
好像 界面 意大利,1
出好声 折腾 代价 不低 鸡肋,-1
超大 看着 体积 机器,0
欧亚,1
买不到 现在,0
不会 影响 低音 高频 喜欢 音质 发挥 好量 洪水猛兽,-1
好奇心 求知欲,1
风扇,1
录音笔 难道 定价 录音 水准 效果 请问 不是,1
厉害 美国 优势 指标 这下子 厂牌 可言,1
台湾同胞 前端 楼主 帮顶 大耳 知道,1
干净 意义 个人 比较 觉得,1
再发 激动 仔细 大哥 听听,0
觉得 烧友 大概 感觉 必要 听过 组合 旗舰 专门 多次 好过,-1
出个 静电 准备 耳放 前排,0
人有 并不一定 多个 玩法 伺候 发挥 每个 一套 设备 耳机,1
声音 不错 不是 提升 乐感 依次 素质 中频 三频 系列 能量 三者 透明度 民用 强调 衔接 充沛 流动性,1
太壕 楼主,0
耳机 支持 机器 感觉 对比 尤其 真是 国外 楼主 不少 视频 太贵,-1
多谢 收藏 楼主,0
前段 好不好,-1
深刻 楼主 理解,1
非常 高仿,-1
回来 激情 顶同,1
碍事 磕到 边角 尖尖 诚意 吐槽 看上去 唯一 本身 一下 产品,0
古河 平衡 厚度 增加,0
几倍 摇身一变 洋垃圾 工业 价格 隔离,-1
贩卖 数倍 垮掉 囤货 趁机 倒爷 重新 等到 肯定 森海 价格,0
耳机 耳朵 搭配 线材 很多 直接 评价 前端 不耐 导致 人用 阴间 相反 下会 偏亮 要用 亮声 来直 不绝于耳,-1
拼接 电源模块 模块 尝试 找个 分享 还行 体验 后续 推动 单独 意思 部分 耳放 平板 效果 界面 慢慢 研究 推力 不够 感觉 目前 使用 解码 有点 没有 几个 时间 玩玩 耳机 觉得 不错,1
应该 档次 比差 图片,-1
音源 电源线,0
效果,0
不是 建议 没有 那种 牌子 喜欢 古典 森海 实力 发现 品牌 森海塞尔 劲浪 三进 已出 转战 强劲 玩多 两出 奥蒂兹,1
不到 出来 论坛 很多 没有 其实 现在 慢慢 价格 暂时 尤其 习惯 咸鱼 不好 以后 思想 没什么 机子 形势 过年 恶心 销售 办法 理性 经济 卖出 买入 卖东西 卖货 凑钱 他进,-1
可笑 米饭 当年 吊打,1
必要 重要 没什么 折腾 美标 一环,-1
那家 好像 没货 算了 直接,-1
耳机 理解 出现 好像 推不开 大部分 类型 情况 线路 阻抗 灵敏度 输出 电路 转换 适配 相关 成是 难免会,1
回程 美刀保 维修 邮费 保修 卖掉 好像 单元 两个 更换 其实 官方,-1
应该 可能 不至于 推好 听感 耳放 楼主 来看 不同 线条 感极强 倒退,-1
音乐 类型 貌似 退步 科技进步,-1
那耳放 送耳放 可不 总体 性价比 解码,0
服务 那得 酒店宾馆 特殊 问问 这种 有没有,0
下半年 挽救 自此 挺高 迷上 攒钱 今年 孩子 大学 台式 乾龙盛 折腾 几年 数播 方面 准备 音箱 性价比 好听 解码 东西 耳机 觉得 不错,-1
完全 没有 必要,-1
轮回 兄弟 更新 发烧 帖子,0
素质 表示,0
不用 恭喜 退烧 折腾,-1
能少 拜亚,0
后期 那款 合适 便宜,1
节奏快 粘着 靡靡之音 不难 一听 不好 不行 编制 音乐,-1
解码 下个 楼主 分享 具体 参考价值,1
受热 化学物质 油漆 味道,0
扫码查 老婆 价格,0
毫不妥协 做工 设计 极致 同意 非常 声音,1
忧虑 爆皮 根线 正常 这种,0
开放 够用 塞子 封闭 古典 只大 人声 还要 耳机,0
过小白 鬼斧神工 文学 哪来 见鬼 门槛 坛子 经验 一堆 听音 设备 很多 出来 耳机,0
太忙 补上 今晚 回来 大家 音质 部分,0
创新 确实 产品 不错,1
功能 自带 不差 耳放 平衡 切换 连接 增益 线电 相对来说 核心 次要,-1
略大 声扬 重奏 二房 简直 优点 纵向 高度 横向 对比 人声 不能 起来 比较 手机 耳机 不错,-1
冒烟 等阵 折腾,-1
开箱 支持,1
肯定 不用,0
时不晒 也许 图片 追求 真的 设备 音乐 帖子,1
不用 一下 升级 感受 明显 值得 对比 普通 差别 装修 认真对待 为数不多,-1
觉得 比较 这种 厉害 超过 大白 互有胜负,1
更好 音质,1
有过 一点 喜欢 呵呵,-1
体验 完成度 数播 立马 事情 应该,0
好听 一下,1
抓紧 屈才 中毒 升级 耳机,1
烧线 传送 搞好 模拟 最后 建议,1
海绵 头梁 老化,0
专心 歌德,0
声音 个人 感觉 更好 对比 舒服 空间感 前端 强势 认为 蓝色 层次感 段同 游刃有余 一截,-1
垃圾 真想 大喊 一声,-1
觉得 有没有 帖子 时间 感受 真是 楼主 退烧 有点像 分享 经验 买来 啥事 白菜 警察 太平洋 过关 白粉,-1
上乘 最高级别 申明 黑名单 拉近 浓郁 难得 极度 并存 再次 超值 短板 属于 干净 背景 以下 分析 推荐 音箱 情况 听到 素质 味道 明显 那种 好听 目前 细节 解码 直接 烧友 没有 系统 很多 一下 不到,1
用钰龙 极个别 刮耳 推过 用过 高音 情况 流行歌曲 天龙 价格 更好 听感 现在 出现 应该 不错,1
认真 买来 听过 最好 觉得,1
机柜 插座,0
比好 太多,1
条卡 达斯,0
范围 没用 低频 细胞 回事 要死 脑细胞 惨用 耳聋,-1
成色 收个 阿狗 愿意 割爱,1
少年 回头是岸,0
荷兰 后来,0
二手 正常 天鹰,-1
摘糊 一耳,0
不错 应该,1
欣赏,1
比较 二手 考虑 二代 一代 讨论 画眉 性能 口碑 收个 一体 降价 捡便宜 服务 少是 会选,1
耳机 个人 现在 喜欢 单元 所有 组合 情况 外壳 认为 技术 一起 特斯拉 最强 得胜 越大越 三层,1
静电 为啥 楼主 用来 之前 请问 耳机,-1
心境 黄鹤楼 菊普加,1
收个 二手,0
下线 飞傲 用料 调音 机器 不要 电源 知道 期待,0
不错 应该 性价比 界面 千元 买到 达斯 三宝 叶音,1
下来 电脑,0
一定 提升 起来 就行了 必要 一套 折腾 就算 女生,-1
范围 事情 经常 听音 腔体 一点 稳定 稍微 材料 产生 发生 变形 有利于 梁头 应力,1
方棍 梁圆棍 黄头 无字版 版版 衍生 五花八门 同个 品控 随意 半天 大家 同一个 型号 歌德 讨论 单元 听感 感觉 不是 耳机 觉得,0
接口标准 普及 兼容性 厂商 针脚 市面上 不同 定义 东西 解决 问题,0
估计 升级 大法 厉害 索尼 坐等 编解码器,1
甩开,0
情绪 抵触情绪 父母 带给 傻子 仔细 全是 发现 似乎 感觉 现在,0
丑爆,0
不错 乐器,1
建议 价格 一点 差不多 推妥,-1
二手,0
应该 搭配 一下 论坛 帖子 比较 很多 搜索 几个 最近 推力 对比 好像 评价 印象 一体机 画眉 普遍 评论 稍差 大半年,-1
沒有,0
加钟加 二选 情况 只能 界面 选择,0
低频 兴趣 一耳 轰隆隆 框架,-1
容易 感觉,0
过好 均衡点 前端 比较 声音,1
若干次 变化趋势 真实可信 细心 细腻 结论 得出 差别 折腾 程度 经历 满意 差不多 手上 打算 明显 非常 感谢 版本 已经 比较,-1
区别 搭配 不是 系统 试听 调音 均衡 纯银 无氧 单晶 铜线 越贵 一对 非常明显 弄不好,-1
声音 不错 胆机 一台 入手 不再 黑色 石机 推大乌,1
可谓 泛音 高音 极致 还好 效果,1
年轻人 精力,0
百线 百分之一 一百块 块钱 就行 耳塞 本来 器材,1
要求 起步 器材 已经 不太 设备 不要 现在 性价比 第一 古典 便携 极致 旗舰 单纯 等于 不想 轻松 听个 桌面 老三样 银子 入烧 各有千秋 片源 高码 超好 大耳才 确有 五样,1
恶心 阉割 有点 时钟,0
喜欢 邓丽君 陈淑桦,1
不错 二手 其实 一体机 三千块 纯耳放 先锋,1
第七 高雅,0
楼主 感人 三角 回声,1
写得 收藏 慢慢 不错,1
发挥 继续 肯定 后悔 打算 成功 发烧 下去 可能 出来,0
飞利浦,0
觉得 试听 最好 音质 试试 日本 索尼 精选 免费 在线 商城 有首,1
加入,0
经风 老版 可靠 用户 路过 质量 没有,0
打扰,-1
糊奥 莱尔 加成 金丝雀 品牌 风格 喜欢 低频 两个 解析 声场 比较,1
歌德 帮顶,1
更新 一波,0
皮肤 插件 经典 一种,0
好软,1
顶上去,1
完事,-1
风凉话 天无 理由 不值 不买 大部分 必要 国产 支持 产品 觉得,-1
群内 医群,0
一半 几乎 问题,0
苹果,0
音量 用来 前级,0
动来动去 喜欢 适合 这种 看起来 美好,1
新烧 送给 真理 性价比 没有,0
不错 分析 支持 下楼,1
老师 作业 好奇 比较,1
没有 更为 明显 高频 饱满 镀金 全频 凝聚 太暗 进进出出 几回 光泽感,1
个人 细节 解析 性价比 素质 更好 耳放 一台 方面 超高 认为 不比差,-1
音色 喜欢 不错,1
没有 绝对 只能 满足 折腾 标准 欲望 商品 无限 不断 面对 无穷的 如是,-1
无人性 系统,0
没什么 质量,1
声音 耳机 不用 问题 更好 自带 低频 价格 不好 控制 平面 用功 折腾 适配器 线加 面积 铝带 小声 艾伦 挺香 耳放换,-1
糊狗 密度 前端 结像 厚度 当时 纵深 横向 精致 是不是 包围 确实 敏感 感觉 解码 声场 没有 比较 不错 声音,1
耳机 本来 歌德 意外 智商,-1
差不多 下来,-1
声音 耳朵 比较 不了 排除 假货 原因 一周 适应 厚重,-1
搞错 应该 数据,0
温顺 中带 冷静 老歌 柔软 更加 氛围 刺激 摇滚 流行 适合 高频 比较 不是,0
很多 当然 水平 喜欢 不行 了解 楼上 噱头 认为 大厂 小白 忽悠 科技 成品 小作坊 先得,1
声音 耳朵 森海 玩过 听不出来 真假,-1
看来 不错 配置 不少 退烧 入烧 功课,-1
蓝牙 完事 数播 肯定 音质 买个 方便,0
打断 占位 排队 前排 希望,0
静神 宁静 几块 面板 不同 现在 影响 有点 二手 区别,0
不错 机器 人声 最起码,1
当时 后来 阿米 森海家 差点儿 选了,-1
按排 有钱人 羡慕 买买 一下,1
喜欢 师兄,-1
价格 建议 耳机,0
佩戴 秒杀 老三样 舒适度,1
才刚 入坑,0
推推 世纪 格雷 小不点 水平 耳机,0
觉得 佩戴 铁三角 感觉 大耳 没什么 还行 好多,1
觉得 估计 低端 胆机 底噪 听过 差距 控制 方面 一次 高素质 石机 不小 小套 成本低,-1
恶声 容易,1
通讯 口用 文件格式 协议 同轴 所有 关系 没有 支持,1
奇怪的是 有底 隐士 同样 牌子 没有,0
看起来 倒角 太大 胖胖的,-1
过大 接收器 爆音,0
记不住 取向 展听 做工 依旧 没什么 平庸 质感 风格 非常 上海 耳机 声音,0
一对 准备 楼主 不能 详细,0
耳机 不是 实在 差距 原线 线有 纯银 铜线 太渣,-1
可不是 傻子 飞利浦,0
说不出,1
声音 最好 不耐 功放 温暖 太冷,-1
很多圈 调得 转会 调节器 调节 按住 声压 音量 需要 问题 达到,0
问题 没用 本身 耳放 帮顶 个人感觉 设计 调整 耳放底,-1
未知,-1
懒人 折腾 不爱 推党,-1
别搞 非要 推推 差不多 开放式 顶多 这种,-1
不好 原来 卖掉,-1
几款 差不多 外观,-1
硬亮 感觉不好 宽松 自然 不够,-1
但接 向下兼容 包含 用到 数据线 信号 主要 只会 部分 解码器 没有,0
水贴 完成,0
不错 耳机 希望 比较 二代 拜亚 听过 封闭式 这次 失望 给力 不怎么样,1
男人 不好 好听,-1
一共 回问 卖出,0
搓线 可比性 没试 完爆 主要 平衡 肯定 大耳 部分 耳放 一代 解码 耳机 觉得,0
收到 谢谢,0
贝多芬 文盲 用到 助听器 文案 开心 东西 不到 应该,1
有点 以前 厂家 难看 耳放 不同 百老汇 运费 人工 记得 台湾 来回 维修 上家 只收 不收 相是,-1
配搭 台机 更新 坐等 帮顶 同样 组合,1
声音 耳机 不要 好听 人声 适合 流行 摇滚 手持 上台 稳定 一年 反而 煲机 随身 前段 开声 耐心,1
展机 一档 太贵 买不起,-1
版本 已经,0
霸气 阳刚,0
英文 麻烦 回复 一下,-1
声音 电源线 解码 我用 界面 只能 耳放 跟上 同轴线 垮掉 行差,-1
有点 样子 解毒,1
耳机 玩玩 一下 很多 支持 有空 不好 过年 广州 回家 二房 唠叨,-1
机配 收根 接听 预留 配暖润 平衡机 四芯 改四芯 剪掉 咔嚓 单端 平衡 原线 以前 方便 声音,0
建议 直接 秒杀 一套 所有 环境 退烧 真正 降噪 宿舍,-1
真的 人声 适合 摇滚 适应性 试过 电磁炉 种类 加州 吉他 记忆 女声独唱 最深 听首 旅店 满脑子 被忽略了,-1
微软 独占 苹果 差别 输出 没什么 模式 解码 个人 直接 系统 理解 应该,-1
现在 喜欢 矩声 过万,1
声音 不错 经常 感觉 确实 降价 良心,1
差太远 包括 价值 大乌 有点,-1
最好,1
大约 不成问题 碾压 素质 两个,0
中级 组和 高级 拜亚 里面,1
差不多 声卡 弄个,-1
歌德 玩过 喜欢 耳机,1
我用 大神 哈哈哈 抽空 赐教,1
耳放越 喉宝 动圈 好听 目前 老叶,1
收留 近半年 决定 明亮 哪款 最终 泛音 折腾 满意 麻烦 一点 楼主 新版 中频 喜欢 低频 高频 目前 解码 没有 很多 达到 要求 觉得,-1
接地线 有力 柔和 动态,0
揭示 透明度 价格 确实 细节 呵呵 不错,-1
贴耳些 比要 下来 结合 饱满 相对 高频 感觉 建议 声音,1
耳机 耳朵 那种 适合 基本 地方 舒服 讨好 二进宫 回弹 慢偏,1
确实 厉害 氛围 出不来 发错 闷糊 不带 海绵 披头士 会闷糊,1
耳机 级别 感觉 监听 音源 低频 喜欢 价格 容易 不好 个人感觉 假货 淘宝 属于 真不错 略低,-1
提不起来 这下 中频 本身 感觉 有点,0
重庆 帮顶,1
曙光 管子 不差 影响 前级 升级 不要 比较,-1
声音 搭配 系统 喜欢 外观 驱动 头疼,-1
老老实实 耳塞 建议,0
听过 机子 去年 声带 一会,1
后接 回来 精选 索尼 苹果 平衡 试试 耳塞 效果 非常,1
别碰 缺陷 先天,0
声音 应该 不到 机器 差别 据说 很小,-1
有底 推会 拿来 改进 推低 单端 楼主 没有 耳机 知道,0
箱子 不能 出差,-1
中老年 结论 喜欢,1
单一 美式 绝大多数 金属 歌德 风格 听音 个人 音乐 觉得,0
可说 没什么,0
不怎么 相信,0
觉得 应该 没有 声场 推好 低音 下潜 极深 类似 进口 以上 喇叭 那种 暗流 涌动 极其 凶狠 非常 过瘾 音场 人声 不够 宽深 推力 推开,1
耳放 推力 其实 失真,-1
曲库 播放列表 今年 要出 据说 无损,1
方法 高品质 制作 录音 人声 解决,1
有点 条件 驱动 差别,-1
厉害,1
耳机 区别 比较 入门 音乐 现在 两个 值得 素质 风格 流行 算是 购买 差距 歌德 千元 差不多 几年 连续 原因 爵士 低价 走向 小碗 难收 退休 评为,-1
准备 路过,0
便宜 不错 建议 看看 数字 转盘 价位 入个 别入,1
配乐 上台 摇滚 人声 比较 不用 声音,1
主要 跳水 早就 现在,0
颜值 极致 太低 觉得,1
失真 耳机 耳朵 所谓 级别 不是 测试 比较 软件 很多 不会 音乐 提升 需要 使用 机器 国产 现在 不能 敏感 类似 高频 两个 适合 解码器 低频 高级 开心 硬件 楼主 实践 不好 证明 加工 差不多 德国 镀银 频段 功放 播放器 制作 记得 高素质 台式 重点 过于 不必 行业 均衡器 凸起 雅马哈 代替 软硬件 一味 人类 十几 技巧 物美价廉 紧张 零点 测试数据 研判 高峰 低谷 零一 削去 长期实践 做进 依靠 未完待续 案例 效能 重大,-1
耳机 音乐 感觉 味道 素质 不差 容易 平衡 沉浸 宽松 密度 驱动 音乐味 温润 展现 台耳放 机都 太高久,-1
毒图,1
缺点 单端 没什么 均衡 三代 尤其 更好 选择 明显 二代 非常 几乎 问题 不错 声音,1
文科生 肯定,0
快点 更新,0
决定 多久 放大器 音源 好不好 耳朵 耳机,-1
部分 声音,0
原价 喜欢,-1
看来 推荐 珀璞师,1
结像力 力气 推出 导致 才能 没什么 纵深 确实 非常 很大 需要 耳机,0
微翼 耳放加 静电 直接,0
发布 最好 耳机,1
需要 那种 人声 难听 稍微 才能 音染 厚重 合成,-1
竹版 木版 为实 不多 具体 好坏 区别 声音,1
知道 退烧 竟然,-1
知道 系统 烧友 十万 现在 多年 评价 退烧 搞个 一致 回来 九成 周围,-1
造成 了结 凝聚 清澈 是因为 透明 极其 推好 没有 声音,1
搞个 满意 咸鱼 二手,0
展会 当时 上海 搭配 官方,0
有人 天天,-1
打架,0
三条,0
大半年 过个 刚出 再换 水分 价格 买个 机器 二手 玩玩,0
换管 听感 人声 请问,0
声音 耳机 一下 表示 比较 没有 大概 感觉 必要 更好 对比 森海 歌德 后来 很多年 发现 方向 架子 下来 擅长 以往 小小的 年纪 渐长,-1
健康 顶顶,1
一下 回复 麻烦 英文,-1
下潜 非常 人声 歌德 通透 弹性 好量 中等,1
三十多年 动力 拜亚 不是 耳机,0
玩才 他收 几件事 会谈 毛毛 干冷 喜欢 音乐 版本 器材,1
沙发 支持 一下,1
剩下,0
顶一下,1
堪称,0
纠错 协议 网播 影响 没有,0
变成 一体机 一台,0
插卡 機沒位 解碼 旗艦 創新為 外置 何不 一款,0
或者说 一毛 简评 换皮 不满 缺点 唯一 感受,0
扩差 说好 匹配 耳放 不是 区别 耳机,-1
乐色 高价位 性质 差不多 参数,-1
日系 使用 正在 搭配 耳机,0
觉得 产品 支持 国产 必要 大部分 不买 不值 理由 天无 风凉话,-1
零点 往下拉 头麦测 适当 指望 延伸 恐怕 一点 高频 以上 就行了 影响 个人 几个 一下 电源线 觉得,0
环节 试音,0
不是 问题 好听 非常 质量 喜欢 流行 水准 塞子 路上 主要 差不多 曾经 送修 黑武士,-1
电源 想起 十几年 看到 时代 差点 汽车 着火 前用 电瓶,-1
失真 有点 意思 变化 曲线,-1
君忧 君愁 包邮解,0
高而 会收 厚度 低频 高频 耐听 推好 不会 比较,1
比较 素质 相对 太差,-1
琵琶 类似 最好 应该 要求,1
越猛 越大 系统 区别 觉得,1
播放,0
现在 口碑 很漂亮 隐士,1
声音 比较 感觉 人声 不够 乐器 高频 中频 似乎 部分 换来 通透 带来 气势 掩盖 细腻 清瘦 清新 比要 过厚 浑厚 感而 亮丽 震撼力,-1
便宜 相对 音质 推荐 确定 一个月 块钱 网易 去酷 云要 版权 云多,1
双木 来个 西装 算了 出来,0
反而 值钱,-1
慢速 采样率 一首 歌曲 采样 切换 播放 经常 时间,0
楼主 听过 谢谢 区别 声音,0
下全 大多数 比好 设计 线路 平衡 情况 确实 一定,1
接触面 再拔 接好 来回 氧化 没事 情况 一套 插头 这种 烧友 不会 经常 比较 线材 器材 觉得 存在,1
声音 觉得 耳机 一定 很多 一开 有点 机器 真的 当然 推好 非常 乐器 模式 耐听 味道 特别 素质 不差 调音 意思 情况 发现 高文 圆润 差点 一副 全能 要开 扁平 难得 不糊 下能 聊到 只开,-1
耳放去 不管怎样 清甜 跟家 厚重 纯耳放 完美 有过 走向 曾经 驱动 大气 一体机 路线 一段时间 他家 合适 需要 产品 耳机 觉得 不错 声音,1
仰慕 楼主 厉害,1
看官 优化 说法 得来,0
说金 安安 平面 相比 起来,0
谢谢,0
少数几个 这方面 流媒体 矩声 数播 声韵 国产 树莓 比较,0
越走越远 影音 飞利浦 路上,0
声音 觉得 耳机 一定 两个 压力 平板 差异 同样 巨大 平面 来自 奥帝,-1
头发 贴合 眼镜 耳罩 影响 个人 来说 觉得,0
编好 弦线 重新,1
二手 选项 一万元,-1
肯定 物理 好好学,1
反正 不在意 正常人 傻子 文盲 图一乐,-1
旗舰级 飞傲 老老实实 台机 随身 信息量 音源 这种 完全 建议 级别 耳机,0
很多 平衡 不好 设计,-1
无语,-1
发表 第楼 引用 刺猬 耳放 选择,0
学习,1
耳机 不是 可能 假货 水货 价格低 偷税漏税,-1
无敌 真的,1
对手 论音染 偏科 潜力 女声 推好 不错,-1
见解 内容 见闻 少见 近年来 深度 好好 静电 好文 看看 新手 建议,1
侧面 台湾,0
耳挂 戴久 比榭兰图 干净 舒服 不错 声音,-1
未知,0
不错 耳机 毕竟 手机 版本 方便 来说 接受 个人 使用 目前 第一次 感觉 高频 听感 低频 合适 中频 封闭式 重量 三频 均衡 总体 极致 隔音 实际 代表 干扰 差点 活动 降噪 做工 连接 蓝牙 颜值 下来 主动 模块 挑剔 出街 儿子 送给 不妥 两千多 延展 薄点 哪些地方 请勿 见怪 自说 直连出 尚可 价拿 方便性 掉频 商务 略缺 耐用度,-1
优化 苹果 就算 电脑 明显 反正 提升,0
声音 区别 总体 本质 钱越,1
运放调 偏置 硬控 稳压器 引出来 卵用 带有 仍然 内置 剩下 惊喜 电流 输出 终于 没什么 保持 没有 方便 几个 估计,1
无损 据说 要出 今年 播放列表 曲库,1
输出 视频 电脑 配置,0
卖刀 涨价 万年 大乌要 降价 国行 首发 当初 最初 实际 歌德 价格 确实 性价比 现在 大概 来说 没有 定位 左右,0
应该 不差 印象 没卡过 同门 师兄弟,-1
整流管 管子 放大,0
看待 当枪文 唱片 正常人 稀稀拉拉 字够 五百 哪有 写文 赞成 看着 总结 描述 精确 一大堆 对比 顶多 正常 反正 设备 东西 一件 耳机,-1
易出 推中 再配 完美 买来 体积 阻耳放 一体机 设计 用户 一点 低阻 基本 那种 最好 这种 感觉 解码 好声 做好 耳机,1
制度 种姓 开玩笑 好像 不是,1
没有 算是 对比 氛围 有人 记得 缩水 老版,1
本体 金宝 换线 接近 价格 选择 耳机,1
用心 设计 制造 希望,1
灭亡 大声,0
线材 不是 不要 来说 最好 明显 音质 楼主 肯定 不止 单晶 改善 镀金 粗细 单单是 现身 话说回来,-1
不错 有点 感觉 低音 下潜 人声 解析 音量 弦乐 差点 墨菊 瞬态,-1
声音 知道 应该 不会 素质 刺激 中频 纤细 饱满 好点 同级 平淡,1
变少 用电 工业 晚上 干净 干扰,-1
暧有 水润温 感情,0
毒死 年内 有毒,1
强多 参考 原线,1
一选 我系 包容 租借 二选 听得少 现场 不怎么 小乌 半个 平时 一次 越来越 正确 齿音 两年 很少 相对 古典 音源 选择 适合 最后 最近 买过 几乎 已经,0
真的 水平 還是 這吃飯 真差 這是 東家 宣傳,-1
声音 不错 直接 加个 需要 耳放 用功 功放 适配器 大功率,1
分享 收藏 谢谢,0
高端 耳机 低端 现在 确实 好像 当时 巨大 带来 好处 白菜 人类 奥地利 科技进步,-1
比较,0
无损 顶天 一级 出来 一定 耳朵,1
声音 提升 肯定 样子 有点 难看,-1
便携 放大器 不能 其实 方便 不用 觉得 不错,1
限量版 高阻 不同 版本 好看 声音,1
奥秘 外表 看不出 差别 不好 全新 单元 区别 知道 官方 声音,-1
黑车,0
不错 支持,1
买家 金牌 达斯 南瓜 楼主,0
山洞 光论 仁者见仁 超值 一款 相对 封闭式 调音 素质 拜亚 明显 绝对 便宜,1
耳机 不会 好听 绝对 用来 胆机 音量 不好 控制 功放 没试 石机 大功率 回事 有事 推和大,-1
百度搜,-1
东西 马兰士 音染,-1
带走 很重 欲望 适配器 看着 太大 没有 不是,0
耳机,1
失真 高频 严重,-1
声音 不错 搭配 不是 比较 有点 感觉 非常 乐感 两个 选择 三个 对比 没什么 刺耳 路子 刺猬 增益 能够 好玩 中高音,1
单元 增加 震动 越小越 分割 镀层 钢性,1
两个 后面 明显,0
动手 耳罩 买个 官方,0
橡胶 软质 热缩管 卡住 两头 避震 屏蔽 材料 主要 重量 效果 买个 这种 就行了 其实 很多,0
不错 学习 沧耳放,1
线材 不是 不要 来说 最好 明显 音质 楼主 肯定 不止 单晶 改善 镀金 粗细 单单是 现身 话说回来,-1
以前 确实 退回,-1
台放 前段 最起码 评论 小尾巴 差别 刚入 前端 不少 大耳 耳塞 手上 耳放 随便 敏感 不是 耳机,-1
失真 耳机 要求 比较 动态 音乐 其实 当然 人声 曲目 所有 交响曲 增加 语言,-1
盲听 做到 没法 感不 佩戴 毕竟 出声 不用 区别 之间 耳机 高端 分别 明确 任何人 觉得,0
声音 觉得 做到 手机 问题 很多 不会 看看 音乐 来说 不了 完全 个人 推力 高频 长时间 素质 调音 追求 不好 电影 一体机 推个 不想 平时 听个 不算 能够 华为 过于 也许 休闲 聆听 几首歌 几小时 很耐,-1
所谓 喜欢 千金难买 心头 珍贵,-1
旷世 声韵,0
很多 现在 听听 时代 录音 昭和,-1
觉得 耳机 有没有 没有 试听 音乐 发烧 好听 好不好 基本 必要 喜欢 地方 听到 不好 退烧 反复 没救 先量 量体温 缓解 痛苦 会加 日后 发作,-1
一切正常 转母 转接头 正在,0
捷径 没有,0
更大 录音 差点 周杰伦 足够 摇滚 流行 本身 味道 这种 关系 完全 觉得,-1
玩玩 楼主 麻烦 链接 后能 套件 完成 出个,-1
蛋糕 期送 放国行 用功,0
快递,0
觉得 应该 低频 金属 电子,-1
声音 系统 感觉 那种 非常 耐听 味道 高频 素质 编制 箱子 柔顺 比差 高文 有点像 这套 属于 完美 驾驭 乌小 温婉,-1
韭菜,-1
换成 不错 古典,1
钓鱼 箱子,0
保险丝,0
能用 没试 算是 自带 前级 解码 功能 不错 知道 声音,1
共基 共射 百度 电路 放大 搜索,0
优缺点 争议 折腾 明显 空间 耳机,-1
几乎 支持 之前 算是 更新 过来 记得 内容 这回 正式 启用,1
超一,0
惊雷 加一点 买个 二手,0
便宜 应该 一下 比较 版本 店家 现在 检查 非常 耳罩 更换 随便 皮筋 卖价 收个 改装 内线 改成 可换线 换换 超值,1
怪兽 换掉 电源 建议,0
声重 数码 下来 评测 折腾 加上 有人 还好 必要 解析 感觉 其实 树莓 没有 已经 可能 总是 觉得 不错,-1
本人 专业 电脑 不要 谢谢 问题,0
有点 羡慕 略微 省钱,1
卧草 太强,1
办公室 开放 是否 耳机,0
安心 即可 恭喜 退烧 笔记本,-1
并不需要 差异性 烧毁 单从 造成 绝大多数 错觉 声压 书架箱 烧油 带来 太多 差别 大气 吊打 宽松 沉浸 音箱 轻易 万元 氛围 对比 太大 不行 喜欢 低频 推好 这种 感觉 细节 入门 很多 不是 出来 耳朵 耳机 声音,-1
之前 高价 考虑 隔离 必要,-1
不行 麻烦 自吹 越吹越,-1
圆圆的 平头正脸 美术 西方 个性 生动 造型 以为 不同 特色 中国 那种 其实 没有,0
扣帽子 屏蔽 楼上 功夫,0
均匀 平均 质量 时间 不是 所谓,1
品位,1
选手 最能 价位 已经,0
不少 差不多 推荐 价位 便携 耳放 应该,-1
声音 东西 二代 一代 路过 玩家 接口 真心 无敌 单一,1
悬空 一端 负极 端接 屏蔽 信号 输入,0
耳朵 不会 相信 骗人,-1
问题 没用 二手 需要 买个 上面 音源 耳放 试试看 无关 女声 不信 解决不了 机而 不毒,-1
日本产 购入 台湾 理想 的确 两个 明显 以前 版本 问题 比较 不是 声音,0
几年 卖掉 前有 包邮才,-1
万能 不是,0
插换 连接 美标 排插 显示器 电流 国内 电压 环境 电脑 极性 其实 不是 电源线,0
擦干 干爽 天热 存放 紧贴着 捂着 开裂 马上 完毕 尽量少 随时 发现 等到 保持 容易 耳罩 使用 不要 耳机,0
上边 包裹 耳罩 东西,0
绝对,0
整流 后石 前胆 放大 应该,0
莱曼 坚挺 当初 价格 基本 便宜,0
行货 看看 没有 问题,0
漂亮,1
方便 价位 重要 差别 播音 不大觉 相对来说 操控 用数播,-1
高端 没用 主板,-1
值不值得 管理软件 纯粹 终身 当成 太贵 更新 实际上 一年 自我感觉 值得 考虑 直接,-1
个人 细节 解析 性价比 素质 更好 耳放 一台 方面 超高 认为 不比差,-1
重要 楼主 素质 味道 电源线 声音,1
欧直 一千 不难 收个 不到,-1
一副 买过,0
支持 厉害,1
另当别论 第一台 两千多 来自 大量 作用 杂讯 处理 最大 干净 一体机 楼主 本身 感觉 当然 耳朵 区别,1
极致 价格 外观 耳机,0
韭菜,-1
加个 解码 推好 一体机 搞个 灵音,1
手持 天龙 好听 表示,1
发抖 瑟瑟,0
学习,1
觉得 烧友 大概 感觉 必要 听过 组合 旗舰 专门 多次 好过,-1
觉得 好听 折腾 换线 插座 保险丝 一会,-1
靠谱点 不怎么样 音源 感觉,0
声场 好听 高频 自然 一本正经 扩散,1
好像 试过,1
灵性 宏大 卓越 表现力 超强 控制力 大气 圆润 开阔 声场 声音,1
调音 确实 大乌 特色 容易 方面 齿音 搞好 适应,1
另有 功劳 究竟 原因 网上 背景 发现 入手 当时 明显 感觉 请问 试听 没有 应该,0
穿戴 不值钱 一千多块 远不如 几款 玩意 音箱 音质 现在,1
所谓 表示 不要 来说 数字 影响 发烧 真的 看起来 本身 好像 电平 差异 硬件 了解 巨大 传输 干扰 不敢 信号 这是 真相 毛线 协议 理性 计算机 模拟信号 扯蛋 音频线 一位 说服力 有图 校验 盲目 乱讲 有话要说 数字传输 容不得 半点 二进制 财务数据,-1
觉得 之间 时间 版本 升级 第一 差异 最新版,-1
爱丽丝 升级 不是,0
无止境 折腾 肯定 价位,-1
真的 随便 折腾 耐造 造不烂,-1
平面,0
未知,1
元个 进价 动圈 超过 单元,0
喜欢 闲鱼 转手,-1
声音 比较 支持 舒服 找到 奇怪 轻巧 硬邦邦 心头 松软,1
不是,1
器材 起来 周边 销售 耳机,1
机会 试听,1
构造 右边 两边 偏音 一致 背景 情况 乐器 人声 这种 感觉 完全 可能 不是 耳朵 毕竟 左右,0
小巧 好看,1
没用 确实,-1
想少 这台 够用 折腾 一体机 有源 箱子 部分 算是 效果 素质 选择 推力 解码 比较 不错,-1
蛮百搭 湖人耳放 桌面 德国 合适 有点 声音,1
声音 区别 不用 呵呵 没有 安慰,-1
办公室 帮顶,1
赶紧,0
不靠 芯片 解析,0
起来 差距 挺大 银乌 要贵,-1
一下 支持 值得 极致 系列,1
不知 没有 非常 听感 听过 真是 看着 漂亮,1
铁线 晾衣架 绝缘 拆开 记得 试试,0
先拔 关机 开机,0
唱头 君子 索尼 换个 推荐 好像 以上 铁三角 高端,1
半小时 开听 预热 分钟 就够 差别 没什么 基本 左右 声音,-1
声音 细节 我用 解析 高频 不足 飘逸 透明度 金波 做出 琥珀,-1
大吉,1
没有 关键 绕线 反相 意义 平衡 输出 功放 方式 次级 仿着 制作 接头 没太大 专门 定制 有同 相地,-1
要交 学费 该交 享受 应当 积累 过程 经验 保持 态度 发烧 学习 总是,0
详细 高频 本来 正常 单元 延展 轻歌曼,-1
差得多 强行 相似 追求 古典 明显 耳机 觉得,-1
继续 涨价,1
利器 杰大 真是 支持 入门 一下,1
塞额 平头 没有,0
根本 不错 耳机 不到 比较 详细 感受 起来 其实 最好 低音 下潜 非常 过瘾 不够 上面 质量 平板 难受 舒服 结像 类型 震动 动圈 缺乏 描绘 不同 整个 变化 大小 静电 过程 弹性 不深 区分 量感 精准 分清 形态 鼓棒 粗细 敲鼓时 鼓皮 描绘出来 模糊 最差 硬邦邦,-1
瓦楞纸 活泼 金属网 最好 感觉,1
楼主 研究 精神 支持 一下,1
解码 值得 耳放 收藏 说法 古董 电子管,1
不会 差别 振膜,-1
观看 前排,0
放低 力高 头疼 优点 偏科 换个 缺点 刺耳 不少 机会 舒服 音量 适合 解析 耳罩 最好 东西 不是 耳机 觉得,-1
核磁 荷宝 不错,1
正确 学习 一下,0
试试 流行,0
朗泉 暴露 我接 周边 前端 耳放 音源 推好 关键 问题,1
觉得 可能 意义 相对 总体 每个 参考 在于 频响 最准 一大群 认知 偏差 大得多 个体差异 人头 补偿曲线 很准 公差 最小,-1
几千只 国内 算是 成功 现在 已经 产品 耳机,0
矩声 帮顶 用户,1
声音 知道 已经 现在 调音 纵深 满意 差点 宙斯 代比,-1
好看 胆机 外观 叶家,1
高端 没用 主板,-1
不错,1
问题 细节 不能 高频 粗糙 改善 管子 坐等 二进宫 后能,-1
隔音 肯定 古典 编制 不错,1
后续 出色 强高阻 表现 开放式 低频 素质 空间 提升 佩戴,1
几率 胆前级 胆结石 噪套 出底 容易 算是 胆机 估计 问题,0
镜像 哪来 录制 搞清楚 声道 就行了 问题 左右 左声道,0
适合 耳放 楼主 试试 难听,-1
外观 差不多 几款,-1
声音 耳机 水平 外观 真是 差距 旗舰 差不多 顶级 一流,-1
顶一下 听过 蓝牙 报道 奥帝兹粉,1
联名 合作方 森海 不是 产品 官方,0
最新 方案 很多年 现在 东西 很多,0
泪目 第一条 记得 塞子,0
招聘 残粉 差钱 品牌 代理 楼主 真的 烧友 比较,-1
觉得 出来 没有 听感 对比 横向 不好 判别,-1
太迟 网卡 无线 告诉 楼主 不会 问题,0
一般般 味道 可能,0
实话 编号 结像 定位 一定 没法,0
楼主 机器 请问,0
二手 平衡 折腾 搞定 初烧,-1
暂出,0
加条 进取心 厂子 涨价 劲浪 乌托邦 理由 差别 平衡 一点 垃圾 一波 没有,-1
臣妾 不到,0
不错 人声 用来 的确 主要 爵士,1
想试 爱版 老表 拒绝 森海粉 女毒 黑盒 入坑 我入 跟着 双修 男人家 木碗 目前 铁三角 试听 东西 不会 一下,1
觉得 耳机 不是 两个 确实 拥有 水准 原线 镀银 纯银 最佳 森海家 拜读 拍档 展现出 气度,1
太高敏 换根 不算 参考 满足 全部 基本 要求,0
试听 帮顶 歌诗德家,1
二嫂,0
级别 楼主 试试看 属于 尝试 敢于 作坊,-1
系列 没假,-1
莱曼,0
银线 换个,0
奇特 相似 不同 思路,0
味十足 精细 匹配 清晰 结像 开阔 音量 似乎 中频 起来 完全 没有,1
包邮,0
提升 之前 解码 明显 本来 两个 转盘 确实 价格 预订 差不多 一体机 够用 到货 热机 买来 晚上 鼓捣,-1
不好 印象,-1
暖厚透 电厂 晚上 白天 开工 火电 水电,0
点个 卖家,1
摩擦,0
下来 这套 闲鱼 安心 价位 没有,1
好看 不错 耳机 铁三角 现在 便携 头梁 漂亮 造型 保暖 大戴,-1
思路 效果 箱子 换个 耳边,1
耳机 音乐 不至于 素质 难听 类型,-1
纯耳放 谷津 之后 功放 可惜 耳放 没有 不错,1
反着 信号线 耳放,0
声音 解码 真的 桌面 没得说,1
接受 现在 性价比 平板 不少 这俩 实价,-1
至少 西装 官方,0
残疾 路子 俩个 素质 完全 买过 耳朵 耳机,0
非常 价格 差不多 音染 一款 潘多拉 记得,-1
不错 一下 喜欢 第一 听过 印象 差不多 反应 先看 发帖 日期 年前 续航,-1
型号 清楚,0
那段 描述 喜欢,1
买得起 大奥 这种 考虑 不会 问题 根本,0
太傅,0
前来 支持,1
非常 手持 表现 很棒,1
接受 喜欢 同样 耳塞 大耳 麻花,-1
改听 味精 入过 太多 习惯 天龙 木碗 铁家 后面 喜好 个人 之前 二手 问题,1
失真 接受 需要 其实 用来 听过 摇滚 赞同 楼主 歌德 肯定 想法 男声 音染 认为 甜甜的 说法 或者说 最难 满满的 厅堂,-1
坛友 楼主,0
摇滚 反正 不了,0
佩戴 注意 十分 模式 听感 调音 确实 结构 均衡 推荐 舒适 实际 物理 设计 安装 仅仅 改变 相似 男人家 做工 柔软 方法 采用 玩法 趋向 实木 壳体 缅甸 斑马 耳垫 薄厚 调换 后文 近圆型 前厚后,1
调大乌 劲浪 音箱 确实 完全 声音,1
包装箱 锌合金 不用说 比高 木壳 同价位 副耳机 头梁 成本 性价比 毕竟 不错,1
铂金 感银彩 公主 天仙配 水润 鲜活 贵气 参考 信号线 增加 解码器 电源线 周年,0
异议 唯一,0
香槟色 好文 好看,1
耳机 请问 之前 用来 楼主 为啥 静电,-1
看不懂 真的 中国 厉害 文化 米饭,1
耳朵 建议 考虑 音质 淘宝 惊喜,1
比多 如痴如醉 而加 一下子 加强 牺牲 瑕疵 像是 录音 音染 女声 不行 低频 素质 监听 好听 起来 出来 应该 耳机 官方,-1
耳机 佩戴 流行 价位 劝退,-1
不错 应该 搭配 不知 有点 起来 真的 感觉 人声 确实 更是 弦乐 墨菊 钢琴 尴尬 管乐 惨淡 寻思,1
一下 感谢 支持 神器 分享,1
太强 膜拜,1
没有 二手 价格 差距 不值 多大 三倍,-1
图一乐 文盲 傻子 正常人 不在意 反正,-1
真的 噪音 简直,-1
有过 低价,0
问题 质量 确实 算是 商家 未必 就算 偏音 就行 理由 退货 愿意 天无 难搞 消协,-1
类似之处 累死 轰炸 有无 索尼 描述 低频 好听 耳机 觉得 知道 声音,-1
失真 问题 已经 版本 以前 太小 低阻 音量 所有 功率 不少 输出 驱动 最新 管子 钻石版 驱动力 削顶 钻石 改用 输出功率,-1
流行 适合,0
觉得 耳机 没有 简单 正常 必要 相对 音响 属于 人头 玩好 坑定 更上一层楼 玩不转 维度,-1
价格 看到 不好 老烧 脑放 想要,-1
凸不凸 孙露 唱歌 带个 童丽 中频 听听 耳朵,0
大菠萝 价格,0
不少 闲鱼 说实话 好几个 卖出去 看见,-1
不错 一下 喜欢 第一 听过 印象 差不多 反应 先看 发帖 日期 年前 续航,-1
正宗 剑桥 假洋鬼子 英国 牌子 到底,-1
非官方 单纯 歌德 西装 人声 以前 搭配,0
没有 人声 听不出 哈哈哈 情感,1
张玮 童丽,0
应该 一下 速度 很多 不太 动态 有点 国产 感觉 那种 耳罩 解析 两个 不差 低频 对比 封闭式 相对 舒服 一点 分离 差不多 优势 略微 貌似 木耳 夹头 海绵 日产 要轻 掏出,-1
退回来 供不应求 产能 卖出去 标注 打折 天无 理由 代理 国外 好奇 这种 支持 比较 产品 耳机,-1
应该 不到 价格 楼主 老窖 会出 新品 下放,-1
涂层 度会 高纯 混编 多线 拆坏 改造 损失 舍得 原因 暴力 小心 提高 耳机线 单晶 导致 整个 旗舰 通透 去掉 低频 耳罩 这种 有点 破坏 很多 可能 耳机,0
加藤 著名 喷泉 想到 设计师 意思 有点,0
一假 最烂 任地 不准 负责 造假 副耳机 不谈 大家 主要 不好 告诉 森海 音色 乐器 以上 好听 问题 没法,-1
剧毒 终究会 温润 完美 细腻 发光 不算 年前 这套 女声 上来 西装 价格 调音 不差 素质 现在 东西 器材,-1
强项 低阻 听过 两个 本来 最好 目前 铁三角 耳机,1
可能 几个 没有 声场 之前 现在 不能 二代 一代 明显 听过 尤其 手上 三代 差异 观点 驱动 头梁 方式 做工 认同 造成,-1
涨价 三年 入手,0
最高 码率 解码 支持,1
为此 舍得,1
耳机 佩戴 呵呵 声场 接受 不了 完全 反正 当然 这种 本身 选择 喜欢 只能 结构 音箱 物理 体现 能量 包括 属于 悬空 房子 能够 玩意儿 呈现 纯粹 规整 高保真 紧下松 畸形 意味着 弃疗 做文章 限于 过不去,-1
哪一只 该出 出点 抉择 理想 过来 状态 不好 总是 应该 知道 根本,-1
扬声器 低敏 高阻 适合 东西,0
懒人 折腾 不爱 推党,-1
最大 差别 耳机,-1
孙子 爷爷 全面 没有,0
声音 个人 感觉 更好 对比 舒服 空间感 前端 强势 认为 蓝色 层次感 段同 游刃有余 一截,-1
不变 乐单 叠叠 以后 平衡 升级 玩玩 耳机,0
不错 感觉 单端 百老汇,1
较暗 迟缓 放松 高能 热情 一类 歌德 大乌 喜欢 估计 比较 耳机,1
来定 大小 原来 好坏,1
搭配 实在 不能 可惜 水准 便携 推能,1
发热,0
大奥,0
饮料 缩水 解释 原来 想起 感觉 没用,-1
感觉,0
比较 真的 成功 主要 改是 太细,1
觉得 耳机 可能 铁三角 影响 很大 最近 人声 味道 素质 更好 编制 一点 一段时间 挺不错 差不多 没什么 正好 特点 差别 够用 器乐 杂食 偏中 新款 昨天 旧款 盘些,-1
占个,0
回忆 当年,0
途径 正规 没事 肯定 购买 不能 试听,0
确实 临场感 不错 喜欢 听过 一次,1
不错 入门 以前 古典 可惜 飞利浦 有套 合集 第二集,1
耳机 一定 关键 喜欢 风格 价位 很难说,1
其乐融融 完分 交卷 洗个 友商 不济 要测 开卷考试 交了 板子 科学 现在 机器 知道,0
不错 耳机 非常 箱子 平时 记得 保护 避潮,1
可能 时间 动态 人声 流行 听听 胆结石 芯片 高音 女声 不足 缺点 套装 倾向 不难 把握 加持 要说 高衰 仅用 略显,-1
失真 出来 了解 普遍 偏高,-1
感谢 非常 分享,1
入门 现在 门槛 好家伙 菜鸟 仰视,-1
好耳放 一款 找到 恭喜 楼主,1
不好 原来 卖掉,-1
点开 一看 测评 兄弟 发现 关注,0
酒店宾馆 展会,0
失真 没法 大概 这种 万元 很少 讨好 性能 反映 厂商 档会 加进去 费力,-1
要求 线材 手机 比较 上线 音质 极致 拔掉 只不过 折腾 蓝牙 优先 别太高 无线 便捷 原厂 模块,-1
换线 改善 头梁 新版 基本 线材,0
亲和力 激情 属实 舒服 烘托 刺激 喜欢 低频 真的 需要 音乐,1
旧版 型号 差距 新版 喜欢 之间 存在,-1
渠道 私信 镀银 平衡 楼主 购买 一下,0
高频 特别 特定 干扰 信号 一声,-1
铁三角,0
红星 光线 长度 世界 到位 高烧 就算 他家 需求 整体 考虑 声音,0
原创 胆机,0
声音 佩戴 试听 最好 调音 三代 高能 预警,1
失真 其实 低频 平板 早就 证明,-1
更何况 提起 雪崩 糊糊 说好听 一比 听点 带点 频率 还成 高分 坛子 曲线 温暖 频段 实际 不好 没见 传统 喜欢 低频 拜亚 高频 起来 个人 二手 事情 声音,-1
备选 指教 乾龙盛 大佬,0
帖子 估计 看到 充电 方面 寿命 偏差 两天,-1
佳品 真实 巨作 思爷 古典 入门,0
莱曼 柔顺 推荐 价位 特别 非常,0
看一看 源高 唱针 淘碟 唱机 同等 配个 黑胶 几千块 码率 正版 这类 播放器 上升 好点 依然 不少 一台 价格 对比 音源 以上 需要 数字 系统 可能 里面 出来 存在,1
国都 中规中矩 出彩 难听 感觉 机器 没有 不会,-1
古典 中毒,1
上台 净化 绰绰有余 差价,-1
屌丝,0
会花 投比 外接 集成 网播 过得去 折腾 几千 合理 一体机 大于 更好 转盘 投入 这种 不能 感觉 解码 不会 不太 比较 出来 便宜 声音,-1
压掉 短发 头顶 头发 地方 不能 感觉 现在 以前,1
折后 折券 提价 常规 打折 现在,0
别家 插件,0
姨父 信仰,0
版本 建议 直接 大概 插件 直出 好几个 抛开 环节 省去 试下,1
万用表 两端 具体,0
水货 万出头 买好 偏中 接线 多一些 中下盘 下盘 划算 确定 表现 推荐 平衡 价位 合适 音源 选择 后面 高频 使用 个人 来说 设备 系统 不太 比较 不是 觉得 不错,1
二个 区别,0
觉得 比较 个人 高频 听感 表现 橡叶 评语 值得一看,1
饱满 平衡 楼主 请问,0
专业 入耳 大耳 测量 音量 是不是 仪器 没有 没法,0
是否 交换机 干扰 连接 带来 避免 网线,-1
惊喜 输出 光纤 换成,1
欧米 形状 平时 宽松 上面 买个 耳机,0
还好,1
接个 阻高敏 封闭式 底噪 没有 耳机,0
好奇 一点 麻烦 电路设计 轻松 原厂 优秀 原封不动 抄来,-1
声音 产品 耳放 原创 不好 用过 超值 没用过,-1
选项 明显 几个 区别,0
追求 正确 周董,1
粤语 版中 太暗 达斯 老歌 拿来 高频 知道,0
掏出 要轻 日产 海绵 夹头 木耳 貌似 略微 优势 差不多 分离 一点 舒服 相对 封闭式 对比 低频 不差 两个 解析 耳罩 那种 感觉 国产 有点 动态 不太 很多 速度 一下 应该,-1
鱼入 平衡 官方,0
发烧 国产 店家 机器 以前 目前 起来 反正 刚好 影响 放到 关联 互无 声部 拉满 细节 使用 前级 解码 感受 个人 很多 比较 所谓 分别 知道 声音,1
鬼斧神工 意思 有点,0
十分 厉害 静电,1
低成本 不太差 制作 音响 高点 有模有样 电平 反正 设备,-1
有点 条件 驱动 差别,-1
乐章 喜欢,1
井里 最强,1
声音 不错 目前 非常 交换机 屏蔽 网线 不燥 侧接 实而 不华娇,1
大乌大 胜过 中音 优秀 魅力 想法 肯定 歌德 试试 摇滚 流行 非常 我用 个人 没有 觉得,1
适可而止 矛盾 就行了 其实,0
底子 母版 山寨 朋友 应当 精音 属实,0
高级,1
耳机 东西 解码 机器 买个 十分 喜欢 耳放 一台 不解 原来 一点点 玩大耳 非要 掉换 省略 同级 无非 耳放差 耳放好 适应 飞不出 花来,-1
维护 好脏 注意 耳机,1
问题 感觉 不好,-1
不行 麻烦 自吹 越吹越,-1
长进 现在,0
大户 显卡 主机 干扰 音质 可惜 不是,-1
分享 感谢,1
比一众 绝得 标号 展听遍 去过 纯小白同 北京 收个 音响 准备 播放 歌德 所有 古典 上面 最好 系统 很多 玩玩 觉得,1
转盘,0
必有勇夫 重赏之下 明盘,0
电脑 前端 程度 折腾,-1
一对 淘宝,1
看不完 好长 听感 支持,1
好些 中频 风格 素质 人声,1
麻烦 可否 版主,-1
时间 几个 需要 下去 反正 现在 小时 第一 暂时 平衡 折腾 原厂 安静,-1
便宜 知道 软件 支持 好像 不好 用过 原来 方案 国内 看着 网易 网络软件,-1
声音 左右 应该 不到 不是 比较 建议 最近 那种 状态 差不多 几年 木头 改进版 距今 要收 新型,-1
声音 不能 居然 一点 高音 更加 推出 莱曼 年代 算差 水晶般 剔透,-1
靠大牛 对手 价位 低频 乐感 其实 安定 出来,1
保险 点赞 接口,1
正在 解码 反正 感觉 用做,1
降噪 用不着 家里,0
四百块 谢兰图 厂货 听说 不错,1
远离 自然,0
声音 搭配 系统 喜欢 外观 驱动 头疼,-1
耳机 现在 大法 倒退 简直 外观设计 稀饭,-1
知道 不少 一片 成品 丝带 假线 线假 看宝 奥丁,-1
声音 耳机 二手 买个 随便 有人 旗舰 参考 一堆 土豪 遍地 定制 差钱 随身 过气 年代 甩开 屁叉 蛋蛋 八条,-1
试下 省去 环节 抛开 好几个 直出 插件 大概 直接 建议 版本,1
政治 精奢 操控 真不错 变成 绿坛 正确 男人 只不过 习惯 声音,1
很深 森海家 初烧 发现 森海 印象 确实 很多 耳机,0
不要 直接 以上 牌子 打开 以下 扩流 搞不好 踏踏实实 欧洲 分立 东芝 假洋鬼子 澳洲 美洲 铁壳 普普通通 磨片 一百 百元,-1
数字 解码 使用 耐听 部分 差异 电脑 数播 等级 同轴 回去 最低,-1
好看,1
老枪 原来 一条,0
考虑一下 出头,0
老烧 哈哈哈 高芬 苏墨 基线 眼里,1
二手 很大 考虑 感觉 买个 监听 随便 价格 开放式 差距 几百 一手 即可 舒尔 强烈建议 一两千 成名,-1
事情 不是 问题 已经 解决 干扰 主机 专机,-1
木箱 绝配 最大 平衡 可能 耳机,0
耳机 玩玩 东西 试听 需要 现在 离开 听听 箱子 麻烦 极端 下载 生活 实体 好玩 讨厌 先玩 听够 新鲜 那么回事 采取 静养 安神,-1
车里 没试 真是 明显 耳朵,0
要耳放 肯定,0
表示 比较 喜欢 用户 回来 羞愧,1
简单 解码 感觉 后面 耳放 好点 数播 折腾 换个,-1
电子管 静电 晶体管 性能 或许 听听 耳放 反正 使用 建议 已经 比较,-1
更通 偏弱 听点 电磁炉 认为 平衡 一套 比起 不差 更好 高频 明显 推力 觉得 声音,-1
开贴 过点 讲讲 大体 结论 专门 以后 歌德 不行 研究 耳罩 国产 时间,0
嫌多 嫌少 千不,0
头铁 不刺 耳放得 频响 刺耳 程度 人声 不能 失真,-1
差点 裤子,-1
硬伤 带宽 搓线 口碑 师傅 光纤 不行 自然 的确 不了,0
资料 找些 整理 近期 建议 系统 不太 几个 贴子 入门 一下,1
这环 真假 条线 推荐 平衡 耳放 更好 解码器 一定 耳机,-1
比手 生猛 很多很多 价格 现在,1
外围 如果说 负载 增益 电路 供电 驱动 无关 放大器 音量 结构 本身 推力 能力 耳机,0
不是 必要 交换机 网播,-1
不错,1
声音 觉得 不行 认为 没用,-1
直接 完全 必要,-1
自制 动手 佩服,0
毕竟 问题 减少 内部 电磁干扰 传输 一体机 出好声 供电 信号 外部 损失 吸收 做得好 集成度,-1
好看 其实 叠叠,1
耳机 其实 两个 不好,-1
无线耳机 专心 利润 大都,0
定做 朋友,0
没有 反正 解码器 值得 听过 大气 欧亚 古河,1
没有 真的 好听 好不好 素质,-1
完全 人声 低频 流行 摇滚 烘托 氛围 合适,1
用来 耳机 不错,1
好些 人声,1
名字 具体 推荐 有时候 大佬 更好 有点 谢谢 看不懂 建议,1
必要 只能 播放 金嗓子 二嫂 接接,-1
升到 新机 闲鱼 以下 好像 没有,1
暂定 推过 几十万 耳放 解码器 之前 百万 没用,-1
思路 效果 箱子 换个 耳边,1
实在 个人 真的 当然 感觉 喜欢 垃圾 原线 结像 平衡 参考 双子座 扎实 脑放 沉稳 开不起 大气磅礴 超细 变粗 问题所在 无功 无过 四股 漆包线,-1
好看 觉得 可惜 当时 楼主 差不多 经历 很棒 那套 立体声 现场 合集 瓦楞 版号 海菲兹 重制 全集 拆旺德 一等,-1
佩服 下手 兄弟 工作 准备 做好,1
同问 学习,0
很多 不大 明显 高频 低频 刺激 差别 足足,-1
声音 搭配 比较 电源 个人 感觉 明显 高频 最后 适合 听感 喜欢 声底 机线 一点点 密度 相似 毛刺 提高 口味 冷声 透明 变得 享声 反而 留下 瑞士 走向 厚声 保险管 延申 廉价 那条 几毛钱 素淡 感和机线 粗线 偏薄 舒特,-1
告辞 曾经 展会 价格 听过 耳朵,0
今年 我要 手头 发现 封闭式 开放式 看看 耳机,1
声音 便宜 出来 比较 不太 不会 解码 感觉 不能 这种 投入 转盘 更好 大于 一体机 合理 几千 折腾 过得去 网播 集成 外接 投比 会花,-1
独立 动力 耳放 拜亚 一代 需要,0
未知,-1
蹲个 二手,0
我用 不好,-1
造不烂 耐造 折腾 随便 真的,-1
方便 太大,-1
必须,1
这俩 当初 不行 耳放 现在 估计 已经,0
喜欢 不行 脖子 太重,1
前辈 基音 多大 大幅 老版 现代 棉被 灵敏度 依旧 差距 新版 素质 两个 本来 感觉 提升 比较 不错 知道 声音,-1
朋友 我差,-1
以为 换上 美标 公牛 荷宝,1
功能 比较 预算 差距 类型 不同 一体机 上限 分体 更高 省事 大连,-1
买纯甲 尽量,0
声音 一层 没有 影响 插头 上面 质量 严重 过度 不好 处理 镀金 表面 彻底 薄薄的 涂层 这层 金掉 褪色 玩完 闪亮 接触性,-1
不是 建议 来说 当然 适合 理论 减少 楼主 追求 出手 玩家 参考 折腾 经验 新鲜感 差钱 适用 结合 风险 大幅 进进出出 贬值 吃螃蟹 巨额 友人 决策,-1
佩戴 不到 比较 时间 不会 懒得 直接 完全 考虑 现在 这种 基本 确实 喜欢 算是 价格 懒人 精致 大耳 极致 情况 有时候 入手 用过 电脑 综合 表现 没什么 前端 确定 一个月 手里 折腾 伺候 相信 做工 接触 不算 财力 允许 有所 持有 很长 压头 出掉 还略输 一筹 很久很久,-1
昂贵 苹果 电脑,0
看来 现在 不能 基本 效果 肯定 实力 发挥 折腾 才行 这货 得入,-1
支持 个人 就行了 充电 收音机 广播 公园 声买个 大爷 太阳能 手摇 退休,-1
雅堡 秋叶原 机线,0
耳放 透明度 垃圾 静电,-1
厉害 楼主,1
声音 好不好 晚上,-1
走进 科学,0
起航 扬帆,0
森海 用户,1
闲鱼 一下,0
设备 录音,-1
声音 明显 周杰伦 不算 活泼 热情洋溢 俏皮,1
娇贵 耐用 反而 换个 粗糙 实际 他家 耳罩 买个 更为 耳机,-1
离谱 逆变 产生 开关电源 过程 干扰 普通 还要,-1
够力 总司令 能够 对付 请教 推好 最近 设备,1
差远了 耽误 本来 低端,-1
最后,0
挺亏 跨度 奶罩 曲子 难搞 节奏 频响 真心 玩过 封闭 尤其 流行 低频 高频 乐器 好听 有点 耳机 觉得,1
依依不舍 周末 听带 不了了之 详细描述 停下来 烦躁 拆下来 认不出 一用 若有若无 休息 浮躁 一切正常 维修 直到 神奇 一会儿 孩子 死活 两天 提示 仔细 脑放 不堪 联系 睡觉 好多 索性 这货 一次 买来 爆音 关机 卡顿 突然 只好 不敢 发现 半年 电脑 继续 音箱 情况 后来 习惯 当时 听到 对比 正常 一只 研究 感觉 以前 反正 需要 完全 提升 看看 解决 没有 问题 一下 不用 觉得 知道 官方 声音,-1
不错 出色 蓝牙 上放,1
失真 参数 不是 反正 实际 玩意 兴趣 造假,-1
不亮 高频,0
没人,0
适应 搞好 齿音 方面 容易 特色 大乌 确实 调音,1
电源线 不是 解析 包围 听过 蓝色 一起 那条 假洋,-1
佩服,0
明显 积分 水贴,-1
加油,0
一定 达到 系统 档次 结论 仔细 玩儿 纯属 瞎折腾,-1
耳放 不要 东西,0
耳部 告它 做个 检查 直接 应该,0
几毛 打麻将 老太 老头 一毛 心情 重要 开心,1
狙稳 走起,0
觉得 可能 意义 相对 总体 每个 参考 在于 频响 最准 一大群 认知 偏差 大得多 个体差异 人头 补偿曲线 很准 公差 最小,-1
厂家 性价比 耳放 太猛 低价位,1
上海 遗憾 出差 本月 时间差,-1
版本 太棒了 期待,0
开太 底子 推都 高素质 不算 大声 推才 太亮 伺候 极端 不敢 受不了 刺激 古典 流行 确实 适合 高频 其实 真的 毕竟 好看 声音,1
得治 很重 强迫症,1
回血 副司令 书房 好端端 吸音板 反射 客厅 窗户 过段时间 放弃 不想 太多 录音室 箱子 音箱 一台 地方 明显 好听 放在 耳机,1
人造革 发霉 真皮 掉皮 容易,0
其实 退烧 不信 快能 刚刚开始,-1
不算 苹果 降噪 充电 原装 其实 电源,-1
肉疼 一趟 属实 便宜,-1
互换 翻车 不能 声音,0
不卡顿 能升频 真香 功耗 最高 设置 优势 很大 毕竟,0
最终 前端 楼主,0
冲突 一起 耳放 解码,0
功放 功率 加个,0
耳机,1
收台 点儿 再添 艾诗 三千多 楼主 好像 喜欢 调音 二手,1
这种 人声 特别 中频 近接,1
一下 已经 麻烦 分享 链接 失效,-1
啤酒 爪子 瓜子 兜售 饮料 花生 快乐 前排,0
声音 觉得 耳机 不知 比较 不太 烧友 有点 个人 起来 是否 下潜 人声 明显 颗粒感 高频 纠结 低频 确实 喜欢 尤其 开放式 整体 一点 相比 推荐 满意 不足 等级 特点 突出 导致 粗糙 替代 滚降 找个 缺点 同档次 上个月 优点 热情 半小时 两天 缺憾 绝大多数 造成 鲜明 刚收 活泼 上述 贴耳 通病 权衡 无功而返,-1
不知 东西,1
顶顶,1
好歹 插座 镀金 应该,-1
没有 赶紧 感冒 退换 鼻炎,-1
没法 问题 好听 以上 乐器 音色 森海 告诉 不好 主要 大家 不谈 副耳机 造假 负责 不准 任地 最烂 一假,-1
豁然开朗 限制 电流 恶声 发现 试试 耳放 单元 随便 不会 建议 不是,1
耳机 不服 出街 最强 画风 来辩,1
雷蛇 罗技 专门 游戏 耳机,0
测试 没有 其实 听听 打算 暂时 机会 差不多 看吧,-1
简约 坚持下去 牛逼到 出屎 胶水 全世界 换回 银色 智商 至今 恶心 古河 欧亚 依然 一个月 发现 欣赏 后来 审美 原配 外观 风格 喜欢 插头 感觉 关系 个人 买过 没有 很多 比较 可能 最贵 耳机 不错 好看,-1
芯片,0
用过 通透,0
噪音 推低 输出 小意思 推个 转接线 阻抗 玩意 不同 原来 音箱 阻高敏 太大 耳放 变压器 不能 耳机,-1
声音 解码 难听 不行 大部分 不好 原因 很脏,-1
声音 高端 耳机 要求 电源线 一般来说 问题 系统 建议 预算 看看 声场 设备 需要 个人 感受 厂家 其实 敏感 国标 大陆 最后 更换 选择 换成 相对 均衡 追求 准备 通透 型号 个人感觉 全面 至少 差不多 表现 确定 体验 改变 方向 条线 带来 收益 销售 投资 静神 凝聚 书房 成品 一档 实价 取舍 分配,-1
重装系统 换台 爆音 试试看 电脑 最好 我用 没有 问题,1
二代,0
台服,0
颜控 高光 热缩管 造成 脑放 颜值 材质 个人感觉 大部分 一种 这种 感觉 低端 线材,1
外界 下结论 高增益 输出 录音 不好 条件 脱离 电平 音源 关系 需要,-1
同感 旗舰 几个 觉得,1
频响 高频 定义,0
问题 质量 确实 算是 商家 未必 就算 偏音 就行 理由 退货 愿意 天无 难搞 消协,-1
衡量 粗细 唯一标准 主要 部分 是不是 适合 系统 不是,0
刻录 准备 播放 音源 机器 不错,1
人声 古典 不耐,-1
担心,0
陈洁仪 篇文章 好巧 心动 看到,1
耳机 比较 放在 路子 天差地别 一起 這兩個,-1
学劲浪 浓眉大眼 第一张 乍一看 宝马 联动 享声 操作 以为 居然 机器,1
味十足 涨价 替代 模拟 差不多 现在 声音,-1
还要 看看 国产 推好 进口 万元 同价位 全频 太难 不输 落地 博良,1
帮顶,1
国产 最好 原装 粗糙 拆卸 开模,-1
好文,1
宣了 套装 旷世 以后 不好 西装 选择 最近 现在 考虑 铁三角 耳机 知道,-1
留不住 纯乐 乌托邦 古典 听听 估计,0
当然 一代 值得 调音 讨好 据说,1
控制变量 多套 严格 分享 辛苦 楼主 对比 感谢 系统,0
何不,-1
一言不发 黑时 雄起 看样子 厂商 低调 依然 非常,0
买森海 三代 古典 流行 适合,0
歌玩耳鸡 厉害,1
支持 谢谢 大家 终极版 零售价,1
廉价 够不够 先看 前端 乐器,0
觉得 一定 希望 里面 很多 烧友 时钟 有点 解码 厂家 这种 价格 程度 电路 越来越 复杂 好用 廉价 口袋 作坊 宽裕 还贵 厂机 要价 虚高有 打压 太黑,-1
喜欢 扁长 正方,-1
不是 下潜 解析 低频 高音 入手 满意 表现 很酷,1
加个 最后 试试 以为 总司令 玩动 圈牛 逼私,1
声音 应该 不到 机器 差别 据说 很小,-1
不错 单端,1
程式 年前 看起来,0
左右 知道 升级 现在 万元 咸鱼 管子 好多 推能 换好 满地找牙,1
球鞋 以为,0
且口 主口 调高来 分支 同轴线 尽量 杂讯 原因 屏蔽 缓冲 保证 够用 找到 专业 信号 供电 不足 性能 干扰 稳定 电脑 不好 垃圾 三个 只能 那种 类似 最好 这种 解决 问题 不是 出来,-1
换下 耳放后 赛尔 深海 顺便 用过 风格 以内 以前 铁三角 升级 耳机,0
不能 出差,-1
激进 声价 针对性 点大 方面 保守 编制 素质 两个 不错,1
已经 烧友 路上 强文 实实在在 懂线 喷子 义和团,1
不是 很多 声场 好听 人声 味道 素质 分离 电脑 代表 太多 越高越 耳放能 惊雷 退出 越大越 我大乌,-1
乡村 高能量 十足 欧美 突出 密度 男声 没什么 主要 中频 低频 适合 特别 人声 下潜 其实 比较 耳机,1
没有 楼主 旁边 竟然 留意到,1
楼主 恭喜 点赞,1
占楼 更新,0
一票 界面,0
隆起 别处 曲线 频响 不同 大部分 看到 低频 的确,0
这钱 搞个,0
护套 毛线 头梁 买个 建议,0
所谓 喜欢 千金难买 心头 珍贵,-1
一万多 强烈建议 余地 概率 驱动 恶声 高级 耳放 选择 预算 几个 版本 声音,1
养眼 蓝色,1
叶音 同类 推个 价位 性价比,0
推好 完爆,1
启用 正式 这回 内容 记得 过来 更新 算是 之前 支持 几乎,1
大耳君 不负 参差不齐 货源 时常 鱼上 责任 谨慎 卖家 推荐 质量 个人 二手 不明,-1
图一乐,0
未知,0
一戴 疙瘩 碍事 四五个 小时 其实 不用,0
帮顶 调音 素质,1
痛不欲生 颈椎 选轻 平板,0
东西 不了 几百 不信 活动 行情 低于 行卖 贵些 平均价,-1
高产,0
网页,0
单端 平衡,0
正想 广告 遇见 以为 困难 楼主 解决,0
失真 到底 进行,-1
看有 老老实实 大厂 一次 换个 容易 垃圾 传统 转盘 牌子 买个 帖子 不是,-1
酱油,0
比有 怀念 男声 感情 现在,0
字云 多音失 哈曼 表演 脑放 曲线 认为 半天 等于 原来 继续 听到 三个 素质 真的 试听,-1
强迫症 不了 接受,1
失真 看看,-1
可能 呵呵 没有 我用 感觉 明显 难受 舒服 后来 身上 突出 改进 得到 按摩 设计师 疗效,-1
电源线 已经 空间 所有 全部 平衡 电脑 至少 差不多 开发 管子 包括 百分之 那根 切记 换舒特,-1
不是 系统 之前 垃圾 有个 整个 导致 无线 打印机,-1
实际 不错 知道 声音,1
阻止不了 变丑 发现自己 移情别恋 戒掉 用手 衣服 打扮 化妆 原本 穿衣服 多多 多半 女人 花钱 女朋友 差一点 是因为 包括 找到 没钱 男人 继续 保持 只会 习惯 品位 买不起 喜欢 后面 不会 一件 产品,-1
膝盖 收下 一凡,0
空气 需要 好像 音箱 共振 箱体 瞎猜,1
大大的 不见得 称呼 港台 价格 喜欢 特别 这种 好不好 声音,-1
推它 用旧 不值一提 教授 抄袭 固件 口碑 普通 国外 界面 不能 没有 不是,1
写点 灰常 多些 感谢 东西 希望,0
声音 耳机 问题 经常 不会 戴上 耳罩 明显 平板 听到 说明 以后 普通 会有 偏音 稳定性 振膜 试一下 摔过 娇贵 用手掌 覆盖住 轻轻 拍打 扑哧 两下 恢复正常,-1
加贵 两个 沙发,1
知道 耳机 不用 要求 不是 正在 总是 问题 很多 不会 东西 基本上 实在 不了 其实 大都 老板 更好 喜欢 是不是 无论是 开口 音响 反而 平时 成交 无聊 一天 店里 眼神 买卖 快餐 生意 指望 进门 点菜 买单 客人 呆坐 人品 太差 侃侃 投机 精着 光是 十之八九 点想 直说 正忙着 愣头愣脑 自讨没趣,-1
几十元 糊结 每套 优质 人民币 电源插头 镀金 英国 接插件 古河 淘宝 音响 香港 普通 一套 质量 进口 原装 最好 高价 发烧 有点 线材 一定 声音,1
内味 感直 大会 推高阻 反而 显得 拿来 结像 减少 氛围 压缩 推力 系统,0
跪下 求求 宝马 高帅富 屌丝 土豪 买不起 老板 这种 直接 理解 不是 耳朵,0
耳机 问题 音乐 影响 只能 箱子 最大 夜深人静 扰民 邻里 和睦,-1
欧都 非常 声音,1
路过 看看,0
仿机,-1
不错 一下 听说 是不是 推荐 即可 才能 古河 买好 真假 线呢 难分,-1
具体分析 不适 前期 用于 优秀 后期 具体 用料 所有 调音 一概而论 本来 不能 问题 耳机,1
回头 听听看,0
身临其境 如同 室内 局限 形成 未来 认为 发声 脱离 单元 自然 喇叭 这种 声场,0
支持 厂家 是不是 进来 大耳 客服 理由 天无 霸王 条款,1
声音 左右 不错 觉得 区别 电源线 出来 一下 没有 电源 设备 一条 第一次 我用 感觉 特别 难听 以后 原来 不值 纳米 换上去 整个 奶油 如丝 顺滑 淘太 木内 闲置 半年 发现 一个月,-1
吃瓜 中排,0
排斥 浓郁 声力 强项 杂食 主听 暖厚 平衡 为主 相对 合适 流行 考虑 声音,1
受教,0
标题 感觉 承认 进来 一遍 提到 篇幅 少于,-1
问题 软件 没用 其实 极其 适合 听歌 质量 拆解 严重 音频 硬件 应用 传输 俩个 完整性 开发 完整 信息 协议 局域网 基于 缓存 不负责任 机制 上层 握手 校验 数据包 软件商 下功夫,-1
何庆华 我用,0
不错 需要 看起来 确实 可惜 不好 国内 胆前 加胆前,-1
韭菜 永远 忽悠 捂着 钱袋,-1
高水平 威力 后装 创新 山寨 改造 码率 强大 制作 年前 声卡 驱动 上万 耳塞 喜欢 进口 音乐 不知 耳机,1
痴痴,0
耳放能 搞定 怀疑 解码 表示,0
推力 好点 何庆华,1
这什 迷虎想 稳定下来 特斯拉 认真 之后 到手 分享 才能 每次 听得 单元 只能 感受 有点 需要 东西,0
支持,1
复杂 网播 一点 其实 简单,0
不用 出来,-1
几乎 没有 推好 一代 单端 石机,1
耳塞 完全,0
不错,1
帖子 别人 这种 今后 花钱 耽误 自娱自乐 不发 误己 愉乐 害人,1
台湾 年代 包括 日本 流行歌曲 喜欢,1
功能 难看 造型 单一,-1
升级 垃圾 必须 线才行,-1
散线 成品,0
断点 铜丝 看欧 肉眼 显微镜 修过 再次 持续 两只 折腾 单元 眼睛 使用 实在 懒得 已经,-1
孜然 更好 味道,1
上要 干活 机制 同价位 目的 以为 比起 这种 考虑 起码 声音,0
支持 谢谢 大家,1
购入 麻烦 楼主 请问 谢谢 一下,-1
上线 加速 请求,0
声音 几个 没有 东西 高价 一代 耳罩 听过 远远 大于 差异 垃圾 大部分 实际 编号 程度 差别 上天 是因为 出掉 初版 橙色 无非 成分 造成 炒作 说好 新旧 远大于,-1
普通 音色 确实 高频 感觉 无损 分辨 出来 器材 不到 区别 知道,1
延时 线程 优先级 关闭 精简 播放 降低 最好 关键 提升 好声,1
本来 版本,0
长时间 产生 持续 无尽 幻想 耳机 系统,1
感觉 确实 实实在在 做事 值得尊敬,1
耳机 佩戴 折腾 配合 最佳 几支 两货 还轻,-1
招式甚 视频,1
知道 觉得 有没有 应该 搭配 二手 个人 好听 其实 家里 解析 乐感 素质 合适 相对 万元 一手 德国 精工 人出 赛乐士 两万左右,-1
耳机 没用 好听 还好 不住,-1
甜来 互补 偏下 不够,0
麻花 大耳 耳塞 同样 喜欢 接受,-1
最近 唯一 不好 系列 貌似 口碑 样子 有所 吸入式 片子 新一代 改观,-1
搭配 系统 更好 完爆 今天,1
发烧 真的 意思 玩意 差点 声卡 万能 外置 如果说,-1
来看 生意 南京路 人流 线下,1
多花点 推版 好过 就算 变化 多数 极致 追求 道理 三代 本身 二代 现在 解决 不会 版本 声音,1
高些 享声 考虑 预算 可能,0
收腰 牌子,0
声音 低音 不够 高频 好像 没什么 不少 改善 一周 高增益 使劲 办法 三天 不润,-1
毕竟 前级 档次 超过 折腾 后级 管子 飞利浦 一根 管换 老桂光,-1
未知,0
梁掉 就头 今天下午 全套 具体 认为 不值 显然 耳罩 原装 个人 不是 一下 不知 线材,1
一个天 必须 平衡 东西,0
声音 已经 之前 有点 解码 考虑 感觉 眼睛 两个 耳放 听过 价格 充电 双十 两件套 千元 喜出望外 系列 闭着 咨询 行家 诱骗 方案 差不多 等到 试试看 小贵 酱油 贵过 先放 一放 下次,-1
彩虹 千多 二房 蹲个 楼主 一代 前级 建议 不错,1
逼私 圈牛 玩动 总司令 以为 试试 最后 加个,1
流行乐 欧洲 同感 听听 质量 比较,0
版本,0
半导体器件 液晶屏 温度 电池 性能 越低,1
八分饱 双三芯 真不错 精致 后面 十分 推力 感觉 目前 声音,1
电脑,0
电源线 系统 没用 别人 清楚 口味 摸奖,-1
毒毒毒,1
硬朗 越来越 变得 柔软 风越 绅士 儒雅 英国 气息 现代感 线越 悠闲 唱得 歌手 快些 语速 充实 遐想 婉转 空灵 显得 没厚 臃肿 美用 厚润用 该线 彩索菲 我排 暴力 延伸 两端 总线 特点 能量 密度 刚刚 说明 一点 三频 中频 调音 解析 人声 感觉 有点 空间 升级 比较 电源线 区别,1
一换 反换 插反 声道 位置 无所谓 机器 左右,0
退骚 这货 才能 楼上 解码器 现在,-1
难受 受不了 嗡嗡响,-1
谢篮图 太软 惊艳 三频 低频,1
直接 韭菜 盗版 发现 一次 正版 劝退 每年 真香,-1
耳机 一下 比较 非常 明显 美的 差别 冷声 平时 凌厉 舞曲 音特 铁味 坚硬 电音会 爽快,-1
复刻 差距 明显 建议,-1
良多 获益 有幸 大佬 听过 设备 很多,0
不了 质量 音质 不好 几天 屁用,-1
数据 不错,1
知道 好看 参数 声音,1
吃药 起身 大郎该 拍照 镜像 确定 左右,0
耳罩 舒服 上加 换大,1
不错 推得,1
声学 顶级 有源 真力 超越 全面 万元 类型 大耳 监听 音乐 左右,1
实惠 看到 价格 谢谢,0
越来越少 嘿嘿嘿 吸引 标题,0
右键 选好 转换 曲目 界面,1
耳机 佩戴 可能 比较 不会 使用 关系 感觉 小时 非常 人声 二代 耳罩 通透 舒适 差不多 永远 工作 比近 专用 每天 舒适度 感蛮 夹耳 贴耳因 上班 七八,-1
功放 效果,0
掺和 没玩过 投了 静电 大乌,0
推原线 单端 听过 好听 已经,1
目前 界面 芯片 噱头 宣传 瓶颈 更何况,1
最快 样子 本来,0
挣钱,0
基本上 金星 富佬来 没差 会不耐,-1
价格 分别,0
辨别 主动 银子 程度 能力 没有 搜索,1
大线 合一 电线 投资 线电 交换机 树莓 设备,0
二代 好像 极致 不好 不去 女朋友 全年 前十名 年级 倒数 一个排,-1
大碗 磅礴 舒展 部越 大声 优势 贵气 华丽 歌德 编制 明显 很多 耳机 声音,0
列表 没法用 歌曲 受不了 基本 功能,0
转接头 版本,0
便宜 不错 耳机 佩戴 希望 出现 不要 来说 之前 起来 到底 低频 跳水 通透 舒适 主要 暴力 未来 飞利浦 停产 敢于 分项 看好 叫板 各取所需 心疼,-1
失真 呵呵 功率 目测 抛开 神论,-1
铜环 黑线,0
国家标准 艺术,0
总称 愚见 层次感 延伸 泛音 信息量 细节 个人,0
状态 居然,0
声音 二手 直接 有点 喜欢 一套 官价 上套,-1
折腾 恭喜 安心 听歌 一下,-1
同求,0
线材 折腾 两千,-1
神物 别碰 超值 合理 一代 系统 搭配,1
晶振是 意思 升级,0
声音 不是 感觉 不大 质量 还好 差异 清晰 白天 晚上 明亮 用电 闹市区,-1
选择 好事 市场,1
对比 同样 差距 楼主 定制 主板 加油 较大,-1
玩玩 还要 买个 后面 不差 肯定 单纯 买款 一餐饭 心有 不甘,-1
播放器 即可,0
绝对 不好 不买 概率,-1
影响 好听 非常 心情 心烦,-1
二代 好像 原线 看着 乌托邦,1
不错 耳机 不用 系统 正常 基本 相当 低频 平板 暂时 后来 退烧 扎实 透明度 区分 犹豫 通吃 不太出 可进可退 一机 简洁 叠罗汉,-1
推吃 欧瓦 强调 要用 销售 功放 功率 楼主,1
法律 限制 好奇 开放式 耳机,1
抵消 四平八稳 分钟 歌曲 缺点 齿音 开机 平衡 用户 大部分 严重 可能 声音,0
感觉 很差,-1
很脏 原因 不好 大部分 不行 难听 解码 声音,-1
龙腹 幽鬼 巴顿 刚铎 双头 命名 耳机,0
觉得 耳机 之间 应该 搭配 解码 真的 其实 考虑 感觉 选择 耳放 听过 合适 不好 实际 恐怕 差别 没多大 静电 不带 并不多 看作,-1
爽脆 硬气 之后 口味 说明 极致 歌德 一点 还要,0
系统 喜欢 听过 箱子,1
最惨,0
别人 直接 当然 只能 不想 买回来 没用过 想当然 退线,-1
太受 打击,0
歌德 退烧,-1
判断 决定 主观 最终 认知 价格 档次 能力 当然 绝对 关键 影响 个人,0
不错 针对 体积 小点,1
适合 耳放 楼主 试试 难听,-1
分频器 香炉 多个 单单 耳塞 好听 存在,1
解码 考虑 难看 平板 耳放 足够,-1
金属 极致 玩过 短暂 的确 值得 不错,1
左右 根本 不错 比较 建议 进去 解决 前级 那种 人声 牌子 压力 喜欢 耳放 好像 音量 一点 平衡 差不多 依旧 百老汇 还行 电位器 控制力 体积 电容 偏音 上个 毫无 原厂 通吃 几块钱 对讲机 叫好 人换 点钟 耳放要 带调,-1
寻思 惨淡 管乐 尴尬 钢琴 墨菊 弦乐 更是 确实 人声 感觉 真的 起来 有点 不知 搭配 应该 不错,1
玩好 不想 音箱 耳机,1
卡住 紧紧 我拉到 龙头 太短 满格 压头 设计 强烈 耳罩 不够 出来 耳朵 耳机,1
度太高 不负责任 相似 当然 参数 声音,0
金鱼 缸子,-1
科技进步 奥地利 人类 白菜 好处 带来 巨大 当时 好像 确实 现在 低端 耳机 高端,-1
里面 三个 选森海,1
前级 适合 音源 真货 恭喜 后级 镀金 瓦特,1
难不成 学生 没人 上学,0
在线听 网易 影响 音乐,0
建议 提升 解码 就行了 不能 随便 界面 耳放 听听 折腾 不想 变得,-1
凝聚 更加 清楚 有人 手上 对比 低频 现在 以前 没有 不太 版本,0
看起来 不错,1
仙女,0
知道 不错 系统 方便 推开 熟悉 后面 适合 调音 整个 运放 方向 换换 有数 打造 心中 捣鼓 保姆,1
耳机 区别 耳朵 一定 版本 需要 有点 感受 下潜 低频 平板 单元 拥有 动圈 体验 略微 经验 评论 决定 特性 判断 奥帝兹粉 完胜 和量,-1
插楼 科普,1
进来 看看,0
声音 很大 性价比 差距 双子座 好线 黑线,-1
问题 东西 质量 从不 退货 包邮 顺丰 确认 发货 买家 售出,-1
对比 厉害 手里 到时候,1
太远 多元化 非要 品牌 不同 价格 对比 本来 不要 东西 耳机,0
解决 得不到 没有 进去 问题 不是,0
觉得 声场 低频 必须 复杂,1
不错 价格 差不多,-1
指导 高手,0
台式 一体机 情况 流行 味道 解析 人声 这种 好听 声场 可能 手机 不是 耳机 觉得,1
极品 石机 样子 胆机,0
关系,0
批发,0
斟酌 卖掉 为啥 一个月 值得,-1
比大乌 接大乌 原线加 心里有数 慢一拍 拖沓 速度慢 一是 转接头 二是 器乐 原因 驱动 排除 大家 个人感觉 原线 低频 不得不 基本 高频 感觉 我用 不了 来说 问题,1
音源,0
音質 別談 海飛茲 存在,0
卫星 频率 配合 不高 音量,0
直接 推好 纠结 古典 玩过 不好 羡慕 伺候 未必 专门 互补 身边 朋友 形成 预言 泼冷水,-1
太富,0
没煲 可能 应该,-1
用耳放 音箱 前级 耳机 明确,0
孔太对 傅望 夹杂 元气 唱腔 电音化 鸡肋 不屑一顾 趋势 人物 灵魂 运用 创新 伴奏 流行音乐 欧美 大量 歌曲 太薄 电音 缺少 更加 播放器 输出 国内 取消 普通 音质 评价 低频 的确 考验 本来 味道 机器 耳机,0
左右 建议 耳放 万元 不好 分体,-1
没有 直接 其实 必要 高级 折腾,-1
新款 好像 本来,1
好消息 转移 线圈 想到 乌算 年入 新版 算是 大乌 早就 问题 线材,1
看来 不是 烧友 喜欢 类型,1
巨坑,0
知道 帖子 原道 看到 退烧 不远 宣布,-1
试听 谢谢,0
中正 流畅 退烧 打算 人声 好听 升级 搭配 耳机,-1
一定 不是 难听 三代 旗舰 随身听 搞定,-1
不错 确实 太重,1
声音 不用 可能 没有 低端 的确 明白 线路 阻容 配对 堆料 原件 到位 过得去,1
动力 德国 同样 拜亚 实在,0
不是 推好 当时 宣传,1
低频 兴趣 一耳 轰隆隆 框架,-1
已经 耳罩 有限 一点 成色 换头 依旧 屹立 边上,1
直接 干扰 显示器 主机,-1
听个 以下 万元,0
大得 条蓝水 闲鱼 机线 发现 准备 特别 电源线 区别,0
折腾 嘿嘿,-1
需要 好听 煲机 越煲,1
搭配 编制 流行 歌德 好好 失控,1
科学分析 支持,1
场糊 真实 升级版 大声 解析 感觉,0
晶体管 甲类 放大器 喜欢 好听 比较,1
无语 打算 人声 升级,-1
隔离 价格 工业 洋垃圾 摇身一变 几倍,-1
羡慕,1
爽一爽 挺爽 拿来,0
我少,0
香榭丽舍 二代,0
测评,0
奏乐 乐团 古代 现场 贵族,0
声音 有没有 不是 已经 参照 提升 考虑 不好 通透 规律 表现 随身听 灵敏度 潜力 就算 技术 变成 不满 下降 代价 换购 改良 逃脱 磁体 通透性,-1
我用 韵味 哈哈哈,1
没有 铁三角 那种 特别 音质,1
区别 耳朵 可能 时间 几个 简单 提升 明显 只能 音量 相对 情况 目测 多数 感上 基本一致 差别 增益 迎合 唯独 频谱 原文件 对齐 截取 相同 段落 最讨喜,-1
单才 今年 闲鱼 居然 第一 思路,0
楼主 保证 哈哈哈哈,1
主页 点进 忍不住 楼主 看到 这种 看看 帖子,0
知道 不错 觉得 不是 帖子 之前 个人 目前 感觉 那种 人声 二代 本身 拜亚 韵味 相当 喜欢 风格 编制 流行 合适 追求 每个 空间感 方面 弦乐 女声 男声 器乐 接触 独奏 擅长 演绎 各有千秋 演奏 宽广 美声,1
挖耳朵 确定 是不是 到底 问题 耳机,0
开卖 啥时候,0
声音 毕竟 解码 真的 数播 体验 可取 要用 很差 瑞尔 绝不,-1
系统 音箱 无源,-1
非常 东西 没有,1
低端 不好 型号 银彩 断货,-1
耳机线,0
左右 高低 耳朵 一定 可能 完全 其实 一种 听感 单元 高度 一点点 差别 两边 位置 尝试 调整 挺大 相差 对称,-1
赵雷 录音 单纯 不同 推荐 喜欢 质量 乐器 人声 搭配,1
早晚 振膜 恐怖 图片 必须 咸鱼 平板 感觉 真的 看看,0
纪念 十八 入绿檀 时光荏苒 一晃 一下,0
声场 真的 腔体 不行 封闭式 垃圾 结像 勉强 振膜 金乌 挣回点 惨兮兮,-1
一定 不是 以前 程度 機器 感覺 其實 還是 一口 問題 甚麼 有個 這台 換管會 增進 氣換配 四根 給換 過管 變化決 換管 如換機 這種 管後晶 不起作用,1
区别 一定 东西 其实 这种 明显 更好 风格 真正 参考 才能 专业 耳机线 回来 高芬 万隆 乐趣 好线 玩线 听得出 这二货 厂子 高兴 不已 乐呼 乐在其中 必不可少 绕过去 有太多,1
排查 确保 之后 设置 正确 安装 驱动 播放 软件 问题,0
地点 办法 好好 城市 广州 在家 支持 一下,1
听过 垃圾 白金 战斗机,-1
转盘 用来 性价比 硬件 主要 操作 一类 台机 无脑 接机 一大帮 斯德哥尔摩 整天 拼命 起哄,-1
几个 好像 垃圾 评测 线电,-1
双芯 耳机,0
一丝 倾向 个体差异 接口 差异 音频 速度 不到 区别 之间 声音,-1
调音 看看,0
最近 打算 折腾 太狠,-1
挺感 第一段 变得 描述 整体 偏向 听过 低频 基本 高频 一代 二代,0
觉得 比较 不会 非常 不够 高频 风格 流行 主要 差不多 机子 指标 和弦音 清淡,-1
擦洗 析出 增塑剂 酒精,0
壕气侧,0
耳机 不用 比较 直接 需要 有点 解码 前级 起来 插头 上面 模式 三个 减少 拔掉 音箱 麻烦 推荐 操作 切换 面板 输出 工作 这方面 旋钮 人性化 纯前级 纯耳放 省事 磨损,-1
参数 测试 比较 几个 简单 确实 指标 停留 迷恋 阶段 崇拜 民科 似懂非懂,1
优秀 耳放口 应当 阻放 找个 伺候 至少 不行 下去 直接 觉得,1
便宜 太大 不好 电压 划算 未必 运费 太重 二是 保修 一是 逃三是 再就是,-1
想当年 真是,0
木头 请问 区别 声音,0
仁者见仁 智者见智 挺全 智商 方面 一体机 参考 差不多 价位 资料 功能 官方,-1
收到 比好 推过 功放 女声 弦乐 人声 二手 可能 不是 不错 左右,1
一片 大奥 二代,0
潜质 更能 国砖 太子 越好 驱动 不高 发挥 前端 非常 当然 好听 好声 要求 耳机 声音,1
听过 印象 去年 北京 音乐节,1
别试 有过 满意 流行 两个,0
发上来 报告 使用,0
二手,0
胆机 考虑,0
询问 全额 有付 兴趣 押金 客服 他家 看到 态度 有点 直接 试听 没有 版块 回复,1
宰猪 维修 过保 算了 产品,0
电影 人声 不错,1
蓝光碟 比比看 光驱 额外 外置 抓轨 数播 电脑 曲目,0
幸运 欧米 比较,0
知道 不错 很多 声场 目前 感觉 原装 明显 一种 效果 调音 确实 是不是 横向 手持 特色 相比 平衡 不同 纵向 镀金 取向 厅堂 层次分明 取自 鳞次栉比,1
耳机 发烧友 器材 需要 很大 高价 听说 中国 压力 垃圾 主要 认为 厂商 太贱,-1
功能 难看 造型 单一,-1
声音 不错 耳机 动态 直接 解码 真的 就行了 耳放 带来 转接 不介意,1
声音 比较 没有 试听 很大 小不点 试试 平衡 后续 端口 这次 输出 驱动 差别 遗憾 口和单 牛单 假负载,-1
没说的 伺候 平衡 机器 高端 不错,1
有余 沉睡 推就够 幸好 早期 越来越 明智 收到 当初 一年 不高 单端 相对 耳放 音源 现在 之前 要求,1
应该 评价 好点 看着 销量 就行,1
声音 告诉 大神,-1
器材 有点 类似 档次 重要 有用 摄影 黑椒 玩意儿 调教 基准值 牛头 出渣,1
两个 应该,0
斑波 山寨 好像 便宜,1
是否 交换机 干扰 连接 带来 避免 网线,-1
价格,0
其实 非常 听感 难受 不好 齿音 处理 后期 引入 录制,-1
人顶 算不算,1
居然,0
觉得 不用 帖子 比较 不会 没有 直接 现在 注意 旗舰 差别 做工 在意 日系 差到,-1
正巧 细腻 银线 改善 顺滑 通透 原线 一点 交响 牌子 那种 国产 比较 一定 便宜 声音,0
值块 均摊 费用 运营 资本家 几块钱 邮费 配块 广告 不见得 声学 包邮 太高 开模 设计 箱子 单元 成本 两个 可能 耳机,1
前边 几代 没说 上台 差不多 感觉 区别,-1
几十元 卖家 淘宝 楼主 换来 对付 差评 东西 不会 几个,-1
哪门子 中低端 这是,0
稳固 扎实 算是 玩得 非常 最好 电源 总是 声音,1
适合 流行 人声 推力 必要 平衡,-1
金牌,0
歌德,0
耳机 耳朵 论坛 估计 喜好 现在 听感 只能 耳塞 类型 来看 多数 加上 普遍 闷糊 不煲 再细 吃亏 假货 遍地 中介,-1
不错 觉得 手机 问题 二手 有点 个人 一只 确实 流行 尤其 刚入 木纹 做工 顶头 观看 看运气,1
买个,0
可能 问题 不会 解码 其实 本身 垃圾 楼主 改善 最大 原因 谷津 调都,-1
出路 一时半会 降价 过去 很难 疫情 唯一,-1
声音 耳机 问题 版本 几个 低频 整体 一点 普通 潜力 第三 轻松 弹性 榨干 放不开 钱包 及格 老周 能略 第一声 扩散,1
未知,0
欧吧 纯电音 不想 刺激 摇滚,0
冷门货 亏得 就算 喜欢 二手,-1
对得起 胆后 价钱 床头 办公室 合适 胆机 不是 应该,1
真的 折腾 哈哈哈 兄弟,-1
压力 以内 声韵 副牌 雅乐 意大利 随便 二手,0
一下 支持 好久不见 一凡兄,1
耳机 估计 没有 个人 喜好 绝对 风格 不同 永远 最强者,1
申请 试听,0
长长 水文 内容 一段话 图片 一段 基本 很多 不用,0
一如既往 强大 气势 是不是 风格,1
耳机 有点 感觉 低频 调音 大耳 习惯 不好 怪怪的 第一个 日系 劝退 轰头,-1
更新 坐等,0
人类 按钮 样子 一体机 设计 解码 有点 不错,1
网易 今年 可怕,0
两百块 双子座 平衡 明显 提升 建议,0
差点 妥协,-1
白羊座 这俩 不怎么样 低价 感兴趣 声韵 回复,0
一定 出来 无损 测试 能分,1
几乎,-1
现在 合适 稳定 周边 折腾 这套 搞好 大件,-1
烧钱 数码化 摄影 相机 玩意 不再 特别,0
便携 组合 流行 神器 人声,0
里面 之前 感觉 单元 脑放 太丑 好歹 开不起 效果图 金光灿灿,1
没有 数字 确实 电脑 输出 音染少,-1
没假 系列,-1
耳机 一下 建议 好听 序曲 春节,1
摆位 劝退 门槛 调整 方面 满意 音箱 容易 获得 相对 听音 使用 空间 很多 耳机 声音,-1
金属材料 看着 好像 两个,1
五个 见过 经典 好像 烧友 搭配,1
那列 凹陷 完好 小白 路过 中频,1
落后 来看 现在 产品 应该,0
我整 一台 太大 这种 机器,0
确实 地方 不好 无所谓 两码事,-1
耳机 出现 立马 耳放 楼主 好些 惊喜 坐等 大多 七天 理由 总会 惊吓 恨不能 事实上 坚持 早些,1
觉得 耳机 浪费 直接 考虑 必要 换个 随身,-1
进错 人生 极品 楼主 网站 不是,0
胆机 适合,0
感谢 不好 分享 感线,-1
有人,1
不错 实际 下手 有意 欧博 办法 犹豫 没敢,1
区别 差距 大耳 结像 塞子 接近 立体感 最大 现场 小于 点和面 大耳结 永远都是,-1
超低 动不动 追求 素质 听感 现在 设备 失真,-1
不错 之间 应该 来说 感觉 听感 介于 低频 喜欢 只能 歌德 每个 不同 黑标 口味 多些 过多 少比,1
预算 耳机,0
不了 质量 音质 不好 几天 屁用,-1
解码 现在 随便 音源 耳放 帮顶 还行 找个 推得,1
不太 好听 耳罩 味道 一只 值得 秒杀 素质 更是 歌德 追求 单纯 就够 投资 反复 那股,1
听感 素质 尤其 原线 平衡 退烧 很赞,-1
关键 最后 那句话 大环 牛大 水塘,1
体积,0
不错 应该,1
一下 不是 感受 其实 就行了 低频 调音 单元 差距 一点点 凸起 棉改,-1
会想 看到 标题 耳机 知道,1
胆机 太贵 器件,-1
最好 音源 所有 音频 参考 代表 输出 苹果 标准 玩个 模拟输出,1
格式 改成 输出,0
好点 价格 数据,1
声音 比较 不太 适合 低频 编制 摇滚 古典 很阔,1
差不多 价位 知道,-1
对此 无边无际 声场 表示,-1
耳机 时间 系统 音箱 折腾 精力 毕业 金钱 好几套,-1
优美 粤语歌 陈慧娴 音色 喜欢 好听,1
老不老 说法 管子 一堆 胆机 没有,0
安全性 出过 第一位 改成 拓品 解释一下 后来 当时 问题 希望 毕竟 耳机,0
及格线 从小到大 大耳里 耳放算 糊狗 先锋 严格 勉强 银乌 剩下 标准 表现 用过 大师 差距 合适 只能 依次 推好 意义 不能 个人 数字 比较 可能 不是 耳机,-1
声音 新版 楼主 全部 市场 特征 不妨 三款 感悟 退市 现存 所述 大相径庭 更有意义,-1
歌德 支持,1
糊化 过森海 发现 以后 有人 对比 拜亚 监听 感觉 一定,0
今晚 感觉 有点,0
论坛 帖子 时间 没有 说起 之前 有点 现在 值得 流行 意思 不少 一年 变成 专区 搜到 乐音,1
半边 转非 插线 最高 转换 保证 指标 输出 性能 设计 线路 平衡 肯定 降低 理论 后面 不能 机器 直接 一级 达到,0
做工 印刷 爆音 一张 小心 淘宝 假货 粗糙 咸鱼,-1
先帮顶 慢慢,1
头中感 楼主 有没有 觉得,0
话题 怎奈 没完没了,1
不好,-1
集合 双方 欧洲 一起 优点 美国 最好,1
存在 明显 性价比 大乌 前端 差别 凸显 级差 电风扇 称不上,-1
玩玩 不是 东西 二手 不要 那种 他家 安心 不好 市场 问问 为啥 重视 国内 枪手 关注度 不高 心态,-1
交响乐 最难 享受 表现 配置 价位 不到 便宜,0
怎能 蔡依林 梁静茹 王菲 没有,0
周年 不错 古典 不去 尝试 口碑,1
铁三角 胆机 厉害 有空 继续 想入 顺便 幸好 囊中羞涩 抱紧 写写,1
巡回 试听 已经,0
应该 镀金 插座 好歹,-1
刺换 个头 品控 不好 一只 拜亚 特别 起来 声音,-1
邮件 早起 试下 看到,0
直接 必要 录音,-1
放心 谢谢,0
不见,0
今天 来接 好评 驱动 正好 有源 电脑 音箱 监听 不用,1
控股 公司 潮汕 英国 其实 国产,0
现在 晶彩 好价 太贵 来个,-1
声音 觉得 不是 分辨 一半 来说 有点 个人 很大 其实 不能 一种 确实 结构 差异 肯定 工艺 差不多 玩表 几千 几十万 走时 精准度 表芯 镶嵌 外壳 体现 智慧 天价 线有 价值 方面 多数 不值 有钱人 不在意 跟表,-1
应该 一下 速度 很多 不太 动态 有点 国产 感觉 那种 耳罩 解析 两个 不差 低频 对比 封闭式 相对 舒服 一点 分离 差不多 优势 略微 貌似 木耳 夹头 海绵 日产 要轻 掏出,-1
楼主 不会,0
敢肯定 安排 几十块 本质 交换机 肯定 效果 思路 电源,1
没听说过 箱子 牌子 多年 耳机,0
风格 帮顶 谈及 并不多,1
听不出,0
前排 不好 位置,-1
意大利 品牌 耳放仿,-1
看来 耳机 提升 解码 感觉 耳放 不好 原来 一体机 安桥,-1
耳机 摇头晃脑,1
不是 一条 完全 购买 凭证 假线 真线,-1
做出 发明专利 特意 自然界 产生 作用 统一 标准 制作 不同 重要 设备 不是 事情,0
评价 相当 看来,0
自顶,1
知道 觉得 线材 问题 没有 电源 能力 大部分 容易 情况 不同 至少 参考 电处 折腾 降噪 正经 没用过 频率 标注 抓瞎,-1
风根 大盾,0
音上 不多抖 音乐感 唢呐 现代,0
便宜 太大 不好 电压 划算 未必 运费 太重 二是 保修 一是 逃三是 再就是,-1
降噪 一手,0
小龙 口直 推会 平衡 更好 后面 这种,1
不错 有点 感觉 低音 下潜 人声 解析 音量 弦乐 差点 墨菊 瞬态,-1
知道 觉得 有没有 应该 搭配 二手 个人 好听 其实 家里 解析 乐感 素质 合适 相对 万元 一手 德国 精工 人出 赛乐士 两万左右,-1
猛吹 电吹风 多大 撑开 分钟,1
喜欢 买不起,1
不到 出来 论坛 很多 没有 其实 现在 慢慢 价格 暂时 尤其 习惯 咸鱼 不好 以后 思想 没什么 机子 形势 过年 恶心 销售 办法 理性 经济 卖出 买入 卖东西 卖货 凑钱 他进,-1
几篇 隔壁 表现 关注 播放 古典音乐 看到 设备 比较 测试,0
猫爪 前提 录音 有种 个人感觉 不好 音源 感觉 不错,-1
柏璞 记得 好像 耳机,1
接才 买根 同轴线 玩法 正经 用做 放大 马兰士 转盘 解码,0
支持 厂家 是不是 进来 大耳 客服 理由 天无 霸王 条款,1
直接 解码 转盘 更好 前端 功放 电流 一路 这类 墙会,1
微翼 电池 供电 评价 对比 耳放 纯净度 安定 比较 看来,1
应该 影响 确实 电阻 适应性 环境 晶振 温度,-1
提供 享声 乾龙盛 两个,0
官方 估计 很多 很大 那种 更换 意大利 一套 原配 了解 材质 缺点 后期 下来 罩子 人造皮 超跑 座椅 真皮 天鹅绒 凉快 要百 挺肉,-1
膜拜,0
用过 全部 以前 已经,0
闲钱 投资 前端 差不多 全部 耳罩 原装 感受 线材,-1
顶思叔,1
合拍 正经 湖人 试试 放大器 性价比 应该 声音,0
包上 焊线 锡炉 残留 银白色 成问题 减震 整块 管座 三极管 搭棚 热缩管 松香 一整块 绝缘 输入输出 核心 焊锡 做成 打个 调节 固定 问号 电子管 复杂 一起 旁边 调整 飞线 做工 电路 机子 一堆 周边 端的 转单 没什么 平衡 电阻 放大器 部分 比起 地方 底噪 胆机 适合 上面 看起来 真的 直接 东西 起码 不太 问题 应该 分别 觉得,0
求知欲 好奇心,1
不来 含蓄,0
病毒 烤熟 细菌 空气,1
这点 折腾 肯定 值得 关键,-1
一下 差不多 设计,-1
系列 没假,-1
系统 音箱 无源,-1
苏陌 参考,0
人民币 越南 旁边 没钱 外国 有钱 很多 产品 觉得,0
残疾 高频,0
速度 声场 人声 解析 素质 低频 有人 弹性 力好 仅供参考 虽少,1
之外 价格 有点,1
不错 耳机 帮顶 一点 稍微,1
金鸽 不太可能 东西,0
牵强 开水 喝杯 蓝天白云 说不上 老歌 倾向 机听 一点 味道 推好 个人 声场 声音,1
觉得 味道 必要 不同 听个 无非,-1
格叽格 之耻 正名 最差 顶头 日系 做工 手里 能否 国货 确实 基本上 知道,-1
三宝 比强 界面 很多 不是,1
期待 一下 银乌 抵抗力,-1
输出功率 适合,0
音乐 有点 感觉 低频 还好 清晰 游戏 紧凑,1
喜欢,1
图片 真的,0
变化 很大 器材,0
电源 其实 原装 充电 降噪 苹果 不算,-1
设备 安心 恭喜 退烧 这套,-1
不错 一代 选择 谷津 高登,1
反而 值钱,-1
不错 推好 女声 潜力 偏科 论音染 对手,-1
耐看 搬个 马扎 打架,0
感弱 深度 线条 密度 结像,0
问东问西 卖线 新人 奇怪 折腾 一堆 明白 耳机,-1
不错 比较 已经 选择 性价比 比起 类型 不少 几年 杂食,1
可能 插头 清楚 标的 说好 零地 能分,1
玩玩 楼主 麻烦 链接 后能 套件 完成 出个,-1
人类 数播 操作 习惯,0
好看 耳机 太贵,-1
器材 建议 这耳放 初烧 劝退 没买,-1
耳机 好听 感觉 比大 古风,1
装着 不买个 备份 硬盘盒 机械 反正,0
出掉 玩大耳 一体机 便携 需求 高价 提升 不要 二手 没有 建议,1
不错 要求 比较 选择 极致 退烧 漂亮 图片 杂食 科科 可达 项目,-1
喜欢 流行 不止 欧美 美帝 一家,-1
上架 高登 淘宝 上市 官方,0
顶顶顶,1
口直 发帖 有人 试试 效果 之前 不错,1
价位 肯定 折腾 无止境,-1
无线耳机 不得了 一家 产业 森海塞尔 大耳 耳塞 流行 夕阳 现在 真的 上海,0
光纤 不好 用料 信号 泛音 转换 不吃,-1
贵有 贵买 道理,0
基本上 解码 耳放 音量 测量 增益 响度 比大 相差 误差,-1
觉得 比较 这种 厉害 超过 大白 互有胜负,1
更好 更是 高级 极致 数万元 台机 脑放 无限 厅堂 环保 卖点 以能 下厨房,1
一下 请问 原装 闲鱼 号称 正品,1
过于 头像,1
不错 问题 东西 很大 现在 感觉 曲目 好奇 听到 后来 展会 体现 当年 属于 一次 涉及 朋友 最早 退出 倒爷,-1
音源 应该 觉得,0
性能 上万 不值 发挥 大耳 太大 不差 区别 觉得,-1
帮顶,1
包揽 依然,0
这两点 品控 旷世 工艺 声韵 觉得,0
不错 非常 质感 密度 这方面 系没得,1
成本 全是 太贵,-1
烤熟 螨虫 灰尘,0
用途 封闭式 这种 考虑,0
均衡 交响 平板 人声 很多 问题 没法 耳机 觉得,1
支持 输出 码率,1
没有 必要,-1
抹掉 泰坦 不少 不同 同样 高频 我用 现象 出现 系统,0
尴尬 选项,0
竞争对手 天花板 研发 动力 新品 平板 厂家,0
出来 显示 有点 必要 是不是 设计 唱片 信息 没刷 同上 屏幕 封面,-1
有点 条件 驱动 差别,-1
电源线,0
还要 可能 问题 绝对 音源 刺激 大部分 原线 不耐 恐怕 改善 耳机线 原因 反而 走错 造成,-1
电源线 好听 界面 耳放 发现 折腾 电位器 突然 内线 同轴线 线墙 差换,-1
凝聚 小巧 体积 百老汇 饱满 不少 相比 东西 正在 声音,1
未知,1
比较 已经 建议 使用 反正 耳放 听听 或许 性能 晶体管 静电 电子管,-1
靠得住 店里 很难 半天 楼主 似乎 对比,0
不会 下潜 低频 厉害 附近 主要 开放 一百 赫兹 包耳,1
霍夫曼 故事,0
接是 套件 相机 请教 一下,0
喜欢 流行 不止 欧美 美帝 一家,-1
地儿 务必 狙必 此处 共识 拜谢 不低 代价 众说纷纭 决定 导致 翻车 需要 试听 看来,0
不错 不会 设备 当然 专业 指标 多提,1
意料之外 换运放 居然 有点,0
亮丽 谷津 挺不错 高频,1
版主 坚定 放心 论坛,0
懒人 适合,0
比较 好奇 作业 老师,1
一定 试试 宿舍 先接个 插板,1
做出 变化 市场 正常 不是 事情,0
磨改 换下来 从来不 咸鱼 还好 器材,1
懂求 换运放 结构,1
安润 下来 一圈 包括 旗舰 喜欢 上海 耳机 觉得 不错,1
耳机 同样 帮顶 歌德 第一个,1
精细 比大 凝聚 结像 明显 声场 应该,0
安心 即可 恭喜 退烧 笔记本,-1
好机 十年,1
耳机 电源线 适合 必要 不行 折腾 棉被 回去 音染少 小霸王 发闷,-1
手机 起码 我用 好不好 讨论 满意 体积 金丝雀 床头 先别 造型,-1
有招 不是,0
主求 顶楼 感谢,1
线材 不知 一下 不是 个人 原装 耳罩 显然 不值 认为 具体 全套 今天下午 就头 梁掉,1
没有 差评 美女 特写,-1
分享 感谢 支持 一下,1
不明 真的 换成 真假,-1
有桶 冲击 因人而异 反而 没什么 中频 低频 效果 特别 高频 感觉 可能 耳朵 觉得,1
极致 追求 单个 耳放 问题,1
场子 勇气 美金 平时 发帖 科学 貌似 到处 尤其 以内 厂家 很多 论坛 希望,0
失真,-1
耳机 不是 已经 当然 最好 选择 性价比 素质 西装 铁家 传统 推荐 染色 太贵 在线 女毒 如今 太老 铁声,-1
铜线 即可,0
已经 坐等 皮筋 大小 优化 胶水 从良 乌走线 腐蚀 走线,-1
不上不下 烧到 浓郁 全面 三个 后面 味道 人声 感觉 考虑 直接 烧友,0
德行,0
包邮 原道 不到,0
安定 机器 不够 以内 只能 万元 背景 频段 突兀 差强人意 感差,-1
就行 这套 合理 楼主 舒服 非常 好听 搭配,1
觉得 区别 测试 比较 支持 看看 个人 正常 证明 兴趣 实验 信号 处理 是因为 转成 我选 纯粹 采样率 能压 压到 口音 质有,1
不错 推好 女声 潜力 偏科 论音染 对手,-1
耳机 入门 动态 现在 基本 重量 好比 没什么 对手 磁铁 美式 那比 轻克 质和量 开配 省油 引擎 筋肉 跑车 有型 无实,1
不靠 相当,0
越大 数值 越好 淘宝 商家 上面 产品 参数,1
欢迎 二代 加入 瑟瑟 发抖 我入 品控 传闻,-1
一下 两个 档次 对比 差别 体会,-1
特地去 行程 振膜 不必 承受 功率 音量 正常 对应 一定 耳朵 耳机,0
金属 不行,1
好奇 数播 不敢 新英 一下子把 烧坏,1
毛毛,0
不是 帖子 买个 牌子 转盘 传统 垃圾 容易 换个 一次 大厂 老老实实 看有,-1
顶一下,1
不错 进来 拆机 第一段 莫名其妙 但点 脸上,1
电源 需要 必要 以为 数播 差点 功放 水塘 开盖 全貌 两堆 明晃晃 买错 光主,-1
淡定 大都 支持 产品,1
更省 体机 差分 跟耳放 合并 一起 早期 电路 一体机 其实 解码 空间 方便 做好,-1
不错 面板 蓝色,1
觉得 耳放 上学 中学 巨款 那会 大耳 超级 好几千 一笔 大钱,1
声音 安定 时钟 电源 音乐 完全 解码 投入 不差 只能 柔和 播放 电影 价值 模拟 数播 在于 游戏 搞好 净化 时当 时而 回报 三样,-1
味儿 棉被 一点点 歌德 低端 没有,0
这种 后面 更好 平衡 推会 口直 小龙,1
国产 进口 不够 质感 太大 差距 普通 设计 现代 彻底 打磨 突兀 复古 模版,-1
来说 本来 不差 盒子 算好,-1
爽歪歪 树莓,0
耳机 二手 之前 这种 价格 看到 果断 差不多 超低 上架 停产 复产,-1
大侠,0
解码 适合 耳放 部分 大菠萝 差强人意,-1
手艺 狐狸,1
百度 文件 录音 直接 应该,0
输出 插件 搞个 好像 有没有,1
紫檀 楼主 适合,0
价格 一台 试试 咸鱼 准备 半年 上市 太贵 蹲守,-1
器材 学习 值得 楼主 折腾 克制 难得 念旧情,-1
肯定 合适 搭配 官方 声音,1
即可 以内 应该,0
声音 左右 不错 比较 个人 价格 万元 合理 降到 认为 太贵,-1
电处 两位 搞个 换掉 机线 数播 好点 用个 周边 明显 敏感 提升 东西 一下,1
声音 区别 一下 不是 很多 不要 之前 影响 推力 乐感 味道 特别 不可 喜欢 耳放 对比 推不开 原线 后来 平衡 两条 以为 满意 单端 接近 闲鱼 焊接 大神 流畅 出掉 轻视 下来 三条 口下 天生 陆续 手艺 这才 焊锡 直到 本坛 很菜 衔接 指点 更正 整体性 可一 浑然一体 真不该 奉劝,-1
两外 东东 恭喜,1
省事 省钱,0
看看 这种 好像 组合 天龙 带耳放,1
听感 人声 不错,1
一口 一起 光纤 看到 本来 知道,0
科普 支持,1
海绵垫 精准 居然 好奇 测量 效果,1
此耳放 掉入 区间 糊味 透明度 太高 不再 展会 价格 可惜 听过 非常 二手 已经 搭配,0
比较 插排 考虑 选择 总线 漂亮 蓝水 高登 物美价廉,1
可能 小心 行动 生意 悄悄 年底 做无本,1
新春,1
另一回事 实际上 恐怕 理论,1
声音 耳机 买个 原装 耳罩 更好 实际 半闷 半糊,1
希望 起来 承认 耳放 重量 大小 环牛 缩水 拆开 看过 看重 我斤 重些 土鳖,1
多谢 分享,0
觉得 总是 东西 道理 闲鱼 这句,1
铝带,0
是不是 水准 平衡 接近 输出,1
听歌 低频 确实,1
检测 医生 痛觉 确确实实 做个 引起 高度 听力 注意 看看 建议 一定,0
几百万 小提琴 一把 几百 同样 在乎 就别 耳机,0
质朴 下路 很久云 锐利 出乎意料 录音 居然 起来 比较,0
不会 没有 网站 以内 可惜 价格 部分 控制 国内 优惠 良心 一单 特价 厂牌 前不久 也定 单买,1
一下 谢谢 电源 楼主 麻烦 背面 板好,-1
农夫 那根 不累 头上 好奇,1
来说 简单 不行 限制 强大 调成,1
顶级 低频,1
拼装 保值 二手 东西,1
中不中 无所谓,1
体强 比分 形成 一体 玩家 万元 一波 打脸 觉得,1
好听 相当 听过 缺点 太大太热,1
倒也不是 差太远 理念 开放 拿来 同意 封闭 风格 感觉 应该 耳机,-1
看看 二手 建议,0
知道 方法 没换 掉头,1
分析 留名 技术,1
声音 耳机 没法 已经 看看 实在 有点 感觉 多年 低音 投入 听感 音源 难受 耳放 价格 尤其 楼主 平衡 真力 电位器 一致 开发 温暖 一类 那款 配合 增益 贝斯 心脏 频都 清澈 剩渣 卖个 假大空 太薄 听要 放线,-1
顺序 大致 合金 金银 单晶 无氧 纯银 镀银 依次,0
谢谢 原来 差不多 湖人 指导 精音,-1
一贴 屁民 友情 提示 编辑 貌似 楼主 两个 小时 时间,0
同道 螃蟹 有没有,0
未知,1
折腾 等阵 冒烟,-1
耳机 时间 系统 音箱 折腾 精力 毕业 金钱 好几套,-1
不会 洋品牌,-1
双子 蓝水 就算 参考 至少 推荐,0
出来 无损 同意 区分,1
声音 区别 总体 本质 钱越,1
均衡器 调整 搞定 镀银 几分钟 音色 其实 应该 便宜,0
重点 双面 磁体,1
音源,0
耳放 小不点 推低 国都 阻好,1
效果 好得多 别用线 锂电池,1
端口,1
功能 难看 造型 单一,-1
本事,0
耳机 好像 买不到,1
韵味 哈哈哈,1
不小 扎实 做工 功率 质感 好听 东西 不错 声音,1
非要 两个,0
可能 旗舰 折腾 不怎么 硕美科,-1
管越 仔前级 越来越 光头 原创 喜欢 好听,1
打印机 入门,0
没人 欧美 投一票 阿米 国外 评价 流行,1
价格 一手 不值 几年,1
平淡 看着,0
不用 一下 升级 感受 明显 值得 对比 普通 差别 装修 认真对待 为数不多,-1
感没强 强有质 凸显 凝聚 女声 齿音 试过 有量 不止 不好 氛围 下潜,-1
声音 知道 不错 功能 解码 前级 自带 算是 没试 能用,1
味道 平均 印象 手持 等到 更加 中毒 墨菊 一小 一趟 黑磚 沒有 推起 頻不夠 沉高頻 有點 聲音拉開 雖然 稍顯 淡音 響性 不錯 貨中 滿意 確定 搭過 試過 深會,1
失真 可能 比较 建议 没有 前级 使用 明显 解码器 耳放 连接 就行,-1
先不限 选项 价位 似乎,0
高端 铁三角 以上 好像 推荐 换个 索尼 君子 唱头,1
失真 音量 变化 调小,-1
耳机 很多 味道 拜亚 喜欢 主要 退烧 特点 伺候 属于 这点 强型 洗脑 擦擦,-1
便宜 不是 目前 高频 容易 至少 系列 刺耳 口碑 价格比 保险 压不住 境外,-1
远胜,0
想要 更高 经验 可能性 输出 一体机 单纯 发挥 实力 适应性 一点 低阻 合适 耳放 适合 解析 变压器 这种 考虑 影响 放到 比较 可能 耳机 觉得 不错 范围,1
占楼 实践 一层,0
问题 很多 东西 真的 好听 保留 素质 价格 好像 信息量 多数 无关 频段 突出 阉割 试图 说好听 关心 调歪,1
接口 耳机,0
恶声 旗舰 不好 好听,-1
舒服 楼主 功力 排版 很显 怒赞,1
看运气 观看 顶头 做工 木纹 刚入 尤其 流行 确实 一只 个人 有点 二手 问题 手机 觉得 不错,1
文笔 不想 祝贺 说话,-1
国庆 处于 回去 外地 长期 近乎 通电 新天 汕头 购于 有意 一次 正好 一年 一个月 闲置 下次 状态 准备 一手 全新 平均 小时 时间 不到,1
不错 产品 确实 支持 创新,1
伤身 难受 佩戴,0
很大 听感 差别 别用,-1
预算 非常 不够 价位 就够 贵越,1
顶顶,1
耳机 应该 玩玩 东西 解码 影响 音源 耳放 楼主 同意 差不多 录音 惊喜 最大,-1
高烧 一路 羡慕 楼主,1
琥珀 香榭丽舍 更好,1
应该 解码 音源 三个 耳放 不行 原线 平衡 不好 换掉 电路 二个 不给力,-1
帮顶,1
持续 活动,0
已经 支持 不了 上市 改善 文件夹 读取 多份,1
几个 支持,1
保真 电容,0
数码味 塑料 不是,0
奥帝 来自 平面 巨大 同样 差异 平板 压力 两个 一定 耳机 觉得 声音,-1
加持 电源,0
推出 大哥 手机,0
漂亮,1
区别 可能 这种 转盘 垃圾 没什么,-1
不太 好听 耳罩 味道 一只 值得 秒杀 素质 更是 歌德 追求 单纯 就够 投资 反复 那股,1
尝试 发帖 时间 一下,0
重量 人戴克 舒适 人克 受不了,1
武神 看过 怀疑 有没有,0
弹性 低频 觉得,1
幸亏 我选 真是 耳机,1
开关 来回 弄个 切换 之间,1
大耳,0
运行 请问 直接,0
一档 几个 不是,0
伯乐 价格 建议,0
参数 看看 水平 用家 清楚,1
声音 版本 提升 之前 低音 后面 均衡 一点 相比 安心 退烧 整个 差别 后期 老版 本质 很小 多一点点,-1
线材 厉害,1
根本 要求 没用 推好 耳放 驱动 最高 对耳放,-1
墨菊 铁三角,0
学习 一下,0
台子 百灵达 纵向 突出 横向 适合 感觉 我用 动态,0
雄心勃勃 危再 足见 待见 群体 不受 大众 方向 索尼 很迷 想象 每个 音频 流行歌曲 喜欢 调音 必要 那种 接受 没有 不是 产品,-1
刺激 差不多 发现,-1
占楼 售价 接近 前端 旗舰 万元 大耳 以上 推好 应该,1
染得 女生 侧重 分明 两支 场面 提高 各有 特点 控制 氛围 素质 明显 感觉 关键 不要 没有 可能 耳机 不错,1
咸鱼 粗糙 假货 淘宝 小心 一张 爆音 印刷 做工,-1
觉得 国内,1
搭配 很多 以前 好听 非常 有个 不好 老烧 平平 推崇 接替 反响,-1
有没有 考虑 解码器 换成 楼主 卖掉 传真,-1
推推 一台 不到,0
下去 耳机,0
更胜一筹 流弊 低廉 设计 螺丝 成熟 似乎 真是 结构 成本 拜亚 没有 还要,1
看来 耳机 实在 有点 调音 喜欢 风格 只能 换个 放弃 海绵 买不到 舍不得,1
上台 净化 绰绰有余 差价,-1
到头 天花板 笔记本 听不出来 垃圾 相当 极其 反正 区别 耳机 声音,-1
高保真 播放 系统 声音,0
更好 耳放 价位 推有,1
抽风 驱动 稳定 他家 我用 以前 有点 经常,0
号安卓 一大 手机,0
一两句话 过多 形容词 很难 大致 没什么 描述 听感 意义 就行了 其实 一下,0
用国 同轴 输出 系列 大法 不错,1
参考性 辣鸡 人买 同感 顺便 分享 一点 听感 那种 没有 出来 耳朵 耳机,-1
差些 恰当 互补 属于 主听 过量 氛围 古典 流行 平板 低频 选择,-1
回复 谢谢 帮顶 大家,1
方便 放在 单元 舒服 大耳 圆形 把头 脑门 喜头 梁顶 头发,1
一分货 一分钱 意思,0
顾得上 缺芯 汽车 小众 几十万,0
单单 还会 线路 传输 不止 电磁干扰 电脑 内部 关注 耳放 解码器 影响 直接 离得 应该,-1
国语 原声带 场窄 闷声 满格 南京东路 一丁点 说真的 阴影 坑后 白牙 有过 留恋 三年 心理 真想 留下 年前 比好 太多 说实话 女声 一点点 发现 电影 不好 印象 听听 流行 听过 编制 只能 第一 味道 推好 感觉 现在 反正 有点 之前 试听 没有 起码 啥时候 时间 估计 耳朵 出声,-1
金丝雀 更加 配对 棉被 不能 知道,0
一会 保险丝 插座 换线 折腾 好听 觉得,-1
不华娇 实而 侧接 不燥 网线 屏蔽 交换机 非常 目前 不错 声音,1
不错 不是 比较 音乐 完全 起来 非常 十分 味道 一种 特别 听感 的确 编制 交响 流行 合适 尤其 新版 类型 楼上 女声 极端 认为 相信 磁性 杂食 混响 旧版 较大 出入 动人,1
不服 苹果 充电 经典 表示,0
耳机 区别 级别 没有 升级 感觉 一波 交响 赞同 一体机 周边 一段 真心 小心 今天 几天 独立 没差 今年过年 回家 打扫 卫生 插回 耳放上 特意 略有 无语 攒钱 狗狗,-1
不会 顶多 曲目 楼主 侧翻 全翻,1
种草 以前,1
安定 机器 舒服 原线 平衡 下来 更优,-1
凯乐 常见 看见 解码器 第一次,0
真心 手上 好听,1
太重 喜欢,-1
固执己见 早晚 没劲 迟早会 执着 晚点 说出 早点 经济 精力 聪明 动力 认为 找到 实力 退烧 最好 其实 发烧 没有 时间 问题 比较 人能 声音,-1
觉得 产品 估计 二手 前级 以前 真的 不能 本来 适合 自然 韭菜 耳放 外观 不行 万元 实际 一体机 搞个 性能 只好 真心 多元 样子 售后 翻倍 效应 光是 出个 开脑放 产品线 招牌 能割 行别 年头 作罢 骚家,-1
声音 比较 补充 刚好 感觉 非常 更好 低频 相比之下 推荐 震撼 中正 响应 放出 凌厉,1
圈里 折腾 旗舰 容易 效果 起来 没有,-1
过去 网播 推送 不香 整个 直接,0
下去 有点 不至于 空间 有煲 需要 老叶 立马 缩成一团 打不开 完全 不了 接受 实在 一开 一条 买过 之前 可能 电源线,0
耳机 不是 已经 以前 关键 跳水 厉害 国都,1
耳机 细节 好听 当然 听感 条件 音箱 差点 默秒,-1
重要 现在,0
扯淡 信号 系统,0
更好 厚度 触感 真皮 新旧 差太远,-1
喜欢 太重,-1
雅俊配,0
值得 适配器 蓝牙 最合适,1
怪声 好几个 控制力 推荐 推力 反正 完全 耳机,1
耳机线,1
适用 样子 头梁 高度 喜欢 问题,1
已经 支持 没有 解码 以前 这种 模式 不行 后来 不好 输出 旷世 直出 放弃 协议 谷津 海贝 办法 安卓,-1
声场 感觉 特别 似乎 差距 是因为 器乐 结象 大大 乌则 绝对值 没多大,-1
问题 质量 老化 森海 好多年 之后,1
不错 耳机 没有 试听 有点 听感 确实 对比 差距 价位 手里 惊喜 中规中矩 失望 没发,-1
零售 有色金属 记得 国内 支持,1
厉害 支持,1
装上 迷你 群晖 万多 数播 电脑 配置 系统,0
真是太 用心 沙发,1
量子 马上 创意 兆欧 纳米 一台 厂家 打脸 概念 希望 出来,1
为难,0
小到 戴着 剩下 程度 舒服 音量 问题 区别,1
机翻 搞笑 爱好者,1
天龙 足够 折腾,-1
序曲 口水,0
早出 不无道理 认可 当年 老烧 不是 搭配,1
没有 好像 天龙 这台 耳放口,1
个楼 磨机 同型号 电位器 主要 牌子,0
啊啊啊,0
不错 发烧 女声 第一批 买成,1
尝试 激情 正好 宽松 舒服 相对 两个 一下 佩戴 耳机,1
未知,0
轻言 推响 惊雷 朋友 两回事 搞定 千万 推好 不要 没有,1
几十年,0
类似 相当 调音 容易 不好 镀银 高低音 混编 脱节 铜银,-1
两次 出现,0
标的 推能 气势 那种 感觉 有点 请问 一下 数据 官方,0
便利性 胜过 本地 复杂 流媒体 文件 播放 音质 到底 不能,0
老烧 退烧 机子 拿来 小白 入烧 狙初,-1
好毒文,1
刚买 素质,1
出现 正常 确实 噪声 操作 干扰 尴尬 接地线,-1
噪音 分钟 粉红,-1
意识 主观 大声 认为 惊喜 几年 意外 美国 基本 感觉 提升 没有 产品,1
顶起,1
声音 耳机 问题 版本 几个 低频 整体 一点 普通 潜力 第三 轻松 弹性 榨干 放不开 钱包 及格 老周 能略 第一声 扩散,1
动手 羡慕 能力,1
打游戏 台机 一万 平板,0
体会 差别 对比 档次 两个 一下,-1
一定 感觉 单元 歌德 通透 淘宝 处理 值钱 表面 内侧 山寨 原厂 那大 反射 罩子 过多 鸟样 焦糊 光滑,1
剪子 原线,0
真心 改善 不换 前端 足够 继续 重要 一步 情况 效果 慢慢 熟悉 最后 电源 建议 器材 应该 一般来说,0
拜读 全文 佩服 文章 楼主 更好 耳朵,1
甘心 否定 几千块 价值 机器 应该 存在,1
觉得 定位 不是 很多 解析 结像 清晰 清楚 塞子 立体 带来 拉近 不语 拉大 表象 比大耳好,-1
点为 脱贫 特制 小心 耳放 牌子 应该 不错 知道,1
很开 拉得 纯粹 变成 啥意思 就算 平衡 便携 交响 声场,0
耳机 不是 几个 起码 现在 感觉 肯定 凑合 画眉 刚出 上手 顶多有 个分,1
一家 没用 不是,-1
锐化 暖厚算 不算 中性 导致 不耐 上台 通透 森海 适合 感觉 很多 手机 功能 声音,-1
上镜 全是 低阻 耳机,0
声音 觉得 耳机 很多 其实 这种 模式 两个 一只 喜欢 难听 情况 遇到 频响 长期 有过 最早 适应 排斥 人脑 某种 便会 另一只,-1
分值 品相 取决于 稀有 科学 加上 收藏 价值 工艺 往往 几乎 声音,1
推森海 一体机 价位 西装 自然 最好 耳机,1
参数 差不多 性质 高价位 乐色,-1
感觉 小时 音场 解析 味道 好像 中频 一点 厚度 相比 平衡 方面 变化 一点点 才能 必须 很难 延伸 进步 感到 一二 很小 曲子 下午 双芯 隐约 更深 感触 略略 变淡,1
珍珠 真想 同轴 蓝宝石 试试 西装 听说 很多,1
别人 直接 当然 只能 不想 买回来 没用过 想当然 退线,-1
帮顶 手持 爱产 太能,1
来发发 八类 做成 网线 耳机线 试试 楼主 听感 建议,0
声音 参数 存在 不错 高端 不是 可能 问题 很多 没有 动态 解码 细节 关键 其实 感觉 非常 不够 模式 解析 味道 高频 特别 两个 听歌 性价比 韵味 算法 低频 自然 价格 中频 一点 大部分 用户 电阻 芯片 内部 不太好 缺乏 全面 实际 设计 天价 国内 一点点 导致 升频 看着 王者 潜力 电路 流畅 很难 并联 差一点 缺少 滤波 歌曲 转成 最高 不小 回事 下来 分立 挖掘 一众 变差 比要 到头来 高性价比 分立式 精度 噪大要 缘故 难通 几片 产商 搞升频 分路 做纯,-1
可能 更好 效果 保险丝 换不带 尾座,1
不了 影响 封闭 噪音 漏音 降噪 开放 发动机 二是 旁边,-1
音乐 类型 貌似 退步 科技进步,-1
便宜,0
羡慕 有钱 时间,1
很多 一句 楼主 好心 删帖 警察 出警,1
物有所值 展会 挺不错,1
很多 解码 感会 试试,1
货品 拆封 手印 塑封 出厂 灰尘 机身 日系 不靠 到手 代理 清楚 森海 拜亚 一定,-1
混音 据说 不行 耳放,0
搞个 不行 界面 实在 比较 不错,1
水平 真是 一言难尽 拍照,-1
论坛 评价 以为 差点 一阵 目的 看着 顿时 妹纸 走错 金瓶梅 心底 凉意,-1
以前 现在 感觉 不能 地方 头发 头顶 短发 压掉,1
母带 取决于 成品 回放 混音 呈现 方法 最终 工作 处理 录音 有人 习惯 所有 喜欢 纠结 相位 喜好 设备 问题 比较,1
暖洋洋 推单 月份 稀少 乌能 双三芯 乌银彩 比强 北京 推大 推大乌 石机 推出 缺点 在于 不少 主要 展会 安心 极致 追求 原线 厚度 组合 中频 氛围 听过 效果 胆机 适合 特别 本身 现在 我用 好听 下去 很多 已经 不是 高端 觉得 不错,1
未知,0
可能 更好 效果 保险丝 换不带 尾座,1
声音 耳机 不到 系统 升级 调音 拥有 需求 森海 一段时间 满足 一个月 两年 听度 无奈 把玩 差强人意 某鱼 各有特色 未能 一哥 领略 独到之处 廉颇老矣,-1
买同 品牌 更好 比较,1
听暖糊 换回 杂食 中正 互补 通透 相当于 耳罩,0
突突突 特沉 最求 搞错 美式 不及格 夹头 无限 热情 不靠 来看 类型 是不是 低频 完全 系统 佩戴 耳机 觉得,0
态度 封闭式 开放式 怀疑 声场,0
排除 单端 不行,0
大佬 知道,0
小碗 歌德 起来,0
原始数据 大惊小怪 相差 差距 低频 值得 明显 左右,-1
耳机 感觉 十分 互补 遭遇 双修 后者 不该 凄惨,1
估计 不会 喜欢 风格 翻车 试试 一体机 湖人 新款,1
声音 耳机 器材 不知 帖子 可能 没有 声场 铁三角 完全 机器 其实 现在 感觉 这种 非常 明显 听感 自然 不行 横向 组合 水准 讨论 远远 大于 平衡 力度 很少 关注 综合 没什么 金属 退烧 端的 单端 推低 驱动 正确 分享 当年 认为 纵向 更加 坛子 差一点 低估 绝配 特性 传播 也许 拉长 阻塞 毕业 推欧 规整 推是 仍然 结项 远古 极好 子有 噪且 发糊 钢丝 马马虎虎 蛋鸡 小圈子 急功近利 压扁 凸显,-1
需要 那种 人声 难听 稍微 才能 音染 厚重 合成,-1
报名 沙发,0
耳罩,0
平衡 二代,0
觉得 一定 希望 里面 很多 烧友 时钟 有点 解码 厂家 这种 价格 程度 电路 越来越 复杂 好用 廉价 口袋 作坊 宽裕 还贵 厂机 要价 虚高有 打压 太黑,-1
时间 等级 差点 注册 默默 张口 退下,-1
比较慢 文青 墨黑 制作 参考 感觉 我用 问题 不错,1
索尼 歌德,0
觉得 应该 性价比 不差 电位器 认为 加价 这点 更高 买得起,-1
替代品 等待 终于 等到 多年,0
功放 耳放 三个 补充 不是,0
增多 邪念 压压 临时 为啥 水分 价格 最近 知道,0
真是 良心 之作 看不起,1
值得一看 评语 橡叶 表现 听感 高频 个人 比较 觉得,1
外观 差不多 几款,-1
一种 音染,-1
膨胀 财富 妻儿 全民 卫星 消费主义 一块 父母 全年 地球 不间断 洗脑 年代 营销 搞不定 角落 生活 越来越 就算 推送 搞定 仅仅 整个 手段 厉害 韭菜 难看 小时 不是 数据,-1
声音 不错 应该 他家 重要 数播 体验 操控 存钱,1
很多 不会 没有 解码 我用 明显 音源 质量 耳放 手上 一台 差距 相比 电脑 还原 数播 输出 轻微 索尼 电磁炉 三万 低噪,-1
听换 尚可 再战 条线 正在,0
下好文 支持,1
喜欢 太重,-1
未知,0
系统 现在 耳放 好像 感兴趣 参考 才能 替补 白开水 发货,1
致命 提上去 炸裂 不经意 流行歌 放得开 聚拢在 孔大 翘孔 孔比孔 躁动 突兀 大多数 局促 收敛 不同于 两头 很能 节奏 无聊 一起 变得 更加 突然 能量 永远 感上 齿音 宽松 稳定 没什么 一点 保守 尤其 第一 两个 一种 高频 耳罩 推开 非常 不能 感觉 真的 感受 空间 直接 声场 没有 声音,0
佩戴 那种 舒服 重量 更大 更重 劝退 反倒,-1
值得 二手,1
不错 觉得,1
回头 嫌弃 耳放 不是 耳朵 不错,1
箱子 听过 喜欢 系统,1
好看 有点 木头 黄色,-1
没有 使用 价值 丝毫 艺术 梵高 油画 工业品,1
口下 飞傲 平衡,0
摇滚乐 末路 走向 差不多 流行,-1
不错 已经 感觉 有意思,1
放弃 建议,0
最新 插件 播放 选择 本身 以上 问题,0
不会 支持 使用 这种 超过 传输 干扰 输出 特殊 标准 强大 基于 方法 最高 损失 网络 电缆 提供 长度 分辨率 阻抗匹配 在线 造成 带有 同轴电缆 硬件平台 存储 平台 传输服务,-1
积累 慢慢 感受 顶一下,1
包含 音频文件 频率 人耳 里面 不到,0
播好 分不清 难度 古典 交响 其实 区别,1
之歌 流浪者 入神 小编 乐种 技术性 艺术性 艺术家 歌唱 撇去 高人一等 感同身受 不见 反驳 好多 要说 解释 背景 每次 思想 类型 感情 听得 同样 古典 交响 确实 更好 明显 个人 音乐 很多 估计 不是 知道,1
声音 觉得 难以 解码 推好 考验 音源 耳放 容易 不好 推出 弥补 及格,-1
原版 数量 众筹能 搞出 未必 调音 已经 出来 达到 一定,0
太子 坐等 帮顶,1
木碗 西装 适合 铁三角 比较,0
全部,0
方便 太大,-1
音乐 其实 重要 引起 感动 情感 共鸣 说到底,1
无法 听感 不行 实际 至少 才能 噪音 得到 消除,-1
喜欢 太重,-1
台机 证明 对比 听过 素质 解码 出来 区别,0
通滤波 高压 独一无二 卖点 分立 最大 解码器,0
不是 好听 感觉 味道 质感 很浓,1
挺不错 流行 更好 味道 其实,1
传送数据 关闭 里头 主板 设置 供电 用来,0
花哨 尴尬 戴着 外形 设计 感觉 耳机 好看,1
就行 中频 古典 胆机 都行 推开 人声 反正 解决 问题 可能,0
神坛,0
好不好 耳放 平衡 單端 問題,-1
声音 之前 类似 外观 分享 差别 记得 版主 毛子牌,-1
解码 请问,0
迟早 整天 放毒 感觉,1
很强 实力 性价比 几个,1
联通 自激 之后 前面 找个 搞定 条件 音频 上次 隔离 后面 机器 几乎 问题 不是 达到 应该 参数,1
耳朵 玩玩 经常 当然 随便 差距 不在意 脑放 产物 附议 无可厚非,-1
并排 用口 网线 一组 靠近 使用 建议 很多 声音,1
觉得 有点 个人 高频 素质 低频 调音 中频 缺点 透明度 比强 在线 暗刺次 略远 半档,-1
动过 轮流 客厅 两三只 房间 古董 收回 很久没 实际 很多年 一只 几个,0
换条,0
只能 双十 好价 明年 今年 荷包 硬化,1
强帖 顶楼 大作 留名 不是,-1
听多 坏事 回去 石机 几次,0
偶尔 频率 不说 歌手,0
耳机 机器 现在 暖糊 高频 适合 素质 容易 刺耳 不耐 新旗舰,-1
取代 没有 耳机,0
没收 中奖 私信 试听 已经 看来,0
小孩子 万双 选择题,0
转换器 拿来 这款 输入,0
耳朵 分辨 里面 东西 看看 不行 对比 塞子 中介 正品 打假 有厂 真是假 发给,-1
引导者 沉淀 进入 多媒体 技术 时代 可惜 现在 已经 毕竟,0
尼玛 眼镜,0
声音 很多 那种 正常 喜欢 满意 太强 个性,-1
不是 没用 一家,-1
解决不了 多半,0
根本 应该 不是 问题 概念 使用 本身 电脑 传输 干扰 够用 换个 机械 硬盘 甩锅 产生 完美 固态 码流 传输速率,-1
代好 办公室 直接,1
楼主,0
折腾 好多年 找点 重新 回归,-1
一千 肯定 咸鱼 问题,0
一只 最好 就行了,1
估计 二手 好听 非常 人声 性价比 胆机 推荐 推出 无敌 冒死 千把,1
声音 觉得 区别 不是 动态 完全 不能 音色 磁带 精确 不同 还原 模拟 完整 能够 相对来说 记录 再者说 数字编码,1
琢磨 早先 器件 二嫂 变成 英国 金嗓子 设计者 旗舰 芯片 告诉 后来 水平 关键 不是,0
听音 吹牛 抽烟 聚会 隔三差五 喝茶 喝酒,-1
之前 高价 考虑 隔离 必要,-1
行想 当耳放 日常 开启 不想 不行 模式 不错,1
一定 拜亚 森海 清楚 代理 到手 不靠 日系 机身 灰尘 出厂 塑封 手印 拆封 货品,-1
硬指标 延迟 毫秒 外部 统一 更新 驱动程序 贵在 万多 买来 好多年 一张 稳定 近年 不好 极其 现在 时钟 二手 支持 左右,-1
浪费 不好 干什么 想不通,-1
出来 无损 同意 区分,1
这特,0
区别 好听 太大 不好,-1
应该,0
乘积,0
不用 搭配 几个 二手 升级 解码 考虑 最好 以上 推力 一代 界面 耳放 试试 平衡 不好 折腾 伺候 不想 同价位 享声 配合 谷津 天鹰座 不上 香榭丽舍 不大行 可看 那俩 挺菜,-1
声音 论坛 帖子 试听 提升 感觉 似乎 楼主 没见 恭喜 程度 随手 找到 几篇 台式 仔细 想要 插过,1
耳机 不用 比较 直接 需要 有点 解码 前级 起来 插头 上面 模式 三个 减少 拔掉 音箱 麻烦 推荐 操作 切换 面板 输出 工作 这方面 旋钮 人性化 纯前级 纯耳放 省事 磨损,-1
特别 干净 偏少 觉得 低频 弹性,1
铁三 绝配 力士,0
东西 顶多 必要 水平 一点 高下 这强 那强,-1
弄个 流行 平板,0
耳机 一下 电源 折腾 有用 耳机线 比换,-1
兄台 认真,0
很小 差距 是不是 知道,-1
搞好 宝贵意见 架子 入个 兄弟 楼上 输入 最近 考虑 解码 感谢,1
花来 飞不出 适应 耳放好 耳放差 无非 同级 省略 掉换 非要 玩大耳 一点点 原来 不解 一台 耳放 喜欢 十分 买个 机器 解码 东西 耳机,-1
秒杀 显然 二字 假点,-1
物美价廉 张扬,0
电站 再生 小不点,0
同厂 从功 各种各样 行业 发展 中低端 广泛 方向 重要 音箱 清楚 了解 高级 对比 基本 乐器 放到 线材 器材 耳机 高端,1
比较 讨论 差异 楼主 可否 坛子 品牌 谈谈 木声 涉及,-1
知道 区别 不到 器材 出来 分辨 无损 感觉 高频 确实 音色 普通,1
盘子 费钱 看样子 安逸 玩机,0
便宜 耳朵 东西 之前 试试 不好 标准 不靠 试用,-1
看来 金属 比强,1
声音 起来 特别 拜亚 一只 不好 品控 个头 刺换,-1
甜点 新无糖,0
毋庸置疑 羚羊 编曲 天下第一 驱动 必须 稳定 音质 蛋疼 用来,-1
以前 种草,1
同事 笔记本 试试 一台 知道,0
看来 几个 没毒,1
嫌弃,0
觉得 有效 方便 放在 有点 家里 后面 一点 安全 开关 防止 小孩 误触,-1
用做 结论 得出 净化器 线加 线性 卡加 扩展卡 一千多 加过 折腾 几千 音源 不要 电源,-1
更新 部分 一波 期待,0
觉得 要求 耳朵 系统 起来 考虑 非常 夏天 喜欢 难听 舒服 不好 推荐 塞子 老烧 玩家 周边 玩意 手里 乾龙盛 平头 二是 冷门 台式 售后 先用 系统对 塞有 二手市场 硬通货 收好 服务态度 默秒 全前,-1
猜测 民谣 海里 型号 熟悉 可能,1
铁声 太老 如今 女毒 在线 太贵 染色 推荐 传统 铁家 西装 素质 性价比 选择 最好 当然 已经 不是 耳机,-1
支持 只能,1
蓝来 帮顶 同样,1
原线 不至于 不了,-1
不用 监听 音箱 电脑 有源 正好 驱动 好评 来接 今天,1
女声 毒器,1
未知,0
耳机 搭配 线材 呵呵 慢慢 耳放 前端 一万 先买 我会,-1
不太差 原厂 高登 不难 短板 一体机 系列 平衡 舒服 组合 风格 调音 基本 选择 解析 最好 这种 不要 不会 达到 佩戴,-1
不错 二手 一代 一体机,1
几氧铜 线管 改啥 几次 耳机线 平衡 原装 没用,-1
不错 觉得,1
没用 数字 模拟 有用,-1
人声,0
买代 苹果 直接 预算 比较 手机,0
顶顶,1
换掉,0
小点 体积 针对 不错,1
手机 难听 严重 干扰 降到 家市,-1
换大 耳罩 解决 问题 耳朵,0
不是 人声 推力 平衡 试过 单端 收过 大大 一周 精音 白开水 无穷,-1
难配 前端 不少,0
耳机 手机 当然 最近 基本 以后 功放 作用 体会 高敏易,1
左右 建议 耳放 万元 不好 分体,-1
造福 迅雷 下来 发个 百度 链接 看着 大家 上来 很多 版本 官方,1
开裂 太干 防干 防潮 反而 木头 重要 来说 比较 知道,0
耳机 不要 推力 必要 低阻 音量 歌德 不好 以为 足够 笔记本 一众 没想到 单从 阻难 推买 够响 欧欧,-1
效果 不错,1
耳机 不用 比较 直接 需要 有点 解码 前级 起来 插头 上面 模式 三个 减少 拔掉 音箱 麻烦 推荐 操作 切换 面板 输出 工作 这方面 旋钮 人性化 纯前级 纯耳放 省事 磨损,-1
数一数二 相反 黑标 音色 难听 素质 耳罩 低音 觉得,-1
做生意 不想 现在,0
老说 金属 楼主 需要,0
不太 东西 试听 感觉 不买 好意思 天域 联达,1
晚上 平衡 版本 耳机,0
很多 效果 对比 楼主 试试 网上 得出,1
奢侈 单独 有点,0
开放 没见 封闭式 听过 耳机 不错,1
强势 抽插,1
自留地 沙发,0
耳机 搭配 非常容易 里面 几个 声场 目前 高价 非常 听过 精致 横向 整体 音箱 来看 表现 发现 规模 功放 包括 纵向 样子 之后 没听到过 优秀 做出 不着边际 难退 纵横,-1
性价比 看起来,0
想着 朋友 百灵鸟 推荐 最近,0
了解 一下,0
没法 一定 补充 关键 真的 当然 非常 低频 质感 音色 森海 带劲 咚咚,-1
喜欢 均衡 器乐 后期 前期,1
声音 人能 比较 问题 时间 没有 发烧 其实 最好 退烧 实力 找到 认为 动力 聪明 精力 经济 早点 说出 晚点 执着 迟早会 没劲 早晚 固执己见,-1
咯噔 会前 会戈登 出戏 继电器 带上 关闭 毛病 切歌 消失 缺点 高文 机会 有时候 打开 一点 底噪 真的 有点 升级 很多 一下 应该 电源线 声音,0
玩吧 几天 纠结 直接 简单,1
终究 才能 机会 听听 别人 比较,0
差距 几条 一项 没差 拉开 光密度,-1
关进去 不好,-1
耳机 功能 没用 声场 使用 影响 我用 模式 基本 界面 暂时 厚度 不少 宽松 必须 背景 插口 同轴 作用 好多 非常明显 太差 比直 数码味,-1
唯一一 感叹 推到 惊艳 头戴 这是 只能 这种 感觉,1
性会 亲肤 好些,1
夸张 玩意 调节 阻尼 出差 形容 疙瘩 未免太 辣椒酱 沉得,-1
墙面 很足 美式 气息 楼主 文化 厉害 一下,1
比耳放卖 描述 解码器,1
不良 接地,0
不是 五万 好听 更好 确实 平板 组合 这套 旁边 最佳 全场 不为过 乌比,1
梦想 两倍 亦可 改名 新一代 成为 旗舰 价格 支持 不是,1
看来 耳机 实在 有点 调音 喜欢 风格 只能 换个 放弃 海绵 买不到 舍不得,1
耳机 很多 烧友 素质 耳放 官放 香格里拉 静电 品牌 很差 单买,-1
最近 唯一 不好 系列 貌似 口碑 样子 有所 吸入式 片子 新一代 改观,-1
声音 高端 定位 真的 考虑 牌子 转盘 不行 机子 英国,-1
懒人 折腾 不爱 推党,-1
品位,1
声音 不错 耳机 线材 里面 不会 明显 本身 以内 音源 质量 堪忧 耳放 一套 来看 动圈 系列 够用 中正 瓶颈 成为 驾驭,1
影响 插头 音质 手艺 制作人员,-1
赚钱 咸菜,-1
高端 一定 不是 可能 出现 东西 之前 完全 有点 起来 真的 很大 考虑 当然 现在 最好 两个 算是 部分 肯定 情况 有时候 型号 三星 优势 噪音 机械 硬盘 文件 寿命 坏掉 中间 信息 长期 分钟 消耗品 保存 内容 同步 颗粒 一下子 无噪音 隐患 丢失 及时发现 缺掉 备份 纯当 用回,-1
动心 黑豹 一点点,0
观赏性 不具 很具 下睿志 何庆华 音响 外观 相当 性价比 补充 产品 不错,1
试试 准备 前端 好时,1
不是 显示 符合 设备 这种 国标 意义 报告 类似 质量 良好 指标 玩意儿 检测 单位 国家 合格 到时候 出个 拿个 信息技术 监督 中心 这能 电气 安全性,1
觉得 耳朵 玩玩 入门 没有 声场 提升 真的 好听 现在 感觉 最近 解析 素质 确实 流行 价格 推不开 价位 声底 没错 至少 完成度 平头 最大 简直 最高 直白 遗憾 南方 玛利亚 披头士 玛莎 很蒙 交吧 守门人 弱水 老贼 流通 得意之作 徒有 纵玩 收来 线拉下 蒙蒙 回南天,1
镇楼,0
声音 看来 估计 味道 高频 先天 刺激 大部分 容易 以下 刺耳 不耐 能量 太多,-1
声音 耳机 没法 已经 看看 实在 有点 感觉 多年 低音 投入 听感 音源 难受 耳放 价格 尤其 楼主 平衡 真力 电位器 一致 开发 温暖 一类 那款 配合 增益 贝斯 心脏 频都 清澈 剩渣 卖个 假大空 太薄 听要 放线,-1
档试 不开 两个 是否 解码 完全,0
多久 声音,0
铜线 单晶 好点 不贵 应该,1
路过,0
全套 达斯 烧包 价格 的确 其实 比较 级别 电源线 不错,1
仓库 积压 要天 快递 一家 先买 问过 过年 收到 淘宝 正好 唯一 本来 国产 大概 顶一下 左右,1
还要 建议 方便 不要 耳塞 大耳 上台 折腾 学生 早入,-1
知道 是不是 差距 很小,-1
装好 登官 按高 说明书 屏幕 听出 格式 木耳 网上 安装 机器 没有 显示 区别,1
无关 一体机 电脑 音量 界面 推开 最好,1
不好,-1
烧友 真的 友好 城市 一线,1
地方 李克勤,0
好看,1
升频 完全,0
一下 支持 沙发,1
肯定 很差 舒适性,-1
看紫坛 退休 设计师 没想到 一篇 评测 就要 一步 试试 当时 之前 升级 出现 系统 帖子,-1
极致 看看,0
出差 箱子,-1
下换 材质 单晶 原线 考虑,0
理论 状态 系列 光头 设计 机子 就算 电容 寿命 飞利浦 看运气,1
庆幸 保修,0
存在 电源线 里面 系统 考虑 以上 性价比 必要 尤其 绿檀 咸菜 最低,-1
来加 一楼,0
非常复杂 广域网 拆分 数据包 校验 握手 在线听 机制 首歌 恶劣 解决不了 取决于 不负责任 尽量 多次 出错 缓存 局域网 协议 高品质 网播 完整 包括 完整性 环境 传输 内部 肯定 硬件 讨论 音频 确实 质量 必要 基本 算法 适合 极其 不能 厂家 没有 问题,-1
搭配 退烧,-1
超时空 世界 试过 适合 觉得,0
需谨慎 肥大 新人 特殊 缺失 一部分 或许 需求 低频 适合 细节 音乐,0
机器 只能 不好 无关 国家电网 怨电,-1
完全符合 活力 拖沓 高增益 享声 单端 刺激 用来 现在 比较 应该 要求 声音,1
家去 小小 有感而发 发布会 恰饭 认识 无关 机会 大佬 看到 拿到 机器 试听 经常 发烧友,0
有点 大乌 价值 包括 差太远,-1
当年 不值 听听 现在 声音,1
朋友 我差,-1
可能 比较 上面 拿到 确实 刺激 暖厚 索尼 有意 变成 官配 放松 轰头,-1
买不起 太贵 一档 展机,-1
耳机 比较 音乐 大概 好听 低音 那种 适合 喜欢 自然 楼主 一点 满足 美的 女声 线性 不难 具有 能够 推用 艺术性 超棒,-1
只能 合适 兼顾,1
欧下 功率 随便,0
消费 降级 玩不起,-1
内置 一体机 楼主 耳放 解码,0
比较 没有 目前 素质 调音 风格 精致 差异 歌德 极致 上限 修饰,-1
大乌,0
水得,0
出现 其实 当然 非常 耳放 差距 功率 情况 音箱 可怕 就要 推不出 灵敏度 指标 这是 一倍 家用 声压 出了名 大功 大食,-1
银乌,0
龙王 紫衫 我擦会 口水,0
话语 出世 处在 鸡同鸭讲 基准 贵贱 更有甚者 标尺 只以 所处 折射 闹剧 引发出 走火 擦枪 孤陋 短浅 异闻 增广 推己及人 博闻多识 有感而发 发此 假期 掺和 画风 固执己见 造成 衡量 见解 阶段 背后 评判 发觉 朋友 烧油 沟通 认识 经验 怪异 兴趣 价值 大家 退烧 状态 往往 或许 情况 实践 正常 理论 其实 很多 时间 论坛 发烧友 层次 之间,-1
不欢 无胆,0
帮顶 手持,1
直接 当然 全新 理由 退货 天无,-1
耳机 建议 这种 人声 必要 低频 平板 大乌 没错 弦乐 优势 泛音 一副 一块 各有胜负 丢掉 我记 跳开 补足,-1
楼主 羡慕 一路 高烧,1
不能,0
很菜 用途 强点 开放 不同 毕竟,-1
不错 没有 看看 现在 看起来 质量 玩不起 当年 三菱 呜呜 中关村 熟人 厂盘,-1
声音 觉得 做到 手机 问题 很多 不会 看看 音乐 来说 不了 完全 个人 推力 高频 长时间 素质 调音 追求 不好 电影 一体机 推个 不想 平时 听个 不算 能够 华为 过于 也许 休闲 聆听 几首歌 几小时 很耐,-1
小孩子 内容 购物 精准 认识 品牌 大家 老烧 满足 推荐 同意 获得 讨论 购买 标题 比较 不是 搭配 器材 所谓 要求 声音,1
满意 退货,-1
大伙儿 起来,0
过年 漂亮 胆机 考虑 玩玩,1
电子书 打折 正版 盗版,0
明纬 最佳 医疗 组合 性价比 一条 电源线,0
个人 听感 档次 比差,-1
交响 这是 难道 七楼 语无伦次 常常 后果,-1
不错 觉得 耳机 应该 不到 不是 手机 问题 没有 东西 二手 五万 解码 绝对 现在 值得 水平 喜欢 耳放 算是 价格 音质 一点 超过 至少 真正 不换 苹果 今天 不下 坛子 难道 愿意 八折 出掉 吹牛 花钱 洋垃圾 钢琴 进行曲 勉强 省钱 好歹 大坑 爱好 爱丽丝 没人 昨天 卖不出去 无非 出个 三万 屏幕 出不去 两三年 没准 穷富 我富 在座 差买 最底层 衣服 来块 三折 扛不住 土耳其,-1
折腾 满意 现在 不要 系统,-1
上银彩 古河 足够,0
双木三林 千元 证明 同样 已经 参数,0
混合 光纤,0
日文 问下 日本 少女 类型,1
银乌试 轻量级 原线 只能 感觉 接受 估计 比较,0
根本 问题 设备 厂家 只能 音频 播放 以后 电脑 传输 数播 噪音 不信 完整 网播 歌曲 网线 污染 缓存 音频文件 全世界 解决不了 音轨 能带,-1
坚挺 说明 二手,0
出没 大神,0
不错 音质 预期 心中,1
应付 厚声 线多值 达斯 周年纪念 也许 薄得 很惨 要愁 几天 随身 想想 搞定 上台 以后 准备 平衡 中频 流行 低频 顶多 关键 应该 没法 不错,-1
只接 长期打算 当手 主力 最多 外出 工作 游戏,0
声音 明显 单元 外观 平庸 做工 太贵 这货 飞利浦 大家伙 精细 双动 时髦 分量 欧版,-1
画眉,0
确实 推荐 虾米,1
对比 同样 差距 楼主 定制 主板 加油 较大,-1
觉得 不要 个人 用个 折腾 太贵 整流管 上大盾 天梭 转成,-1
口小 噪会 下电 带来 换个 干扰 排除 单端 电脑 平衡 试试 不行 有没有,-1
数字 解码 使用 耐听 部分 差异 电脑 数播 等级 同轴 回去 最低,-1
这是 不足 体现 推力,0
论坛 监听 素质 高级 玩意 烧油 厌烦 大谈,-1
防锈 镀金 意义,0
战略思想 少见 佩服 目测 楼主 严重 系统,0
我能 椭圆 卧槽 森海 喜欢 拜亚 耳罩,1
大船 同步 自带 界面 完全 提升 时钟 耳朵,0
经典,0
欧就行 那买 欧结 精细 仔细 立体 才能 稍微 一点 整体 相对 风格 高频 推力 问题 比较 出来,0
叶音 三宝 达斯 买到 千元 界面 性价比 应该 不错,1
轻飘飘 挺爽 流行乐 看个 初烧 这类 上台 电影 质感 确实 适合 系统 声音,-1
不错 应该,1
防疫 过滤性 用高 试试看 口罩,0
设备 低频 差异 巨大 不同 呈现 结像会,-1
老烧 好文,1
方式 正确处理 耳机线 二楼,0
飘过 银耳,0
觉得 耳机 不是 东西 最好 耳罩 解析 适合 音量 舒服 机会 不少 刺耳 缺点 换个 偏科 优点 头疼 力高 放低,-1
省钱 看来,0
节日 设立 巨大成就 作出 社会 庆祝 三八妇女节 三八节 又称 平日 权益 联合国 全称 简写 国际妇女节 劳动 妇女节 妇女 政治 每年 贡献 领域 经济 国际 重要 取得 中国,0
应该 烧友 顶级 主听,1
动力 拜亚,0
通透 声音,0
要活 必须 解码,0
回家 晚上 分享 试试 感谢,0
新版,0
赶上 本体 大声 确实 相当 原装 需要 电源,1
规避 变大 传入 接收 变差 污染 有线 廉价 大幅 玄学 宁静 网桥 无线 网线 稳定性 避免 开关电源 差一点 网播 路由器 改善 导致 交换机 接入 方案 有人 严重 降低 底噪 特别 关系 设备 电源 出现 问题 比较 速度 无法 不是 线材,-1
成熟 加工 电子零件 主要,0
未知,1
巴赫 莫扎特 贝多芬 以为,0
推低 用户 帮顶 自带 耳机 不错,1
推能 斗胆 好多 推比 入耳 需求 一句,1
耳机 很多 适合 喜欢 森海,-1
解码 选择 素质 更好 不好 同价位 这台 数码味 诗德高 登钰龙,-1
失锁 从来 偶尔 码率 爆音 升频 方案 推荐 麻烦 试试 以上 解码 之前 设备 几个 很多 问题 有没有,-1
作用 一转 杂讯 过滤 记得 传递 信号 阻抗 好像 理论 当然 没有 比较,1
会员 高级,1
何庆华 机子 不少 关注 推荐 平衡 国外 一套 是不是 两个 论坛,0
知道 耳机 烧友 解码 音源 调音 耳放 针对 困难 交流 咸菜 找个 冷门 过于 放该 少有 一个个,-1
一下 差不多 设计,-1
平板 动圈 太贵 优惠,-1
音箱 地方 家里,0
平衡 追求 必要 胆机,-1
便宜 没法 还要 里面 呵呵 直接 使用 机器 其实 这种 功率 情况 电流 换个 保证 换上 动作 短路 保险丝 会烧 高压 五金店 毛买个 铁芯 原边 触发 一截细 铜丝,-1
大波妹 几个,0
馒头 楼上 问问,0
抵达 展品 上海 已经,0
支架 以后 一套,0
尖锐 非官方 换上 一点 耳罩 感觉 国产 时间 声音,1
耳机 有没有 比较 系统 组合 推荐 金属 专业 顶楼 主对,1
有钱 发烧 下次 退烧,-1
必要 现在,0
存在 耳机 手机 直接 提升 反正 好听 当然 最好 必要 上台 心目 缺钱,-1
耳机 已经 感觉 好像 惠威 今年 展上 同类产品,1
全盘否定 几句话 断章取义 求真务实 态度 怀疑,0
欣赏,1
好价 毒到 真心 准备 外观,1
改观 新一代 片子 吸入式 有所 样子 口碑 貌似 系列 不好 唯一 最近,-1
慎行 三思 购物 这台 大家 经历 这家 不好 音质 愉快 建议 产品,-1
无损压缩 再也 格式 之后 试过 纠结 以前 一下,1
耳机 一下 非常 楼主 不好 体验 运费 处理 带来 承担 您好 抱歉 工作失误 寄回 来回,-1
椭圆 耳罩 应该,0
拜年 大吉 老哥,1
暖洋洋 推单 月份 稀少 乌能 双三芯 乌银彩 比强 北京 推大 推大乌 石机 推出 缺点 在于 不少 主要 展会 安心 极致 追求 原线 厚度 组合 中频 氛围 听过 效果 胆机 适合 特别 本身 现在 我用 好听 下去 很多 已经 不是 高端 觉得 不错,1
可玩性 马上 天鹰座 样机 推出 几次 钰龙 选项 推荐 增加 二代 考虑 觉得 不错 声音,1
便宜 属实 一趟 肉疼,-1
夹个 鼻托处 不太稳 套头 夹得 小妙 拆掉 试下 贴合 眼镜 海绵 完美 戴着 介绍 变成 平时 轻便 舒服 耳塞 音质 换成 听歌 最后 耳罩 非常 口罩 影响 耳朵 不用 耳机 觉得,-1
买个 建议 好看,1
乐之邦,0
音乐 其实 家里 一种 一点 说明 手段 主要 歌曲 一首 推广 轻快 运营 扯蛋 感人 流泪 窗门,1
一波 大家 顺便 舍得 赶紧 好久没 年底 年终奖,1
未知,0
换成,0
高端 铁三角 以上 好像 推荐 换个 索尼 君子 唱头,1
寿终正寝 使用寿命 说不定 很多年 差异 新版 单元 老板 纠结 喇叭 买个 建议 耳机 声音,-1
不易 之流 德奥 最佳 日系 平衡 木碗 随便 好声 不是 搭配,1
不会错 世界 白金 纳米 超越 基本,0
开挂 换线 驱动 超越 以后 平衡 原线 确实 更好 解析,1
接地 火零 检查 十几块 检测器 极性 买个 电源 问题,0
配根 比好 真力 信号线 低频 韵味,1
功率 大耳 便携 上来 选择 现在 不错,1
对岸 分享 好文 烧友,1
对路 重要 歌德 相对 合适 好像 流行 风格 喜欢 人声 感觉 好听 比较 应该 有没有 耳机 便宜,1
觉得 可能 个人 其实 当然 非常 人声 解析 适合 拜亚 素质 更好 编制 流行 尤其 纤细 体现 极端 碰到 尖锐 器乐 大量 利器 独奏 特性 两款 合成器 电子乐器 伴奏,1
老宋 他家 电源线,1
很久很久 一筹 还略输 出掉 压头 很长 持有 有所 允许 财力 不算 接触 做工 相信 伺候 折腾 手里 一个月 确定 前端 没什么 表现 综合 电脑 用过 入手 有时候 情况 极致 大耳 精致 懒人 价格 算是 喜欢 确实 基本 这种 现在 考虑 完全 直接 懒得 不会 时间 比较 不到 佩戴,-1
如能 同一首歌 转换成 听得出 格式 千万 试试 楼主 慢慢 听不出 不能 不要 看看 线材 区别 分别,0
流行 差不多 走向 末路 摇滚乐,-1
官方 电源线 一定 有点 敏感 明显 模式 电脑 那头 调整 开关电源 石机 好好 玩意儿 弄弄,1
谷津 旷世 就算,0
觉得 耳机 之间 应该 搭配 解码 真的 其实 考虑 感觉 选择 耳放 听过 合适 不好 实际 恐怕 差别 没多大 静电 不带 并不多 看作,-1
天鹰座 热情 收个 温暖 够用 基本 推力 解码 二手 比较,0
地动山摇 火车 轰鸣声 飞机 低音,-1
这种 不好 随身 推别,-1
声音 耳机 很爽 低音 横向 高音 以下 设置 越来越 滤波 增益 双修 用口 偏薄亮 口气,-1
据说 素质,0
流行 评价 国外 阿米 投一票 欧美 没人,1
无敌 价格,0
浪家 累得 听银乌 最近 觉得,0
需要 好不好 满足 暂且不说,-1
空调 干扰 开关电源 耐力 空开 冰箱 不拉 专线 太烦人,-1
能动 皮带 温度 受热 会受 伸缩 部件 长老 总体 正常 影响 时间 估计 问题 功能 应该,1
应该 问题 系统 是不是 比差 玩意 等级 滤波 最高,-1
销声匿迹 销售 算不算 坚挺 新版 基本 打脸 官方,0
聽感 期待,0
好看 出来 懒得 以前 现在 旗舰 千元 三五天 一次 天天 一周 四五天 磕怕 舍得,1
支持,1
首选 价位 应该,0
软件 界面 不靠 强多 转比,1
未知,0
其实 不错,1
好听 确实,1
柱状 整流管 就行 那种,0
看来 根本 出来 一下 还要 好听 感觉 非常 高频 低频 流行 古典 好像 大耳 过度 箱子 塞子 吐槽 金属 整个 染色 变得 顺便 舞台 糟糕 不已 演绎 一到 跌进 贝司,1
左右 支持 二手 时钟 现在 极其 不好 近年 稳定 一张 好多年 买来 万多 贵在 驱动程序 更新 统一 外部 毫秒 延迟 硬指标,-1
不会 差别 振膜,-1
不了 不至于 原线,-1
线材 很多 东西 电源 特别 年前 电子管 洋垃圾 实用 清远 货场 淘到 拇指,-1
手艺 不错,1
出版 出版社 图书 音乐欣赏 凯米 罗杰 世界 教程 音乐,0
不错 需要 看起来 确实 可惜 不好 国内 胆前 加胆前,-1
便宜 产品 思路 价格 开关 线电好 试验,1
现在 胆机 不好 伺候 管子 想来,-1
觉得 直接 目前 感觉 高频 低频 同意 电脑 老婆 不想 分钟,1
来看 没有 真的 好听,1
音源 最后,0
半句 扯淡 第一条 不看 真的 直接,0
对待 冷静 今后 至少 文章 谢谢 呵呵 期待,-1
十倍 最大 变化 模拟 数字 系统 电源线,0
网说 想不通 求问 看官 降噪 输出 输入 两条 线路 平衡 意思 放大 机器 没有 一下,0
双股 每个 歌德 单元 需要,0
搞个 好得多 欧都 比人妻,1
非常 傲立 成色 朋友 有台,1
突出 高频 看来,0
互黑,1
知道 毕竟 电源线 可能 理解 减少 内部 电磁干扰 就要 前面 尽可能 开关,-1
存在 电源线 里面 系统 考虑 以上 性价比 必要 尤其 绿檀 咸菜 最低,-1
插座 需要,0
摇滚 迷先,1
教育 坐等 老烧 楼主,0
记错 君子 台式 阿波罗 一流 味道 解码,0
旷世 咸菜 折腾 大师 感觉,-1
居家 外观 风格 确实 有点,0
回复 感谢 动态 目前 是否 考虑 必要 打算 一点 纤细 两条 折腾 优点 保险丝 换耳放 外换,-1
耳机 最后 胆机 出彩 舒服 一段时间 箱子 功放 老老实实 专攻,1
换成,0
一条线 低频 高频 区别,0
耳机 比较 其实 下潜 人声 特别 适合 低频 中频 主要 没什么 男声 密度 突出 欧美 十足 高能量 乡村,1
机器 只能 不好 无关 国家电网 怨电,-1
不错,1
听风,0
一只 值得 保留,1
难为 台机 非要 优点 最大 找个 前端 旗舰 相比 大耳 真是 随便 耳机 觉得 不错,1
建议 不要 店家 喜欢 尤其 面板 当初 买时 太土 红绿灯 右上角,-1
不该 前两天 想想 是不是,1
省钱 来个 直接 方便 不是,0
这要 楼主 理解,1
瑞思拜 合格 这是 发烧友,0
太重 脖子 不行 喜欢,1
查查 前端 调音 听感 问题 觉得,0
耳罩 听感 歌德 推荐 不见得 不划算 家大 比小,1
非要 出彩 选择 人声 里面 耳机,0
感觉 难看 始终,-1
玩具 不得不 确实 恭喜 漂亮,1
大家 谢谢 知道,0
砍价 下手 淘宝 成色 不好 最好 这种 时间,-1
扫频 哪种 对比 乐器 下潜,0
芝士 蛋糕,0
避震 加个,0
零售价 终极版 大家 谢谢 支持,1
接耳放 惊喜,1
呼起来 风扇 不小 放弃 我试 声音,0
脑放 不错,1
插会 孔改 新版 比较 耳机,1
应该,0
很大 最近 确实 差距 几天,-1
可能 几个 不要 打脸 推好 见到 只能 耳放 不好 市面上 露面 说欧 欧能 算能,-1
不错 佩戴 感觉,1
花费 硬件 极大 差异 便携机 磁带机 便携 而用 开心 能先 磁带 萨克斯 凯丽金 故事 歌词 听到 在乎 紧迫 需求 消费 文化 道理 价格 流行 升级 简单 设备 音乐,-1
好些 类型 这种 音乐,1
多拉 音效 主要,1
天鹰座 后续 接口 平衡 增加,0
觉得 最好 评价 听到 每个 差点 同价位 尊重 比友商,-1
左右 不错 耳机 二手 大概 解码 真的 考虑 效果 新版 音箱 双修 浮动 黑龙 八千,1
产品 不是 没有 接受 那种 必要 调音 喜欢 流行歌曲 音频 每个 想象 很迷 索尼 方向 大众 不受 群体 待见 足见 危再 雄心勃勃,-1
好听 喜欢 放大器 甲类 晶体管 比较,1
声音 其实 现在 更好 一点 平底锅,1
风格 耳机,0
耳机 设备 一套 每个 发挥 伺候 玩法 多个 并不一定 人有,1
耳放后 想入 必要 没有 知道,0
促销 今年 不贵 知道,0
大钛子 紧缺 冷淡 德味 消散 不肯 纱蒙 仿佛 反差 三种 样机 允许 依旧 实际 始终 条件 三代 铁家 氛围 对比 风格 喜欢 低频 特别 一种 明显 乐器 人声 那种 这种 感觉 现在 个人 建议 不太 比较 一层 不是 一下 耳机 声音,-1
手机 可能 不会 直接 铁三角 其实 推好 风格 低阻 上台,-1
升级 垃圾 必须 线才行,-1
类型 难听 素质 不至于 音乐 耳机,-1
持有 这套 国内 太小 感觉 知道,0
吸音棉 里加 壳子 办法 拆开 绒布 有个 低频 耳罩 简单 耳机,0
应该 搭配 解码 胆机 更好,1
耐用 这货 容易 性价比,0
占楼 编辑,0
引力波 超弦来,1
比原 不能 出来,1
折腾 等阵 冒烟,-1
耳机 现在 味道 编制 流行 似乎 推荐 用过 主要 一体机 画眉 分体 听大 没用过,-1
玄学 客观 评判 角速度 画幅 对焦 像素 方法 宽容度 相机 经验 貌似 总结 有人 道理 评价 明白 听音 其实 量化 没有 没法 觉得 声音,0
不错 应该 实在 其实 味道 后面 必要 电阻 输入 设计 玩意 运放 看着 假货 电路 电容 太多 哪家 散热 银色 看不出 两种 像是 莱曼 混合 快速 看样子 真假 调味 耦合 推挽 之用 整流 机用 箭猪,-1
划算 想象 差距 全新 二代 没有,-1
绿坛 纠结,0
第二个 腰斩 涨价 不亏 新出 第一个 为啥 玩家 一手 基本 二手,0
退掉 发过 玩意儿 噪音 视频 没什么 有人 效果 听不出 本身 明显 解决 没有 系统 有效 问题 区别,-1
回去 免费 粘好,1
传输方式 办法 网播 数播 说明 好像 没有 分辨 明确,1
要求 器材 不要 关键 现在 低音 效果 不差 自然 成熟 提高 越来越 电音 流行音乐 重低音 运用 肆无忌惮 回放 表演,-1
这货 大耳 耳塞 不了,0
本质 大气 宽松,1
避而远之,0
不错 适配器 蓝牙 振膜 推么配,1
耳机 佩戴 折腾 配合 最佳 几支 两货 还轻,-1
歌德 少帅,-1
痘痘 屁屁 肉肉,0
融合 安卓 下载 支持,1
呵呵 喜欢 一点 有过,-1
温润 直白 胆机 不是,0
探索 后文来 跟随 带给 耳放之家 到达 三月初 预约 充满 内心 首款 栏目 认证 一进 大耳是 将要 所示 巡回 三圈 究竟 我家 研发 第一位 进行 本次 测评 坛子 年前 生产 惊喜 一款 终于 商家 大耳 好奇 看到 小不点 耳放 其实 标题,1
啥意思,0
推过 有用,0
帮顶 楼主,1
纸盒 减配 老版 木盒 点点 保修 楼上 其实 没有 不是 区别 声音,1
好看,1
不好 无脑 推上,-1
声音 器材 很多 没有 有点 楼主 手里 体积 套装 天差地别 小巧 不赖 得意忘形,-1
已经 坐等 皮筋 大小 优化 胶水 从良 乌走线 腐蚀 走线,-1
生日快乐 成年,0
耳机 上台 实力 发挥 才能,1
声音 正常 国外 价位 不好 差不多 代表 打折 银乌,-1
转载 讲道理 金瓶梅 评测 还好,1
套餐 先头 好电 静下心来 百元 一看 滤波器 想想 处理 淘宝 上去 用料 有人 价格 确实 更好 电源线,1
随身 应该,0
看看 反正 几万 闲鱼 平头 老塞,1
质疑 谣传 除开 大家 好像 质量 之前 问题 产品 声音,1
搜索 资料 思想 背景 随时 改造 加强 互联网 自我检讨,1
调音 确实 流行 古典 三代 太行,1
黑胶 面子 模拟 参考 味道 来说 不用 便宜,0
未知,1
支持,1
感觉 最近 本来 帮顶 经历 折腾 再收 收才行,-1
便宜 问题 没有 高级 唯一 上去 张扬 导致,-1
记下 光看 具体 以后 有空 听听 听感 知道 数据,0
略胜一筹 鲜活 分离 夸张 整体 低频 高频 解析 好听,1
下个月 拓品 上市,0
那根 配根 试了试 所说 好线 拆开 买回来 推荐 楼主 应该 知道 看来,1
不到 很多 设备 感觉 买个 或许 凑合 前端 方面 搞个,1
清爽 直接 耳机 声音,0
一寸 单元,1
瓶颈 一套 音源 隔离 提升 建议 搭配 应该 耳朵,0
声音 觉得 难以 解码 推好 考验 音源 耳放 容易 不好 推出 弥补 及格,-1
便宜 知道 软件 支持 好像 不好 用过 原来 方案 国内 看着 网易 网络软件,-1
音频线 踏实 出厂 名气 淘宝 机线 的确 有点 直接 没有 耳机,0
一坨 捏成 包子 想到 大声 听过 声场 声音,0
很多 请问 拜亚 更好 古典 看到 大师 情况 推荐 德国 博主 推不差 推选,-1
强些 这卡 创新 不会 估计 应该 声音,1
双方 拷贝 固态 远端 临时 完美 矛盾 硬盘 机械 即可 使用 放在 解决 问题,0
觉得 价位 不好 玩家 大多 没人刚,-1
觉得 比较 个人 高频 听感 表现 橡叶 评语 值得一看,1
一台 面前 加界 效果 界面 隔离 明显,0
天梭,0
本来 好像 一堆 崔克 插座 这点 这么久 好家伙 人问 给钱 白嫖怪,1
推比 上台 电脑 个人感觉 味道,0
知道 看看 牌子 差距 不好 照片 索尼 方向 功力 忽悠 較過 那個 金寶線 個掛 著金 傻蛋 假線 真金 寶的 機線 事實 還有 三種 等級 單晶銅 鍍銀 單晶 銀三種 作為 編織線 祖師爺 漢聲 編織 金寶的 能到 幾成,-1
检查一下 医院 勉强 不要 耳朵 觉得,1
才能 发挥 实力 上台 耳机,1
南昌 经销商,0
流行 氛围 千元 当年 号称 最强 爱丽丝,1
耳机 很多 价位 不好,-1
量产,0
负面影响 设计师 娘胎 偏弱 回弹力 振膜 产生 改造 带来 当年 缺点 改善 导致 能量 频段 程度 方面 不少 不好 整体 只能 低频 感觉 解决 不会 可能,-1
更好 水平 不差 评价 国外 平衡 阿米 比强 可玩性,-1
价差 德行 出头 国行 建议,-1
好不容易 忠实 用户 有点,1
没法,0
不错 纸包,1
根本 知道 支持 斑竹 标题 不明 懒得 进去 起码 别人 呵呵,-1
绿油油 线材,0
推啥 朋友 试过 楼主 请问 耳机,0
直接 必要 录音,-1
插件 所有 新版,1
可买 全套 鼠莓,0
没用 就行了 方法 脸皮厚 脸皮 不厚,-1
声音 显示 支持 没有,1
来自 数字滤波 模拟 太糊 算法 所谓,0
漏电 是不是,0
直接 干扰 显示器 主机,-1
折腾 嘿嘿,-1
功能 解码 天龙 马兰士 有个 超级 一体机 好处 高性价比 多当 差耳放口,-1
不住 控制 大乌 有点,0
插頭 原裝線 古河 所有,0
声音 不用 产品 比较 反正 现在 非常 明显 比起 音质 好点 稍微 提高 插座 几款 滤波 滤波器 大打折扣 家用,-1
大牌 口碑 一年 合适 二手 比较,1
瞎吹 数毛多 指望 音质 不能,0
觉得 已经 影响 听歌 国外 大奥 显然 外国人 早已 垃圾 音质,-1
好奇,1
新年快乐,0
出声 耳朵 估计 时间 啥时候 起码 没有 试听 之前 有点 反正 现在 感觉 推好 味道 第一 只能 编制 听过 流行 听听 印象 不好 电影 发现 一点点 女声 说实话 太多 比好 年前 留下 真想 心理 三年 留恋 有过 白牙 坑后 阴影 说真的 一丁点 南京东路 满格 闷声 场窄 原声带 国语,-1
耳机 明白 一堆 折腾 奇怪 新人 卖线 问东问西,-1
个人 感觉 喜欢 不好 喜不喜欢 白搭,-1
证据确凿 曝光 建议,0
有钱 支持 一套 楼主 配置 退烧,-1
变化 耳机,0
感觉 非常 高频 喜欢 追求 整个 大多 日系 尖细,-1
靠边 主场 公交 飞机 地铁,0
天乐 安慰 谷津 心里 听不出 非常 好坏 反正 有点 不要 不错 便宜,1
宾利 不敢 没有 耳机,0
走远 视频,0
编辑 发重 网络 问题,0
升频 推送 鼠莓 推荐 个人,1
没动圈 上限 同质化 严重 平板,0
洗发水 耳放 铁三角 看看,0
声音 应该 其实 感觉 非常 低频 单元 印象 一句 文化 大耳 他家 夸张 超越 深刻 实体店 索尼 两端 延伸 冷静 理性 圈铁 立刻 小米 油腻 店伙计 抄过来 热爱 电音控,1
未知,0
格雷 欧洲,1
声音 耳机 毕竟 感不 可能 起来 好不好 高频 质量 低频 自然 中频 开放式 封闭式 相当于 还原 密度 限制 全频 现场 取决于 感人 音染少 和量 捉襟见肘 单元尺寸,-1
电源线 建议 没有 高频 试试 背景 噪音 拿来 显示器 我试 电饭锅 电磁炉,-1
不知 解码 一点,1
磁悬浮 链接 好文 谢谢 方便,1
文看 据说 花钱 开关电源 并联 架构 兴趣 实在,0
高级 调音,1
耳机 喜欢 好像 歌德 强项,1
软件 没有 不能 硬件 无论是 数播 网播 宿舍 太贵 倾向 网络 单位,-1
玩玩 楼主 麻烦 链接 后能 套件 完成 出个,-1
未知,0
投影仪 电视机 上网 飞傲 华为 打游戏 奇葩 旗舰店 电影 系列 用来 我用 设备,0
声音 最好 不耐 功放 温暖 太冷,-1
宙斯 听说 耳罩 很多,1
推好 评价 前端 才能 神论 公道,1
高明 比森海次 美化 真实 旗舰 不好 偏向 风格 调音 监听 明显 人声 类似 其实 一定 耳机 声音,-1
考虑,0
最先 靠近 香港 氛围 起来,0
自动 没想到 从来 设置 播放器 搞定 音频 确实 选择 问题,0
推好 低频,1
出来 线材 定义 反正 太低 神器 成本 价格 美国 国内 纯银 单晶 水太深 相信 大厂 正品 万隆 好玩 老老实实 店里 宋泉 骗子 那线 证据 神棍 我怕 造假 好赚,-1
未知,0
声音 人能 比较 问题 时间 没有 发烧 其实 最好 退烧 实力 找到 认为 动力 聪明 精力 经济 早点 说出 晚点 执着 迟早会 没劲 早晚 固执己见,-1
之前 反正 现在 随便 必要 还好 马兰士 一点 随身听 成色 两年 完事 搞定 零件 耳机线 插耳放 根长 时不时 米线 床头柜,-1
很多 推力 平衡 上去,1
耳机 不是 估计 方便 厂家 感觉 人声 正常 低频 调音 地方 对比 肯定 一点点 偏差 故意 右边 左边 比较突出,-1
觉得 版本 明显 差异 继续 播放器 随身 换卡,-1
有红芯 眼帘 小于 进入 当前 评测 享声 押金 大家 听到 试听 没法 期待,0
回不去 听惯 黑胶 加上 音源 胆机 一条 数字,0
太少 太高 要求,0
失真 有点 意思 变化 曲线,-1
颤抖 钱包,0
运气 楼主 不错,1
比较 请问 差距,-1
太爽 晚上 白天 铝带 机会 音箱 不要 耳机,0
选家 介绍 理由 别家 楼主 对比 胆机 不能,0
不错 一下 解码 推力 低频 耳放 质感 档次 真是 万元 超过 很少 分离 旗舰 一两个 加点 旷世 同档次 推出 层次感 加强 必买,-1
方便 谢谢 好文 链接 磁悬浮,1
声音 不错 出来 一下 入门 详细 顶一下 来说 关键 真的 价格 真是 相对 推荐 机子 竟然 烧油 福音 评论 再次 颠覆 白菜 低廉,-1
害怕 高素质 印象 人声 非常 不错,1
如此说来 尝试 值得,1
个通 双修 耳放 搭配,1
最好 看来,1
不是 做个 相似 复刻 造型 仿品,-1
官配 纯耳放,0
十种 人会用 十个 用处 变得 不同 答案 好听 直接 不用 声音,1
视频 老哥,0
好看 来说 以前 其实 有个 不难 不堪 大牌 非烧 驴唇不对马嘴,-1
选石 选胆 润泽 极限 优秀 口味 管子 中频 喜欢 胆机 高频 解析 当然 个人 需要 支持,1
单一 无敌 真心 接口 玩家 路过 一代 二代 东西 声音,1
别买 国产,0
耳道 清理,0
不太易 望见 犹豫 理想 无聊 赶紧 达到,0
适合 听音 系统 耳机,0
记笔记 新人,0
不错 毕竟 达到 很多 水平 控制 重要 体积 套装,1
区别 差距 大耳 结像 塞子 接近 立体感 最大 现场 小于 点和面 大耳结 永远都是,-1
官方 电源线 一定 有点 敏感 明显 模式 电脑 那头 调整 开关电源 石机 好好 玩意儿 弄弄,1
觉得 估计 不行 丝带 多到 说线 无用,-1
直接 手机,0
试一下 九块 不先 一点 成功,1
漂亮,1
很多 解码 感会 试试,1
卖钱 缺陷 不算 这种 已经 产品,0
良莠不齐 修理 修过 换机 梅花 乐趣 动手 朋友 入个 佩服 顺便 放弃 换线 折腾 焊接 工艺 果断 后来 夸张 楼主 音质 道理 只能 两个 一种 某宝 能力 现在 影响 升级 二手 一下 一定 毕竟 耳机,-1
知道 感是 其实 感觉 下潜 代表 频段 两回事 量感 和量,1
服务器 问题 可能,0
典范 耳放高 欧真 奇迹 大力 耳机,0
七代 别买个 八代 紫光 看清楚 世界 记得 最近,0
精音,0
系统 耳机,1
进入 旋钮 按住 翻翻 记得 大小 设置 界面 插头 升级 论坛,0
一窍不通 耳麦 大家 以下 千元 推荐 就行了,0
地方 青海,1
不扶墙,0
功放 比较,1
真的 无奈 头大,-1
晒单 双后 很强 欲望 大家,1
知道 好听 感觉 非常 流行 严重 价格 当时 后悔 通透 入手 展会 齿音 差点 种草 万出头 昨天 无不 春节 清仓,-1
台机 容易,0
觉得 好看,1
区别 搭配 不是 系统 试听 调音 均衡 纯银 无氧 单晶 铜线 越贵 一对 非常明显 弄不好,-1
量感 更暗 办法 手头 原来 楼主 对比 是不是 低频 高频 二代 目前 没有 建议 测试,0
写得 参考 意义 一定 不错,1
不是 一条 完全 购买 凭证 假线 真线,-1
感觉 最好 音响 相信,1
声音 不错 东西 好听 质感 功率 做工 扎实 不小,1
帖子 系统 出现 升级 之前 当时 试试 一步 就要 评测 一篇 没想到 设计师 退休 看紫坛,-1
我能 想到 这俩 参展 纯耳放 石机 不怎么 渠道 何庆华 价位 后面 试听 没有,0
区别 一定 买个 效果 舒服 电脑 差不多 有质,-1
脑放 理解,0
支持 试听 凡是 真金不怕火炼,1
再来 美标 不同 国标 相位 电源,0
玩玩 支持 呵呵,-1
不强 磁力 双面 帮助 磁铁 很强 塑料 相信 出彩 低频 降低 高频 非常 其实 估计 不是 耳机 不错 失真,-1
高斯,0
是否 交换机 干扰 连接 带来 避免 网线,-1
平衡 问题 里面 区别,0
慵懒 有种 音染 密度 背景 银彩 发现 宽松 分析 手上 尤其 对比 自带 高频 人声 感觉 起来 建议 线材,-1
觉得 上面 不少 折腾 就够,-1
人声,0
贼胆 手残 心想 瞬间 忽然,0
版本 两个 不少 阿米 有线 罗是 差于,-1
方向 往甜软 磁性 最新版 去年 听森海 棉被 调音 感觉 没有 几个 很多,0
很多 现在 听听 时代 录音 昭和,-1
成为 妥协 才能 特色 经典 保留,0
说服 主观 在意 楼主 评价 喜欢 必要 听音 不了 东西 别人,-1
不错 以后 折腾 卫生 妹纸 一弄,-1
系里 漏玩 认为 歌德 楼主 可惜 最好 低端 耳机,1
声音 耳机 问题 经常 不会 戴上 耳罩 明显 平板 听到 说明 以后 普通 会有 偏音 稳定性 振膜 试一下 摔过 娇贵 用手掌 覆盖住 轻轻 拍打 扑哧 两下 恢复正常,-1
裂开 室内 东北 担心 木碗 耳机,0
各大 马上 之外 新旗舰 技术 楼主 厂家,0
要不得 好脑放 类线 网速 带不动 很粗 下降 有时 网线 一根 家用 路由器 电流 这种 发烧 不是 一定,1
紫色 关机 才能 电脑 拔掉 小时 需要 电源线,0
关注,0
数据 知道 看看 其实 仪器 传输 不同 一段 差别 检测,-1
不好,-1
直接,0
货金贵 雅马哈 偏偏 伺候 声卡 稳定 表现 高端,0
这货 有人 以上 考虑 目前 二手 不会 应该,0
接接 更金宝 完善 玩线 更高 乌托邦 基于 角度 变成 带来 大家 没什么 玩家 来看 只不过 声底 习惯 一点 确实 素质 本来 明显 类似 意义 关系 提升 区别 耳机 声音,0
安心,1
不是 显示 符合 设备 这种 国标 意义 报告 类似 质量 良好 指标 玩意儿 检测 单位 国家 合格 到时候 出个 拿个 信息技术 监督 中心 这能 电气 安全性,1
海贝 配合 同轴 输出 音乐 手机,0
频率 升级版 风格 这种 我用,0
刺激,0
楼主 恭喜,1
样子 男声 女声 价位 人声,0
原创 胆机 不错,1
高质量 扎实 空灵 录音 没什么 声底 感觉 起来 需要,0
老帖 紫檀 刻录 翻翻 网播 十年 隔壁 数播 楼主 讨论 尤其 没有 很多 论坛,0
凌晨 低电压 负荷 深夜 用电 每天 波形 最好 时间 失真,-1
方便 有钱 折腾 静电 愿意,-1
请坛 赐教 大佬,0
需要 好不好 满足 暂且不说,-1
不是 留名 大作 顶楼 强帖,-1
歌德 流行 看看,0
无假货 组装,-1
帮顶,1
超弦来 引力波,1
完全,0
耳机 一下 非常 楼主 不好 体验 运费 处理 带来 承担 您好 抱歉 工作失误 寄回 来回,-1
加密 过分 品质 网易 下来 最高 越来越 下载 居然,1
收藏家 膜拜,0
喜欢,1
方便 老实 遥控,-1
采样,0
关注点 好听,1
耳机 应该 玩玩 东西 解码 影响 音源 耳放 楼主 同意 差不多 录音 惊喜 最大,-1
连市 意思,0
凸显 压扁 急功近利 小圈子 蛋鸡 马马虎虎 钢丝 发糊 噪且 子有 极好 远古 结项 仍然 推是 规整 推欧 毕业 阻塞 拉长 也许 传播 特性 绝配 低估 差一点 坛子 更加 纵向 认为 当年 分享 正确 驱动 推低 单端 端的 退烧 金属 没什么 综合 关注 很少 力度 平衡 大于 远远 讨论 水准 组合 横向 不行 自然 听感 明显 非常 这种 感觉 现在 其实 机器 完全 铁三角 声场 没有 可能 帖子 不知 器材 耳机 声音,-1
重不重 佩戴,0
支持,1
换个 折腾 数播 好点 耳放 后面 感觉 解码 简单,-1
通篇 下来 结论,0
必上 所说 闲鱼 平衡 烧友,0
用夠 產品 音響,0
耳机 毕竟 一定 一下 二手 升级 影响 现在 能力 某宝 一种 两个 只能 道理 音质 楼主 夸张 后来 果断 工艺 焊接 折腾 换线 放弃 顺便 佩服 入个 朋友 动手 乐趣 梅花 换机 修过 修理 良莠不齐,-1
未知,1
相地 有同 定制 专门 没太大 接头 制作 仿着 次级 方式 功放 输出 平衡 意义 反相 绕线 关键 没有,-1
折腾 嘿嘿,-1
好看 有点 木头 黄色,-1
必须,0
货源 前端 考虑 已经 问题,0
真香 三代,0
苏宁 三千多 记得 当年 行货 价格,-1
推大 起点 买台 弯路 至少 直接 很多 耳机 不错 声音,1
设备 感觉 不敢 童丽 童丽像 铁锤 蚂蚁,1
好声 想出 不要 能响 树莓,1
没事 我类 后级 前级,0
男人家 闲鱼 一代 看看 有没有,0
娇贵 木碗,0
家里 本来 环境 噪音 供电 作用,-1
不错,1
连到 天线 初步 蓝牙 功放 音箱 好像 界面 研究 上面 目前 解码 没有,1
添置 后悔 楼主 打算 是不是 必要 用来 几个 耳机 好看 声音,-1
保真度 中间环节 小看 优化 认真 集成 推低 分体 芯片 耳放 特别 不要 很多 手机 一定,0
专业人士 面向 线材厂 注水 虚情假意 要怪 含混不清 大件 好歹 品牌 知名 原因 一律 机线 厂家 发烧 之前 几个 不是 器材 规格,-1
细节 店家 不能 插尾 效果 大佬 推荐 发现 淘宝 镀金 一对 记得 西门 电源插头 一对一 搞了个 标贴 顺手 捡便宜 大牌 正货靠,1
分体 一体机 以下 以上,0
中阻 高敏,0
推不动 瞎掰 值越 恰好 说话 耳放能 认为 大神 推动 发现 体现 电压 不同 同一个 以后 电阻 高级 耳放 基本 推力 店家 不用 耳机 参数,1
有线 很小 无线 完美 蓝牙 替代 万元 大耳 差距 基本 现在 不用 声音,-1
希望,0
流行 评价 国外 阿米 投一票 欧美 没人,1
好用 森海塞尔 方便 耳机,1
补偿 响度 需要 看来,0
未知,0
声音 第一 心里 入耳 日本 才能 咸菜 不信 日系 阅历 普及型 没关系,-1
机会 试试,0
烧机 实测 玩线 增大 真想 作用 何庆华 换个 单端 推荐 平衡 介于 听感 推力 不会 之间 耳机,0
可能 已经 音乐 其实 听力 细胞 音乐家 很差 录音师 作曲家 歌唱家,-1
应该,1
黑衣 衡量 太子 营销 必然 上限 合理 情况 水军 听得 价格 以上 推好 好听 二手 系统 搭配 不到 觉得,1
应该 问题 系统 是不是 比差 玩意 等级 滤波 最高,-1
搭配 退烧,-1
直接 起来 目前 以前 感觉 还好 一点 扁平化,1
提升 低频 平衡 力度 好多 真要 冲击力,1
鞭尸,0
得到 以下 二手,0
揭示 避震 箱子 是不是 值得 系统 器材 级别 耳机,1
菜鸡互,-1
同轴 金嗓子 试试 楼主,0
先说 预算,0
拜亚 好奇 大耳 新旗舰 离题,1
哪根 咋样 放心,0
不准 工程师 发售 胜任 马上 之外 阵子 出头 公开 明天 到手 押金 试试看 实际 价格 小不点 古典 听感 试听 应该 耳机,0
声音 存在 觉得 比较 估计 方案 一点点 略微 文件 第一个 装在 读取,1
感觉 高端,0
声音 左右 知道 出来 有点 感觉 反接 相位 难听 交响 结像 喇叭线 一边 方向 正负 接反 一试 会糊,-1
标题 感觉 承认 进来 一遍 提到 篇幅 少于,-1
下运放 眼看 真假,-1
范围 器材 完全 目前 最后 研究 性价比 价格 印象 白金 单晶 材质 网上 古河 经验 调整 太贵 评测 几天 世界 万隆 单线 看上 备选 一翻,-1
帖子 系统 出现 升级 之前 当时 试试 一步 就要 评测 一篇 没想到 设计师 退休 看紫坛,-1
呵呵 理论 界面 光纤 同意 凤凰 观点 高度 实际效果,-1
足够,0
耳机 要求 实在 电脑 不高 不难,-1
确实 听过 比差 不少 太行,-1
超级 古典 音源,1
好奇,1
质量 担心 劝退 卧槽 省心 这品,-1
不错 学习 沧耳放,1
以后 知道,-1
估计 二手 太低 性价比 价格 不值 接近 难出,1
论坛 监听 素质 高级 玩意 烧油 厌烦 大谈,-1
不森海 柔美 细腻 无脑 中频,0
量少 原来 低频 最近 感觉 很多,0
不错 觉得 素质 模拟 机子,1
国产 进口 不够 质感 太大 差距 普通 设计 现代 彻底 打磨 突兀 复古 模版,-1
出好声 折腾 代价 不低 鸡肋,-1
宽松 担心 上来 更好 本身 解析 系统,1
些许 主力 偏科 稍微 好像 人声,1
套装 森海 西装 感觉,0
振膜,0
不错 解码 一代 调音 对比 偏弱 但耳放口,1
跳到 一台,0
不错 搭配 比较 几个 没有 更为 声场 细节 耳罩 明显 高频 适合 低频 喜欢 自然 耳放 开阔 推荐 不同 全面 差不多 变化 突出 潜力 马甲 不喜 后者,-1
试听 官方,0
平衡 耳放换,1
不错 看看 感觉 低音 素质 价位 电影 没戏 加强 上要 更赞,1
系统 出现 退烧 调整 每年 脑子里,-1
不错 古典,1
学习 沙发,0
大家 注意 时间,0
禁止 违禁 铝带 讨论 可惜,0
集成 公开 接口 控制 播放 容易 厉害 其实 软件 功能,1
随身,0
一下 需要 关键 推好 低音 非常 耳放 均衡 一点 播放器 舒尔 毛病,1
顶一下 听过 蓝牙 报道 奥帝兹粉,1
未知,0
漂亮 梦幻,1
假货 无疑,-1
本来 东西 不是 发烧友,0
推开 完全 搭配,0
楼主 不错 听得 帮顶 用心 写得,1
声音 不错 动态 声场 现在 人声 高频 两个 低频 横向 均衡 用过 背景 密度 镀银 前面 刮耳 据说 毛病 延展 略远 精灵 挑不出 范登美 佳奈美,1
耳机 器材 论坛 少数 合适 买不起 大部分 退烧 大家 找到 本质,-1
打款 寄给 邮件 给你个 到时候 地址 售后 一对 原装,0
很感兴趣 玩意 好文,1
看出 缩水 开放 做工 差别 木头 方面 没什么 封闭 明显,-1
买贵 出头 看来,0
找个 灵敏度 一体机 平面 有个 流行 适合 推力 以上 比较 应该,0
声音 觉得 区别 比较 软件 没有 使用 我用 明显 味道 对比 测量 模拟 回路,1
手上 垃圾 音质 好几 剧本 轻薄 工作站,-1
调音 帮顶 素质,1
音源 耳放 对比 态度 用户 旗舰 差不多 匹配 上市 过程 老一代 漫长,-1
珀璞 功放,0
更新 坐等,0
毕竟 不是 没有 听感 确实 只能 音色 新版 大家 技术 柔软 中间 铜环 磁铁 衡量 怀旧 一整块 先进 老式 线圈 别有风味 差价,-1
觉得 高端 二手 个人 反正 当然 非常 效果 差不多 端的 超值 最低 只用 配件 北极星 两三千 八九百,-1
过渡 过渡时期 末期 版本 不是,0
出差 楼主 东西,-1
东西 一段 完美 能录,1
上面 厉害 貌似 几家,1
同样 出现 问题,0
拍照 一言难尽 真是 水平,-1
很多很多 保险丝 今天 事先 录音 视频 大家 俩个 答案 沉默 几个 器材 觉得,1
声音 几乎 没有 声场 好听 低音 人声 高频 确实 横向 整体 耳塞 森海 系列 还行 平头 冷声 甜甜的 亮锐 纵向 性格 成熟度 立体 情怀,1
声音 左右 基本 没什么 差别 就够 分钟 预热 开听 半小时,-1
转盘 不行 舒服 试试 万元 有人 几万 麻烦 数播 硬盘 相信 同价位 能干 入个 买碟 音乐文件 吃个 螃蟹 只能靠 干过 冒险 朋友家 换碟 电脑操作,-1
中高阻 完成度 试试 便宜 声音,0
均衡点 互补 三修,0
所有 旗舰机 收购价格 不降,1
开发板 直接,0
有变 判断 或多或少 有时 改善 半天 等于 原来 注意 好听 需要 时间,1
合并 大功率 动力 主流 看用 后级 功放 分析 功率 合适 耳放 音源 细节 需要 不太 出来 电源线,1
指示灯 这时候 播放歌曲 延时 时会 歌曲 图片 一体机 切换 播放 两个 最后 不了 音乐 回复 无损 一定,1
敏感 高频 机不 高级 周边 延伸 清新,1
耳机 手机 有点 最好 便携 大耳 至少 前端 找个 潜力 蓝牙,1
先不说 合并 三代 一代 二代 应该 毕竟 区别,0
手机 起码 我用 好不好 讨论 满意 体积 金丝雀 床头 先别 造型,-1
推动 容易 森海 耳放 拜亚 比较 耳朵 耳机 声音,0
适合 平衡 单端 搞个 线用,1
评测 实在,0
几条 私信 兴趣 试听,0
台式机,0
意义 国标,0
一下 听感 对比 快到 单晶 铜线 差别 古河 好好 订购,-1
理解 支持 欢迎 谢谢 烧友 大耳 台式 合作 系列产品 牛牛 大顺 春节快乐,1
声音 区别 不是 没有 其实 楼上 保修 点点 木盒 老版 减配 纸盒,1
不错 支持 介绍,1
大半 信徒 上榜 太多 以下 森海 所有 几乎 可能 耳机 觉得,0
真不错,1
不必 单端 平衡 大部分 古典 胆机 纠结,0
比小 家大 不划算 不见得 推荐 歌德 听感 耳罩,1
搞定 盐水 上升 填土 地底 埋入 铜块 焊上 线头 深坑 挖米 地面 导线 几十米 楼上 放到,0
驱动 输出 最少 输出阻抗 变压器 需要 耳机,0
起来 差距 挺大 银乌 要贵,-1
声音 耳机 一下 表示 比较 没有 大概 感觉 必要 更好 对比 森海 歌德 后来 很多年 发现 方向 架子 下来 擅长 以往 小小的 年纪 渐长,-1
喜不喜欢 机子 试试 天龙 调音 觉得,-1
扩流 多组 并联 个局 转换 缓冲 贴片 一组 原配 是不是 这种 觉得,0
以为,0
不错 出来 几个 出现 慢慢 参考 一体机 画眉 新机 热度 刚出 香榭丽舍 火一过,1
之前 手上 好久 年底,1
学习 一下,0
同价位 非常,1
玛莎 平头 入耳 好像 喜欢 不错,-1
支持 谢谢 大家 终极版 零售价,1
大耳直 不好,-1
声音 左右 知道 出来 有点 感觉 反接 相位 难听 交响 结像 喇叭线 一边 方向 正负 接反 一试 会糊,-1
奶油味 带感 圆片 没有,0
何庆华,0
无敌 性价比,0
不会 有钱 没用,-1
电影院 大片 欧美 有种 电影 尤其 效果 味道 这种 表示 不到,0
方便 不要 发烧 真的 这种 身体 展会 去一趟 外省 费劲 太难,-1
有耳放 差别 蓝宝石 前级,-1
重放 关键 设备,0
有点 驱动力 介绍 打退堂鼓,-1
显微镜 烙铁 温控 必先利其器 工欲善其事 焊台 公司 动手 用过 道理 厉害 明白 能力 最近,1
不是 以后 商家 折腾 说实话 烧油 无语 交易 维修 进灰 执意 经不起 还敢,-1
两个 难听,-1
思考 人才 外行 专业 讨论 必要 问题 论坛,0
觉得 耳机 不是 真的 所有 不好 原来 至少 主要 搞定 传说 总司令 曼丽,-1
觉得 直接 耳放 好像 垃圾 老哥 差不多 满意 到手 运费 收到 定制 退货 没要 总司令 二手货 经销商 我瞎发,-1
隔音 肯定,0
放不下 台式机 店面 城里 联动 略微 不少 电脑 印象 有点 可能 耳机,0
卖得贵 开脑放 一分货 一分钱,0
山寨 一对 插头 不到,0
一定 很多 东西 看起来 国外 垃圾 国货 照样 代工 贴牌 很火 男人,-1
有钱 满意 退烧 烧烧 假装,-1
多些 热情 类型 歌德 氛围 适合,0
机能 价位 以内 没有 估计 做到,0
配国 推得 好听,1
一下 比较 支持 刺激 这是 话题 计算机专业 悄悄,1
至少 芯片 肯定 听过 值得 不错,1
声音 耳机 不到 系统 升级 调音 拥有 需求 森海 一段时间 满足 一个月 两年 听度 无奈 把玩 差强人意 某鱼 各有特色 未能 一哥 领略 独到之处 廉颇老矣,-1
好文 玩意 很感兴趣,1
可口可乐 百事可乐 比较,0
记得 万元 小不点 二手 左右,0
速度 有点 感受 其实 味道 拜亚 素质 摇滚 音色 合适 需求 大部分 歌德 金属 跟不上 频响 不算 搞不定 这支 重型 传统意义 分布,1
真棒 颜色,0
不会 声音,0
一战 铝带 静电 平面 个人感觉 旗舰 性价比 耳机,1
洗澡 中耳炎 听不见 闷得 卧槽 左耳 长期 貌似 不行 现在 没有 几乎 出来 耳朵,0
赛乐士,1
声音 不用 产品 比较 反正 现在 非常 明显 比起 音质 好点 稍微 提高 插座 几款 滤波 滤波器 大打折扣 家用,-1
原价 喜欢,-1
还算行 崔克 多纽,0
英文 极致,0
苏默 考虑,0
试听 国产 最好 推荐 强行 宙斯 声力,1
归零 风险 试试 平板 便宜,0
板载 学会 华硕 省钱 主板 指标 声卡 旗舰 不好 还好 其实 发烧 音乐 很多 好看 数据 参数,-1
前级 貌似 还行 强项 没用过,-1
坦克 小夜曲 节奏 试试看,0
知道 觉得 比较 设备 请问 不够 了解 楼主 录音 专业 采样 歌曲 判断 廉价 混音 师调,-1
短短的 乍听 适应 一小 段时间 需要 声场 耳机,0
知道 很多 看到 咸鱼 咋样,1
丰达 朋友 中端 系列 推荐 天龙 木碗 现在 看看 耳机 高端,0
高速度 交响乐 比好 各有 长处 推荐 素质 两个 解析 感觉 声场 比较,1
顶一下,1
疯狂 影子 连个 整整 寄过去 大昌 五个 现在 没有 已经,0
非常 人声 拜亚 性价比 全新 咸鱼 一支 超值 流连忘返 库存,1
内销 发文 声美 平淡无奇 不算 处理 后来 国外 喜欢 之前 便宜,1
知道 觉得 有没有 应该 搭配 二手 个人 好听 其实 家里 解析 乐感 素质 合适 相对 万元 一手 德国 精工 人出 赛乐士 两万左右,-1
数字 好像 输入 够用,1
天鹰座 钰龙,0
器材 还好 咸鱼 从来不 换下来 磨改,1
歪个 原生 设置 输出 发现 稳定 不行 只能 请教,0
行不行 新派 不知,0
试过 小尾巴 搞不定 蜻蜓 好多个,1
希望 网页 手机 总是 无法 退到 一层 做好,-1
抗性 受荷 压弯 材料力学 几种 公司 瑞士 能够 实现 技术 宣传 性能 商家 满足 条件 结构 基本 是否 看看 线材,0
短板 解码 可能,1
特补 大补 不尽然 完胜 味精 外置 老虎 华硕 各项 电路设计 指标 例子 举个 关键 解码 好声 不是 线材 一定,1
区别 耳朵 听不出 必要 办法 太木,-1
耳机 电源线 适合 必要 不行 折腾 棉被 回去 音染少 小霸王 发闷,-1
觉得 可能 好听 感觉 最近 耳塞 苹果 索尼 加持 当中 真不错 无线 两款 有线 馒头 无线耳机 森海木 档位,1
持续 关注,0
超大 看着 体积 机器,0
好文 有料,1
电源线 二手 真的 最后 垃圾 退货 低价 想要 商听 商量,-1
任意 耳机,0
飞天,1
生存空间 那根 焊锡 双子座 前端 不少 原来 手上 档次 很大 影响 线材 声音,0
声音 耳机 不是 可能 很多 好听 类似 人声 不够 听感 基本 编制 差异 楼主 用户 功率 前端 变化 功放 甲类 听大 评测 铝带 无力 很明感 变差 趋向 另一台 场效应管,-1
不会 没有 好听 意义 折腾,-1
看到,1
先花点 乔普 小钱 大道 蓝色 机线 满意 试试 牌子,0
范围 定位 希望 无法 可能 问题 几乎 系统 支持 解决 电源 设备 简单 之前 接受 完全 需要 使用 影响 关键 当然 这种 变压器 模式 不可 降低 拥有 所有 测量 放大器 并未 减少 同样 相比 容易 放大 噪声 高度 巨大 意思 电阻 功率 芯片 情况 保持 内部 还会 不同 一部分 稳定 输入 设计 电压 多数 变化 出色 必须 输出 噪音 导致 电流 输出电阻 实际上 电路 这是 设置 很难 处理 分开 线性 外部 更加 调整 原因 是因为 最小 晶体管 之后 工作 开关电源 最终 集成 滤波 滤波器 完成 目标 并非 基于 方法 进行 大量 散热 具有 能够 结合 仔细 电缆 频率 负载 调节 想要 优化 提供 混合 控制器 响应 阻止 瞬态 来自 下降 衰减 引入 解决方案 尽可能 做出 回到 电感 仍然 区域 快速 路径 走线 远离 这会 低电压 最快 相同 之上 意味着 可调 开关 称为 进一步 带有 维持 带宽 周围 二极管 稳压器 降压 转换器 组件 广大 音频设备 直流电源 内当 耗散 散热器 不致 过热 低噪声 任务 布局 开关电路 地层 这为 开关电流 电容器 浪涌 通路 纹波 电感器 非线性 入口 经由 最低水平 其后 抑制 兆赫兹 相移 快关 误差 振荡 保持稳定 低压 这使 附加 差分 远距离 感应 两级,-1
达到 现在 感觉 耳罩 最后 研究 效果 一步 真正 接近 一年 找到 原厂 正路,-1
二手 接盘 讲武,-1
不错 问题 东西 很大 现在 感觉 曲目 好奇 听到 后来 展会 体现 当年 属于 一次 涉及 朋友 最早 退出 倒爷,-1
不错 耳朵 需要 反正 感觉 那种 耐听 适合 确实 耳放 类型 不好 挺不错 好些 驱动 老歌 谷津 新世纪 中庸 轻音乐 歌算 的士高 老耳放,-1
歌德 楼主,0
看来 知道 支持 好文 官放才 归宿 官放 音色,1
台式 咋样 播放器 搞定 无所谓 感兴趣 买不起 平板 随便 这种 反正 耳机,0
白色 蓝色 音色 喜欢,1
为所欲为 放料 体积,0
速度 力量感 差强 柔顺,-1
不糊 写得 推好 不错,1
反而 值钱,-1
忍住 努力 攒钱 诱惑,1
国产 屏蔽 楼主 点赞,1
价才 打扰 一半,-1
长沙,0
耳机 一下 时间 很多 支持 需要 成本 花费 炒作 报团 策划 体力 体谅,1
根本 知道 应该 总是 不好 状态 过来 理想 抉择 出点 该出 哪一只,-1
到时候 手里 厉害 对比,1
觉得 估计 低端 胆机 底噪 听过 差距 控制 方面 一次 高素质 石机 不小 小套 成本低,-1
挖坑 弄点 量产 致敬 服务 或多或少 年代 限量 好好 独立 限量版 剩下 讲究 材质 材料 体验 设计 用户 垃圾 上来 外观 保留 特别 真的 直接 元素 几个 产品,-1
比耐 频后 推送 听听,1
很难说 价位 风格 喜欢 关键 一定 耳机,1
爆森海 潜力 楼主,0
有个 情况 规律 性能 体积 材料 电容 技术 是因为 损耗 漏电 越高 代价 通常 越差 容量 比容 电解电容 高容量,-1
李工 耳放能,0
楼主 噪声 干扰 共模,-1
耳机 比较 几个 简单 直接 前级 一点 匹配 输出 功放 淘宝 高手 静电 知名 无源,1
糊涂 问越 完事 不要,0
知道 高端 区别 毕竟 不到 一下 比较 低端 现在 感觉 韵味 确实 可惜 价格 有人 差不多 一倍 值钱 行不行,-1
觉得 估计 没有 声场 有点 现在 不够 高频 确实 喜欢 差距 总体 相比 不同 齿音 手头 棉被 鲜活 专门 铝带 不小 用到 修饰 黯淡 各有特色 预想,-1
数据 层次 不是 比较 不会 知识 正常 不得不 相对 评价 国外 国内 老外 世界 暴发户,-1
三千多,0
欧选 比要 温和 人声 建议,1
发走 发给你 一位 顺丰 编号 店家 直接 应该,1
线材 折腾 两千,-1
这要 每个 习惯 高频 听音 有点 觉得,0
不知 人声 流行 手持 网易 值不值得 小乌想,1
坚信 过来 依然 支持 表示 耳朵,1
声音 声场 个人 推好 味道 一点 机听 倾向 老歌 说不上 蓝天白云 喝杯 开水 牵强,1
便携 更大 折腾 玩大耳 何必 机上 收货,-1
不会 难看 单元 外观 容易 歌德 设计 导致 避免 接触不良 连接处 以往 双股 扭线,-1
侵权 若有 删帖 联系 文章 立马 详细,0
毛病 主要 音源 耳机,0
金波 颜值,1
声音 估计 学习 原来 变化 阻抗 音染 耳机线 越高 越重,-1
比较,1
级别 推好 性价比 评价 差不多,-1
网线 价格 当然 影响 接受 知道,0
推帮顶 便携,1
插针,0
风格 声音,0
中国 更好 听听 古典 好像 尤其 制作 现代 爵士 欧美 流行音乐 流行乐 听觉 艺术 形式 集大成者 爵士乐 那一挂 门类 创作 桥头堡 东亚 英美 积淀 深厚 题目 乍一看 打擂,1
折腾 精神可嘉,-1
大军 加入 欢迎,0
干燥 说法 重要 同意,0
政策 换购 保修,0
核电厂 风火 自由选择 输电线 电厂 变电站 线改 入户 墙线 小区 真想 耳朵,0
古河,0
对不上 感觉,0
新版 所有 插件,1
参数 数据 好看 很多 音乐 发烧 其实 还好 不好 旗舰 声卡 指标 主板 省钱 华硕 学会 板载,-1
一下 支持 帖子 前排,1
很大 最近 确实 差距 几天,-1
有个 差距 素质 请教 来说 问题 出来 级别 声音,-1
区别 可能 这种 转盘 垃圾 没什么,-1
回复 谢谢 帮顶 大家,1
耳机 没有 最好 耳放 减少 拔掉 放开 线路 无所谓 关机 损坏 避免 通电 保护 冲击,1
双边 单边 出个 停产 高阻 销量 旗舰 价位 不能 接受 不会 应该 毕竟 不错,1
便宜 问题 没有 高级 唯一 上去 张扬 导致,-1
官方 耳机 一下 不是 当然 注意 类似 十分 模式 听感 调音 确实 风格 结构 外观 小不点 均衡 推荐 舒适 实际 物理 设计 这款 翻译 仅仅 改变 相似 做工 柔软 一对 主题 介绍 造型 采用 重点 木盒 包装 外包装 玩法 英语 趋向 实木 名字 以此 概括 硬纸 如尼文为 词源 天赋 壳体 缅甸 斑马 过敏 蛋白 耳垫 进圆型 薄厚 调换 后文,1
滑稽 看不起 手动,0
偏见 评论 看到 感觉 铁三角 很多 耳机,0
刺激 差不多 发现,-1
退烧 配置 楼主 一套 支持 有钱,-1
干脆利落 偏柔 慢有 软和 曲子 主观 前端 觉得,0
一体机 声卡 能比 千多 壹仟 多买个,-1
不是 一条 完全 购买 凭证 假线 真线,-1
未知,0
到底 投入 头像 石机 吹牛 强行 七八 深夜 天下 花季 已然 五万元 数十年 烧龄 锋芒 哪般然 不如意 恒十居 故有 当断不断 不取 劝君 回头是岸,1
国产 调音 喜欢 设计 堆料 老外,1
期待 觉得 希望 目前 二代 明显 喜欢 风格 对比 差距 有个 或许 原来 不同 前端 开放 带来 目标 放下 进入 仔细听,-1
觉得 耳机 好听 老烧会,1
支持 帮顶 流媒体 服务,1
顶一下,1
两条 主流,1
直接 干扰 显示器 主机,-1
明白 区别,0
水晶 量子 前面 玩意 后面 出来 觉得 不错,1
芯片 没有 真的 好听,1
毛子 多重 耳机,0
声音 一条 原道 单元 同款 不赖 扔掉 震膜 粘不稳,-1
听歌 选择 对不起 对线 用来 参数,1
朋友 失败 机器,0
那根 烧油 每人 原配 听过 几乎,0
简明,0
声音 应该 不到 机器 差别 据说 很小,-1
玩具,0
分体 个人感觉 适合 两个 二手,0
打退堂鼓 介绍 驱动力 有点,-1
东西 好像 有人 很少 注定 搞小众 孤独,1
组合 同样 帮顶 坐等 更新 台机 配搭,1
完整 优势 一套 对比 明显 系统 搭配,0
全出 出个 好价,1
开高 能开,0
一条 本来 接口 手里 行货 收到 好多年 蓝牙 随身 锦艺 前些天 当个 耳挂,1
耳机 二手 感受 听音 两个 喜欢 试试 差别 买回来 挺大 再出 留个,-1
没法 一定 补充 关键 真的 当然 非常 低频 质感 音色 森海 带劲 咚咚,-1
变形 拉伸 薄膜 那层 勒出 塑料薄膜 形状 原来 耳罩 一下,0
连接 更好 直接,1
格式 两种 比好 可惜 只能 最近 感觉 很多,1
不错 觉得 耳机 应该 不到 不是 手机 问题 没有 东西 二手 五万 解码 绝对 现在 值得 水平 喜欢 耳放 算是 价格 音质 一点 超过 至少 真正 不换 苹果 今天 不下 坛子 难道 愿意 八折 出掉 吹牛 花钱 洋垃圾 钢琴 进行曲 勉强 省钱 好歹 大坑 爱好 爱丽丝 没人 昨天 卖不出去 无非 出个 三万 屏幕 出不去 两三年 没准 穷富 我富 在座 差买 最底层 衣服 来块 三折 扛不住 土耳其,-1
不会 设备 接地 好事 地线 噪音 导致 共同 没地线 相连,-1
解码 选择 素质 更好 不好 同价位 这台 数码味 诗德高 登钰龙,-1
加分 样子 东西 比较,0
失真 参数 不是 反正 实际 玩意 兴趣 造假,-1
声音 安定 时钟 电源 音乐 完全 解码 投入 不差 只能 柔和 播放 电影 价值 模拟 数播 在于 游戏 搞好 净化 时当 时而 回报 三样,-1
整套 关键 系统,0
心中 预期 音质 不错,1
富人 老王 崇拜 介绍 背景 到底 一下,0
应该 耳放 便携 价位 推荐 差不多 不少,-1
方面 不错,1
声音 告诉 大神,-1
描述 差点 烧油 单薄 错失良机,-1
巴托克,1
讨论 森海 有人 很少 型号,1
外围 换回 曾经 换上 电路 后来 低频 明显 提升,0
度能 细腻 大力 属于 这套 保证 输出 实在 设备 出来 声音,0
分钟 压头 路过 不了,0
声音 耳机 所谓 建议 以上 拜亚 低频 喜欢 质感 摇滚 中频 追求 无论是 主要 金属 极端 弹性 直白 有过 狂人 残死 两万 已出 空虚 通杀,-1
根本 知道 应该 总是 不好 状态 过来 理想 抉择 出点 该出 哪一只,-1
一步到位 足够 大乌 直接 预算,0
价位 不是,0
不是 合适 重要,1
价格 近一半,-1
头皮发麻 一清二楚 两者之间 比不上 人生 或者说 持续 想要 可比性 期间 几天 煲机 关机 分离 高音 肯定 清晰 解析 乐器 起来 大概 没有 很多 搭配 声音,1
延长 稳压器 老师 电子管 问过 寿命 最好 加个,1
不错 需要 平衡,1
解码 水平 意思 差不多,-1
不错 照片 机子 评测 很漂亮 拍得 糟糕,1
声音 不错 耳机 声场 感觉 意义 听感 素质 喜欢 差异 楼主 一点 极致 参考 漏音 差些 真实 晓得 我入 走向 夹头 纵深感,-1
声音 佩戴 试听 最好 调音 三代 高能 预警,1
初次 大妈 聆听 记得 蔡琴 温暖 继续 保留,0
推高阻 耳塞 便携 耳放 适合 设备 可能,0
后续 一下,1
解码 选择 素质 更好 不好 同价位 这台 数码味 诗德高 登钰龙,-1
耳机 不要 推力 必要 低阻 音量 歌德 不好 以为 足够 笔记本 一众 没想到 单从 阻难 推买 够响 欧欧,-1
声卡 技术含量 显卡 差不太多,-1
比系 薄刺 跟不上 折腾 好些 出好声 不少 表现 系列 容易 不行 喜欢 音源 特别 非常 细节 有点 耳机,-1
芯线 单四 好文想 世界 银彩 好像 一条,1
耳朵 证明 证据 不作数,-1
点赞 恭喜 楼主,1
旧版 厂商 代工 新版 听说 区别,0
之大 太阳穴 最老 一块 倒腾 头疼 分钟 平时 测量 压力 以内 耳罩 几乎 出来,-1
歌德 当然,0
孔接 斑波 作用 有点,0
个人 最后 值得 保留 普通 折腾 认为 一圈 留下,-1
带货 没料 一路 视频 真的,0
耳放口 帮顶 水平,1
飞想 模拟 试试 解码,0
確很好 質素 價比 現價性 超高,1
别来行 科学家 量子 真实 听感 纠结 两个 请教 所谓 有没有,0
听风 二手,0
高频 偏好 少核 牙膏 劝退,-1
薄薄的 水平,0
不错 通透 女声,1
差太多 米入 标价 成交价 多谢 淘宝 实际 楼主 很多 一下,-1
大亮 几本书,0
楼主 顶顶 用心 真实 细写 比枪 文毒文,1
用过 不行 韵味 素质 解析 机器 几个,0
爆音 发现 界面 随便 我用 没有,0
不错 耳机 音乐 当然 最好 推力 最后 古典 意思 平衡 单端 当用,-1
声音 知道 觉得 耳机 好听 低频 描述 索尼 有无 轰炸 累死 类似之处,-1
晚上 学习,0
读破 不是,0
前前后后 退货 问题,-1
听感 实在,1
交个 朋友,0
未知,0
软件 没有 不能 硬件 无论是 数播 网播 宿舍 太贵 倾向 网络 单位,-1
漂亮,1
一流 顶级 差不多 旗舰 差距 真是 外观 水平 耳机 声音,-1
根本 之间 区别 耳朵 不到 定位 一下 不是 帖子 手机 已经 很多 呵呵 提升 之前 完全 有点 现在 感觉 不能 小时 音场 明显 味道 两个 随便 适合 素质 更好 音源 低频 喜欢 单元 档次 听过 严重 好像 尤其 中频 增加 整体 一点 厚度 平衡 力度 通透 不止 普通 差不多 搞个 吊打 白金 改变 隔壁 就算 耳机线 索尼 号称 最大 今天 到位 延伸 是因为 想换 一圈 玩好 鸡线 透明度 信仰 开声 距离 难控 几十 卡刚 两段 凝聚力 感结 贝尔金 打印 这般 散成 一皮 充其量 比鸡线 人民币 看法 多点 牺牲,-1
头痛 成品 镀金 头子 唯一 确实 最好 厂家 目前 大概,1
不错 觉得 不是 比较 不太 系统 设备 来说 个人 使用 高频 后面 选择 音源 合适 价位 平衡 推荐 表现 确定 划算 下盘 中下盘 多一些 接线 偏中 买好 万出头 水货,1
烧鸡 兼容 客服 系列 转盘 家里 反正 使用 电源,0
多块 插上去 不带 滤波 插座 美标 调整 相反 声韵 国标 相位 没有 很多 问题 不错,1
好看 不错 耳机 铁三角 现在 便携 头梁 漂亮 造型 保暖 大戴,-1
黑色 本人 塑料 感觉 好听 下去 设备 声音,1
老虎 莱曼 恰好,1
不作数 证据 证明 耳朵,-1
玩加 未必 一句 转盘 不要 搭配 玩玩,0
东西 二手 所有 折腾 前面,-1
入门 机器 音箱 齐活 功能齐全,1
正常 数据 输出 品质,1
事儿 几分钟 相位,1
侧重点 劣化 处理 驱动 楼上 差不多 音质 界面 不至于 方便 不是 数据 声音,-1
说到底 共鸣 情感 感动 引起 重要 其实 音乐,1
承担风险 金主 激烈 消费市场 竞争 一起,0
哈都 不错 看来,1
多样化 差异化 翻身 永不 喝风 弱势 同质 起跑点 企业 艺术 资金 竞争 勉强 必然 标准 解释 实力 不同 只能 这种 有点 东西 定位 出来 产品,-1
声音 失真 耳机 问题 不会 看看 解码 更好 耳放 音量 楼主 试试 容易 好点 输出 噪音 功放 电流 相乘 开大 小于 十点 声会,-1
相比 大哥,1
没有 二手 价格 差距 不值 多大 三倍,-1
未知,0
带口 调音台,0
三条 暂时 出现 没有 问题,0
头大 适合,0
围观,0
好点 希望,1
用线 单晶 牌子 个人 比较 线材,1
没有 一波 垃圾 一点 平衡 差别 理由 乌托邦 劲浪 涨价 厂子 进取心 加条,-1
不错 耳机 比较 解码 好听 特别 性价比 耳放 低阻 部分 大师 普通 一体机 灵敏度 旷世 推推 祖传 几套 歇菜,-1
顶一下,1
耳机 铁三角 明显 的确 耳放 算是 插上 阻高敏 差不多 推低 电流 专用,-1
问题,0
毕竟 不是 没有 听感 确实 只能 音色 新版 大家 技术 柔软 中间 铜环 磁铁 衡量 怀旧 一整块 先进 老式 线圈 别有风味 差价,-1
声音 版本 不会 解决 现在 二代 本身 三代 道理 追求 极致 多数 变化 就算 好过 推版 多花点,1
厉害 呵呵 看不懂 帖子,-1
点破 内行 绝好 遗憾 脑放,1
未知,1
操作 三观 森海毁 换汤不换药,-1
觉得 总是 东西 道理 闲鱼 这句,1
确实 不会 有钱 没用,-1
不错 麻烦 品牌 不难 君子 换唱 臂线 唱臂 开孔,-1
难道 屏蔽 材质 搞不懂 结构 关系 数字 应该,1
小心翼翼 静电 貌似 保养 容易 楼主 是不是 请问 版块 耳机,0
伺候 三个 基本上 比较 耳机 声音,0
闻鸡 仰望 无数,0
歌德 退烧,-1
留名 前排,0
搭配 退烧,-1
很多 建议 找些 音乐 起来 最好 适合 喜欢 舒服 肯定 情况 身体 晚上 好好 一天 早上 心情 星期 放松 休息 烦躁 不适 越烦 精神饱满 星期六 第二天,-1
知道 线材 没有 东西 完全 感觉 必要 试试 平衡 真心 换线 三针,1
楼上 同意,0
请问 变压器 轻微 牛叫,1
看下,0
解君愁 一发 换个 德国 大师 拜亚 耳机,0
知道 一定 出来 里面 看看 所有 普通 依然 差别 电容 滤波 拆开 公牛 一块 带有 模组 防雷击 雷击,-1
香榭丽舍,0
好奇 一点 麻烦 电路设计 轻松 原厂 优秀 原封不动 抄来,-1
站队 讨厌 米饭 不爽 水军 特别 支持,1
楼主 噪声 干扰 共模,-1
差点 妥协,-1
漂亮,1
舒适 相比 大部分 佩戴 耳机,1
瞬态 线条 满足 非常 动态,1
偷税漏税 价格低 水货 假货 可能 不是 耳机,-1
商量 商听 想要 低价 退货 垃圾 最后 真的 二手 电源线,-1
不是 问题 系统 预算 感觉 俩个 退烧 静电,-1
拉威尔 克鲁伊坦 弗朗索瓦 核子 我来 一凡 宙斯 好评 大佬,1
不错,1
搭配 一下 无法 问题 感谢 感觉 最近 二代 研究 小不点 打算 楼主 准备 推荐 发挥 单端 遇到 淘宝 多谢 威力 情迷 无奈 老师,-1
千遍 很棒 一律 音效 录音 两年 前端 口水 很少 友好 喜欢 效果 特别 这种 感觉 现在 发烧,1
声音 推好 样子 振膜 觉得 差不多,-1
高手 表面 没戏 损伤 真皮 永久 霉菌 咬破 皮衣 弄假,-1
不弱 似乎 参数,0
不是 问题 系统 预算 感觉 俩个 退烧 静电,-1
免息 加个期 很多 估计,0
转手 闲鱼 喜欢,-1
换回 鸡线 过段时间 发现 原来,0
耳机 应该 比较 好像 不好 不算 发布 市场行情,-1
喜欢 博爱,1
不错 觉得 耳机 耳朵 所谓 一下 不会 量化 下潜 高频 低频 差距 大哥 不少 就算 高于 延伸 差个 差于 二哥,-1
超低 闹哄哄 嘈杂 纯净 带来 用做 失败 理论 非常 喇叭 完全 没有 耳机 失真 声音,-1
网口 认出 介绍 文件 播放 楼主 只能 是否 支持 应该,1
再读 心想 这句 谦虚 凡尔赛 高档 名字 不算 交换机 发现 以为 后来 超级 看到 价格 其实 百万 不是,0
买套 退烧 功率 不是 耳机,-1
返听 舒尔 即可,0
好看 呵呵 升级 看着 宙斯,-1
学习,0
平台 虾米 签到 记录 连续 国内 保持 喜欢 音乐,1
无感 现有 欲望 顶级 交响 耳机,1
原线,0
长着 头上 楼主 知道,0
黑神 张扬 原线 感觉,0
耳机线 数播 信号线 音质 隔离 变压器 很大 影响 电源线,0
失真 到底 进行,-1
我选,1
部分 解码 不错,1
不是 推力 耳放 好像 肯定 平衡 单端,1
买一送一 森海系 个性 意味着 比如说 莱曼 电子管 绝配 作用 品牌 早期 电容 电路 运放 代表 每个 后来 歌德 放大 耳放 调音 慢慢 概念 比较,0
层级 单元 素质 上面 应该,0
小时候 模拟 同意 听歌 感觉,0
估计 高价 性价比 垃圾 降到 两千 一片 之声 六千 出厂价 低能 之选 一千五 讨伐,-1
照样做 不服气 买单 不妨 看看 有没有,0
拷满 我歪个 音乐文件 算不算 硬盘,0
顶一下 听过 蓝牙 报道 奥帝兹粉,1
相差 可比性 十倍 价格,-1
耳放有 一手 全新 要求,0
绝对 最好 平板 万元 不好 称霸,-1
李工 没听到过 推出 宽松 相当 好听 以前,1
没有 性价比 肯定 噪音 折腾 管子 现代 烧油 古董 原机 总归 用点 留给,-1
方便 安心 塞子 享受 降級 買個 加個 直連 手機 退燒 音樂別 升級 別想,-1
整个 耳机,0
这波 消耗 无奈 做出 没想到 库存 反应 操作 市场 森海 单元 估计 无法,-1
厉害 居然 小姐姐,1
好文,1
非常 高仿,-1
三四点 凌晨 晚饭 每天 有空 戴上 基本上 耳机,0
没人 欧博,0
无效 反对 舒适 超级 确实 佩戴,1
愿意 静电 折腾 有钱 方便,-1
依据 特地 来回 核心 优化 办法 说法 更新 以后 音质 音频 一句 所有 对比 提到 验证 更好 没有 版本 可能 根本,1
软件 必要 设置 味精 没法用,-1
快要 纪念版 停产 是不是,0
未知,0
标罗产 大金 罗产 瓦楞纸 问下 煲机 爱产 这次 多久 帮顶 耳机,1
声音 觉得 一定 没有 这种 味道 喜欢 想要 哈哈哈哈,1
觉得 差不多,-1
优先 必须 耳机,0
动人 出入 较大 旧版 混响 杂食 磁性 相信 认为 极端 女声 楼上 类型 新版 尤其 合适 流行 交响 编制 的确 听感 特别 一种 味道 十分 非常 起来 完全 音乐 比较 不是 不错,1
解码 差评 芯片 拆机 运放 功放 电路 电容,-1
烟草 白酒 超车 弯道 领先 世界 确实,0
比比 声压 大小 专门 凑合 准确 条件 同样 两个 仪器 没有 软件 手机 一定 应该 耳机,1
不行 强大,1
声音 比较 已经 没有 接受 我用 非常 高频 听感 底噪 可闻 确实 算是 不好 推荐 功放 后级 传声 太亮 怪异 不大用 男人家 适配器 轻微 沙沙声 多公斤 累个 半死,-1
次位 跑步 切歌 续航 担心 操作 主要 音质 自然 感觉 接受 佩戴,0
问题 已经 之前 其实 全新 果断 以后 重要 继续 以下 良好 耳套 到货 运费 对方 套子 顺丰 同感 确认 只用 卖东西 保价 交易 墨迹 快递 某次 信不过 标价 退钱 信用 太难受,-1
单端 平衡 肯定 好像 耳放 推力 不是,1
纪念版 限量,0
晕倒 小时 震惊 发烧友 耳机,0
觉得 入门 差不多,-1
分享 感谢,0
人瞎写 看着 玩意 香港,0
智商 歌德 一点 东西 问题,0
声音 提升 难看 肯定 样子,-1
前端 之前 不好,-1
水平 解码,0
开关 高压 觉得,0
手上 垃圾 音质 好几 剧本 轻薄 工作站,-1
不刷 爆音 最新 没有 问题,0
开关电源 太弱 配套 新小耳放 一流 功力 尼夫 换个 水平 听不出 机器 电源 估计 一下,0
好听 喜欢 音色 陈慧娴 粤语歌 优美,1
母公司 漫步者 不像 代理 国内 一点,0
序曲,0
疑惑 传播 明白 不会 声音,0
早就 不是,0
足矣 选个 欧国行 物美价廉 最是 一步到位 动力 一体机 就要 古典音乐 耳放 拜亚 以内 现在 就行了 解码 大概 不要 建议 入门 之间 耳机 左右,0
温和 后期 早期 风格 调音 两个 版本 知道 声音,1
就行 流行 味道,0
那会安润 人生 涨价 小白 这线 以下 实际 大部分 价位 居然 真是 好像 价格 怀疑 现在 声音,1
比较,1
大佬 帮顶 威望 同城,1
管键琴 联合国 复古 也许 主要 楼主 适合 那种 动态 不会 耳机 声音,0
很多 平衡 不好 设计,-1
铁氧体 钕铁硼 磁铁 像是 感觉,0
顶起,1
失真 不是 网站 音色 音质 续航 标准 曲线 最佳 没人 各大 哈曼 比榭兰图,-1
自愧不如 战斗 没刮花 铝箱 掉皮 包装 这支 三年 去年 手头 成色 外观 使用 左右,0
不错 手机 直接 一条 听听 相对 口味 换换 持有 台式 长期 日常,1
小声 有损 听见 说话 身边 底线 最起码 大声 我试 箱子 不好 条件 一句 开放式 音量 听力 最后 真的 细节 音乐 别人 耳机,-1
抵触 现实 绿坛 实际上 不少 没有 论坛,0
没有 原装 音源 不好 子木,-1
挺假 看上去,-1
电池 听说 家里 发烧友,0
贸然 心思 终极 评测 尝试 好久 淘宝 不敢 芯片 国货 看到 解码器 随便 现在 真的 没有 几乎,1
声力 宙斯 流行,0
未知,0
一下 听歌 安心 恭喜 折腾,-1
过万 矩声 喜欢 现在,1
呵呵 不好 终究 无须 执著,-1
定位 解码 素质 耳放 价格 一台 部分 便携 差异 大耳 相当于 超过 市场 差不多 推低 驱动 控制力 理想 曾经 阻大耳,-1
不烂 响应 塑料 普通 通透 低频 高频 没有 声音,1
不了 卖掉 留下,-1
不好 大耳直,-1
玩玩 楼主 麻烦 链接 后能 套件 完成 出个,-1
已经 非常 低频 封闭 据说 利器 影音 猛是,1
矩声 楼上 体验 综合 推荐 使用,1
正在,1
明确 分辨 没有 好像 说明 数播 网播 办法 传输方式,1
琥珀 太小 推力 不太,0
一定 耳罩 不好 程度 頭帶 定期 更換 損耗 衰聲 怎麼,-1
铁三角 低端 最近 低频 调音 全新 新版 开放式 封闭式 咸鱼 推荐 宽松 齿音 索尼 库存 无线 有线 强得 多纯 别买成,1
现在 解码器 楼上 才能 这货 退骚,-1
爱坏,0
嗓音 人物 跨界 布莱曼 莎拉 匹配 代表 古典 气质 音乐,0
功课 两个 人声 看来,0
耳机 请问 之前 用来 楼主 为啥 静电,-1
参展 航渡 甲苯 声带 小镇 黄浦 徐汇 知音 视听 安润 大学 店里 不多 两天 熊猫 地铁 大家 设备 上海 方便 问题 可能 耳机 声音,0
展示 气动式 铝带 平面 好像 平板 有没有 耳机 知道,1
蛮有意思 机器,0
卡顿 文件 虚拟存储 内存 木有 一款 突然 大神 用过 试试 想起 以上 进去 不会 软件 知道,0
少比 过多 多些 口味 黑标 不同 每个 歌德 只能 喜欢 低频 介于 听感 感觉 来说 应该 之间 不错,1
不错 一代 选择 谷津 高登,1
声音 比较 没有 试听 很大 小不点 试试 平衡 后续 端口 这次 输出 驱动 差别 遗憾 口和单 牛单 假负载,-1
几个 不要 解码 巨大 淘宝 好多 四个 美快,1
胶皮 绞线 多股 单股 区别,0
不错 大法 系列 输出 同轴 用国,1
声音 不错 佩戴 舒服 太多 旧款,1
动态,0
爬格子 休息 吉他 好玩 哪有 继续 一下 耳机,1
出不去 降价 一体机 试试 合适 价格,1
未知,1
够呛 阻像 不大高 中低 琥珀 对付 有点 问题,0
不够 自然 宽松 感觉不好 硬亮,-1
干要 换线 均衡 声音,0
这得,0
爆棚 现在 性价比 适应 广好,1
不是 做个 相似 复刻 造型 仿品,-1
收音 交响乐 回放 现场 下来 采用 旁边 麦克风 方式 录音 有人 肯定 早就 乐器 细节 问题 知道,0
搜索 资料 思想 背景 随时 改造 加强 互联网 自我检讨,1
完事,-1
到底,0
开玩笑,0
退货 满意,-1
小不点,0
雅典娜 软和 一扫而空 凝聚力 试下 层次感 锁定 下来 压制 带来 缺少 买来 不足 略微 稍微 感上 巨大 感情 唯一 不行 抖动 效果 界面 基本 本来 人声 现在 有点 完全 接受 之前 提升 基本上 可能 觉得 声音,0
东西 普通 指标 比版 据说 实测,1
刺金 半年 平面 受不了 厉害 价格 牌子 起来 建议 估计,1
机器人 不难 现在,0
区别 耳朵 移动 没有 有点 反正 当然 二代 风格 交响 音量 足够 系列 变化 差点 差别 笔记本 工作站 安定性,-1
一千 轻松感 不失 毛躁 莱尔 比奥 出头 好些 降到 力度 平庸 整体 全新 算是 现在 细节 已经 不到 不错 声音,1
付出 十几 四百块 开关 几十 深入 代价 整台 重点 几百块 听个 线性 不想 供电 无论是 功率 说白了 合适 价格 算是 调音 素质 思路 其实 电源 基本上 不是 一下,1
看来 知道 应该 楼主 推荐 买回来 拆开 好线 所说 试了试 配根 那根,1
根除 坏线 胶水 彻底 问题,0
试着 流行歌 复杂 歌曲 欣赏 很大 简单 可能 不是 区别,0
感而 氛围 喜欢 解析 不是,1
多煲 旗舰级 不失为 半封闭 大鼓 小时候 持续 信仰 不深 随身 这货 煲机 退货 器乐 位置 索尼 差点 发现 前端 准确 力度 平庸 差距 便携 开放式 确实 低频 性价比 下潜 感觉 绝对 很大 直接 声场 定位 耳朵 耳机 声音,-1
不动产 购置,0
声音 估计 学习 原来 变化 阻抗 音染 耳机线 越高 越重,-1
不错 感觉 单端 百老汇,1
加台 铝带 就行 功放 超越 全面 原来 楼主 耳放 后面 建议 一下 耳机,0
上来 高音质 等于 码率 转成 模糊 录像带 影片 图像,-1
脱坑 联系 轻易 歌德 楼主 组合 现在 不要,0
恰恰 观念 咸菜 折腾 满意 目前 系统,-1
无声无息 糟糕 测量,0
挖出来 皮箱 包纸 盟军 西线 是从,0
外网 可用 局域网 近距离 外接 群晖 蓝牙 连接 声卡 自带 支持 软件 不用 耳机,1
音箱,0
低频,0
现在 合适 稳定 周边 折腾 这套 搞好 大件,-1
深寒 高处 高手,1
多年 印象 深刻 退烧 老三样,-1
觉得 其实 有人 说明 定价 有用 卖得 出去 可悲 大坑,1
肯定 不错,1
不错 耳机 感觉 值得 刚刚 几天 一买 我前,1
铝带 一千多 试过 有人 某宝 大概,0
好过 流行,1
便宜 属实 一趟 肉疼,-1
好看 以前 后来 想法 有过 送人 打消 六百多,-1
平头 松下 铁三角,0
必须,1
觉得 耳机 比较 音源 耳放 以为 前面 毫无 一档,1
曾经 帮顶 几个,1
玻璃心,0
出掉 全部 一代 家里,0
恐龙,0
好听 音色 呆板,1
高頻 會壓 原裝 淘寶的 密度 不同 耳罩 很多,0
不干胶,0
开孔 唱臂 臂线 换唱 君子 不难 品牌 麻烦 不错,-1
耳机 没假 放心 有点儿,-1
最大化 形式 铝带 适配器 功放 性能 阻抗 发挥 没有 耳机,0
吃瓜 围观 前排,0
区别 解码器 部分 电脑 设计 干扰 瞎折腾 受到 差会,-1
最快 做法 耳机 便宜,0
气动 看上去 创始人 高音 耳罩 东西,0
每天 大神 不止 小时 时间,0
一波 降价,1
入门 建议 东西 直接 电脑 差不多 好点,-1
耳机 可能 已经 几个 机器 一台 所有 满足 匹配 一说 机对,1
欧差 下欧 究竟 好奇 比较 可能,-1
到货 手持 正在,0
帮忙 看过 运放 能否 解析 一下,0
实力 搭配,1
玩意 不会,0
声音 可能 估计 很快 二手 关系 现在 非常 音场 不好 超越 不少 闲鱼 流畅 透明 超值 低于 不断 走低,-1
重没 高铁 配个 换根 一片 播放器 降噪 缺点 铜线 单晶 好些 大耳 音质,1
无线耳机 弟弟 能干 索尼 苹果 兴趣 面前 没有 做好 耳机,1
耳机 第一次 试音 一段 记得 城里 用暮光 森林 没想 流泪,1
不错,1
通透,0
足够 平衡 古典,0
线材 不是 无法 速度 比较 问题 出现 电源 设备 关系 特别 底噪 降低 严重 有人 方案 接入 交换机 导致 改善 路由器 网播 差一点 开关电源 避免 稳定性 网线 无线 网桥 宁静 玄学 大幅 廉价 有线 污染 变差 接收 传入 变大 规避,-1
觉得 不知 不是 版本 支持 只能 明白 是不是 似乎 后来 有人 普通 输出 驱动 一阵 今天 限制 一把 最高 着实 瞬间 哥们 激动 额前 得知 回事儿,1
进去 当时 差点 一看 紫坛 没通,-1
毫厘 看成 老路子 老厂 雷同 玩出 抛弃 白牙 升级版 静电 变化 发现 路线 旗舰 高度 差距 大奥 传统 对比 全新 风格 正常 非常 几个 已经 产品 之间,-1
耳机 听力 箱子 玩具 得不偿失 损伤 到头来,1
功能 比较 数字 解码 听说 保留 太小 纤细 功率 入手 实际 刚刚 更大 功放 甲类 现代 转换 双木三林 输出功率 有所 没用过 标注 外表 厚重 外观设计 自动 天逸 天逸是 附带 乙类,-1
蓝牙 三代,0
咸菜 噩梦,-1
大跌眼镜 我来 推荐 楼主,0
声音 官方 没有 解码 推力 调音 肯定 至少 文件 太子 一致性,1
設置 輸出 自動 目錄 手導入 易上 封面 人性化 正版 家用 界面 方便 版本 期待,0
易出 挑剔 欧美 带感 拿来 前端 流行 低频 相当 好声 没有,1
有点 声卡 哪款 专机 下楼 电源模块 装好 主买 想个,1
复产 停产 上架 超低 差不多 果断 看到 价格 这种 之前 二手 耳机,-1
异曲同工 演奏家 距离感 调节 唱片 系统 不是 耳机,0
人间 天使,0
连串 蓝牙 网播 数播 控制 平板 很多 手机 功能,0
可能 不会 两个 平衡 线路 不同 单端 干扰 口转 炸倒,-1
数据 出来 希望 功能 问题 软件 很多 不会 没有 解决 解码 影响 当然 现在 类似 味道 一种 解码器 基本 风格 尤其 组合 均衡 播放 往往 内部 电脑 传输 一体机 优势 干扰 特点 噪音 导致 实际上 播放器 最大 今天 奇怪 调整 消失 过程 音乐风格 足以 初步 进行 实现 编辑 能够 数据流 好处 计算机 出身 数据传输 音频文件 原则上 误传 转化成 模拟信号 风扇 事实 充当 网易 特效 多种 固化,-1
论坛 放毒 退烧 不上 神仙 各路,-1
觉得 已经 声场 解析 试试 复杂,1
用做 太行 输出 才能 体验 数播 操作 不太好 似乎 解码器 转盘 纠结 现在 起来 方便 不太 几个 手机,1
买好 收货 运费 芯片 楼主 不能 试听 耳朵,1
应该 可能 不至于 推好 听感 耳放 楼主 来看 不同 线条 感极强 倒退,-1
电子市场 听筒 电话 根线,0
一阵风 好久没 台机 一体机,1
期待 升级 纠错 密集 退步 接下来 革命性,-1
加上 极致,0
耳机 时间 系统 音箱 折腾 精力 毕业 金钱 好几套,-1
明白人 比不高 声价 品味 剩下 说实话 楼主,0
直接 耳放 不行 原线 不好 前端,-1
左右 官方 降低 低频 手册 清清楚楚 增强,1
不错 推好 写得 不糊,1
学习,0
塑料布 盖住 找个 就行了,0
尴尬 地位 有点,0
后端 负责 持续 驱动 稳定 主要 耳放 味道 失真,-1
解放 昏暗 破解 打洞 乌是 反衬 封印 体原 小乌要 银乌大 银乌 变成 小乌 换个 闷糊 导致 性能 才能 通透 均衡 流行 调音 高频 耳罩 完全 声场 没有 定位 耳机,0
奢侈品 性能 不是 级别,0
垃圾 平衡 单端 机子,-1
细心 肯定 听不出 一下,1
台阶 曙光 贵族 之声 清晰度 不贵 力度 不好 试试 高频 提升 几个 层次 觉得,-1
参数 做到 应该 级别 无法 可能 几乎 没有 动态 电源 设备 树莓 数字 大概 实在 有点 这种 非常 十分 两个 尤其 似乎 看到 需求 同样 超级 试试 串联 身上 重要 表现 三星 以下 真正 大家 模拟 玩意 不敢 还行 电容 索尼 哪家 滤波 内阻 响应 用电 单位 电感 离谱 大多数 胜任 用途 惨不忍睹 天下 组个 锂电池 那才 阵列 依靠 等效 提过 测定 脉冲响应 聚合物 电解 毫欧 数字电路,-1
正常 品质,1
只能 说明 管子,-1
确实 拓品 品牌 侮辱,-1
觉得 不用 帖子 比较 不会 没有 直接 现在 注意 旗舰 差别 做工 在意 日系 差到,-1
真是 良心 之作 看不起,1
耳机 有点 低音 更好 音源 省钱 莱曼 厚润后,-1
编写 砖头 五年 一大 台机 更新 太快 一年 塞子 传统 基本上,0
不是 论坛 以前 厂家 制造 慢慢 老烧 商家 不再 噱头 变成 好多 具有 明明 说服力 带头 逐渐 风气,1
应该 调音 喜欢,-1
师兄弟 同门 没卡过 印象 不差 应该,-1
觉得 应该 没有 声场 推好 低音 下潜 极深 类似 进口 以上 喇叭 那种 暗流 涌动 极其 凶狠 非常 过瘾 音场 人声 不够 宽深 推力 推开,1
未知,1
声音 不错 老叶 不能 那种 味道 流行 偏向,1
当时 后来 阿米 森海家 差点儿 选了,-1
平板 动圈 太贵 优惠,-1
才子 想要 玩具 磅礴 大家 原来 意思 用家 大佬 明白 二代 是否 大概 不是 耳机 知道,1
不错 应该 纯银 供电 淘宝,1
分享 楼主 感谢,0
算好 有线 网络 毫秒 几百 应该,1
系统 很大 差距 足够 前提 揭示,-1
最小 平衡 原线 投入 直接 简单,0
比多版 齿音 普通 新版 低频 介于 一代 个人 没有 不是 应该 之间 觉得,0
讲真 手里,1
库存 最近,0
女声 通透 不错,1
看见 卖出去 好几个 说实话 闲鱼 不少,-1
太厚 各有所好 戴久 奶罩 物理 正常 耳罩 觉得,1
推出 标准 肯定 是不是 喜欢 调音,1
可别 顶上去 福利 看到,1
人声 好些,1
好文要 毒图,1
声音 觉得 看看 其实 素质 天龙 舒服 价位 均衡 余韵,1
已经 申请 一张 楼主 好人,1
谷歌 必应 注册 免费 信息 资源 下载 输入 不少 一点 购买 值得 本身 最好 其实 搜索 显示 论坛 无损 出来,1
赶紧 试试 一套 学习,0
失真 测试 试听 起来 自然 弦乐 脑放 一看 关闭 全都 群一,-1
深邃 更具 纹路 美而 端庄 银色 具有 大理石,0
蓝屏 不定期 兼容性 办法 避免 爆音 遇到 楼主 不行 出现 问题,0
声音 不错 已经 不会 之前 店家 其实 我用 现在 感觉 两个 中频 新版 主要 阴差阳错 意外 能量 欧亚 转接线 两端 臃肿 反映 一圈 绝版 老版 买不到 功劳 定做 德头 德头线 母转 公头 水线 基线 粗壮 感能 迅速 堆积,-1
房产证 关了 楼主 讨论 下去 可能 帖子,0
咸鱼 粗糙 假货 淘宝 小心 一张 爆音 印刷 做工,-1
直接 必要,-1
二房 多大 动圈 推力 需要 应该,0
范围 器材 完全 目前 最后 研究 性价比 价格 印象 白金 单晶 材质 网上 古河 经验 调整 太贵 评测 几天 世界 万隆 单线 看上 备选 一翻,-1
系统 觉得 声音,0
鐐规,0
固件 最新 不到,0
知乎 哗众取宠 字数 一看 文章 那种,0
耳放会 甲类 需要 比较 搭配,1
橘子 淮南 橙子 淮北 橘生 本来 东西 不是,0
哪能 生活 过得去 一点 没有,0
北极星 悬念,0
知道 电源线 里面 可能 没有 完全 是否 高频 效果 拆解 外观 串联 有人 电容 并联 滤波 贵价 外表 看不出来 流线圈,1
来看 没有 真的 好听,1
第二个 难道 原因 还会,0
搞定,1
真特,0
新闻 今天 森海 一波,0
便携 更大 折腾 玩大耳 何必 机上 收货,-1
分好 奔放 多种 日系 歌德 流行 人声 比较 不错,1
型号 一两个 用过 挺不错,1
能当 网桥 笔记本 电池 供电 一台,0
收藏,0
是不是 刚买 比颗,1
不太讨喜 出口 内销 公司 注册 福建 据说 英国 论坛,0
反手 店员 隔壁 脖子 居然 没有,0
妥协 差点,-1
丑出 黑色 天际 拜亚 真的,0
耳机 真的 音量 每次 有种 摘下 错置 大哭,-1
鼠大刷 启动 方法 几次 官网 不了 请问,0
封闭 重量 耽误 劝退 品控,-1
百度搜,-1
不错 里面 比较 使用 当然 非常 牌子 不大 选择 流行 摇滚 算是 天龙 音质 差距 场景 个人感觉 电影 范畴 能量 体积 宝华 索尼 品牌 飞利浦 家用 主打 多媒体 理念 适应 雅马哈 哈曼 銘威 发罗维,-1
多位 节目 干活儿 音频接口 特性 机型 推动 耳放 用来 监听 当然 考虑 耳机,0
一楼,0
对比 听感,0
大吉,1
字数 不火 很棒 主题 是因为 十年 大佬 只能 几个 问题,1
声音 看来 估计 味道 高频 先天 刺激 大部分 容易 以下 刺耳 不耐 能量 太多,-1
楼主,1
必要 重要 没什么 折腾 美标 一环,-1
可能 不会 还好 死亡 风扇,1
测评 具体 适合 比较,0
耳罩 容易 至少 背面 头梁 内圈 接触面 发霉 人造革,1
确定 木碗 两个,0
推妥 差不多 一点 价格 建议,-1
莫邪 乐之邦,0
木碗 不好 推荐 染色 一律,-1
一定 档次 没错 不好 说好 来准,-1
浪子回头 新鲜血液 队伍 玄学家 变为 卧槽 理智 一个个 科学家 从来 发帖 发现 人会 没有 几乎,0
耳机 耳罩 两个 歌德 差别 好大,-1
之间 区别 东西 数字 必要 噪声 每个 信号线 不同 交换机 端口 性质 略微 互感 互容会 引起 线上 学术 叫做 串扰 隔开 讯号 间隔 干扰 降到 越低,-1
其实 森海 硬朗 着急 身子,-1
失真 耳机 耳朵 表示 问题 很多 懒得 来说 实在 好听 信心 最后 本身 选择 更好 对比 刺耳 搞定 消失 之后 优点 妥协 决定 偶次 谐波 多次 和峰 取悦,-1
有点 以前 厂家 难看 耳放 不同 百老汇 运费 人工 记得 台湾 来回 维修 上家 只收 不收 相是,-1
当用 单端 平衡 意思 古典 最后 推力 最好 当然 音乐 耳机 不错,-1
不能 就值,1
以价 无敌 制作 设计 出彩 非常 真的 来说 佩戴 声音,0
香蕉 羡慕 楼主,1
揭示 前提 足够 差距 很大 系统,-1
分析 留名 技术,1
帮顶 血本,1
买过 感觉 新版 一点 观感,1
无盖 有盖 越小 越细 换线线 仅供参考 细线 各人 听不见 牛叫 开盖 公牛 接插 跟上 新买 劣化 共振 几天 滤波 原因 尝试 旷世 突然 折腾 引起 电压 以为 情况 后来 基本 正常 以上 国标 最好 关系 机器 插排 不明 很多 可能 一下 一定 应该 声音,-1
解释 帖子,0
蓝色 面板 不错,1
电音 系列 便宜,0
很多 上面 价格 音质 参考 宽松 大气 假货 线条 翻倍 当心 坑里 感强 硬而脆,-1
耳机 不到 问题 最近 人声 乐器 味道 氛围 总体 结像 来看 实际 表现 染色 一年 录音 导致 方式 这是 认为 气息 器乐 半个 呈现 擅长 营造 错觉 发觉 纹理,1
不用 一下 估计 经常 别人 没有 树莓 简单 直接 两个 麻烦 每次 开机 变化 交换机 导致 这是 设置 二是 一是 绑定 面子 地址 办法 查找 房东 内网 拉下,-1
二次元 满意 唯一 耳塞 现在,0
欧亚,0
多传点 太少 图片,0
耳罩 还毒,1
音乐 肯定 前端 高品质 流媒体 音乐文件,1
声音 音乐 好听 其实 响起 好像 在乎 交流 细微 尝试 多人 城市 在意 乱七八糟 嘈杂 汽车 科技 演唱会 嗓音 抗干扰 明星 磁环 发达 时常,-1
体积 三代 方便,1
便宜 感觉 这种 好像 确定 样子 架子 单薄 防震,1
不错 一组 声必飞,1
手机 起码 我用 好不好 讨论 满意 体积 金丝雀 床头 先别 造型,-1
千多 买个,0
不是 可能 二手 老板 古典 全新 森海 咸鱼 肯定 一手 多久 不买 继续 照样 实际上 就算 复刻 销量 天天 登顶 福布斯 首富 党会 后期 呼声 拉倒 车友 嘴上 两厢 背出 爆真到 三厢 老烧们 淘着 没买过 打折 拉低 低价 接盘,1
深太黑 不想 版本,-1
觉得 好听 折腾 换线 插座 保险丝 一会,-1
耳朵 明显 解析 差距 当年 小白兔 安卓机 佩塞一,-1
原線,0
聆听 打磨 享受 圆润 适合 非常 声音,1
还要 没有 拜亚 成本 结构 真是 似乎 成熟 螺丝 设计 低廉 流弊 更胜一筹,1
比较 推力 输出 电流 上个 放欧,1
补救 解释 合理 方案 有个 希望 官方,0
头戴 路过 喜欢,1
不错 耳机 要求 线材 手机 比较 动态 音乐 来说 一条 个人 其实 当然 推好 那种 非常 听音 解析 都行 适合 一只 值不值 效果 低频 确实 风格 大乌 音色 类型 控制 配置 推荐 旗舰 动圈 前端 上限 银彩 密度 音染 能量 纯银 改变 号称 属于 现代 调整 编曲 毋庸置疑 电子 想要 非常适合 冲着 首选 大肌霸 超猛 爆型 爽去 样样 不精 真不低 过接 转换头 全面性 强动圈,-1
素质 刚买,1
追寻 大家 就行了 好听 出来 不用 耳机 声音,1
器材 东西 现在 素质 不差 调音 价格 西装 上来 女声 这套 年前 不算 发光 细腻 完美 温润 终究会 剧毒,-1
声音 版本 提升 之前 低音 后面 均衡 一点 相比 安心 退烧 整个 差别 后期 老版 本质 很小 多一点点,-1
回头是岸 劝君 不取 当断不断 故有 恒十居 不如意 哪般然 锋芒 烧龄 数十年 五万元 已然 花季 天下 深夜 七八 强行 吹牛 石机 头像 投入 到底,1
有点 条件 驱动 差别,-1
省心 折腾 数播 准备 试试 很多,-1
声音 耳机 要求 出来 之前 人声 素质 直连 确实 编制 古典 真是 不好 凑合 前端 一体机 伺候 鼠莓 爵士 直到 改观 一整套 大有,-1
高端 产品 时钟 更好,1
百分百 回头率 绝对,0
前级 貌似 还行 强项 没用过,-1
支持,1
声音 最好 不耐 功放 温暖 太冷,-1
展示 密集 介绍 信息 能否 分别,0
耳机 区别 级别 没有 升级 感觉 一波 交响 赞同 一体机 周边 一段 真心 小心 今天 几天 独立 没差 今年过年 回家 打扫 卫生 插回 耳放上 特意 略有 无语 攒钱 狗狗,-1
两三千 据说 挺大 机型 差别 转盘,-1
区别 理论 相当 听听 发现 正确,1
声音 声场 个人 推好 味道 一点 机听 倾向 老歌 说不上 蓝天白云 喝杯 开水 牵强,1
码率 听不出来 丰富 非常 细节,0
关注点 集邮 停留 音乐 觉得,0
造势 完成,0
声音 觉得 难以 解码 推好 考验 音源 耳放 容易 不好 推出 弥补 及格,-1
玩大乌 没意思 静电 顶级 有意思 动圈 平板 声音,-1
会淡 换大乌 首选 也许 耳机线 纯银 不少 试试 大乌 最后 味道 考虑 解码,0
电视 喇叭,0
一代,0
帮顶 天籁,1
酝酿 调研 多好 部门 大卖 太高 缺点 定价 市场 底气 价格 牌子 现在 目前 需要 来说 东西 时间,1
未知,0
耳机 毕竟 算是 所有 精致 天龙 太多 做工 竟然 日系 比德 系好,1
声音 了解 用过 水平 真是 一言难尽 拍照,-1
走老路 多早晚 低端 喜好 个人 建议 耳机,1
知道 退烧 竟然,-1
很多 现在 听听 时代 录音 昭和,-1
情况 多数,1
一楼,0
区别 耳朵 水电 火电 类似 听感 确实 道理 楼主 说明 退烧 听不出来 大多 木耳 体会 较大 温差 这比,-1
会悔,-1
生活 用心 感受 美好,1
声音 平板 动圈 有意思 顶级 静电 没意思 玩大乌,-1
不错 高端 已经 真的 插头 效果 欧亚 配上 淘宝 古河 主流 天花板 别买 记住 范登豪 散线 厂线 尾太差 店买米,-1
觉得 有没有 帖子 时间 感受 真是 楼主 退烧 有点像 分享 经验 买来 啥事 白菜 警察 太平洋 过关 白粉,-1
顶下 思叔,1
里算 一流 折腾 差点 半天 麻烦 隔音 意思 原线 封闭 开放式 效果 非常 感觉 有点 升级 方便 一定 佩戴 不错,-1
耳朵 产品 定位 手机 真的 感觉 注意 解析 高频 听感 更好 对比 消费 差距 当时 有空 总体 结像 关注 很闷 机会 正好 专门 兄弟 回去 聪明 心理 刻意 大众 好好 营造 假象 两货 七七八八 回想起来 力会 拔高 中上 盘以,-1
比较 听感 耳放 听过 好奇 貌似 灵音 档级,1
来得 线呢 墙上 排插换 闲钱 入户 到头 空开 换耳放 插座 直接 设备 已经 不是 耳机 觉得,0
来说 好听 听得出来 高级 舒服 不好 老烧 大气 厅堂 词儿 雍容 松弛 富贵 松香 听耐,-1
声音 跳水 态度 不好 差不多 太高 售后 没说 爱坏 出保 维修费 价新,-1
分别 耳机 试听 提升 很大 现在 明显 一套 差别 黑豹 店里 本想配,-1
蓝牙 一对 原来 感觉 没有 方便 不错 声音,-1
单独 耳放 更好,1
插尾,0
听听看 改明 超烂 超赞 钢琴 小提琴 套用 两天 独奏 收个 惊喜 发现 不会,1
很感兴趣 重锁 高精度 回重 前面 放歌 随时 何庆华 输出 楼上 设计 所有 一首歌 界面 后面 机器 使用 直接 出现 没有 无法,0
原版 频响 为啥 不买,0
合成 厚重 音染 才能 稍微 难听 人声 那种 需要,-1
牛气 拜服,1
台灯 总要 音响系统 相关 滤波 音响 电脑 上面 影响 有点 不是 觉得,1
好看 耳机 太贵,-1
平衡设计 前提 机子,0
耳机 不要 推力 必要 低阻 音量 歌德 不好 以为 足够 笔记本 一众 没想到 单从 阻难 推买 够响 欧欧,-1
觉得 不会 没有 东西 其实 感觉 不能 更好 歌德 追求 满足 一年 心理 人性 不变 终老 喜新厌旧,1
好听,1
声音 不会 所有 同样 时代 欣赏 折腾 沙沙声 一边 超年 绵都化 不时,-1
预定 多久 楼主,0
别忘了 一根 电源线,0
耳机 里面 放在 感谢 请问 是否 帮顶 分享 包装 固定 纸架 空盒 逛荡,1
声音 速度 一点 懂线 师傅 手艺 速度慢 拿捏 秘籍 一门,1
平板 真的 目前 不错 声音,1
声音 不错 几乎 没有 不够 价位 宽松 对手,1
不大行 听到 确实 解析 细节 升级 已经 耳机,0
隔离 价格 工业 洋垃圾 摇身一变 几倍,-1
何苦 出过 一副 罗版 这版 之前,1
沒用 怎麼,0
围观 换管 更佳 效果 前排 系统,0
内容 不符 标题,0
口味 换个 不同 芯片 听听 牌子 其实,1
觉得 提升 感觉 解析 信号线 金属 发现 铜彩 镀银 闲鱼 收过 直呼 半天 极端 刺耳 不耐 亏出 偏风 碰为 金银铜 稳妥,-1
咋样 声音,0
存在 耳机 手机 直接 提升 反正 好听 当然 最好 必要 上台 心目 缺钱,-1
直接 耳放 不行 原线 不好 前端,-1
压倒一切 稳定性 关机 需求 那种 小时 需要,0
很多 机器 麻烦 遥控 钰龙 高登 不配,-1
耳机 一定 关键 喜欢 风格 价位 很难说,1
安全 第一 声音,0
随缘 过分 追求 心里 有个 不要 没有,1
残党 保险丝 换线 只会 不到,0
高登 蓝宝石,0
試推 平衡 耳机,0
得到 现在,0
退烧 搭配,-1
佩戴 简单 推力 适合 流行 便携 舒适 主要 好点 折腾 控制力 做工 搞好 优良,-1
码率 歌曲 随机 坏用 新派 再试 返厂 听个 可能性 插口 普通 试试 界面 听歌 一种 小时 之前 看看 有没有,0
声音 个人 感觉 更好 对比 舒服 空间感 前端 强势 认为 蓝色 层次感 段同 游刃有余 一截,-1
大罗 比较,0
设备 反正 电平 有模有样 高点 音响 制作 不太差 低成本,-1
百老汇 单端 感觉 不错,1
高阻 试试 低阻 适合,0
机直 穷烧果 路过 喜欢,1
使用 推荐 综合 体验 楼上 矩声,1
小众 过去 反而 今天 古典 流行,0
这时候 方波 变换 创造 数码味 不难 突然 采样 发现 验证 非常 动态 之间,1
声音 耳机 细节 感觉 人声 更好 对比 突出 更强 立体性 来些 刻画 轻重缓急,-1
差异 驱动,-1
输出功率 改用 钻石 削顶 驱动力 钻石版 管子 最新 驱动 输出 不少 功率 所有 音量 低阻 太小 以前 版本 已经 问题 失真,-1
排行 鬼斧神工 频响 肯定 不是 不知,0
问题 已经 声场 有点 高频 两个 拜亚 低频 手头 纵向 最大 二是 假大空 一是 有代 许久 较差 总体而言 太假,-1
个人 感觉 喜欢 不好 喜不喜欢 白搭,-1
认为 这是 监听,0
存在 不是 影响 关系 不大 自然 输出阻抗 染色 程度 音染 驱动 干净 大大 谐波 乌音染 跟耳放,-1
耳机 比较 大家,1
烧油 不妨 试一试 家里 系统 耳机,1
保护 哈哈哈 套子 居然 请问,1
品低 备件 回厂 维修 修过 零售 能用 修好 正常 比较 一级 出来,1
教主 三无,1
器材 这种 仿真 长脸,-1
大神 顶顶,1
耳机 胆放 不好,-1
失真 测试 试听 起来 自然 弦乐 脑放 一看 关闭 全都 群一,-1
再往 拉开 细腻 温暖 才能 主要 差距 调音 性价比 明显 这种 比较,-1
一定 支持 道理 楼主,1
正弦波,0
应该 不差 满意,-1
创新 声卡 输出 就行了 直接 耳机,0
命中率 无损,1
导致 张扬 上去 唯一 高级 没有 问题 便宜,-1
需要 有点 难听 垃圾 搞笑 或者说,-1
出警 警察 删帖 好心 楼主 一句 很多,1
鼻塞 心理因素 造成 感冒 偏音 一定,0
五光十色 闪闪 金灿灿 听诊器 效应 减少 确实 有点,0
换大 上加 舒服 耳罩,1
询问 有意 动圈,0
专业 厉害 学习,1
台式 一代 直接 觉得,0
看起来 倒角 太大 胖胖的,-1
声场 单元 垃圾 容易 结像 至少 必须 就算 同轴 搞好 摆放,-1
要求 一定 以上 人声 低频 流行 摇滚 古典 中频 高点 爱丽丝 扁平 欧版 买版 多买,1
头梁 改进 一点 没有,0
加耳放 笔记本 没试 试过 电脑 打开 音量 厉害 暂时 耳放 以上 感觉 现在 反正 需要 几个 出来 区别,1
一票 三星,0
好几千 这点,1
流行 合适 动圈 杂食 欧美 德奥,1
两个 完全 建议 耳机 声音,0
很多 上面 价格 音质 参考 宽松 大气 假货 线条 翻倍 当心 坑里 感强 硬而脆,-1
机用 最合适,1
帮顶,1
音乐 非常 调理 分析 想必 欣赏 玩家,1
耳机 很多 高频 低频 三代 一点 试试 喜不喜欢,-1
几款 驱动 不同 最好 完全 搭配 要求 耳机,1
同轴 输出 没有,0
皮筋 同款 最好 不要 耳机,1
懒得 呵呵 润丰 总代,-1
同价位 耳塞 对比 牌子 声场 基本上,0
歌手,0
不要 解码 其实 现在 适合 效果 喜欢 耳放 旗舰 往往 电脑 千元 集成声卡 一体机 特点 推低 折腾 推成 想着 家专,-1
耳机 影响 很大 低频 确实 耳放 歌德 输出阻抗 有时候 不同 天差地别 耳放上 没玩过,-1
动态 压缩 肯定 不同 差别 电路 元件 跑不了,-1
机器 可惜 买不起 挺不错,1
耳机 音乐 不至于 素质 难听 类型,-1
存在 之间 喜欢 新版 差距 型号 旧版,-1
声音 耳朵 森海 玩过 听不出来 真假,-1
大件 别买,0
正合适 这货 二手 已经,1
后续 关注 情况 正在 期待,0
加个 最好 寿命 问过 电子管 老师 稳压器 延长,1
呵呵 少爷 呜呼哀哉 东神,-1
希望 网页 手机 总是 无法 退到 一层 做好,-1
奇葩 管子 箱子 耳机,0
声音 搭配 老板 确实 喜欢 醇音,1
恭喜 尽然,1
浪费 不好 干什么 想不通,-1
腔体 单元 差距 不同 主要 反射,-1
大作 折腾 玩家 支持,-1
珀璞师 推荐 看来,1
实际 始终 领悟 拆东墙补西墙 错误 思想 为先 一点 调音 素质 上面 这种 其实 很大 真的 提升 不是 线材 搭配 器材 觉得,1
价格 楼主 去年 曾经 打击 代买 万年 白菜价 十几个,-1
占楼,0
数字编码 再者说 记录 相对来说 能够 完整 模拟 还原 不同 精确 磁带 音色 不能 完全 动态 不是 区别 觉得 声音,1
意义 音质 不好 很难 配件,-1
大概 下去 当时 德国 认为 持有 白开水 两三年 只值 久闻 大名 欧元 退税,-1
品评 销售 显著 上个月 音频 更好 听力 眼睛 提升 设备 产品 觉得,1
知道 电源线 里面 可能 没有 完全 是否 高频 效果 拆解 外观 串联 有人 电容 并联 滤波 贵价 外表 看不出来 流线圈,1
速度 力量感 差强 柔顺,-1
声音 区别 不用 呵呵 没有 安慰,-1
时间 这种 最好 不好 成色 淘宝 下手 砍价,-1
不错 实在 有人 搞法 上装,1
机器 值得 购买 享声 三部 官翻,1
声音 声场 以上 人声 高频 适合 古典 刚入 冷声 中性 烧入 过换 三款 运放原 运放耐 延申 音染重 延申差 小暖声,-1
路由 电信宽带 机场 梯子 网络 方法 设置 保证 流畅 才能 情况 了解 需要 一下,1
声音 耳机 不是 比较 完全 感觉 值得 入手 用过 几年 调音台 美奇,-1
很拉风 配色 造型 喜欢,1
声音 好看 毕竟 真的 其实 高频 适合 确实 流行 古典 刺激 受不了 不敢 极端 伺候 太亮 推才 大声 不算 高素质 推都 底子 开太,1
区别 不会 没有 细节 乐器 肯定 清晰度 差别 人头 信息 一把 主体 几把,-1
耳机 有点 感觉 低频 调音 大耳 习惯 不好 怪怪的 第一个 日系 劝退 轰头,-1
这俩 聆听 太重 做工 粗糙 动圈 脖子 追求 听感 适合 长时间 好不好 当然 关键 声音,-1
流媒体 样子 升频 推送 所有 是不是 理论 支持,1
预算 非常 不够 价位 就够 贵越,1
金鱼 缸子,-1
线材 不要 音源 一段时间 重要 周边 调整 着急 下结论,-1
不是 人声 早期 后期 强项,1
保鲜膜 起来,0
顶一下 烧友 其实 最后 纠结 平板 旗舰 担心 男人家 曾经 糟糕 品控 繁体字,1
尴尬 略显,0
顶一下,1
节奏轻快 三重奏 莫扎特 四重奏 容易 古典 喜欢 好听 入门,1
实价 这俩 不少 平板 性价比 现在 接受,-1
最好 理论 单元 实践 塞子 物理 体积 世界 破万 打击 摆在 圈铁 第一条 降维,1
没有 非常 听歌 确实 一台 差距 楼主 平衡 试过 兴趣 属于 打游戏 线会 若有 全能型,-1
完善 彻底 期望 圈子 氛围 起来 系统 期待,1
分析 留名 技术,1
必要 原线 长外,-1
想想 疫情 外国,0
挖矿 改造 掌机 地狱 新闻 具有 效率 抛开 有个 前段时间 其实 设备,0
打过 出不来 正确 粗糙 控制力 缺失 伺候 恐怕 不足 规模 前端 塞子 不好 价位 用来 最后 明显 以上 不能 细节 不要 不会 一定 要求 声音,-1
不是 假洋鬼子,-1
货柜车 中间 大声 等于 一堆 明白 实在 耳机,0
了解,0
不错 一下 解码 拿到 界面 确实 部分 刚刚 初步,1
没人敢 做大后 显而易见 智商 改变 蛋糕 没有,0
耳放 不错,1
版接 隐约 黑盒 比要 增大 中低端 气势 一体机 单端 前端 平衡 音量 编制 确实 两个 感觉,0
别看 特斯拉 加持 很难 阻抗 二代 其实 不是,0
同一 性能 银彩 不同 信号线 他家 风格 低端 产品 级别 声音,0
单端 多久 平衡 感觉 不了 没有,1
没错 适合,0
降噪 地铁 明显,0
两个 正好 中频 不好,-1
烧包 几百块 耗材 录音棚 算计 人群 五千 返听 挂羊头卖狗肉 风光 旧日 重拾 荒废 学业 受欢迎 四千多 纽曼 认真 不怎么 舞台 太贵 抓紧 主流 一千多 专业 市场 旗舰 塞子 类型 封闭 森海 消费 下个 基本 一只 牌子 以上 不能 高价 已经 比较 可能 希望 产品 耳机,-1
不错 不是 声场 当然 类似 非常 人声 选择 喜欢 宽松 密度 音染 口味 开放 包裹 室内乐 浓厚 感强 高密度 机而,-1
声音 已经 之前 有点 解码 考虑 感觉 眼睛 两个 耳放 听过 价格 充电 双十 两件套 千元 喜出望外 系列 闭着 咨询 行家 诱骗 方案 差不多 等到 试试看 小贵 酱油 贵过 先放 一放 下次,-1
速速 秒杀,0
彻底解决 数码音 难搞 改善 交换机 肯定 低频 不能 发烧 问题,0
完成度 成熟 线路 耳房 现在 其实 玩玩 便宜,1
外换 换耳放 保险丝 优点 折腾 两条 纤细 一点 打算 必要 考虑 是否 目前 动态 感谢 回复,-1
耳机 可能 系统 来说 以上 情况 差不多 工程 一倍 大多 具体分析 具体情况 比米 线贵,-1
截图 下限 一把 恶心 看到 感觉,0
王思聪 两种 世界 一种 烧友,0
特斯拉 门槛 反而 驱动 完事 容易 一台 这种 其实 解码 耳机,0
厚实 便宜 声音,1
漂亮,1
折腾 便宜 没法 还要 里面 呵呵 直接 使用 机器 其实 这种 功率 情况 电流 换个 保证 换上 动作 短路 保险丝 会烧 高压 五金店 毛买个 铁芯 原边 触发 一截细 铜丝,-1
知道 毕竟 电源线 可能 理解 减少 内部 电磁干扰 就要 前面 尽可能 开关,-1
粘好 免费 回去,1
期待,0
广电 家用 方式 现在 以前,0
看来 需要 解码,1
短距离 必备 线则 接收端 单芯带 在线 阻抗匹配 两根 屏蔽 同轴 就算 特征 阻抗 模拟 传输 信号线 地线 情况 电阻 数字 不是,0
声音 好听 随便 一体机 随身 米饭 瞎折腾 搞搞 将来 有福气 老弱病残 风烛残年 老家伙,-1
麂皮 看着 材质 有点像,0
答案 帮顶 看看,1
未知,1
这套 控制力 前端 比较,1
左右 根本 不错 比较 建议 进去 解决 前级 那种 人声 牌子 压力 喜欢 耳放 好像 音量 一点 平衡 差不多 依旧 百老汇 还行 电位器 控制力 体积 电容 偏音 上个 毫无 原厂 通吃 几块钱 对讲机 叫好 人换 点钟 耳放要 带调,-1
支持 几个,1
之旅 万多 音乐 二手,0
不错 耳朵,1
应该 可能 不至于 推好 听感 耳放 楼主 来看 不同 线条 感极强 倒退,-1
毫米 单元 左右,0
重庆 爱好者 帮顶 耳机,1
无法 听感 不行 实际 至少 才能 噪音 得到 消除,-1
买买 差不多 这店 元器件,-1
欧亚 左右,0
前面 不用,0
好些 耳塞 直连,1
哪台 隐士,0
不错 其实,1
曾经 大菠萝 推荐 用户,0
不错 入门 好像 这套,1
感觉 不错,1
无语,-1
厉害 支持,1
声音 觉得 区别 比较 软件 没有 使用 我用 明显 味道 对比 测量 模拟 回路,1
土耳其 扛不住 三折 来块 衣服 最底层 差买 在座 我富 穷富 没准 两三年 出不去 屏幕 三万 出个 无非 卖不出去 昨天 没人 爱丽丝 爱好 大坑 好歹 省钱 勉强 进行曲 钢琴 洋垃圾 花钱 吹牛 出掉 八折 愿意 难道 坛子 不下 今天 苹果 不换 真正 至少 超过 一点 音质 价格 算是 耳放 喜欢 水平 值得 现在 绝对 解码 五万 二手 东西 没有 问题 手机 不是 不到 应该 耳机 觉得 不错,-1
型號 什麼 推大耳 上台 便携 牌子 反正 不要,1
乖乖 月底 搞定 没用 不错,-1
耳机 佩戴 产品 很多 来说 真的 非常 性价比 必要 价格 厉害 过度 不敢 音效 一款 绝对值 一流 初烧 舒适度 优秀 一文不值 区间 吹嘘 踩得,-1
太过分 股子 细腻 奶油味 当年 音染 挺不错 喜欢 声音,-1
网络软件 网易 看着 国内 方案 原来 用过 不好 好像 支持 软件 知道 便宜,-1
历程 精彩,0
完事,-1
架势 主听 楼主 流行 应该,0
左右 佩戴 不是 直接 提升 感觉 两个 舒服 方面 一年 几年 正好 之后 非常明显 接比 综合性 装箱 下岗,1
值块,1
路子 好奇 对比 风格 类似 有点 应该,1
耳放,0
量感 以后 低频 推开 感觉,0
别划 布包 捏住 前边 拿个 金属 千万 部分 注意 插头 最好 直接 耳机,1
哈哈哈 凑合 不知,1
区别 一定 买个 效果 舒服 电脑 差不多 有质,-1
节奏 分离 封闭 开放式 木碗 不够 人声 铁三角,0
耳机 二手 现在 后面 打算 差距 整个 天鹰座 两千左右 和代,-1
特征 阻抗,0
几个 好像 垃圾 评测 线电,-1
蓝得 看欧 直接,0
淘宝 欧亚 喜欢 不会 估计 左右,-1
原创,0
耳放写 接口 意思 耳放 几个,0
恭喜 好听,1
找价 暖厚声 属于 喜欢 最后 我用 起来 不是 搭配 应该 不错,1
别人 东西 不了 听音 必要 喜欢 评价 楼主 在意 主观 说服,-1
橙红色 必须 一年 准备 论坛,0
文章 没人顶 真理性,1
产品 几个 元素 直接 真的 特别 保留 外观 上来 垃圾 用户 设计 体验 材料 材质 讲究 剩下 限量版 独立 好好 限量 年代 或多或少 服务 致敬 量产 弄点 挖坑,-1
觉得 电源线 论坛 手机 新手 来说 看到 开心 信号线 随身 评论 误导 避震 专线 推大耳 默默 这话 机玩 头头是道,-1
以前 感觉 最近 牌子 追求 新品 粉丝,1
觉得 不要 个人 用个 折腾 太贵 整流管 上大盾 天梭 转成,-1
鼻涕 败兴 琴弦 享受 摩擦 清晰 听到 起来 不是 声音,1
声音 好看 耳机 几个 用来 必要 是不是 打算 楼主 后悔 添置,-1
说话 不敢 路过,0
声音 耳机 做到 一定 非常 经典 音箱 物理 接近 体验 过来 决定 特性 不见得 办法 几块 联想 结项 眉心 要贵 百八十块,-1
出来 不是 问题 解决 这种 最好 类似 那种 只能 三个 垃圾 不好 电脑 稳定 干扰 性能 不足 供电 信号 专业 找到 够用 保证 缓冲 屏蔽 原因 杂讯 尽量 同轴线 分支 调高来 主口 且口,-1
分别 耳机 试听 提升 很大 现在 明显 一套 差别 黑豹 店里 本想配,-1
出来 问题 估计 出现 之前 机器 真的 明显 界面 地方 情况 一体机 大家 一言难尽 驱动 改进 更新 一次 谷津 板子 烧掉 外加 口出,-1
耳机 做好 好声 解码 感觉 这种 最好 那种 基本 低阻 一点 用户 设计 一体机 阻耳放 体积 买来 完美 再配 推中 易出,1
电饭煲 插口 试试看 试试 家里 方便 不是 电源线,0
听教 六堡 陈年 一壶 咖煮 坛友 继续 感谢,0
下单 准备 配置 解码器 比较,0
比较 感觉 人声 味道 意思 表现 差点 有点累 听久,-1
失真 呵呵 功率 目测 抛开 神论,-1
可能 旗舰 折腾 不怎么 硕美科,-1
耳机 非常 更好 丰富 频段 频响 完美 缺陷 种类 弥补 自定义 峰度,1
喜欢 原价,-1
支持 自带 只能 情况 驱动 适配 调用,1
最好 推开 界面 音量 电脑 一体机 无关,1
了解 一波 树莓 近期,1
大道 民族 男人,0
明白 情怀 已入 神教,1
长处 发挥 编制,0
知道 下去 必要 看到 残响 泛音 分不清楚,-1
区别 解码 信息量 退烧 听不出来,-1
可能 问题 需要 其实 低频 超级 唯一 试试 单端 百老汇 控制力 奶罩,-1
器物 神秘 水晶 帮助 量子 脑放 打开 楼主 理解 应该,0
期待 支持 托斯,1
难得一见 好文顶,1
准备 至今 二进宫 无差评,-1
这货 几年 主要 音源,0
女友 不错,1
觉得 出来 没有 听感 对比 横向 不好 判别,-1
加点 声场 东西 里面,0
是不是,0
影响 插头 音质 手艺 制作人员,-1
多好 分期 普通 理解 已经 比较 还要 耳机,1
卖得贵 难得 山寨 最高 品牌 矩声 用料 貌似 国内 设计 水军 见到 目前 解码,0
上档次 不像 奢侈品 劲浪 塑料 森海 看起来 耳机,0
湖人應,0
之别 用银铜 根为 镀锡 根是 纯度 混编 天地 相差 金银线 为佳 越高越 镀金 音响 喇叭线 纯银 镀银 纯铜 信号线 音质 线材 电源线 耳机,-1
耳机 没有 之前 其实 考虑 现在 歌德 推荐 想想 好好,1
美滋滋 剩下 有源 挺不错 箱子 平衡 流行 素质 听感 不是 要求 觉得,1
方便 不要 发烧 真的 这种 身体 展会 去一趟 外省 费劲 太难,-1
可能 建议 没用 不要 音源 重要,-1
没出 年头 年代 顶级 小不点 解码 有点 耳机,1
入门 安定 电源 完全 确实 主要 千元 感不差 点耳放,-1
全系 亲自 电话 拨打 享声 淘宝 申请 体验 南京 试听 产品 官方,0
耳机 耳朵 出来 不是 分辨 手机 设备 感觉 随便 对比 描述 单纯 台式 太差,-1
新派 控制力 用过 一段时间 推力 不错,1
更新 坐等,1
凑合 差不多,-1
不错 应该 推得 收个,1
分配 取舍 实价 一档 成品 书房 凝聚 静神 投资 销售 收益 带来 条线 方向 改变 体验 确定 表现 差不多 至少 全面 个人感觉 型号 通透 准备 追求 均衡 相对 换成 选择 更换 最后 大陆 国标 敏感 其实 厂家 感受 个人 需要 设备 声场 看看 预算 建议 系统 问题 一般来说 电源线 要求 耳机 高端 声音,-1
退烧,-1
一定 基本 推荐 绕道 看见 不错 极致,1
搞好 安心,1
音特美 变成 威士顿,1
跳水 不好 好评 上市 保证 超值 如潮 品牌形象,-1
工作量 前期 兴趣爱好 压箱底 永久 背包 过于 两只 后期 新闻 森海塞尔 复杂 几次 之后 机上 索尼 专业 录音 话筒 主要 旗舰 玩过 一代 个人 东西,1
容易 时钟,0
代在 第三代 现在 已经,0
顶顶,1
声音 一层 没有 影响 插头 上面 质量 严重 过度 不好 处理 镀金 表面 彻底 薄薄的 涂层 这层 金掉 褪色 玩完 闪亮 接触性,-1
归根结底 高频 问题,0
觉得 不用 浪费 一定 问题 系统 大部分 原线 平衡 有时候 端的 单端 办法,-1
别人 直接 当然 只能 不想 买回来 没用过 想当然 退线,-1
不错 试试 干扰 套装 直插盘,-1
温婉 乌小 驾驭 完美 属于 这套 有点像 高文 比差 柔顺 箱子 编制 素质 高频 味道 耐听 非常 那种 感觉 系统 声音,-1
不错 搭配 建议 二手 大概 买个 效果 合适 管子 两千多,-1
喇叭口 别烧 尝试 小心 金嗓子 用功 动圈 准备 控制 大佬 音量 平板 后面 其实 以前 反正 论坛 一下,0
变差 最起码 开关电源 传递 信号线 噪声 光纤 直连 正常 隔离 解码 一下 声音,-1
合适 宝马 力帆,1
不错 直接 前级 其实 选择 一台 没错 后级 记得 高登,-1
招牌 这么久 音特美 值得 不会 估计 一下 出来 期待,1
声场 完全 追求 极致 安心 平衡 试过 参考 推得 不小 太阳神 再配 根苏墨,1
期待 升级 纠错 密集 退步 接下来 革命性,-1
原生 日版 一大 特点 优势 价格 变压器 需要 不错 声音,1
无论如何 累死 偶要 孤军奋战 拜谢 终于 不再 老大,0
好几个 好多 咸鱼 当时 上次 拜亚 乐器 声音,1
测试 很大 压力 消费 普通 楼上 相差 高强度 企业级,-1
太重 估计 应该 声音,0
音乐 安心 数播 折腾 切歌 想着 找歌,-1
应该 耳放 便携 价位 推荐 差不多 不少,-1
压摆 不怎么 相反 电流 输出 电压 不好 功率 非常 其实 需要 设备 比较 耳机,-1
脑子里 每年 调整 退烧 出现 系统,-1
不用 搭配 几个 二手 升级 解码 考虑 最好 以上 推力 一代 界面 耳放 试试 平衡 不好 折腾 伺候 不想 同价位 享声 配合 谷津 天鹰座 不上 香榭丽舍 不大行 可看 那俩 挺菜,-1
知道 不是 估计 很多 音乐 个人 明显 更好 确实 交响 古典 同样 听得 感情 类型 思想 每次 背景 解释 要说 好多 反驳 不见 感同身受 高人一等 撇去 歌唱 艺术家 艺术性 技术性 乐种 小编 入神 流浪者 之歌,1
档次 差距 一点 前端 稍微 轻松 给力 拉开,-1
莱尔 不错,1
情怀 立体 成熟度 性格 纵向 亮锐 甜甜的 冷声 平头 还行 系列 森海 耳塞 整体 横向 确实 高频 人声 低音 好听 声场 没有 几乎 声音,1
一件 事情 比较 东西 楼主 环境 一堆 打包 旅游 出差 搬走 酒店 周围 猛得,-1
特别 千元 不足 单晶,-1
保真 声称 是因为 剩下 加工 还原 更好 一半 器材 觉得,1
咋样 咸鱼 看到 很多 知道,1
多高 三千 说不上 新出 小乌 平面 价位 平板 性价比 其实,0
不错 时钟 接口 指标,1
分贝 损伤 吓人 有时 长期 烧油 在家 才能 以下 保持 超过 音量 听力 听音 家里 真的 试听 估计,0
面板 木纹 胆机 好看,1
耳机 比较 二手 有点 喜欢 开放式 封闭式 后悔 后来 原来 发现 昨晚 一时冲动,1
毫无区别 移动硬盘,0
干净 声音,1
看看,0
储备 来算 最大 功率 夸张 音量 真的 需要,0
传神 箱子 曲目 低频 有限 怀疑 感觉 表示 不知 一定,0
觉得 不是 真的 审美 时代 每个 往往 规律 是因为 得到 失去 眼前 缺什么 珍贵,1
播片 价值 存在,1
区别 很多 几个 声场 耳罩 低频 确实 木碗 相对 特色 表现 参考 好些 方式 挺大,1
公斤 好长 录线 一套,1
声音 失真 事情 比较 太棒了 版本 很多 系统 来说 直接 解码 很大 绝对 其实 太低 现在 最近 最好 非常 解析 本来 听感 理论 算法 界面 音源 芯片 不好 配置 电脑 同一个 全面 超越 方案 合理 宽松 接近 机线 必须 蛋糕 纯银 输出 下载 升频 方式 提高 太多 处理 换线 更加 矩声 尝试 工作 带来 滤波 歌曲 完成 一根 数据流 三宝 高登尚 凝聚 意识 事实上 廉价 用转 实测 通道 线用 高质量 要强 厚重 交给 摊薄 擀面杖 一块 随即 直达 转码 比特流 喂给 运载 通畅 线和线 传送 面目 利用 体外 那比,-1
耳机,0
要化 加润糖 润上,0
多字 架构图 画个 很难 没有 理解,0
光密度 拉开 没差 一项 几条 差距,-1
偏得 售后 联系 回来 偏音 经历 客服 果断 楼主 厉害 单元 两个 耳机,1
声音 产品 问题 之前 质量 好像 大家 除开 谣传 质疑,1
冷硬 排除法 帮忙 做个 喜欢 适合 比较 声音,1
耳机 入门 不会 设备 推好 选择 一只 旗舰 足够 中端 前端 声卡 卖掉 换上 之后 无论如何 砖来,-1
声音 好不好 这种 特别 喜欢 价格 港台 称呼 不见得 大大的,-1
用户 支持 一下,1
未知,1
泰国 组团 我泰区 梯子 承担 赶紧 弄个 就算 试试 个人 完全 便宜,0
销售部 财务报表 粉丝 尼康 关心 没有,0
耳机 出来 电源 起来 机器 真的 现在 变压器 极其 两个 喜欢 严重 同样 不好 好点 美元 推个 输出 管子 晶体管 曲子 便宜货 心烦 牛叫 赶不上 听不见,-1
白嫖怪 给钱 人问 好家伙 这么久 这点 插座 崔克 一堆 好像 本来,1
会闷糊 披头士 海绵 不带 闷糊 发错 出不来 氛围 厉害 确实,1
撒来 近得 重庆 搞个 试听,0
设备 很大 差别 台式,-1
好看 耳机 太贵,-1
弥补 品控 过保 男人家 后来 不行 知道,0
有人 天天,-1
出线 双线 梁换 休息 停下 超个 梁会 好头 被动 开裂 多一点 是因为 差不多 一点 垃圾 音量 低频 必要 非常 小时 有点 时间 耳朵 觉得 声音,-1
耳机 一下 升级 提升 很大 人声 音源 耳放 三代 试试 不好 手里 顶级 乌用,-1
重装 遇到 不行 很快 问题,0
费时 重新 亲自 决定 台式 得出 最大 换个 特点 横向 最好 很大 目前 声场 系统 正在 一下 佩戴 区别 耳机 声音,1
下学期 宿舍 折腾 人间 稍微 闲置 家里,-1
顶一下 用过 曾经 帮忙,1
黑眼镜 可不是,0
声音 好看 毕竟 真的 其实 高频 适合 确实 流行 古典 刺激 受不了 不敢 极端 伺候 太亮 推才 大声 不算 高素质 推都 底子 开太,1
没看 运放 这耳放 分立元件,1
木架 包裹 到手 以为,0
发木 不缺 不腻 罪魁 奇次 如同 排斥 一味 温润 音乐味 诚实 多一点 单薄 瞬态 透明度 谐波 偶次 混响 石机 并非 不难 严肃 高素质 缺少 反而 技术 鲜活 提高 普遍 特殊 音染 几年 稍微 为啥 主要 思想 往往 有人 淘汰 追求 容易 好像 刺激 胆机 解析 多年 这种 最近 现在 当然 动态 做好 耳朵 高端 失真 声音,-1
机箱电源 客串 瓦特 经济 多加 这条 几百块 买好 大厂 一对 供电 不贵 入手 条件 价格 效果 音源 插尾 插头 电源 入门 一下 电源线 不错,1
声音 耳机 建议 买个 喇叭 纠结 老板 单元 新版 差异 很多年 说不定 使用寿命 寿终正寝,-1
凯音 差点,-1
三修 重量 对比 还好 感觉 个人,1
优化 更新 大神 可惜 更好 现在 版本 时间 一下,1
玩意儿 有损 差不多 张学友 无损,-1
阻口接 不耐 不行 完全 不错,-1
质有 口音 压到 能压 采样率 纯粹 我选 转成 是因为 处理 信号 实验 兴趣 证明 正常 个人 看看 支持 比较 测试 区别 觉得,1
潜在 有助于 客户 客观 评价 信心 提升 产品,0
级别 二代 流行 好像 差不多 搞个 银乌 听小编 不美哉,-1
佩戴 可能 动态 其实 推开 不大 交响 平衡 好点 阻抗 之后 更高 很强 差差,-1
色彩 抽走 肢体 演员 几支 比森海 到位 一点点 足够 信息量 感情 语言 摇滚 拜亚 味道 感觉,1
跟着 一圈,1
不错 器材 近期 非常 确实 听过 工作 评测 两台 出个 闲下来,1
浅见 对不上 个人,0
很多 不大 明显 高频 低频 刺激 差别 足足,-1
不到 支持 套装,1
不去 差别 对比,-1
好不好 前段,-1
能换线 冲动 毫无,0
回归 音乐,1
便宜 不错 建议 看看 数字 转盘 价位 入个 别入,1
电源线 时间 下去 好坏 小时 不够 合适 组合 全部 每个 才能 咸菜 找到 未必 尝试 判断 世上 数千种 数百 来煲 一生 遑论 各类 需像 愚公移山 祖祖辈辈 第代 子孙,-1
觉得 不错,1
暖和 耳朵,0
进去 这种 明显 差距 个人感觉 加上 调教 有过 不开,-1
有售 几十家 搜出 搜能 折合 抬高 太狠 代理商 世上 三万 有太大 一家 几千块 渠道 品牌 湖人 就算 国内 控制 他家 国外 价格 多年 现在 考虑 以前 目前 影响 五万 没有 不会 产品 应该,0
电工 只作 感应电 何来 带电 你家 请个 记住 落地 合格 安全 电流 参考 真正 很少 地线 明白 接地 影响 个人 没有 不会 估计,0
问题 不是,1
应该 搭配 还要 论坛 很多 下去 更好 早就 编制 古典 分享 换管 玩法 达标 自行车 推挺难 系上 赘述,1
看来 不错 配置 不少 退烧 入烧 功课,-1
闲鱼 容易 不要,0
高频 偏好 少核 牙膏 劝退,-1
价格,0
有没有 不行 试试 平衡 电脑 单端 排除 干扰 换个 带来 下电 噪会 口小,-1
极致,0
区别 问题 音量 舒服 程度 剩下 戴着 小到,1
建议 明显 差距 复刻,-1
吓死人 山寨 年前 怀疑 一开,0
素质 真是 差距 居然 试试 旗舰 兴趣 木桶,-1
看来 之间 问题 其实 素质 介于 上次 调音 喜欢 一句 总结 直播 老半天,-1
芯片 听说,0
歌德 耳罩 考虑,0
一体机 平衡 基本 推好 觉得,1
区别 里面 问题 基本上 前级 以前 机器 好听 非常 理论 音源 情况 推动 八爪 功放 折腾 专业 后级 到位 反而 大力 奇迹 合拍 民用 用用 世通 未为不可,-1
没什么 即可 箱子 预算 区别,0
参数 做到 应该 级别 无法 可能 几乎 没有 动态 电源 设备 树莓 数字 大概 实在 有点 这种 非常 十分 两个 尤其 似乎 看到 需求 同样 超级 试试 串联 身上 重要 表现 三星 以下 真正 大家 模拟 玩意 不敢 还行 电容 索尼 哪家 滤波 内阻 响应 用电 单位 电感 离谱 大多数 胜任 用途 惨不忍睹 天下 组个 锂电池 那才 阵列 依靠 等效 提过 测定 脉冲响应 聚合物 电解 毫欧 数字电路,-1
应该 还要 重量 差不多,-1
没用 感觉 想起 原来 解释 缩水 饮料,-1
两家 最高 双木三林 拓品 机会 价位 算是 听听 性价比,0
觉得 耳机 明显 古典 追求 相似 强行 差得多,-1
猛料 论堆 第一,1
看看 反正 几万 闲鱼 平头 老塞,1
版本 请问 以前 国行 变成 字体 四方 顶部 一行,1
真力 差不多 素质 用来 乐感 解码 觉得,-1
便宜 真的 容易 不少 发现 冤枉钱 调味 坑太深,1
难度,0
一片 写光 图片 大佬 不用,1
夫人 小甜甜 变成,1
二十 刘汉盛 无数 基础 想当年 入烧 新世纪 一篇 一次 音响 文章 楼主 影响 烧友 应该,0
天才 发过 发现 帖子,0
玩具 不得不 确实 恭喜 漂亮,1
海棉 垫子 绒布 打开 盒子 看到 现在 近期 不是 知道,0
三代 感觉,0
想想 评价,0
解晰 感好 苏墨 先比 焊点 发虚 检查一下 蓝水 参考 人声 很多 问题,1
财小用 以后 考虑 升级 已经 还要 不错,1
照顾 品牌 大厂 知名 国际 美标 接插件 专门 国内 自然 外国 中国 不会 起步 电源线,0
预算 非常 不够 价位 就够 贵越,1
现在 同价位 选推好,1
糊点 一百多 高斯 加钱 上个 好听 有钱 觉得,1
不决 遇事,0
不错 有点 感觉 低音 下潜 人声 解析 音量 弦乐 差点 墨菊 瞬态,-1
猝不及防,0
安静 平时 才能 环境 入耳 很多年 封闭式 感觉,0
几个 不会 东西 对付 换来 楼主 淘宝 卖家 几十元 没有 差评,-1
网盘 塞满 得花元 百度 一年 超级 很快,0
跟上 木板 每块 水桶 尽量 大件 在意 平时 短板 整个 大家 满足 明显 不能 感觉 细节 系统,0
看来 大耳 封闭 退烧 办公室,-1
口水,0
估计 性价比 确实 喜欢 上来 超级 变化 改变 换线 方向 热度 版主 这毒文 一出,1
初烧者 鼓诗 鼓声 很强 口味 泛音 讨好 低频 人声,1
感觉 好像 新版 老版 哑光感 浮夸,1
控制 平板 手机,0
别人 音乐 喜欢,1
弦乐 人声 比较,0
想起 帖子,0
不用 很多 动态 平衡 单端 干嘛 大姐,-1
帮顶 楼上 多谢,1
玩玩,0
尝尝 报个 味道 解码,0
应该 耳放 便携 价位 推荐 差不多 不少,-1
普通 楼主 请问 区别,0
收藏 起来,0
不错 感觉 更好 黑色 黑神 贝九 泽丰,1
可能 更好 肯定 以后 听个 扔掉 会留,-1
关键所在 造成 改变 芯片 部分 音色 明白 那种 可能 区别 声音,1
貌似 一体机 解码,0
噪音 具体表现,-1
装个 重装 销量 湖人 驱动 最近 有点,1
听感,0
可能 呵呵 没有 我用 感觉 明显 难受 舒服 后来 身上 突出 改进 得到 按摩 设计师 疗效,-1
喜欢 摇滚 古典 爵士 新世纪 重金属,1
骗骗 小白 只能,-1
卢本伟 电脑,0
折腾 意义 好听 没有 不会,-1
专业厂 提供 线买厂 好线 一次 相信 以后 翻车 数字,1
产品 出来 听听 意见 同价位 高论 说来,1
知道 二手 机器 厂家 检查 高级 为啥 手里 联系 上家,1
便宜 属实 一趟 肉疼,-1
最近 只能 特定 曲目 副作用,1
套个 弹簧 就行了,0
能用 耳放,0
降价 精音 直接,0
耳机 现在 一只 好像 铁家 越来越少 女毒 价了,1
典型 铜彩 代表 低频 高频,0
好看 好听 一台 分体 出头 仿铭 耳放才,-1
杂食 铁家 比较 里面 耳机,0
不接 网线 接上 交换机 试试 大概 没有 知道,0
量力而行 比例 具体 没有,0
不错 可能 水准 不好 看上去 缺乏 头梁 做工 内侧 英文 模具 商标 塑胶模具 塑料件 注塑,-1
脏东西 插不回 转卡 再也 那根 这货 高芬 屏蔽 主板 干净 接口 习惯 相当 换成 很多 声音,1
舒曼 改善 价格 确实 低频 出来,0
不错 来说 似乎 楼主 歌德 做工,1
刮耳 高频,0
电源线 二手 真的 最后 垃圾 退货 低价 想要 商听 商量,-1
提升 投入 价格 感上 咸菜 最多,-1
耳放,0
搞定,1
一首 实惠 经济 买碟 听碟 顺便 方式 日本 入手 音源 一种 真的 比较 可能,1
人勿入 密恐 背后 开孔 看着,0
声音 适合 喜欢 系列 气势 推出,1
声音 失真 高端 耳朵 做好 动态 当然 现在 最近 这种 多年 解析 胆机 刺激 好像 容易 追求 淘汰 有人 往往 思想 主要 为啥 稍微 几年 音染 特殊 普遍 提高 鲜活 技术 反而 缺少 高素质 严肃 不难 并非 石机 混响 偶次 谐波 透明度 瞬态 单薄 多一点 诚实 音乐味 温润 一味 排斥 如同 奇次 罪魁 不腻 不缺 发木,-1
出不去 狙瞎了 人买盲 二手 试听 没有,0
经验 来看 非常 最近 需要,0
声音 真的 烫伤,1
比较 讨论 差异 楼主 可否 坛子 品牌 谈谈 木声 涉及,-1
可能 有点 好听 推好 人声 味道 刺激 声底 金属 农夫山泉 丁点 塑料,1
觉得 更好,1
低电平 引脚 输出 不能 看下,0
朴素 后期 版本,0
厉害 帮顶,1
保险 中规中矩 短板 其实 没有,0
声音 耳机 感觉 确实 同样 清晰 肯定 情况 好些 声压 下低,1
上台 听不出 不大 可能 区别,0
不用 估计 耳放 咸鱼 说直 乖乖 上放,-1
好文 帮顶,1
联接 前提 真货,0
未知,0
蝙蝠 一群 厉害 论坛 应该 发烧友 存在,1
电源 不要 音源 几千 折腾 加过 一千多 扩展卡 卡加 线性 线加 净化器 得出 结论 用做,-1
就够 上台 塞子 意义,0
时间 需要 好听 注意 原来 等于 半天 改善 有时 或多或少 判断 有变,1
宣传员 扬仕 老是 干嘛 塞子 大耳 升级 版块,0
分频 重点 电路 喇叭 相位 没有,0
应该 离得 直接 影响 解码器 耳放 关注 内部 电脑 电磁干扰 不止 传输 线路 还会 单单,-1
牌子 麻烦 换个,-1
假货 无疑,-1
黑盒 加强 错觉 线条 延伸 两端 突出 背景 听感 不是,1
高点 定位,0
单端 不少 平衡 特别 起来 做好,-1
已经 系统 解码 放到 现在 推好 真正 草医 高文 折腾 湖人 沐声 三年 两套 惊雷 好几年 北极星 到头 玉龙 多套 活活 再到 改玩大,-1
临场感 一次 听过 确实,1
没用 原装 平衡 耳机线 几次 改啥 线管 几氧铜,-1
玩玩 考虑 胆机 漂亮 过年,1
热情 美国 喜欢 起来 实在,1
东西 楼主 箱子 出差,-1
耳朵 线材 元素 设备 下去 仪器 解析 乐感 听感 素质 确实 是不是 难受 只会 串联 好比 才能 一段 不耐 轻松 信息 和谐 太高 毫无 惊艳 变强 挖掘 越多越 珍珠 越多要 做成 一串 项链 难度 大人 耐受力 使人 空有,-1
含氧量 介质 广义 节奏 传输 是不是 空气,0
感谢,0
捕捉到 亮点 一阵子 度高 大刚 我刚 结象 分离 习惯 大乌 拿到 一种 感觉 好听 细节 声场 不到 耳朵 觉得 声音,1
虎豹 长期,0
晒过 很难 相信 楼主 确实 耳机,0
听买个 这机 不好 界面,-1
内敛 玩换 占楼 强大 低调 退烧 现在 正在 耳机 不错,-1
挺高 防抖 频率 抖动 没用 功能,-1
器件 太贵 胆机,-1
超重 声染 差别 绿联 软文 一定 耳朵,-1
室内乐 顺序 空间感 编制 特别 乐器 觉得,0
一侧 外网 一组 单独 三个 请问,0
过别 选一 选用 这俩 我会 真的,0
沦陷 彻底 大火 阻塞 讯息 一把 导致 多久 芯片 已经,0
小不点,0
耳机 比较 确实 喜欢 相比 容易 旗舰 出好声 副耳机,1
群发 广加 网到 撒网 炒炒 无差别 回应 炒家 总能 全都 骗子 总有 好友 型号 消息 所谓,-1
声音 不错 感觉 解析 味道 高频 整体 舒服 晶彩 银彩 慵懒 属于 直白 带点 尾音,1
比较突出 左边 右边 故意 偏差 一点点 肯定 对比 地方 调音 低频 正常 人声 感觉 厂家 方便 估计 不是 耳机,-1
当然,0
价格 楼主 去年 曾经 打击 代买 万年 白菜价 十几个,-1
大哥 之前,0
不错 人声 特点 宙斯,1
占个 东八区 调教 楼下 大神 沙发,0
产品 感觉 买个 拜亚 一体机 好点 动力 老老实实 攒钱 够呛 双木 林里,1
参数 应该 达到 不是 问题 几乎 机器 后面 隔离 上次 音频 条件 搞定 找个 前面 之后 自激 联通,1
帮顶 办公室,1
未知,0
便宜 还要 多年 态度 价值 店铺 方式 哪有 售后 自有 服务,1
直接 算了 没货 好像 那家,-1
耳机 里面 放在 感谢 请问 是否 帮顶 分享 包装 固定 纸架 空盒 逛荡,1
当然 确实 可怕 男人家 非常适合 拜亚 喜欢 编制,1
电源线 之前 就行了 必要 周边 保险丝 完善 舒特 机丝 力特,-1
推好 感情 缺乏 激情 毫不 沾边 冷漠,1
档级 灵音 貌似 好奇 听过 耳放 听感 比较,1
真不少 功能,0
声音 知道 应该 不会 素质 刺激 中频 纤细 饱满 好点 同级 平淡,1
不喜 包括 歌德 听过 以前 几个 耳机 高端 声音,0
按下 对准 大力,0
马克 奔驰 科学 功放,0
美好记忆 岁月 稀里哗啦 感动 范晓萱 阿桑 昨晚 重拾 森海 人声 不能,1
讲故事 鬼佬 纯音乐,0
烧友 早就 磁带 不买 普通 正常人 瞎折腾 先进,-1
假货 假话,-1
入门 建议 东西 直接 电脑 差不多 好点,-1
耳机 可能 建议 二手 完全 个人 真的 考虑 地方 全新 了解 一点 情况 把握 干嘛 可靠 发生 本质,-1
声音 觉得 不会 感觉 降低 一点 输入 高增益 增益 真假 平调,-1
好听 相当 听过 缺点 太大太热,1
公布出来 旺旺 真人 名字 地址 卖家 淘宝 全部,0
动圈振膜 照样,0
火力 会大 很多,0
欧博 必须 原创,0
应该 理解 系统 直接 个人 解码 模式 没什么 输出 差别 苹果 独占 微软,-1
声音 失真 很多 好听 自然 耳放 音量 一点 干净 晚上 安静 下降 聆听 会开,-1
不是 可惜 音质 干扰 主机 显卡 大户,-1
过来 换个 精简 设备 音乐 时间 高端 觉得 知道,0
观念 重要 器材,0
真的 随便 折腾 耐造 造不烂,-1
稳压 灯丝 必然,0
应该 一下 速度 很多 不太 动态 有点 国产 感觉 那种 耳罩 解析 两个 不差 低频 对比 封闭式 相对 舒服 一点 分离 差不多 优势 略微 貌似 木耳 夹头 海绵 日产 要轻 掏出,-1
声音 耳机 感觉 确实 同样 清晰 肯定 情况 好些 声压 下低,1
感觉 那种 味道 喜欢 风格 听过 组合 楼主 展会 蓝宝石 一致 这套 更加 透明 中间 白开水 沉稳 金波 隐士 赶不上 声不太,1
箭猪 机用 整流 之用 推挽 耦合 调味 真假 看样子 快速 混合 莱曼 像是 两种 看不出 银色 散热 哪家 太多 电容 电路 假货 看着 运放 玩意 设计 输入 电阻 必要 后面 味道 其实 实在 应该 不错,-1
数码味 比直 太差 非常明显 好多 作用 同轴 插口 背景 必须 宽松 不少 厚度 暂时 界面 基本 模式 我用 影响 使用 声场 没用 功能 耳机,-1
使用不当 造成 短路 容易,0
应该 数字 关系 结构 搞不懂 材质 屏蔽 难道,1
知道 退烧 竟然,-1
声音 事情 二手 个人 起来 高频 拜亚 低频 喜欢 传统 没见 不好 实际 频段 温暖 曲线 坛子 高分 还成 频率 带点 听点 一比 说好听 糊糊 雪崩 提起 更何况,-1
更高 素质,0
不错 没有 有点 高频 确实 听过 价格 横向 当时 毛刺 纵向 几次 原声带 劝退 不大好,-1
进口 考虑 国产 建议,0
参考,0
未知,1
太烦人 专线 不拉 冰箱 空开 耐力 开关电源 干扰 空调,-1
静电 耳放 垃圾 透明度,-1
板凳 播放器 对比 几个 期待,1
声音 低音 非常 解析 歌德 主要 路线 特点 突出 配上 淘宝 真有 冷静 傻子,-1
不用 需要 其实 现在 注意 风格 差异 担心 上市 寿命 管子 用到 调味,-1
主观 复杂 听感 其实 好听 完全 东西 一定 不用 数据,1
是不是 好多 虐待 家里人,1
器材 这种 仿真 长脸,-1
惊喜 淘宝 音质 考虑 建议 耳朵,1
药丸 预感 这么久 一篇 完整 看到 出来,0
一千左右 五百 推荐,0
满意 退货,-1
方便 黑胶 各有千秋 换碟,-1
压头 喜欢 佩戴,-1
愿望 货听 低档 真乔 三台 良心 诚意 定价 这次 一听 以为 商家 尤其 能力 真的 以前 不错 声音,1
觉得 器材 一半 更好 还原 加工 剩下 是因为 声称 保真,1
视角 审视 方式 德国 表现 这种,0
不要 国产 最好 音源,1
梯子 听得出 网上 有人 一点 音质 更好 需要 一定 区别 不错,1
独立 连接 相当于 完全,0
比好 芯片 很多,1
失真 左声道 右声道 左右 超出 官方 规格 参数 范围 看来,-1
声音 新版 楼主 全部 市场 特征 不妨 三款 感悟 退市 现存 所述 大相径庭 更有意义,-1
觉得 烧友 大概 感觉 必要 听过 组合 旗舰 专门 多次 好过,-1
有意思 历史 顶顶顶,1
发紧 暗刺 更少 结项 分散 太快 泛音 缺点 导致 宽松 单端 平衡 开阔 整体 更好 高频 不够 人声 个人 有点 声场 觉得 声音,1
几个 建议 没用 二手 全新 多久 不少 闲鱼 价格比,-1
比较 其实 高频 能量 劲浪 一家 乌算,1
狗狗 攒钱 无语 略有 特意 耳放上 插回 卫生 打扫 回家 今年过年 没差 独立 几天 今天 小心 真心 一段 周边 一体机 赞同 交响 一波 感觉 升级 没有 级别 区别 耳机,-1
佩戴 达到 不会 不要 这种 最好 解析 选择 基本 调音 风格 组合 舒服 平衡 系列 一体机 短板 不难 高登 原厂 不太差,-1
好像 新版 二打,1
完全 性价比 代表,1
微波炉,0
耳机 真是 折腾 玩法,-1
声音 区别 耳朵 建议 最好 解析 高频 最后 纠结 低频 自然 后来 宽松 饱满 古河 镀金 留下 偏薄 早试 随赠,1
幸福,0
胆小,0
差距 不大 应该 觉得,-1
知道 不错 觉得 东西 当时 楼主 歌德 差不多 意见 四不像,-1
平板 动圈 太贵 优惠,-1
耳机 耳朵 不到 不是 问题 烧友 扩大 设备 不要 完全 个人 解码 起来 目前 这种 最好 人声 不够 高频 解码器 听感 素质 确实 耳放 氛围 尤其 曲目 部分 分析 欣赏 必须 伺候 思考 认为 回来 方向 具体 收货 是因为 评测 结合 日系 过于 无限 极高 人云亦云 浮夸 本质 内敛 讨厌 国产机 暴露 莎拉 布莱曼 清秀 社会 所有人 推它 硬伤 失控 排斥 如山灵 数毛 骗吃骗喝 拉进 后会 端中 红莓 夜愿 直指,-1
睡着 走神 差点,-1
名字 具体 插件 遥控,0
小巧 尺寸,1
方便 价位 重要 差别 播音 不大觉 相对来说 操控 用数播,-1
之间 区别 东西 数字 必要 噪声 每个 信号线 不同 交换机 端口 性质 略微 互感 互容会 引起 线上 学术 叫做 串扰 隔开 讯号 间隔 干扰 降到 越低,-1
出大耳 以后 听说,0
很火,0
老李 天津 一千块 了解 一下 不到,0
难过 马飞,-1
不会 干扰 偏音 造成,-1
出来 几乎 耳罩 以内 压力 测量 平时 分钟 头疼 倒腾 一块 最老 太阳穴 之大,-1
照顾 不少 箱子,0
找歌 想着 切歌 折腾 数播 安心 音乐,-1
耳放能 静电 耳机,0
音乐 效果 网络 现场 录制 上假,-1
发烧友 比较 音源 老烧 真正 折腾 普遍 老外 黑胶 数位,-1
蓝牙 连接 设置 一种 模式 手机 里面 无损 一下,1
用天 名字 达芬奇 管用 现代,0
大京线 不是,0
声音 耳朵 第一次 真的 感觉 那种 听到 叫做 差别 接触 头皮发麻 心灵 一颤,-1
那点 差别 折腾 必要 耳机,-1
未知,0
冷门 玩意 没听说过 买个,0
高端 耳机 器材 低端 不够,1
包括 风格 低频,0
耳机 素质 不好 一部分 意味 念头 通达 审美疲劳 面对 沉思,-1
解答 顶一下 一下,1
金宝,0
耳机 必要 上大,-1
数据 出来 希望 功能 问题 软件 很多 不会 没有 解决 解码 影响 当然 现在 类似 味道 一种 解码器 基本 风格 尤其 组合 均衡 播放 往往 内部 电脑 传输 一体机 优势 干扰 特点 噪音 导致 实际上 播放器 最大 今天 奇怪 调整 消失 过程 音乐风格 足以 初步 进行 实现 编辑 能够 数据流 好处 计算机 出身 数据传输 音频文件 原则上 误传 转化成 模拟信号 风扇 事实 充当 网易 特效 多种 固化,-1
不错 不是 里面 比较 已经 建议 设备 升级 真的 进口 价格 好像 时代 万元 箱子 或许 高音 继续 性能 不得而知 绅士 早期 一对 书架 配套 书架箱 脚架 理想 意力 基础 落地 脚钉 看样子 还过得去 适中 没想 博良 退级 达尼,-1
便宜 有钱 玩意,1
现实 更加 短板 这是 讨好 方面 均衡 音色 确实 素质 高频 感觉 应该,1
行列 迈入 认证 正规 欧洲 就算 国内 真正 打算 一下 产品,0
手环 机械表 碾压 瑞士 心理 肯定 感觉 完全 十万 手机,0
不是 发现 每台 功放 推得 昨天 几台,1
循序渐进 打怪 越级 典型 代表 一定,0
棉比 梁海 好用 觉得 好看,1
声音 级别 出来 问题 来说 请教 素质 差距 有个,-1
期待 是否 确实 对比 价位 设计 体现 才能 物有所值 同价位 民族 有所 工业 看出 眼前一亮 自豪感 高昂 鬼版,1
预定,0
现在 价格 传统 当年 下来 小甜甜 并称 小强 大嫂,1
高端 产品 时钟 更好,1
好像 大乌 不到,1
土鳖 重些 我斤 看重 看过 拆开 缩水 环牛 大小 重量 耳放 承认 起来 希望,1
相比 听要 不难 搞好 比大 大乌直 乌难,-1
耐听 耳塞 退烧 耐操 温润 皮实,-1
问题 已经 完全 前级 效果 耳放 一年,1
看人 鼻孔,0
东西 马兰士 音染,-1
缺钱 心目 上台 必要 最好 当然 好听 反正 提升 直接 手机 耳机 存在,-1
意味着 加钱 提升,0
厉害,1
声音 搭配 声场 提升 好听 感觉 解析 高频 低频 听到 一点 清楚 方面 稍微 女声 男声 线基 纵向 立体 差一点 几根 盖住 得话 仔细听 蔷薇 残料,-1
价格便宜 不好 现在 其实,-1
东西 谢谢 楼主 推荐,1
挑事互 一地 不外乎 暴增 死去 急不可耐 跳墙 要火 螃蟹 尝鲜 神棍 总有 智商 哈哈哈 回来 突然 绿坛 貌似 装备 口水 有人 一段时间 大佬 高价 出现 已经 回复 帖子 论坛,-1
觉得 耳机 出来 没有 影响 两个 更好 效果 确实 同样 不好 型号 发挥 同一 实际上 副耳机 经验 标准 因素 理想 玩意儿 说好,-1
潜力 上台,0
学习 可能 呵呵,-1
耳机 现在 不够 流行 听听 讨论 没什么 日系,1
声音 真是 了解 用过 一言难尽,-1
声音 已经 现在 低频 不行 价格 结像 女声 还行 推听 扁平 糊轰头,-1
小姐姐 服务 甲苯 耐心 热情 实体店 南京 特别 试听 上海 感谢,0
建议 提升 解码 就行了 不能 随便 界面 耳放 听听 折腾 不想 变得,-1
便宜 耳机 出来 一下 感觉 试试 第一个 翻版 以来 总要,-1
沉沦 人人 恒古 数码产品 追新 不变 人类 灭亡 定律 旧款 科技 进步 够用 肯定 必要 觉得,0
两方 好戏 开场 优缺点 充分 正好 了解 学习,1
二手 喜欢 就算 亏得 冷门货,-1
很多 没有 下载 好多,1
大乌像 不伦不类 正常 两个 耳机 声音,0
不错 一下 支持 样子,1
供电,0
佩戴 不要 好听 听过 舒服 封闭 开放 素雅,1
声音 电源线 设备 明显 最后 换成 所有 一点 差别 统一 至今 享声 佩服 加成 脑放 没能 出换,-1
机玩人 玩机 无止境 发烧 知道,0
知道 耳机 比较 几乎 不会 东西 动态 安定 感是 简单 需要 最好 推好 听得出来 对比 高级 相对 每个 型号 具体 典型 据说 毛躁 感到 例外 烦躁 伯乐 台厂 超乐仕,-1
没法 一定 补充 关键 真的 当然 非常 低频 质感 音色 森海 带劲 咚咚,-1
母机 这一 环节 转接 内线 倒退 转接头 搞不好 音染 尤其 需要 提升 线材 应该 觉得,-1
平板 不是,0
版本 支持 升级 请问 我用 解码器 楼主 最新 播放器 进行 固件 您好 用线 升级成 电脑系统,1
一定 不是 论坛 帖子 可能 很多 建议 方便 理论 更好 便携 音质 淘汰 市场 比好 取代 翻翻 黑胶 知不知道 早有 成为 色域 饱和度 劣币 驱逐 良币 同理,-1
不是 二代 好奇 凯音 芯片 唯芯论 没见 有人,1
不贵 价格 不错 声音,1
京东 直接 二手,0
官方 估计 很多 很大 那种 更换 意大利 一套 原配 了解 材质 缺点 后期 下来 罩子 人造皮 超跑 座椅 真皮 天鹅绒 凉快 要百 挺肉,-1
没玩过 比好 当年 呵呵 手机,-1
耳机 家里 只能 部分 音箱 优势 处理 声学 毋庸置疑 要命 跟上 扰民,-1
免不了 看样,0
兄真 迷你 高烧,0
设计师 大功率 必须 主要 功率 耳放 水平 不是 声音,1
参数 范围 知道 不是 没有 数字 完全 关系 好不好 到底 两个 必要 极端 频段 能量 毛钱 频响 在意 看出 多大 循序渐进 幅度 戛然而止 根本无法,-1
开声 干嘛 不难 非要 一点点 更好 正常 不是,-1
完胜 肯定 性价比,0
前端 合适 现在 比较 觉得,1
正确 器材,0
机嘛 价位 马兰士,1
最蛋 预热 一点 胆机,-1
监听 耳放 平衡 音箱 还原 有源 前端 输入 抗干扰 音讯,-1
一体机 想法 转盘 买个 现在 反正 估计,0
针脚 双运放 两个 是否 请问 一下 不用,0
相比 天龙,0
玩数播 值得 投入,1
未知,1
声音 看来 估计 支持 起来 不行 大家 数播 乾龙盛 享声,1
多大 复刻 推低 单端 平衡 差距,-1
声音 左右 不错 比较 个人 价格 万元 合理 降到 认为 太贵,-1
不错 感觉,1
刻度 电位器 好像 机器 没有,1
主接 下楼 明显 真的 提升 请问 谢谢,0
顶起,1
基某 双子座 推荐 原线 大佬 一代,1
几块钱,0
假负载 牛单 口和单 遗憾 差别 驱动 输出 这次 端口 后续 平衡 试试 小不点 很大 试听 没有 比较 声音,-1
看用 够不够 机子 胆机 真的 老叶 知道,1
声音 不错 问题 几乎 非常 二代 明显 选择 更好 尤其 三代 均衡 没什么 单端 缺点,1
未知,0
里面 小巧 外形 紧凑,1
出来 事情 论坛 没有 音乐 直接 数字 解码 低端 真的 感觉 音场 对应 明显 两个 转盘 听感 水平 耳放 纵深 整体 音频 差距 耳塞 楼主 芯片 缺乏 描述 以为 试过 那台 一体机 几年 输出 运放 传递 打包 好久 索尼 同轴 反而 带来 几天 赶紧 一无是处 享受 两天 解析度 高清 接耳放 更上一层楼 温润 小型 不停 音响系统 口接 激动 蓝光 原本 新一代 如痴如醉 小朋友 上周 感同身受 感触 到来 突发奇想 影碟机 读用 如同 活生感 高外 八年 不开声 华士 封存 愉悦感 研读,-1
耳机 功能 没用 声场 使用 影响 我用 模式 基本 界面 暂时 厚度 不少 宽松 必须 背景 插口 同轴 作用 好多 非常明显 太差 比直 数码味,-1
电源线 实在 低音 最后 高音 受不了 电饭锅 曾经 有过 完美 换回 好几百,1
厉害 真的,1
更好 厚度 触感 真皮 新旧 差太远,-1
漂亮 一点点 照片,1
觉得 低音 耳罩 素质 难听 音色 黑标 相反 数一数二,-1
对称 瘦身 双面 改回 磁通量 磁铁 新出 新品 好像 结构 降低 现在,1
老二 宇宙 纸板 铜环 黑线 第一 耳机,0
失真 测试 试听 起来 自然 弦乐 脑放 一看 关闭 全都 群一,-1
达成 有算力 乱调 得不偿失 高级 没有 无损,1
解码 选择 素质 更好 不好 同价位 这台 数码味 诗德高 登钰龙,-1
不错 定位 之前 完全 反正 感觉 不能 推开 解析 对比 高音 弦乐 钢琴 散乱 感略,-1
就行 连接 耳放 解码器 明显 使用 前级 没有 建议 比较 可能 失真,-1
柔美 中高阻 小提琴 曾经 莱尔 推推 电流 平衡 容易 价位 同样 精致 太大 难听 韵味 推开 非常 推好 这种 没有 声音,-1
写得 不错 慢慢 帮顶 收藏,1
现在 解码器 楼上 才能 这货 退骚,-1
两只 一只,0
当心 技术 分享 下次 感谢,0
表示 有点 喜欢 舒服,1
安置 仔细检查 插头 知识 相位 补习 着迷 段时间 之前 电源 一下,1
纯耳放版 楼上,0
不吃 没事,0
未知,0
松软 心头 硬邦邦 轻巧 奇怪 找到 舒服 支持 比较 声音,1
价低 成色 感兴趣 价格 正常 回复 不错,1
定位 解码 素质 耳放 价格 一台 部分 便携 差异 大耳 相当于 超过 市场 差不多 推低 驱动 控制力 理想 曾经 阻大耳,-1
梵呗 几声 幻听 合唱 周围 时才 偶尔 意识 消失 一次 突然 发现 还会 听到 没有 声音,0
推出 不同 容易 音色 耳放 平板 音源 感觉,0
声音 便宜 出来 比较 不太 不会 解码 感觉 不能 这种 投入 转盘 更好 大于 一体机 合理 几千 折腾 过得去 网播 集成 外接 投比 会花,-1
清台 浪下 大音 粉上 念头 在线 节奏 换线 认为 发挥 实力 型号 有人 森海 相对 一首歌 风格 一种 监听 人声 低音 当然 好听 声场 二手 不是 不知 耳机 声音,1
放不开 三代 一代 好听 声音,1
大侠 凡是 到处 情况 这种 绝对 不会 论坛 测试 耳朵 知道,0
过机线 搞清楚 到底,0
机对 一说 匹配 满足 所有 一台 机器 几个 已经 可能 耳机,1
支持,1
谨慎 冷门 当然 考虑 器材,0
据我所知,0
音乐 高频 听到 噪音 反而 比人能 灾难,-1
涉及 木声 谈谈 品牌 坛子 可否 楼主 差异 讨论 比较,-1
声音 失真 真的 腔体 相对 设计 频段 改进 带来 声学 完善 老款 听惯 一般化 更失,-1
太贵,-1
已经 好听 听过 单端 推原线,1
两个 难听,-1
耳放难 不好,-1
导流 屏蔽掉 机箱 不仅仅 漏电 杂讯 静电 屏蔽 主板 金属 试试 底噪 明显 接地 机器,0
声音 耳机 耳朵 出来 不是 很多 入门 细节 感觉 这种 推好 低频 喜欢 不行 太大 对比 氛围 万元 轻易 音箱 沉浸 宽松 吊打 大气 差别 太多 带来 烧油 书架箱 声压 错觉 绝大多数 造成 单从 烧毁 差异性 并不需要,-1
放秒 梯子 切歌 顶多,-1
解毒 拆开 中低端 知道,1
看到,0
考虑一下,0
等功 一支 最近 放到 正在,0
人品 一般般 老版 不行 东西,0
过谦 中低端,0
一丝丝 乌托邦 实际 情况 很多 不知,0
惯例 发听感 恭喜,1
内包装 磁通量 真的 知道,0
耳机 必要 上大,-1
有福 楼主 耳机,0
不好 不少,-1
奥菲斯,0
压缩 变压器 动态,0
孩纸 话费 有心 哈哈哈 越来越 觉得,1
应该 之前 文章 来看 没用过 看过 枪文 略胜一筹,-1
单边 不算 真正 平衡 完全,0
积累 过程 认知 经验 玩机 提高,0
基本 讨论 文章 确定 毒文 问问 舒尔 奥利 几篇,-1
没有 人声 听不出 哈哈哈 情感,1
代言 没买 长得 一听 玩意 不贵 耳塞 看到 最后 之前,0
布罩 绒罩 触感 包边 浅点 粮袋 战士 介于 耳罩 不能 感觉 其实 有点 简单 之间 不错,1
出声 耳朵 估计 时间 啥时候 起码 没有 试听 之前 有点 反正 现在 感觉 推好 味道 第一 只能 编制 听过 流行 听听 印象 不好 电影 发现 一点点 女声 说实话 太多 比好 年前 留下 真想 心理 三年 留恋 有过 白牙 坑后 阴影 说真的 一丁点 南京东路 满格 闷声 场窄 原声带 国语,-1
服气 心想 哥们 今天 有用 肯定 真的 线材,0
特意 功放 箱子 选择 不要,0
有点 难看,-1
不会 顶多 曲目 楼主 侧翻 全翻,1
不是 感觉 人声 耳罩 高频 增加 拉开,1
考虑 太贵 能用 一百块 凑合着 塌陷,-1
顶起,1
后者 新出 评测 一体机 差不多 芯片 价位 解码 看看,-1
起来 差距 挺大 银乌 要贵,-1
大乌,0
内置 同轴 普通 芯片 那种 可能 不是,0
老鸟们 谢谢,0
觉得 不到 搭配 系统 二手 好听 推好 以上 价格 听得 水军 情况 合理 上限 必然 营销 太子 衡量 黑衣,1
失真 耳机 不是 里面 比较 问题 很多 动态 直接 完全 不至于 高价 其实 现在 性价比 胆机 基本 水平 调音 确实 平板 耳放 流行 三频 均衡 动圈 至少 方面 程度 性能 技术 乌托邦 大功率 低到 不忍 直视 对耳放 宽容 接上去,-1
耳机 玩玩 东西 试听 需要 现在 离开 听听 箱子 麻烦 极端 下载 生活 实体 好玩 讨厌 先玩 听够 新鲜 那么回事 采取 静养 安神,-1
只试 天乐 硬亮 反而 一次 纯银 电脑 不好 确实 细节 便宜,-1
远点 没关系 最终 音量 听音 耳朵,0
专业,0
气势 这耳放 特点 前端 均衡 森海 出彩 素质 最后 味道 其实,1
声音 出来 东西 看看 音乐 国产 耳放 价格 水准 道理 以后 欣赏 一年 程度 认为 总有 几十年 原厂 莱曼 过些 没到 全民 仿造 不降反升,-1
插反 反掉 心理作用 一个个 声道 正好 发现 信号线 容易 太大 乐器 反接 声场 出现 没有 经常 区别 左右 声音,1
不怎么样,0
下意识 发帖 时间,0
过瘾 本身 编制 古典 杂食 调教 影视 好后 原声,1
收藏,0
声音 跳水 态度 不好 差不多 太高 售后 没说 爱坏 出保 维修费 价新,-1
不错 定位 之前 完全 反正 感觉 不能 推开 解析 对比 高音 弦乐 钢琴 散乱 感略,-1
低频 本来,0
很大 直连 清楚 电脑 数播 差别 大不大,-1
高频 特别 特定 干扰 信号 一声,-1
好得多 早期 价位 选择 一代,1
共识 银线 金星 低频 高频 提升,0
便宜 属实 一趟 肉疼,-1
不是 无损 总是 理解 几乎 系统 实在 完全 个人 起来 现在 感觉 十分 压缩 不同 表现 发现 出色 迷你 被贬 音乐格式,1
考虑 买个 耳放 商家 售后 一票 隐士 投金波,1
未知,1
系统 试听 目前 是否 当然 更好 风格 音频 电脑 表现 开发 这套 兄弟 优异 吹牛 完美 一脉相承 回楼 面试 件套,1
舍长 新年好,1
声音 觉得 不是 分辨 一半 来说 有点 个人 很大 其实 不能 一种 确实 结构 差异 肯定 工艺 差不多 玩表 几千 几十万 走时 精准度 表芯 镶嵌 外壳 体现 智慧 天价 线有 价值 方面 多数 不值 有钱人 不在意 跟表,-1
要选 男声 女声 系列,0
陈淑桦 邓丽君 喜欢,1
声音 比较 支持 舒服 找到 奇怪 轻巧 硬邦邦 心头 松软,1
稳健 中正 英国 大气 机子 德国 保守 中频 韵味 耐听,1
描述 帮顶,1
声音 耳机 区别 佩戴 一下 正在 系统 声场 目前 很大 最好 横向 特点 换个 最大 得出 台式 决定 亲自 重新 费时,1
问题 人声 质量 古典 流行歌曲 不好 不太好 主要 录音 唱片 爵士 港台 优秀,-1
难得一见 真好 写得,1
东西 新手,1
之外 上台 歌德 大耳 有限 当然 需要 提升 耳机,1
声音 不错 耳机 佩戴 已经 时间 有效 几个 完全 第一次 这种 小时 耳罩 某宝 高频 自带 低频 腔体 单元 流行 中频 真是 原线 歌德 后来 平衡 受不了 不同 改善 接触 专用 半个 热情 动感 决定 夹头 原厂 海绵 一家 亲切 量足质 欠缺 盖住 硬质 空心 家长 科技 以换 为本 吃法 留下来 抢劫 耳扇 防沉迷,1
搭配 起来 其实 两个 漂亮,1
底噪 耳放 推都 狗屎,-1
省钱 略微 羡慕 有点,1
麻煩 自找 單體 狀況 分裂 住振膜 儲備 技術 足夠 廠家 控制,0
中介 遍地 假货 吃亏 再细 不煲 闷糊 普遍 加上 多数 来看 类型 耳塞 只能 听感 现在 喜好 估计 论坛 耳朵 耳机,-1
包耳 赫兹 一百 开放 主要 附近 厉害 低频 下潜 不会,1
转盘 不行 舒服 试试 万元 有人 几万 麻烦 数播 硬盘 相信 同价位 能干 入个 买碟 音乐文件 吃个 螃蟹 只能靠 干过 冒险 朋友家 换碟 电脑操作,-1
推荐,0
港台 女声 听感 人声,0
胆味 胆机 不是,0
敦实 更贵 在线 大家伙 网络 比较慢 返厂 看着 国内 有钱人 一体机 有时候 楼主 其实 需要 升级 问题 应该,0
不错 觉得 耳机 耳朵 所谓 一下 不会 量化 下潜 高频 低频 差距 大哥 不少 就算 高于 延伸 差个 差于 二哥,-1
弹簧 隐隐 电话 橙色 饱满 觉得,0
得用 气势 机器 起来,0
胎菊 据说 墨菊 进步 有点 声场 搭配,0
金鱼 缸子,-1
大手笔 新人 老烧 垃圾,-1
不要 现在 系统 目前 满意 折腾 咸菜 观念 恰恰,-1
时针 死机 漂移 鼠标 一模一样 杂音 中断 不断 只用 短时间 程度 楼主 一套 严重 界面 听歌 出现 时间 问题,0
主有 下楼 同感 非常 支持,1
图样 戴松 科学 稍微 一点 测试 耳机 声音,0
晶体 主打 平衡 全部 没错 胆机,0
线少 可比 过线 考虑 问题,0
没说 新出 男人 价位 一台 估计,0
声音 不错 直接 加个 需要 耳放 用功 功放 适配器 大功率,1
组合 同样 帮顶 坐等 更新 台机 配搭,1
同台 暗柔 紧致 推着 松软 蓬松 水润 精细 各有特点 瞬态 速度感 线性 清晰度 更大 百老汇 顺滑 方面 分离 横向 对比 低频 更好 两个 高频 声场 比较 声音,1
耳机 功能 没用 声场 使用 影响 我用 模式 基本 界面 暂时 厚度 不少 宽松 必须 背景 插口 同轴 作用 好多 非常明显 太差 比直 数码味,-1
紫檀 问问,0
大白 有种 歌德 拜亚,0
觉得 区别 出来 升级 明显 值得 音箱 听不出来 脚钉,1
没有 原装 音源 不好 子木,-1
起来,1
占楼,0
声音 官方 搭配 线材 系统 需要 机器 就行了 当然 一台 没什么 排除 楼上 改变 换线 一根 改动 更差 调皮 远比 锦上添花,-1
何庆华 好点 推力,1
机器 居然 以为 操作 享声 联动 宝马 乍一看 第一张 浓眉大眼 学劲浪,1
可能 问题 不会 解码 其实 本身 垃圾 楼主 改善 最大 原因 谷津 调都,-1
声音 可能 问题 感觉 人声 不够 素质 听听 原配 改善 晚上 凝聚 口气 根澄线,-1
膜拜 太强,1
光主 买错 明晃晃 两堆 全貌 开盖 水塘 功放 差点 数播 以为 必要 需要 电源,-1
声音 不错 算个 有点 确实 随身 台机 不太对,1
区别 里面 问题 基本上 前级 以前 机器 好听 非常 理论 音源 情况 推动 八爪 功放 折腾 专业 后级 到位 反而 大力 奇迹 合拍 民用 用用 世通 未为不可,-1
预算 准备 退烧 前端 投资,-1
本地 只播 哪种 资源 网播 这类 同价位 数播 关注 传统,1
高登家 没来,0
主观性 个体差异 技术 加上 差不多 人耳 听音 现在 其实 个人 觉得,-1
好哇 好像 看起来,1
知道 系统 烧友 十万 现在 多年 评价 退烧 搞个 一致 回来 九成 周围,-1
详细 高频 本来 正常 单元 延展 轻歌曼,-1
風格 出強烈 放手去做 應該 感覺 華麗味 限定版 感有 以前,0
美好 看起来 这种 适合 喜欢 动来动去,1
烧友 明白 理性,1
越差 叙事 暴露 明明 太差 感情 古典 明显 入门 问题 出来 器材 高端,-1
毒文 一张 好图 十篇,1
好离 这俩 售后 指标 数字,1
太粗 耳放用 了解 解码器 明显 声音,0
歌会 偏右 奇怪的是 没有 不会,0
知道 耳机 不用 要求 不是 正在 总是 问题 很多 不会 东西 基本上 实在 不了 其实 大都 老板 更好 喜欢 是不是 无论是 开口 音响 反而 平时 成交 无聊 一天 店里 眼神 买卖 快餐 生意 指望 进门 点菜 买单 客人 呆坐 人品 太差 侃侃 投机 精着 光是 十之八九 点想 直说 正忙着 愣头愣脑 自讨没趣,-1
比好 太多 交响 绝对 没有,1
比硬 听海 加听 武汉 直白 回来 一体机 系列 大师 一点 喜欢 高频 现在 真的 直接 不知,1
用测 不准 认真,0
毕竟 没人 看行 自残,1
没人会 能测 办法 原因 大部分 现在 其实 东西,1
年费 付费 品牌 不贵,0
折腾 不想,-1
不错 耳机 要求 线材 手机 比较 动态 音乐 来说 一条 个人 其实 当然 推好 那种 非常 听音 解析 都行 适合 一只 值不值 效果 低频 确实 风格 大乌 音色 类型 控制 配置 推荐 旗舰 动圈 前端 上限 银彩 密度 音染 能量 纯银 改变 号称 属于 现代 调整 编曲 毋庸置疑 电子 想要 非常适合 冲着 首选 大肌霸 超猛 爆型 爽去 样样 不精 真不低 过接 转换头 全面性 强动圈,-1
比较 当然 随便 麻烦 保持 状态 折腾 小巧 线坏,-1
奸商,0
暖烘烘 过个 未尝不可 胆机,0
叶家 外观 胆机 好看,1
就行 高分 平方 买条 淘宝 收根,0
挖掘潜力 柴大 保险丝 避震 折腾 信号线 学习 电源线,-1
比较 没有 目前 素质 调音 风格 精致 差异 歌德 极致 上限 修饰,-1
关注 性价比 正在 一下,0
区别 可能 这种 转盘 垃圾 没什么,-1
不错 有点 感觉 人声 正常 素质 交响 整体 方面 偏下 闷闷,1
距离感 大乌 很大 声场 没有,0
轻音乐 蜻蜓 解析度 柔美 据说 同价位 在于 不足 主要 柔顺 芯片 好像 地方 适合 乐感 不是,1
血本 帮顶,1
解码 支持,1
国产,0
不用说 原因 心里 西装 明白,1
耳机 明白 一堆 折腾 奇怪 新人 卖线 问东问西,-1
几万块 不得 幸福,0
耳朵 感觉 差不多 感上 稍微 讨好 点耐 听度,-1
差距 比较,-1
银乌试 浓郁 一点 喜欢 感觉 个人,1
分享 楼主 谢谢,0
不香 开放式 听音 耳机,0
声音 觉得 推力 明显 高频 更好 不差 比起 一套 平衡 认为 电磁炉 听点 偏弱 更通,-1
不在少数 耳朵,0
找原 测下 花大钱 高讯 金雕 二线 科普兰 翩美 容量 亏了 拆出来 同型号 尽量 下降 欧洲 动手 细腻 翻翻 缩水 几天 品牌 早期 英国 延伸 电容 用料 机子 换掉 美国 全面 旗舰 容易 有空 一笔 不行 质量 素质 声韵 雅乐 意大利 转盘 牌子 人声 进口 多年 买个 能力 其实 个人 提升 不要 动态 建议 问题 里面 帖子 觉得 不错 参数 声音,-1
数据 知道 看看 其实 仪器 传输 不同 一段 差别 检测,-1
不景气 黑胶 君子 卖个 换个 输出 几年 德国 差不多 主要 玩过 上次 其实 起来 不错,-1
文件格式 比不上 设计 成熟 说明 整体 经典,1
觉得 帖子 比较 建议 起码 动态 二手 电源 来说 起来 机器 感觉 解析 味道 听感 地方 还好 西装 整体 有个 价位 三频 胆放 习惯 玩家 试试看 退烧 参考 楼上 隔壁 属于 一流 收个 一体 中庸 外面 及格 吸入式 接个 推听感 万机,-1
烫伤 真的 声音,1
这货 当纯 不能 解码,0
冷屏 不分 分高 口味 低级 风格 素质 解析 不能 个人 没有 声音,0
五样 确有 大耳才 超好 高码 片源 各有千秋 入烧 银子 老三样 桌面 听个 轻松 不想 等于 单纯 旗舰 极致 便携 古典 第一 性价比 现在 不要 设备 不太 已经 器材 起步 要求,1
挺久 无奈 机子 口水 地方,-1
尴尬 感情 有点,0
低音炮 威武 地板,0
没法,1
听课 无线 头戴 蓝牙 音质 方便,0
发售 火星 不是 事情 知道,0
厉害,1
前端 不好 之前,-1
我收 来得 比不上 收不到 大白 下来 升级版 失望 感兴趣 震撼 歌德 合适 喜欢 好听 完全 二手 耳朵,-1
好多 忘记 索尼 以前 可能,1
推直 谢兰图 听响 手里 足够 后来 当时 好听 之前 手机,1
非常明显 空气阻力 波受 频率 变成 能量 密度 开放式 中频 影响 提升 一定 毕竟,0
精度 还好,1
做工 垃圾,-1
准备 以上 预算,0
参数 音频 试试 差不多 运放 挑个,-1
杰米,0
直接 评论 都还没 心急,-1
专用 电流 推低 差不多 阻高敏 插上 算是 耳放 的确 明显 铁三角 耳机,-1
各大站 紫檀 分享 下载 基本 以前 音乐,0
手机 很多 不会 概念 提升 解码 耳放 高级 同意 没什么 上限 下限 同化,-1
不错 之间 定位 不是 调音 总结 黑标 单纯 改版,1
麻烦 可否 版主,-1
黑豹 静电 靠近 老板 推好 前排 请问,1
耳机 人能 不是 差评 一两个 好评 广受 防止 有托 更要 慎入 翻案,-1
耳放 比较 好奇 编号,1
时间 几个 需要 下去 反正 现在 小时 第一 暂时 平衡 折腾 原厂 安静,-1
会换 接下来 架子 楼主,0
很迷 推荐 声音,0
有点 高端,0
耳机 喜欢 三个 经典 手头 留着,1
一楼,0
不是 系统 之前 垃圾 有个 整个 导致 无线 打印机,-1
加上 二手,0
知道 觉得 比较 设备 请问 不够 了解 楼主 录音 专业 采样 歌曲 判断 廉价 混音 师调,-1
知道 觉得 线材 问题 没有 电源 能力 大部分 容易 情况 不同 至少 参考 电处 折腾 降噪 正经 没用过 频率 标注 抓瞎,-1
区别 耳朵 听不出 必要 办法 太木,-1
声音 电源 树莓 不好 普通 线性 派用,-1
需要 有点 最近 二代 平板 同意 煲机 惊艳,1
网线,0
不看 出个 翻倍 价格 翻车,0
可能 比较 好奇 究竟 下欧 欧差,-1
发抖 瑟瑟,0
耳机 喜欢 三个 经典 手头 留着,1
镁铝合金 独特 有种 染色 中频 自然,0
觉得 电源线 国标 成本 垃圾 划算 一米 看样子 黑水 没贵 多点儿,-1
轰头 放松 官配 变成 有意 索尼 暖厚 刺激 确实 拿到 上面 比较 可能,-1
折腾 够用 矩声,-1
外围 远比 复杂 电路 设计 不少 成本 正常,0
问题 机器 是否 最好 听说 听音 对比 马兰士 类型 不好 不少 因素 抛开 人云亦云 听耐 先入为主,-1
人生 万去 赤壁 极品,0
传统 水准 放大器 老牌子 购买 一台 相当 音源 当然 前级 建议 耳机,1
更好 效果 心疼 脑袋 烤坏,-1
补鞋匠,0
退烧 心态,-1
胡吹 好别 过河 小马 这有 试下 退货 找个 条件 耳放 适合 纠结 支持 问题 耳机,-1
奇怪 楼主 听过 真的,0
出渣 牛头 基准值 调教 玩意儿 黑椒 摄影 有用 重要 档次 类似 有点 器材,1
应该 还要 重量 差不多,-1
太监,0
客服,0
互有胜负 大白 超过 厉害 这种 比较 觉得,1
舒服 佩戴 不错 声音,1
耳机 一条 打算 看到 身上 潜力 这支 好好 调教 银线 越级 打怪,1
浏览 砖装 安卓国 其乐无穷 里头 虚拟机 自带,0
第一支 耳机,0
希望 网页 手机 总是 无法 退到 一层 做好,-1
排山倒海 重低音 隔壁,0
声音 高端 一定 已经 不会 解决 说起 解码 那种 界面 肯定 接口 从此 模拟 吊打 不想 短板 协议 忘记 新出 低价 通用 不仅仅 一出 再也 末日,1
插座,0
耳机 放在 好听 明显 地方 一台 音箱 箱子 录音室 太多 不想 放弃 过段时间 窗户 客厅 反射 吸音板 好端端 书房 副司令 回血,1
复杂 试试 解析 声场 已经 觉得,1
顶楼 热心人,1
不用,0
比如说 两位数 保有量 实际 玩家 严重 最后 几个 很多 问题 可能 耳机 知道,0
路过 不了,0
响起 大法 练成 反思 最后 音乐 正在 耳朵 参数,0
感觉 低频 不好 第几,-1
版才 优化 绝版 蓝色 之王 性价比 听感 人声 现在 已经,0
淘宝 棉被 打折 高仿 掀掉,-1
哈哈哈 韵味,1
不到 收个 不难 一千 欧直,-1
不是 正常 更好 一点点 非要 不难 干嘛 开声,-1
手雷 比较严重 有用 音箱 有人 必要 底噪 本身 明显 系统 问题 测试 区别 耳机,-1
耳机 有点 细节 非常 特别 音源 喜欢 不行 容易 系列 表现 不少 出好声 好些 折腾 跟不上 薄刺 比系,-1
苏丹 干掉 问加 能否,0
硬道理 品牌 不行 感觉 现在 就行了 试听 器材,-1
失控 香炉 多个 毛病 不满 适配器 控制力 阻抗 楼主 部分 耳放 地方 低频 高频 其实 需要,1
铁家 以前 好看,1
理解 支持 欢迎 谢谢 烧友 大耳 台式 合作 系列产品 牛牛 大顺 春节快乐,1
耳机 性价比 帮顶 相比 不好,-1
冲动 选择 不是,1
觉得 耳机 不是 东西 最好 耳罩 解析 适合 音量 舒服 机会 不少 刺耳 缺点 换个 偏科 优点 头疼 力高 放低,-1
缓冲 设置 太小,0
一年 啥子,-1
失真 耳机 表示 真的 低音 人声 明显 听得 舒服 程度 从来不 加强 拉近 变味 兴趣不大,-1
手雷 纯净 难道 改变 一点 买过 没有 核电 根本,-1
天鹰 正常 二手,-1
已经 升级 最好 风格 恐怕 换个 互补 手中 并小有,1
失真 应该 素质 自然 真实 越高,-1
发布 今年 月初 这是,0
事情 不是 问题 已经 解决 干扰 主机 专机,-1
学习,0
这不移 新手,0
一体机 耳放 解码 应该,0
插座 方面 上面 有点 建议 估计 问题 声音,0
有点 蛋疼 确实 貌似 短板,-1
过渡期 尼龙 黑色 一点 感觉 产品,0
听不出来 很多 觉得,0
学习,0
耳机 不会 好听 绝对 用来 胆机 音量 不好 控制 功放 没试 石机 大功率 回事 有事 推和大,-1
关税 好像,1
太难受 问题,0
老外 非常 最近,0
不是 里面 最好 解析 高频 最高,1
像是 升级版 评测 感觉,0
事情 非常容易 一件 线材 出来 达到 搭配 一定 器材 级别 区别 觉得,1
沙发,0
强迫症 整齐 感觉,1
耳机,0
神龙 速速 四个 呼唤 许愿,-1
顶一下 必须,1
智商 比较 发烧友,0
耳机 好听,1
耳机 不是 功率 退烧 买套,-1
耳机 二手 设备 目前 关键 其实 非常 性价比 三个 开放式 封闭式 听到 价位 玩过 极致 场景 旗舰 始终 最初 稍微 仅仅 张扬 专业 包括 评测 出掉 目标 一圈 重复 振膜 出街 出差 运用 难选 服役 群友 三千 大多数 直到 多多 用途 没蹭 心仪 多月 生物 大耳后 调试 用用 本坛 可折叠 携带 站得住脚,-1
声音 觉得 耳机 比较 不会 动态 个人 感觉 下潜 低频 平板 箱子 残响 适中 薄收,-1
五金店 尽量 环节 微机 包括 每个 听歌 注意 不要 线材,0
拓扑图 画个,0
难听 喷子 几年 黑暗 总有 喷要 商场,-1
金乌 劲浪 套装 做个 个人感觉 便携 大乌 风格 喜欢 不错 声音,1
预警 高能 三代 调音 最好 试听 佩戴 声音,1
跟表 不在意 有钱人 不值 多数 方面 价值 线有 天价 智慧 体现 外壳 镶嵌 表芯 精准度 走时 几十万 几千 玩表 差不多 工艺 肯定 差异 结构 确实 一种 不能 其实 很大 个人 有点 来说 一半 分辨 不是 觉得 声音,-1
这店 城市,0
不行,0
樱桃 耳机,0
好看 觉得 看起来 复杂,1
不是 可惜 音质 干扰 主机 显卡 大户,-1
好像 不太好,1
里面 手机 方便 音乐 注意 以上 非常 以内 秒杀 界面 确实 对比 万元 全部 不好 电加 线电用 播放 个数 控制 赏心悦目 不太多,-1
出来 很多 二手 选择 电脑 差不多 谷津,-1
确实 方便,0
大家 比较 耳机,1
声音 耳朵 森海 玩过 听不出来 真假,-1
说话 品牌 实力 最后,0
好久没 复杂 电脑 有点,1
素质 乐感 没有 不是,0
屏才 根坑 难道 明显改善 听感 升级 期待,0
耳塞 退坑 留下,-1
试听,0
看着,1
对抗 旗舰 赶快 神器,0
配合 素质 解码,0
抓个 大佬,0
确实 原线 过于 好手,1
坐等 跳水 买个 玩玩,0
好不好 耳放 平衡 單端 問題,-1
一下 很多 电源 音源,1
声音 有点 选择 低频 三代 精致 均衡 追求 超过 程度 细腻 两代,1
区别 没有 过程 产生 本质 插入 放入 庄严 闪存盘,1
到底 牌子 英国 假洋鬼子 剑桥 正宗,-1
声音 觉得 应该 比较 难以 很多 没有 音乐 完全 感受 感觉 非常 解析 听感 调音 尤其 经典 差距 赞同 巨大 来讲 接近 优势 刚刚 替代 售价 真实 感到 调教 后者 注定 好几年 仿佛 恰到好处 拿捏 融入 置身 时空 老练,-1
代表性 跨行业 玩家 往往 审美,0
能分 测试 无损 出来 一定,1
动手 能力,1
鉴别能力 初烧 变成 指标 方案 老烧 满足 西装 更好 研究 不了 预算 一下 一定 不用,1
黄浦江 邪恶 家伙,0
耳朵 只能 不好 说直,-1
真的 好像 发现 几年 之后 理由 退货 京东 猛男 退假 无数次 没天,-1
恭喜 高端,1
一定 支持 道理 楼主,1
电脑 建议,0
未知,-1
范围 定位 希望 无法 可能 问题 几乎 系统 支持 解决 电源 设备 简单 之前 接受 完全 需要 使用 影响 关键 当然 这种 变压器 模式 不可 降低 拥有 所有 测量 放大器 并未 减少 同样 相比 容易 放大 噪声 高度 巨大 意思 电阻 功率 芯片 情况 保持 内部 还会 不同 一部分 稳定 输入 设计 电压 多数 变化 出色 必须 输出 噪音 导致 电流 输出电阻 实际上 电路 这是 设置 很难 处理 分开 线性 外部 更加 调整 原因 是因为 最小 晶体管 之后 工作 开关电源 最终 集成 滤波 滤波器 完成 目标 并非 基于 方法 进行 大量 散热 具有 能够 结合 仔细 电缆 频率 负载 调节 想要 优化 提供 混合 控制器 响应 阻止 瞬态 来自 下降 衰减 引入 解决方案 尽可能 做出 回到 电感 仍然 区域 快速 路径 走线 远离 这会 低电压 最快 相同 之上 意味着 可调 开关 称为 进一步 带有 维持 带宽 周围 二极管 稳压器 降压 转换器 组件 广大 音频设备 直流电源 内当 耗散 散热器 不致 过热 低噪声 任务 布局 开关电路 地层 这为 开关电流 电容器 浪涌 通路 纹波 电感器 非线性 入口 经由 最低水平 其后 抑制 兆赫兹 相移 快关 误差 振荡 保持稳定 低压 这使 附加 差分 远距离 感应 两级,-1
铝带 平面 耳机,0
没有 楼主 完毕 解毒,1
耳机 真的 音量 每次 有种 摘下 错置 大哭,-1
天籁,0
轮廓 推铁三低 出个 力士 放心 推过 单端 没有 问题,0
你好 请问 区别,1
中频 路过 小白 完好 凹陷 那列,1
准确 真实,1
费用 全套 达斯 加成 旗舰 厉害 确实 效果 听感,1
受到 相关 开展 组织 期间 会员 活动 大家 展会 欢迎 一定,0
几家 貌似 厉害 上面,1
能直 可怕 居然,0
电脑 请问,0
声音 不错 来说 之前 感觉 十分 乐器 听感 低频 比起 整体 楼主 一点 同意 每个 分离 缺乏 不少 依然 属于 现代 具体 缺少 上个月 朦胧 透明度 柔美 直通 音乐厅 欠缺 摆在 马马虎虎 形象 眼前 整体感,1
天聊,0
耳机 必要 折腾 差别 那点,-1
机动 功放 上去 特定 不能 几个 帖子,0
带上 耳放去 找个 解码 试听 时间,0
安心,1
火星 半年,0
算个 一下 定位 自我 耳朵,0
罗马尼亚 君愁 包邮解 一看 生产 假货,-1
决策 友人 巨额 吃螃蟹 贬值 进进出出 大幅 风险 结合 适用 差钱 新鲜感 经验 折腾 参考 玩家 出手 追求 楼主 减少 理论 适合 当然 来说 建议 不是,-1
华语 英语 非要 奥产 适合,0
属性 森海家 相反 匹配 灵敏度 一体机 肯定 针对 不太,0
办法 单端 端的 有时候 平衡 原线 大部分 系统 问题 一定 浪费 不用 觉得,-1
半瓦 太子 勉强 飞傲 上台 效果 研究 推力 以上 其实 绝对 低端 建议 高端,1
肯定 物理 好好学,1
退烧 喜欢 胆机 直接,-1
完爆 推好,1
垃圾 好些 昨晚 半夜 直到 这会,-1
进出 不太敢 顾虑 老款 之旅 新派 下手 同价位 一致 用过 平衡 基本 性价比 现在 机器 前级 音乐,0
大菠萝 签名版,1
差个,-1
工业 很全 金波家 设计 始终 推荐 价位 调音 水平 很大 空间 提升 功能 产品,1
留着 目前,0
前端 耳机,0
有断 重新 就行 肯定 附近 地方 插头 买个 最好 不要 里面 一下,1
纯甲 电流 功放 的确 其实 不错,1
比调 常规 强多 操作 音量 系统 不是,1
加一点 二手,0
速度 力量感 差强 柔顺,-1
机箱 上能 金耳朵 机架 到哪去 搞个 电脑 楼主 放在,1
好听 感觉 人声 女声 男声 中正 比厚,1
未知,0
两头 曲线,0
估计 二手 好听 非常 人声 性价比 胆机 推荐 推出 无敌 冒死 千把,1
眼花缭乱 越前 看出 突出 耳机,0
甩头 全家 离谱 偏重 分布 加上 主要 类型 容易 重量 单元 只能 明显 耳罩 存在,0
收个 播放器 要个 前端 至少 价位,0
不要 好听 耳罩 越久越 再烂,1
未知,0
应该 手机 估计 需要 我用 推力 肯定 不好 系列 上台 未必 随身,-1
收纳盒 能装 剃须刀 顺便 样子 看上去 他家 电源线,0
现在 口碑 很漂亮 隐士,1
觉得 非常 不错 一种 选择,1
得瑟 出门 即可,0
买太老 机动 胜过 年前 未必 状态 老化 单元 明显 建议,0
可能 数字 解码 一种 同样 线路 模拟 差别 换个 现代 是因为 滤波 不怎么样 发生 很小 做得好 巨大变化,-1
电源线 系统 没用 别人 清楚 口味 摸奖,-1
参数 音频 试试 差不多 运放 挑个,-1
蓝色,0
机线 一体机,0
呵呵 别人 起码 进去 懒得 不明 标题 斑竹 支持 知道 根本,-1
旗舰 听过 东西 少数 没有,0
不错 肯定,1
存在 耳朵 所谓 好听 风格 不好 改变 有用,-1
顶一下 感受 慢慢 积累,1
好出 北美 相当 二手,1
出声 耳朵 估计 时间 啥时候 起码 没有 试听 之前 有点 反正 现在 感觉 推好 味道 第一 只能 编制 听过 流行 听听 印象 不好 电影 发现 一点点 女声 说实话 太多 比好 年前 留下 真想 心理 三年 留恋 有过 白牙 坑后 阴影 说真的 一丁点 南京东路 满格 闷声 场窄 原声带 国语,-1
耳机 现在 推力 难为 别用 国砖 差得 大块头 老远,-1
个人 细节 解析 性价比 素质 更好 耳放 一台 方面 超高 认为 不比差,-1
电源线 出来 不太 需要 细节 音源 耳放 合适 功率 分析 功放 后级 看用 主流 动力 大功率 合并,1
二手 很大 考虑 感觉 买个 监听 随便 价格 开放式 差距 几百 一手 即可 舒尔 强烈建议 一两千 成名,-1
真可怜 背着 勉强 本来 电源,1
神塞 真心 推荐,0
残废 干冷 低频 本来 声音,0
实测 无线 网线 连接 泛音 信号 发现 通透 增加 确实 声音,0
有点 驱动力 介绍 打退堂鼓,-1
轰隆轰隆 颤抖 震得 一字版 最老 皮肤 低频 感觉,-1
声音 可能 个人 认为 很难 修好 感觉不好 线断,-1
兼修 内外 漂亮 质感 更好 实物 机器,1
支持 学习 好文 文章 刚入 台机,1
其实,1
自我 完全 感觉 这种 意义 不大 调音 对比 天龙 拿来 曲线 目标 太远 放飞 风马牛不相及,-1
真是 漂亮 木壳,1
声音 觉得 区别 比较 软件 没有 使用 我用 明显 味道 对比 测量 模拟 回路,1
差强人意 大菠萝 部分 耳放 适合 解码,-1
反映 连接 裸线 更稳 之后 拧紧 面积 接触 接线柱 说法 隔壁 功放 更大 头子 有人 需求 大佬 更好 直接 建议 声音,1
铝箔 两层 询电 不贵 分离 试试 事情 知道,0
声音 耳机 不到 系统 升级 调音 拥有 需求 森海 一段时间 满足 一个月 两年 听度 无奈 把玩 差强人意 某鱼 各有特色 未能 一哥 领略 独到之处 廉颇老矣,-1
概不考虑 确实 以上 现在 耳机,0
好看 界面,-1
大乌贵 实价 楼上 好几千 性价比 谢谢 应该,1
左右 不是 里面 问题 版本 最近 解码器 播放 必须 插件 新帖,1
器材 喜好 感觉 听音 评价 不同 每人,1
不用 大佬 图片 写光 一片,1
早起 路过 帮顶,1
低音 飞机 轰鸣声 火车 地动山摇,-1
驱动 前端 楼主,0
比较 做到 知道,0
不好 主要 接口 阻抗 配比 一根 眼神 水口,-1
填上,0
骗来 出名 限量 一天 之后 手里 编号 所有 耳机,-1
声音 耳机 建议 更好 平衡 上耳放,1
还要 可能 问题 绝对 音源 刺激 大部分 原线 不耐 恐怕 改善 耳机线 原因 反而 走错 造成,-1
声音 不错 舒服 干净 比榭兰图 戴久 耳挂,-1
很快 舒服 老婆 睡着,1
知道 觉得 有没有 应该 搭配 二手 个人 好听 其实 家里 解析 乐感 素质 合适 相对 万元 一手 德国 精工 人出 赛乐士 两万左右,-1
常用 两个,0
能播 五星级 交易 铁饭 宾馆 当年 大奥 好像,1
年代 楼主 耳罩 之前 看来,0
多高 危险 随身 电压 胆放 感觉 知道,0
里面 高频 低频 好像 中频 情况 塞子 耳膜 发现 混合 外面 头颅 脱节 好几块 圈铁,-1
还好 天龙,1
有着 碟机 重量 绝对 东西,1
有功 耳放来 有源音箱 绑定 功放 推好 解码 需要 直接 已经 存在,1
不会 设备 接地 好事 地线 噪音 导致 共同 没地线 相连,-1
收敛 一点点 齿音 清楚 一点 好像 应该,1
感觉 不好 更新 尺寸 红芯 小点,-1
生气 插队 开车 上班 早上 别人 可能,0
直接 耳放 不行 原线 不好 前端,-1
个场 路过,0
不管怎么 升频 好听 一下 声音,1
西门子 富豪 大盾 飞利浦 试试 性价比 玩玩,0
知道 以上 厉害 至少 试过 升频 大神 最新 滤波 之处 版升频,-1
大珠小珠落玉盘 琵琶 瑕不掩瑜 些许 夜里 安静 赞成 缺点 听听 感觉 不错,1
闷闷 偏下 方面 整体 交响 素质 正常 人声 感觉 有点 不错,1
谷津 适合,0
声音 一层 没有 影响 插头 上面 质量 严重 过度 不好 处理 镀金 表面 彻底 薄薄的 涂层 这层 金掉 褪色 玩完 闪亮 接触性,-1
倍频 乘以 外频 超频 一刀 回去 笔记本 为啥 电脑 讨论,0
这耳放 明智 楼主 选择 不错,1
差距 正常人 频响 木耳,-1
舍弃 当做 就行 音质 便携 选择 发烧 接受 补充,0
魔石 绝配 一体机 推荐 解码,0
做工 歌德 外观 铁三角,0
质量 价格 不好 不贵 定制 上边 几番,-1
底噪 耳放 推都 狗屎,-1
某宝 垄断,0
不少 闲鱼 说实话 好几个 卖出去 看见,-1
胡扯 发现,0
新机种 发表 貌似 后续 好像 拜亚,1
不行 真的,0
前排 帖子,1
不错 没法 应该 关键 顶多 低频 流行 中频 平衡 准备 以后 上台 搞定 想想 随身 几天 要愁 很惨 薄得 也许 周年纪念 达斯 线多值 厚声 应付,-1
支持 机器 效果 不配 格式,-1
声音 左右 应该 不到 不是 比较 建议 最近 那种 状态 差不多 几年 木头 改进版 距今 要收 新型,-1
真理 盲听,0
摩尔定律 不为过 二十年 不像 原因 限制 十年 性能 两年 主要 电脑 来看 芯片 早已 明显 一代 解码 提升 来说 手机 不是 声音,0
监听 耳放 平衡 音箱 还原 有源 前端 输入 抗干扰 音讯,-1
北京 请问 试听,0
自顶,1
搭配 一下 无法 问题 感谢 感觉 最近 二代 研究 小不点 打算 楼主 准备 推荐 发挥 单端 遇到 淘宝 多谢 威力 情迷 无奈 老师,-1
真不知道 音频 特别 其实 区别,0
发烧级 好几百 下墙 装修 商店 定稿 好几下 电线 两根 换上 折腾 镀银 一听 普通 居然 最后 那种 家里 帖子,-1
编制 不太可能 觉着,1
真香 每年 劝退 正版 一次 发现 盗版 韭菜 直接,-1
区别 耳朵 可能 时间 几个 简单 提升 明显 只能 音量 相对 情况 目测 多数 感上 基本一致 差别 增益 迎合 唯独 频谱 原文件 对齐 截取 相同 段落 最讨喜,-1
便宜 好看 数据 周年 达音科,1
说法 赞同,1
三个,0
耳朵 广东 真心 索尼 几条 升级版 北方 真香 录音师 保暖,-1
声音 拜亚 正常 不怎么 糊味 喜不喜欢,-1
还要,0
欲罢不能 微妙 新年好 就让 美滋滋 说不出 去年 万多 今天 奥产 差别 感上 依旧 很少 几万 差距 听到 太大 耳罩 感觉 国产,-1
还要 问题 没有 现在 值得 基本 真是 歌德 型号 还会 在于 导致 一万 之后 首发 降价 安润 涨价 发布 全系 特价 往后面,1
反而,0
最合适,1
不到 国内 貌似 代理 弄出来 骗钱 货官,-1
品质 码率 文件 等于 不行 本身,1
未知,0
热熔胶 固定,0
东西 价格 不好 涉及 明说,-1
不太耐 担当 日系 销量 女声 单端 铁家 算是 交响 确实 调音 适合 可能 耳机,1
两次 路过 帮顶,1
用用 定论 先别 说不定 一只 最后,0
耳机 真是 音量 认为 心疼,-1
吹出来 机子 只能 出来,1
替代品 全面 重要 一点 升级 没有,0
仿机,-1
耳朵 当然 不好 不少 总会 没煲 听多煲,-1
收才行 再收 折腾 经历 帮顶 本来 最近 感觉,-1
介绍 支持 不错,1
跑的快 论来 做出 认可 能够 国内 芯片 厂家 一件 产品,0
不是 可能 问题 没有 选择 效果 是不是 交响 追求 不好 还原 满意 永远 录音 输出 位置 最终 太远 想要 究竟 混音 现场 疑问 循环 成品 感而 现实 高斯 指挥,-1
网段 文件夹 直观 漂亮 同一 遥控 控制 曲目 界面 直接 东西 手机 不用,1
更何况 更高 两年 一体机 前端 旗舰 绝对 好听 没有 级别 要求,1
推出 气势 系列 喜欢 适合 声音,1
北非 北欧 国外,0
没有 电源 再生 电池 比强,1
买买 差不多 这店 元器件,-1
难办 山灵 音质 看看 要求,0
犊子 必然 复刻 超过 基本 可能,0
六万 调节 增益 不能,0
地球 引领 科技 玩意 觉得,1
功能 比较 数字 解码 听说 保留 太小 纤细 功率 入手 实际 刚刚 更大 功放 甲类 现代 转换 双木三林 输出功率 有所 没用过 标注 外表 厚重 外观设计 自动 天逸 天逸是 附带 乙类,-1
很多 动态 看看 买个 意大利 喜欢 风格 每个 美国 德国 华丽 大气 差别 挺大 细腻 柔美 一步到位 加拿大 温润 机有 淋漓尽致,-1
面包 出掉 功放 帮顶 买个 总是 不是,1
耳机 手机 当然 最近 基本 以后 功放 作用 体会 高敏易,1
舒服 听说 耳罩 耳朵 佩戴,-1
仿耳放 机个 好像 感觉 买过,-1
线断 感觉不好 修好 很难 认为 个人 可能 声音,-1
看来 大耳 封闭 退烧 办公室,-1
不行,0
指路 从没 目标 歌德 玩过 看来,1
产品 比较 买过 性价比 便携 不少 享声 第一代 还算 越卖 越贵,1
进来 学习,0
安定 机器 不够 以内 只能 万元 背景 频段 突兀 差强人意 感差,-1
拥有 好听,1
放心 问题,0
知道 系统 烧友 十万 现在 多年 评价 退烧 搞个 一致 回来 九成 周围,-1
范围 不错 觉得 耳机 可能 比较 放到 影响 考虑 这种 变压器 解析 适合 耳放 合适 低阻 一点 适应性 实力 发挥 单纯 一体机 输出 可能性 经验 更高 想要,1
一句 不想 七天 理由 退货 听听看,-1
耳机 有点 感觉 低频 调音 大耳 习惯 不好 怪怪的 第一个 日系 劝退 轰头,-1
不错 呵呵 细节 确实 价格 透明度 揭示,-1
戴绒 出汗 宽松 舒服 很多,1
铁三角,0
音乐 有点 人声 友好 不好 录音 毛刺 太尖,-1
康复 运动,1
耳机 耳朵 出来 没有 那种 听感 一点 分享 顺便 同感 人买 辣鸡 参考性,-1
不错 耳机 有点 受不了 只好 夹头 作罢,1
电器设备 贵重 防电 同为 公牛 电插座 防雷 小钱 抵御 高峰期 兴许 八达 线尊 杨阳 起到 多点 无非 用电 安慰 有无 心理 保护 能够 损失 滤波 作用 插座 品牌 排插 做工 认为 太多 提高 保证 就算 用料 干扰 机线 用个 普通 价位 音质 不差 声韵 明显 买个 图个 现在 当然 考虑 就行了 影响 个人 声场 动态 没有 里面 功能 出来 一定 声音,-1
失真 问题 已经 版本 以前 太小 低阻 音量 所有 功率 不少 输出 驱动 最新 管子 钻石版 驱动力 削顶 钻石 改用 输出功率,-1
马勒,0
通用 推动 主要 森海 耳放 是不是 拜亚 耳机,0
声音 觉得 耳机 音乐 声场 推好 高频 适合 用来 素质 中频 唯一 欣赏 听会 听久 寡淡 不比差 薄不耐 一服,-1
插深 硅胶 稍微 试试看 试试 一点 楼主 原装,0
说错 没影 同城 同好 要来 互相 几句 电话 知音 几天 没事 交流 以后 有个 开心 真是 不够 觉得 知道,1
教授 哼哼 荷包 勉勉强强 鼓鼓,1
美诗 二手 知道 左右,0
支持 国产,1
我晕 一脸 一声 大喊 供电局 电表 换成 进口 没有,0
呵呵 准备 一米 水线 入闲鱼,-1
和歌 沐声 分开 纯耳放纯 一体机 推荐 购买 诗德 解码 建议,0
喜欢 明白 试试 说明 塑料 两天 磁铁 磁力 不强,-1
拜亚 容易 没什么 头梁 修复 办法 头疼 卡扣,-1
耳朵 来说 性价比 素质 调音 舒服 六百 完成度 完整性 堪称一绝 一堆 吊打 永远 最讨,1
歌曲 播放器 我用,0
沙发,0
进去 这种 明显 差距 个人感觉 加上 调教 有过 不开,-1
糊到 听过 搭配 耳朵,0
好看 觉得,1
避雷 分享 感谢,0
脚步 紧跟 我能 好好学习 楼主 研究 音乐,1
钢性 镀层 分割 越小越 震动 增加 单元,1
起码 牌子 厉害 马兰士,1
觉得 耳机 出来 帖子 本来 楼主 看着 后能 行情 彻底 冲一波 无缘 穷学生 低迷 一两年 咬牙,-1
考察 东家 下手 原来 意思 最好,1
没有,0
知道 几乎 反正 我用 界面 光纤 输入 驱动 延迟 缓冲 大小 调整 最小 之后 专用 挡位 可辨 转是,1
钟有 同轴 用不着 界面,0
论坛 放毒 退烧 不上 神仙 各路,-1
封印 小乌 偏下 性能 才能 得来 大乌 流行 编制 换成 高频 耳罩 非常 不了 声场,0
刷刷 用牙 丝网 尼龙 脱胶 审视 尽情 纸板 友情 下水 提示 千万别 是否 音乐 知道,0
不要 耳罩 楼主 差不多 老换 换次 裂口,-1
德德玛 喜欢 真的,1
多变 一头雾水 高斯 可选 比足 顶尖 大耳有 总得 动辄 七七八八 一道 影音 惊艳 不失为 想要 萌新 不配 初烧 长期 昂贵 这点 持有 推得 同价位 奇怪 今天 经验 比好 解释 潜力 替代 说实话 程度 体验 前端 没什么 表现 千元 老烧 电脑 告诉 肯定 习惯 容易 特色 大耳 开放式 价格 喜欢 确实 素质 听感 选择 适合 特别 解析 明显 听音 不能 感觉 现在 其实 感受 声场 概念 二手 预算 没有 很多 理解 无法 不是 一下 一定 器材 耳朵 佩戴 耳机 左右 声音,1
不错 好听 非常 素质 退烧 够用 耳放接 绕过,-1
不好玩 弄断 胆大心细 引线 手艺 真的,-1
建议 不要 前级 耳放 好点 后级 换个 管子 整流管 德根 管别,1
没有 二手 价格 差距 不值 多大 三倍,-1
意思,0
不用 线材 需要 楼主 就算 蓝牙 电线 充电器 骗钱,-1
以下 千元 旗舰 箱子 下潜 现在 不到,0
用心 好文 支持,1
功课 做做 流行,0
升值 比特 交易 变成 以后 空间 估计,1
刺激 高阻 很稳,1
这俩 一倍 整整 价位 不是,0
强倍 组合音响 音质 现在,1
买个,0
噩梦 咸菜,-1
声音 一下 建议 别人 这种 喜欢 对比 相对 结像 入手 浑厚,-1
一机 莱尔 搞定 输出 不香 播放 解码,0
好多 安安 人读,1
缺陷 听会 发现 耳朵 不错,1
支持,1
详细信息 加入 交流 欢迎 知道,0
上不起 最求 计划 割爱 穷人 那位 最后 耳机,0
耳朵 证明 证据 不作数,-1
有大 沉迷 不可自拔 上心 今年 据说 动作 市场 消费 最近,0
声音 参数 存在 不错 高端 不是 可能 问题 很多 没有 动态 解码 细节 关键 其实 感觉 非常 不够 模式 解析 味道 高频 特别 两个 听歌 性价比 韵味 算法 低频 自然 价格 中频 一点 大部分 用户 电阻 芯片 内部 不太好 缺乏 全面 实际 设计 天价 国内 一点点 导致 升频 看着 王者 潜力 电路 流畅 很难 并联 差一点 缺少 滤波 歌曲 转成 最高 不小 回事 下来 分立 挖掘 一众 变差 比要 到头来 高性价比 分立式 精度 噪大要 缘故 难通 几片 产商 搞升频 分路 做纯,-1
其实 入门 差不多,-1
一般般 其实,0
区分 同意 无损 出来,1
看置顶 投票,1
感谢 顶楼 主求,1
厚暖版 增强 解析度 低频 一只 下潜 简单 来说,1
觉得 建议 试听 不好 满意 别提,-1
省钱 差不多 恭喜 觉得,-1
够低 兼具 没得说的 忍受 品控 做工 价格 确实 调音 素质 其实 不错 声音,1
没准 账号 真有 绿坛,0
明年 继续 升级 二手,0
脱箱 摆位 声学 老古董 处理 真力 音箱 解析 这种 细节 不了 声场 不知 耳机,1
静电 真心 听音 喜好,1
亮暗 厚薄 同价 不惯 头戴式 一千 头戴 吊打 大耳 耳塞 风格 调音 厂家 耳机 声音,1
未知,0
东西 明显 不好 向下 倾斜 太偏,-1
有换 还原性 指点 多些 参考价值 更加 耳机线 分享 体现 老烧 古典 适合 人声 这种 谢谢 系统 帖子 希望 知道,1
版主 可否 麻烦,-1
觉得 搭配 不会 听音 适合 难听 一体机 长期 绝配 惊艳,-1
台式 放弃 大耳 选择,0
知道 耳机 烧友 解码 音源 调音 耳放 针对 困难 交流 咸菜 找个 冷门 过于 放该 少有 一个个,-1
奥丁 看宝 线假 假线 丝带 成品 一片 不少 知道,-1
耳机 估计 系统 没有 升级 提升 实在 感觉 推荐 一起 后期 惊艳 只管,1
半个 版要 信息 今天 收到 伺候 用个 不同 准备 平衡 档次 耳放 试听,0
磨擦 地上,0
专栏 此贴 交易 发布 同步 大家 个人 耳机,0
尴尬 勉强 能够 这货 定价 接受,1
声音 耳朵 搭配 一下 回复 比较 谢谢 简单 提升 个人 喜欢 风格 一点 特色 能否 一体机 介绍 天鹰座 比有,-1
苹果 买个 关键 手机,0
电流,0
声音 耳朵 提升 关键 便携 耳塞 设计 供电 差别 电池 玩具 一大 桌面 碾压,-1
纯水,0
耳机 必要 上大,-1
两台 好些 楼主 觉得,1
三洋 咋个 组件 出过 几十块 机芯 一起 变成 新派 飞利浦 用心 光头 情况 成本 转盘 这种 以前 直接 不是,1
左右 根本 不错 比较 建议 进去 解决 前级 那种 人声 牌子 压力 喜欢 耳放 好像 音量 一点 平衡 差不多 依旧 百老汇 还行 电位器 控制力 体积 电容 偏音 上个 毫无 原厂 通吃 几块钱 对讲机 叫好 人换 点钟 耳放要 带调,-1
失真 喜欢 自然 不好 入耳 代表 下降 耳力 年纪,-1
战场 成色 有点,0
灵活 左手 右手 进行 发现 同一个 说明 测试,0
比榭兰图 哈曼 各大 没人 最佳 曲线 标准 续航 音质 音色 网站 不是 失真,-1
新品 对比 期待,0
最高 滤波 等级 玩意 比差 是不是 系统 问题 应该,-1
多花 花万 一万 在乎 纠结,0
觉得 有没有 帖子 时间 感受 真是 楼主 退烧 有点像 分享 经验 买来 啥事 白菜 警察 太平洋 过关 白粉,-1
问题 声场 没什么 一眼 不靠 频响 比高 参考价值 低分,-1
没有 玩意,-1
装睡 不醒,0
不错 低频 视频 还过得去 配看,1
谈起 从何 带头 变味 协议 大厂 统一 导致 数播 接口 兼容 传到 情况 容易 现在 厂家 解码 出现 没有 几个 已经 希望 出来 声音,0
身心 地被 高雅 炫耀 编制工作 陪伴 令人感动 动听 一时期 经典音乐 应译 阳春白雪 翻译成 出窍 个成 管风琴 乐则 震天响 播出 准确度 心弦 扣动 流出 自觉 这两首 悲伤 恰空 维塔利 打动 流派 赋予 作曲家 每位 艺术歌曲 且不说 眼泪 巴赫 莫扎特 四重奏 穿越 演奏家 意味着 重奏 曲高和寡 粤语 优越感 合成 灵魂 内心 不妥 人民币 歌剧 从来 情感 曲子 回放 纯粹 快乐 高水平 平静 山寨 国语 钢琴 电子 欧美 独奏 更高 长久 新世纪 冷门 生活 电音 器乐 令人 中有 分享 功放 能量 才能 模拟 日本 真正 金属 经历 欣赏 不同 容易 古典音乐 听到 获得 古典 摇滚 流行 编制 喜欢 效果 更好 两个 一种 最后 乐器 非常 那种 喇叭 感觉 现在 其实 绝对 解码 感受 空间 需要 来说 音乐 很多 时间 比较 手机 不是 出来 器材 所谓 要求 不错 声音 美好,1
第一 价格 上来 音质 差不多 这款 声卡 专业 旁边 颜值 阿波罗 四大 阿婆 能排,-1
看家 潘多拉,0
试听 上海,0
呵呵 绝对 不少 日后,-1
耳朵 线材 元素 设备 下去 仪器 解析 乐感 听感 素质 确实 是不是 难受 只会 串联 好比 才能 一段 不耐 轻松 信息 和谐 太高 毫无 惊艳 变强 挖掘 越多越 珍珠 越多要 做成 一串 项链 难度 大人 耐受力 使人 空有,-1
认为 导致 听到 低频 推力 不够 出来 声音,0
高频 好评 比好 觉得 耳罩 挺舒服,1
选择开关 背后 接口 输入 单端 平衡 两组,0
要强 推测 高点 接近 肯定 素质 应该,1
觉得 产品 估计 二手 前级 以前 真的 不能 本来 适合 自然 韭菜 耳放 外观 不行 万元 实际 一体机 搞个 性能 只好 真心 多元 样子 售后 翻倍 效应 光是 出个 开脑放 产品线 招牌 能割 行别 年头 作罢 骚家,-1
声音 耳朵 经常 细节 丰富 通透 大气 分享 经验 耳屎,-1
游行 皇帝 快乐,0
过底 试过 大耳 听到 没有,0
沙发 先顶,1
比较 提升 明显 精致 频段 线条 粗放,1
不是 简单 难听 原因 构造,-1
换线 低频 很大 提升,0
映像 识别 声道 播放 显示,0
觉得 玩玩 很多 系统 最好 上面 古典 所有 歌德 播放 准备 音响 收个 北京 纯小白同 去过 展听遍 标号 绝得 比一众,1
生产力 定性 无用论 山寨 几天 第一 很多 线材,0
看来 不错 配置 不少 退烧 入烧 功课,-1
设备 错误 多数 录音 导致 认为,-1
下低 声压 好些 情况 肯定 清晰 同样 确实 感觉 耳机 声音,1
比较 已经 建议 使用 反正 耳放 听听 或许 性能 晶体管 静电 电子管,-1
高级,1
距离感 取决于 回放 录音 应该 耳机,0
觉得 要求 耳朵 系统 起来 考虑 非常 夏天 喜欢 难听 舒服 不好 推荐 塞子 老烧 玩家 周边 玩意 手里 乾龙盛 平头 二是 冷门 台式 售后 先用 系统对 塞有 二手市场 硬通货 收好 服务态度 默秒 全前,-1
女朋友 解码,0
论坛 感受 这种 对比 好像 大家 整个 真实 发个 回事 难得 顶上去 贴话 积极,1
别人 搞笑 指责,-1
电脑 老化 可能,0
版本 两个 不少 阿米 有线 罗是 差于,-1
声音 不是 比较 问题 很多 细节 其实 以上 解析 对比 森海 清楚 残响 主要 人会 太多 混浊 干净 误认为 泛音 认为 失败 副耳机,-1
记得,0
最好 完结,1
机器 马兰士 耳放口 推挺,1
通用,0
那根 太长 改成 平时 平衡 反正 直接 不到,0
偏薄 气势 属于 很难 纵向 毛刺 偏上 找到 替代 更大 压根 优势 主要 总体 严重 调音 更好 的确 感觉 很大 安定 问题 区别,1
新年快乐,0
亮灯 设置 文件 遇到 输出 播放 情况 问题,0
好几 制作 耳机线 合金 金银铜 成本,1
张卡 使用者 大不大 犹豫 上个 好点 不同 好奇 提升 不要 电源,1
出来 一下 测试 国内 玩意 一堆 出不来 品牌 怪不得 人买 瞎搞,1
歌德 买个,0
玩游戏 发挥 解码器 影响 没有,0
绑定,1
折腾 用别,-1
高不成低不就 无疑 音箱 大耳 条件 耳塞 这种 东西,0
一樣 條線 松線 不同 推力 要求 声音,0
另算 省油的灯 选项 降级 可惜 耳放 解码 预算 不是,0
不错 已经 耳罩 原线 惊喜 反而 阻尼,1
未知,0
器材 不好,-1
看来 觉得 做到 不是 可能 时间 很多 没有 元素 感受 好听 听歌 不得不 流行 刺激 文化 过后 市场 足够 日本 不耐 导致 完整 显得 反而 老歌 歌曲 迎合 好多 切歌 表达 编曲 嘈杂 不怎么样 华语 快餐 流行乐 旋律 年轻人 新歌 听觉 强调 主次 起伏 一味 三十秒 开头 就让 如今 日语 顺耳,-1
古典 流行 适合 人声,0
质量 担心 劝退 卧槽 省心 这品,-1
安安静静 洗完 午觉 睡个 休息 晚上 表现 听歌 注意 不要 音乐 放在 器材,0
充电 盒子 有个 不是,0
捡漏 淘货 慢慢 基础知识 解码器 转盘 研究,0
声音 功能 手机 很多 感觉 适合 森海 通透 上台 不耐 导致 中性 不算 暖厚算 锐化,-1
耳机 没有 两个 前端 发挥 办法,-1
应该,0
能换线 黑色 漂亮 结构 真的,1
感觉 不错,1
功能齐全 方便,0
煤矿 儿子 老板,0
一线 城市 友好 真的 烧友,1
舍不得 买不到 海绵 放弃 换个 只能 风格 喜欢 调音 有点 实在 耳机 看来,1
觉得 不用 浪费 一定 问题 系统 大部分 原线 平衡 有时候 端的 单端 办法,-1
不好,-1
弦乐 真的假,-1
装在 机器 东西,0
棉卖 头梁 官网 耳罩 现在,0
一代 折腾 惊喜 有线 有小耳放,-1
根本 不错 不用 要求 问题 系统 其实 考虑 相位 两个 自带 不高 房间 驻波 侦测,1
声音 有没有 不是 已经 参照 提升 考虑 不好 通透 规律 表现 随身听 灵敏度 潜力 就算 技术 变成 不满 下降 代价 换购 改良 逃脱 磁体 通透性,-1
雷总给 分数,1
只大耳 怀念 至今 年前 比好 第一 解析 声场 很多 声音,1
顶同 激情 回来,1
分不出 收音 远不如 录制 回放 录音 能力 设备,0
哈哈哈,1
速度 力量感 差强 柔顺,-1
无源 何至于 有栋 城中村 爽歪歪 房子 玩大耳 一套,0
比较,0
单元 差别 挺大换,-1
更好 效果 心疼 脑袋 烤坏,-1
不能 出差,-1
看不懂 英文版,1
配个 换换 说法 万元 试试 楼主 耳放 明显 解码 可能 应该 耳机 觉得,0
不错 下潜 低频 肥厚,1
头大 无奈 真的,-1
调大 低敏 小尾巴 音量 低阻 听听 耐听 推开 人声 低音 不错 声音,1
真的 好像 发现 几年 之后 理由 退货 京东 猛男 退假 无数次 没天,-1
不好,-1
三重奏 美艺 海顿 钢琴,0
爆发 今年 一年 评价 好像 大法 几个 产品 不错,1
佩服,0
解码 真的 就行了 买个 听不出 耳放 差距 播放器 省钱,-1
未知,1
电源线 时间 下去 好坏 小时 不够 合适 组合 全部 每个 才能 咸菜 找到 未必 尝试 判断 世上 数千种 数百 来煲 一生 遑论 各类 需像 愚公移山 祖祖辈辈 第代 子孙,-1
知道 不错 系统 方便 推开 熟悉 后面 适合 调音 整个 运放 方向 换换 有数 打造 心中 捣鼓 保姆,1
没有 声场 好听 随便 听感 素质 流行 纵深 需求 封闭 歌德 粗糙 找个 平平 还够用 差结,-1
腔体 单元 差距 不同 主要 反射,-1
没有 有点 起来 感觉 这种 那种 人声 习惯 生硬 圆润 属于 正经 严肃 过于 甜美 娇媚 说不上 苍白,1
神马,0
占楼,0
千秋 各有 图里 一只 补充,0
悬梁,0
科学家 赶来 目测 正在,0
口碑 三个 喜欢 调音,1
不错 以后 折腾 卫生 妹纸 一弄,-1
感受一下 中间 型号 入手 喜欢 以上 考虑 需要 直接 建议 入门,1
当个 正经 价位 一代 前级 二手 应该 不错,1
下潜 高频 低频 延伸 反而,-1
不错 试了试,1
耳机 耳朵 出来 不够 耳罩 强烈 设计 压头 满格 太短 龙头 我拉到 紧紧 卡住,1
連金磚 還差點 黑磚 更別,-1
未知,0
香榭丽舍 平衡 二代 不错,1
耳朵 分辨 里面 东西 看看 不行 对比 塞子 中介 正品 打假 有厂 真是假 发给,-1
头顶 脑放 打开 更好 应该,1
声音 耳机 不是 比较 完全 感觉 值得 入手 用过 几年 调音台 美奇,-1
科普兰 翩美 小众型 大牌 生意 之旅 欧洲 机子 不贵 不行 味道 音乐 很多,0
超出 要求 应该 不到 事情 一下 一级 看看 不要 机器 真的 能力 选择 更好 只能 提到 对比 印象 大部分 全面 代表 找到 下手 万出头 余地 所及 实现 海印 听些 高些 兜里 力所能及 预算内,-1
知道 不错 动态 直接 之前 不了 厂家 听听 氛围 价位 信息量 那台 突然 多人 售后 回去 不输 挑剔 偶尔 喷草医 搬出来,1
吊打 毕竟,1
高端 产品 时钟 更好,1
好重 网络 延迟,1
支持 离得 精神,1
耳機口 解碼 還行 一般般 真的,1
静待 如期而至 分享 听感,0
乾龙盛 差不多 价位 两个 解码,-1
不好 金乌,-1
未知,-1
延用 线路 放大 机器 不是,0
三倍 多大 不值 差距 价格 二手 没有,-1
范围 定位 希望 无法 可能 问题 几乎 系统 支持 解决 电源 设备 简单 之前 接受 完全 需要 使用 影响 关键 当然 这种 变压器 模式 不可 降低 拥有 所有 测量 放大器 并未 减少 同样 相比 容易 放大 噪声 高度 巨大 意思 电阻 功率 芯片 情况 保持 内部 还会 不同 一部分 稳定 输入 设计 电压 多数 变化 出色 必须 输出 噪音 导致 电流 输出电阻 实际上 电路 这是 设置 很难 处理 分开 线性 外部 更加 调整 原因 是因为 最小 晶体管 之后 工作 开关电源 最终 集成 滤波 滤波器 完成 目标 并非 基于 方法 进行 大量 散热 具有 能够 结合 仔细 电缆 频率 负载 调节 想要 优化 提供 混合 控制器 响应 阻止 瞬态 来自 下降 衰减 引入 解决方案 尽可能 做出 回到 电感 仍然 区域 快速 路径 走线 远离 这会 低电压 最快 相同 之上 意味着 可调 开关 称为 进一步 带有 维持 带宽 周围 二极管 稳压器 降压 转换器 组件 广大 音频设备 直流电源 内当 耗散 散热器 不致 过热 低噪声 任务 布局 开关电路 地层 这为 开关电流 电容器 浪涌 通路 纹波 电感器 非线性 入口 经由 最低水平 其后 抑制 兆赫兹 相移 快关 误差 振荡 保持稳定 低压 这使 附加 差分 远距离 感应 两级,-1
仿机,-1
胆机 一点 预热 最蛋,-1
二手 一手 麻烦 代理 赶紧 保修,-1
转为 追求 理论,1
不是 支持 价格 旗舰 成为 新一代 改名 亦可 两倍 梦想,1
应该,0
好图 咋样 原线,1
单元,0
占坑,0
重量 提到 关键,0
淘宝 只能 之前 试听 没有,0
冷门 系列,0
范围 定位 希望 无法 可能 问题 几乎 系统 支持 解决 电源 设备 简单 之前 接受 完全 需要 使用 影响 关键 当然 这种 变压器 模式 不可 降低 拥有 所有 测量 放大器 并未 减少 同样 相比 容易 放大 噪声 高度 巨大 意思 电阻 功率 芯片 情况 保持 内部 还会 不同 一部分 稳定 输入 设计 电压 多数 变化 出色 必须 输出 噪音 导致 电流 输出电阻 实际上 电路 这是 设置 很难 处理 分开 线性 外部 更加 调整 原因 是因为 最小 晶体管 之后 工作 开关电源 最终 集成 滤波 滤波器 完成 目标 并非 基于 方法 进行 大量 散热 具有 能够 结合 仔细 电缆 频率 负载 调节 想要 优化 提供 混合 控制器 响应 阻止 瞬态 来自 下降 衰减 引入 解决方案 尽可能 做出 回到 电感 仍然 区域 快速 路径 走线 远离 这会 低电压 最快 相同 之上 意味着 可调 开关 称为 进一步 带有 维持 带宽 周围 二极管 稳压器 降压 转换器 组件 广大 音频设备 直流电源 内当 耗散 散热器 不致 过热 低噪声 任务 布局 开关电路 地层 这为 开关电流 电容器 浪涌 通路 纹波 电感器 非线性 入口 经由 最低水平 其后 抑制 兆赫兹 相移 快关 误差 振荡 保持稳定 低压 这使 附加 差分 远距离 感应 两级,-1
还要 可能 问题 绝对 音源 刺激 大部分 原线 不耐 恐怕 改善 耳机线 原因 反而 走错 造成,-1
价新 维修费 出保 爱坏 没说 售后 太高 差不多 不好 态度 跳水 声音,-1
风格 二代 合适,1
佩戴 大概 好像 头梁 一次 亚马逊 劝退 替换,-1
参数 这种 差不多 往后 索尼 稍稍 微单,-1
黑爆 通道 酱油,0
电源线 线材 很多 系统 没有 顶一下 之前 一条 解码 很大 明显 更换 更好 降低 低频 耳放 中频 有空 平衡 控制 信号线 柔顺 顺滑 程度 百老汇 差别 全是 几天 接上 有时 不住 全套 没想 手拿旧 冲击力 侵掠 略毒 杜兰 上显,-1
好羡慕,1
一部分,0
帮顶 封闭 奥帝兹 脑残粉 半自动,1
女朋友 没有 耳机,0
觉得,1
选择 的确 素质 韵味 俱佳 人穷志短 可耻,1
白牙 两只 电影 低频 适合 听说 声场 不错,1
比较稳定 道听途说 强大 气势 芯片 玩过 他家 价位 楼主 编制 风格 值得 适合 解析 考虑 没有 估计 比较 可能 不错,1
木头 好看,1
很多 时钟 自带 差距 线路 主要 技术 一类 外接,-1
娱乐 曲线 偏向 监听,0
高端 国产 强横,1
少帅 歌德,-1
蓝牙 不行 目前 版本 达到 一定,0
有点 喜欢 可惜 当时 差不多 几年 下来 夹头 多一点 价钱,-1
历练 真的假 激动 市场 楼主 不了 不要 放在,-1
不错 已经 耳罩 原线 惊喜 反而 阻尼,1
一下 已经 麻烦 分享 链接 失效,-1
标志 建伍 纪念版 合作 报道 介绍 难道 恭喜 打开 楼主 第一 听说 好听 二手,1
搭配 退烧,-1
没有 使用 价值 丝毫 艺术 梵高 油画 工业品,1
根本 出来 很多 需要 推力 交响 流行 摇滚 便携 力度 推不出 不谈 推得 爵士 台机 拉二用,1
小尾巴 即可 全新 买个 二手 手机,0
天下第一,0
下巴 二十多年 春晚 播出 人们 一年 道理 拿到 现在 估计 好看,1
不远 挺近 隐士 百老汇 低阻 耳放 人声 很多 不错,1
未知,0
用升频 全都,0
觉得 比较 现在 合适 前端,1
良心 万多 便携 对比 耳放 确实 牌子 现在,1
人声 低频 讨好 泛音 口味 很强 鼓声 鼓诗 初烧者,1
不到 出来 论坛 很多 没有 其实 现在 慢慢 价格 暂时 尤其 习惯 咸鱼 不好 以后 思想 没什么 机子 形势 过年 恶心 销售 办法 理性 经济 卖出 买入 卖东西 卖货 凑钱 他进,-1
耳机 分辨 好不好 容易 数播,-1
理解 支持 欢迎 谢谢 烧友 大耳 台式 合作 系列产品 牛牛 大顺 春节快乐,1
看上去 东西 官方,1
耳机,0
美快 四个 好多 淘宝 巨大 解码 不要 几个,1
很多 平衡 不好 设计,-1
必入 型号 发烧友 耳机,0
小不点,0
那根 品牌 猜测 升级 问题,0
凯因,0
最长 买延保 修不起 一万多 买得起 投资 收益 一对 就要 单元 听说 那种 建议 时间,0
一体机 其实 很多 已经 耳机,1
很多 牌子 试试 代工 铜线 做工 敏力 不糊敏力,1
蛋疼,-1
觉得 帖子 比较 建议 起码 动态 二手 电源 来说 起来 机器 感觉 解析 味道 听感 地方 还好 西装 整体 有个 价位 三频 胆放 习惯 玩家 试试看 退烧 参考 楼上 隔壁 属于 一流 收个 一体 中庸 外面 及格 吸入式 接个 推听感 万机,-1
铜丝 一截细 触发 原边 铁芯 毛买个 五金店 高压 会烧 保险丝 短路 动作 换上 保证 换个 电流 情况 功率 这种 其实 机器 使用 直接 呵呵 里面 还要 没法 便宜,-1
放毒 成功,1
不敢相信 只值 心理准备 样子 很难 做工 实际上 驱动 入手 森海 便携 中频 味道 推开 推好 其实 设备 声场 没有 很多 耳机 觉得 声音,1
未知,1
呵呵 不好 终究 无须 执著,-1
合并 小时 应该,0
转接 有过 连接 没试 索尼 接口 输入 充电 选择 两个 使用 个人 需要 觉得,0
试试,0
不是 声场 好听 素质 低频 调音 质感 个人感觉 规模 各有 强称 上吊 二者 感型,1
弦乐 真的假,-1
之间 比较 感是 声场 空气 空间 乐器 明显 胆机 只能 立体感 体验 特点 流畅 顶级 石机 音符 中档,1
会劣化 公牛 备用 转接 能够 转接头 原来 上墙 后来 本身 声音,1
存在 发烧友 应该 论坛 厉害 一群 蝙蝠,1
线材 不要 音源 一段时间 重要 周边 调整 着急 下结论,-1
出来 不用,-1
先供 只好 延续 香火 独苗 比来比去 暂时 一条 无法 不用,1
蕴含 返璞归真 支架 笔记本 丰富 便携 知识,0
不看 换个 听不出 建议 耳朵 区别 参数,1
感有 差别 蓝水 水蓝,-1
帮顶 路过,1
声音 耳朵 比较 不能 好坏 敏感 人耳 新版 容易 情况 变化 改变 差别 细微 老版 适应 变差 定论 先入为主 捕捉 感性 抗拒,-1
哪几个 不亦乐乎 干燥剂 余年 哪一只 改线 舍不得 塑封 坚持 这得 头版 认可 得到 对味 歌手 生产 手里 编号 玩家 不同 平衡 用户 喜欢 一只 制造 个人 版本 耳机,1
鲜明 特色 同样 一只,0
买回来 明天 准备,0
频宽 纠结 意义 系统 耳机,0
并不需要 认为 耳放 个人,0
耳机 二手 之前 这种 价格 看到 果断 差不多 超低 上架 停产 复产,-1
流行 差不多 走向 末路 摇滚乐,-1
生产 官网 德国,0
声音 左右 知道 出来 有点 感觉 反接 相位 难听 交响 结像 喇叭线 一边 方向 正负 接反 一试 会糊,-1
开来 金乌 大家 谢谢 比较,0
编号 螺旋 手刻,1
觉得 耳机 所谓 机器 追求 不少 程度 就算 无止境 坐镇,1
一天 热度 一体 和歌 草医 诗德,0
心痒,0
不错 好听 非常 素质 退烧 够用 耳放接 绕过,-1
应该 镀金 插座 好歹,-1
产品 出来 听听 意见 同价位 高论 说来,1
不知所云 云里雾里,0
摆放 搞好 同轴 就算 必须 至少 结像 容易 垃圾 单元 声场,-1
留名 前排 支持,1
不好 关进去,-1
那要 听听,0
红色 劲浪 黑色 大乌 值得 耳罩 比较 里面,1
推力 需要,0
版会 一毛 原厂 山寨 曲线 频响 改变 原装 不到 左右,-1
没有 性价比 肯定 噪音 折腾 管子 现代 烧油 古董 原机 总归 用点 留给,-1
未知,-1
阿尔派,0
出来 一级 比较 正常 修好 能用 零售 修过 维修 回厂 备件 品低,1
勇气 梁静茹 哈哈哈 泪流满面 当年,1
鸟二 口型 小点 描述 适合 应该,0
已经 非常 低频 封闭 据说 利器 影音 猛是,1
不错 麻烦 品牌 不难 君子 换唱 臂线 唱臂 开孔,-1
当然,0
静电 有人 可惜 古典 适合,0
略胜一筹 枪文 看过 没用过 来看 文章 之前 应该,-1
期待 恭喜,1
声音,0
适合 平衡 没有 好听 必要 流行,-1
非常感谢,0
声音 贴子 感觉 调音 大部分 电容 多篇,1
八代 学出 五年 几代 台湾 晓得 能出 至少 打算 一代 速度,0
何苦 为难 人声,0
具体 对比 高频 人声,0
目测 乐器 人声,0
出来 很多 二手 选择 电脑 差不多 谷津,-1
很难 其实,0
觉得 低频 弹性,1
升华 意境 玩物 拨千斤 到良 大开大合,0
安卓 手表,0
调到 重要 音量 对比 确实 注意 问题 声音,0
系统 设备 低端 建立 听音 自然 折腾 正确 顶级 经验 培养 老师 观是 之上 带路 单靠,-1
未知,0
声音 不用 产品 比较 反正 现在 非常 明显 比起 音质 好点 稍微 提高 插座 几款 滤波 滤波器 大打折扣 家用,-1
加入 限量版 极致,0
活得 吸血 结婚 没想通 妇女 老一辈 想通 女性 下场 爱情 强求 面容 这幅 摧残 女人 孩子 我国 男人 不会 一件,1
难觅 智商 坚挺 认为 上市 价格 多年 二手,0
情感 哈哈哈 听不出 人声 没有,1
楼上 同意,0
姿势,0
双入 买贵 新版 大乌 是不是 知道,0
常见问题 排除法 膜电位 换个 即可 基本 问题 耳机,0
比起,0
品牌 失望 很难 情怀 真心 三代 喜欢 一只 真的 有点 耳机,1
耳朵 产品 定位 手机 真的 感觉 注意 解析 高频 听感 更好 对比 消费 差距 当时 有空 总体 结像 关注 很闷 机会 正好 专门 兄弟 回去 聪明 心理 刻意 大众 好好 营造 假象 两货 七七八八 回想起来 力会 拔高 中上 盘以,-1
推荐 配置 耳放 这种 耳机 官方,0
保值 一万多 一年 机器,1
田雨 音响,0
保险丝 原理 研究 一下,0
管别 德根 整流管 管子 换个 后级 好点 耳放 前级 不要 建议,1
自动更新 群晖 安装 没有 手机,0
玩出 营销 绿坛 感觉,0
百兆 交换 当年 够用 交换机 质量 应该,1
想配 平面 比较 器材,0
网约车 租车 出行 交通 交通工具 保值 买车 八折 买来 处理 方式 心态 关系 一下,1
清流 久违 干货 论坛,0
问题 东西 这种 麻烦 专业 看着 冷门 没人 帮得,-1
俱全 旗舰 推荐 耳放 韵味 素质 推好 前级 动态,1
相对来说 纵向 才能 容易 推好 需要 声场 出来,1
没法 一定 补充 关键 真的 当然 非常 低频 质感 音色 森海 带劲 咚咚,-1
区别 耳朵 听不出 必要 办法 太木,-1
生理 白天 未必 电处 实际 差异 大于 进去,-1
回事 晓得 东东 四五个 糊里糊涂 塞尔 关注 音源 到底,0
有图 屏蔽 可能,0
数位 黑胶 老外 普遍 折腾 真正 老烧 音源 比较 发烧友,-1
未知,1
区别 电源线 呵呵 不能 楼主 听得出,-1
顶顶,1
代替 模拟信号 同轴 阻抗 信号线 理论 数字 不会 问题,0
卡农 下来 哪家,0
前排,0
耳机 可能 比较 放在 需要 反正 能力 无所谓 输出 功放 控制力 粗糙 电流 索尼 弱点 极强 第二点 推着,-1
不错 耳机 有点 受不了 只好 夹头 作罢,1
真实 还原 拜亚 监听 类似 耳机,0
差点 走神 睡着,-1
很燥 主板 光纤 声音,0
解码,0
发烧友 不是 不要 确实 只会 性能 钱来 程序员 计算,1
哪来 推广 全球 销量 只能 试听,0
考虑 线材,0
跟系 调都 鸡肋 维度 之战 版本,0
推力 一代 价格 好像 推荐 差不多 以下,-1
烧友 好文 分享 对岸,1
祝贺 容易,0
不好 还行 一个顶,-1
应该 怀疑 早就 商家 假货 做工 置顶,-1
平衡 区别,0
界面 所有 国内,1
用途 混音 编曲 用做 专业 设计 原线 大佬 可能 知道,0
一下 比较 支持 刺激 这是 话题 计算机专业 悄悄,1
放鸽子,0
爆棚 树莓 投入 性价比 折腾 派线 无底,-1
串流 网络 网播 讨论,0
声音 知道 耳朵 直接 之前 一只 的确 单元 出手 麻烦 金属 半年 寄过去 两边 保修 变成 用到 刚出 织布 内衬,-1
知道 一下 帖子 比较 几个 谢谢 目前 选择 是不是 价格 看到 购买 音箱 架子 地址 脚钉 幽灵 磁悬浮 姐能,1
半级 口比 单端 用家 感觉 大概 耳机,0
恭喜 漂亮 玩具,1
无语,-1
参数 应该 达到 不是 问题 几乎 机器 后面 隔离 上次 音频 条件 搞定 找个 前面 之后 自激 联通,1
失望 不会,0
铁丝 头发 不是,0
纳比 输出功率 正常 意义 出来 有没有 参数,0
得海 卖要 会高 国内 讨论 没有 可能,0
期待 升级 纠错 密集 退步 接下来 革命性,-1
比较 已经 版本 感谢 非常 明显 打算 手上 差不多 满意 经历 程度 折腾 差别 得出 结论 细腻 细心 真实可信 变化趋势 若干次,-1
阵容 豪华,0
耳机 理解 出现 好像 推不开 大部分 类型 情况 线路 阻抗 灵敏度 输出 电路 转换 适配 相关 成是 难免会,1
精巧 出售 楼主,0
上海 遗憾 出差 本月 时间差,-1
春节快乐 大顺 牛牛 系列产品 合作 台式 大耳 烧友 谢谢 欢迎 支持 理解,1
手机 几个 不太 方便 起来 现在 纠结 转盘 解码器 似乎 不太好 操作 数播 体验 才能 输出 太行 用做,1
神马 这是,0
东西 绝对 重量 碟机 有着,1
真的 这种 程度 品控 差到,-1
折腾 好多年 找点 重新 回归,-1
觉得 一下 已经 不要 现在 不好 赶快 表现 发现 试音 之后 角落里 积灰 该出,-1
难听 两个,-1
加收 钰龙 试试 一台,0
东西 二手 所有 折腾 前面,-1
老师 好事 耳机,1
合适 桌面 实木 脚钉 大板,1
线材 问题 早就 大乌 算是 新版 年入 乌算 想到 线圈 转移 好消息,1
音會 聽聲 台機子 手上 放在,0
预算 考虑 听音 音质 箱子 差不多,-1
插过 想要 仔细 台式 几篇 找到 随手 程度 恭喜 没见 楼主 似乎 感觉 提升 试听 帖子 论坛 声音,1
老歌 爵士 评测,0
新型 要收 距今 改进版 木头 几年 差不多 状态 那种 最近 建议 比较 不是 不到 应该 左右 声音,-1
耳放换 平衡,1
解码 不错,1
系统 不要 现在 满意 折腾,-1
声音 不错 觉得 产品 几个 没有 试听 原价 声场 感受 机器 某宝 上面 本身 堪忧 高度 推荐 每个 丰富 旗舰 实际 完成度 旗舰店 申请 押金 技术 享声 随随便便 积累 细腻 产品线 偏小 甜味 阉来 阉去 天下无敌 下方 大杀 四方 下级,1
点赞,1
个性 带劲 万金油 属于 类型 听听 摇滚,0
夸张 是不是 有点,0
高端 没用 主板,-1
耳机,0
没假,-1
活动 现在 试听,0
区别 呵呵 申请 诺贝尔奖 奖项,-1
楼主 对比,0
进步 做工 明显 很大,0
用心 楼主,1
行能 耐用 不会 觉得,0
完结 最好,1
云用 网易 路过 不用,0
就行 淘宝 耳罩,0
成本 金银铜 合金 耳机线 制作 好几,1
便宜 觉得 耳机 应该 可能 问题 不会 支持 东西 二手 很大 验证 价格 看到 差距 肯定 或许 推荐 官网 店铺 太快 正品 表面 跌价 打包票 急于 清货 不干 收回 行情 价在 七天 理由 退货 封后 煲机,-1
耳机 搭配 非常容易 里面 几个 声场 目前 高价 非常 听过 精致 横向 整体 音箱 来看 表现 发现 规模 功放 包括 纵向 样子 之后 没听到过 优秀 做出 不着边际 难退 纵横,-1
耳朵 人士 常温 高科技 防毒面具,1
一代,0
顶一下,1
少之又少 功能性 根本就是 乌龟 高个子 里拔 单一 无线 品牌 降噪 圈子 半天 真正 基本 适合 已经 不是,1
军姿 唱歌 女生 严肃 女声 意思 森海 有点,0
后能 二进宫 坐等 管子 改善 粗糙 高频 不能 细节 问题,-1
小女生 轻巧 室内乐 超值 最小 尝试 塑料 普遍 表现 大师 一点 并未 偏向 精致 质感 只能 喜欢 性价比 适合 味道 气质 人声 当然 完全 问题 耳机 不错 声音,1
单元 就行了 问题,0
好听 流行 没有 必要,-1
推倒 耳放能 专门 伺候 前端 便携 平板 加个 不错,1
级别 推好 性价比 评价 差不多,-1
林子祥 当自强 男儿,1
第二步 第一步 数播 耳机,0
觉得 个人 其实 现在 听音 人耳 差不多 加上 技术 个体差异 主观性,-1
昌业,0
应该 好评 年前 服役,1
一根,0
总代理 地区 黑盒 新版 知道,0
小口径 电视剧 顶端 声擎 真不大 有平 桌面上 分量 另一回事 动漫 考虑一下 漫步者 聆听 房间 半斤八两 惠威 书架箱 近距离 气势 显得 过得去 找个 不足 能量 吊打 箱子 实际效果 需求 流行 外观 地方 适合 本身 明显 听音 低音 感觉 当然 考虑 其实 好听 关键 有点 入门 一定 产品 应该 区别 好看 左右,1
平衡 新版 插上 耳放 自带 就行了 解码 直接 耳机,0
没想到 限量版 以为 原来 极致 歌德 厉害 不够 完全,1
确实 拓品 品牌 侮辱,-1
看来 知道 可能 不会 动态 的确 平板 高级 力度 还会 方面 优势 突出 磁铁 接下来 对称 大有,1
会员 省钱 立刻,-1
原机 接近 必要,0
耳机 不是 可能 比较 数字 个人 不能 意义 推好 依次 只能 合适 差距 大师 用过 表现 标准 剩下 银乌 勉强 严格 先锋 糊狗 耳放算 大耳里 从小到大 及格线,-1
犹豫,0
不错 觉得 比较 选择 性价比 同价位,1
单端 差不多 耳塞 感觉 应该,-1
成本低 小套 不小 石机 高素质 一次 方面 控制 差距 听过 底噪 胆机 低端 估计 觉得,-1
皮实 耐用 认为 耳罩 原装 最好 个人 建议 声音,1
底噪 耳放 推都 狗屎,-1
一模一样 接耳放 下楼 大小 正好 咨询 音量,1
隔音棉 老版 当年 或许 腔体 耳罩 现在 很大 应该 区别 声音,0
佩戴 要求 耳朵 没有 东西 需要 注意 交响 一点 型号 中间 这点 杂食 加成 当成 不住 一档,1
觉得 更好,1
无假货 组装,-1
现在 降低 结构 好像 新品 新出 磁铁 磁通量 改回 双面 瘦身 对称,1
一码 契机 准确度 吻合 高速 原本 创造 系统升级 判断 换回 听久 挑选 效率 方法 说不定 进步 倾向 之后 更加 差别 体验 以为 实际 肯定 一点 听到 消费者 这种 其实 低端 以前 细节 设备 很多 不到 耳朵,-1
二手 值得,1
一字排开 所有 乐器,0
便宜 不错 建议 看看 数字 转盘 价位 入个 别入,1
有钱人,0
很多 平衡 不好 设计,-1
现在 晶彩 好价 太贵 来个,-1
未知,1
不错 很多 真的 人声 两个 更好 不差 古典 一点 比好 更正,-1
漂亮 两个 其实 起来 搭配,1
买高登,0
顶一下,1
那根 界面 后面 影响 数字,0
不错 值得 套装 一试,1
欧亚,1
未知,0
声音 不错 比较 没有 声场 解码 感觉 敏感 确实 包围 是不是 精致 横向 纵深 当时 厚度 结像 前端 密度 糊狗,1
不用 恭喜 退烧 折腾,-1
声音 解码 真的 关系 是不是 差异 文件 晓得 汉化版 英文原版,-1
确实 不错,1
歌德,0
清泉 细腻 阵子 持有 干净 旗舰 一段时间 价格 感觉 不了 二手 比较 耳机 左右 声音,1
左右 耳机 听感 的确 素质 水平 调音 不行 全新 试试看 变化 淘宝 失望 想想 创新 耳放上 接到 除掉 耐听度 月份 有元 冷薄 双凑 有入 俗话说,-1
帮顶 楼主,1
爽得 接后 勘用 二房 主要 箱子 平衡 前级 功能,0
体积 超过 基本,0
算变 银线 偏中 只能 风格 高频 不能 发烧 一条 提升 声音,0
叫作 最好,1
一时间 真想 出来,0
卸载,0
不是 其实 现在 官网 淘宝 老版 一家 硬质 我买遍 卖块 标称 泡沫 闷得,-1
声音 机器 更换 适合 是不是 管子 整流管 传说 中牛 哄哄 贵族 仿西电 我块,-1
耳机 最好 性价比 试试 宝华 我下,1
耳放,0
分布 传统意义 重型 这支 搞不定 不算 频响 跟不上 金属 歌德 大部分 需求 合适 音色 摇滚 素质 拜亚 味道 其实 感受 有点 速度,1
好看,1
耳机 胆放 不好,-1
价位,0
根本 没法 手机 可能 时间 难以 很多 没有 设备 不要 百万 直接 细节 怀疑 非常 明显 本身 适合 难受 听得 音箱 很火 以为 不少 好点 稍微 不敢 录音 年前 处理 歌手 气息 修复 蓝牙 外放 后期 几千块 不怎么样 一批 差到 夜深人静 成品 演唱会 天猫 精灵 太烂 新晋 稀烂 调音师 团队 后期制作 唱功 平稳 村上,-1
几番 沾边 同样 价格 产品,0
东西 全新 真是 居然 头版,1
要求 现在 推好 变高,1
声场 单元 垃圾 容易 结像 至少 必须 就算 同轴 搞好 摆放,-1
耳机 买个 味道 编制 流行 古典 耳塞 楼主 前端 一体机 还行 块钱 认真 没说 差太远,-1
全掉 面状 点状 结像 里面 耳机,1
没前级,0
命运 网易 注定 去年 会员 淘宝 接入,0
不好 耳放难,-1
一根 性价比 老叶,0
标准 玩意 好像 解析,1
好意思 玩不转 耳放 现在 出来,1
支持,1
声音 便宜 原装 正常 咸鱼 记得 退货 不喜 讲清楚 淘个,-1
数据 之间 测试 很多 不会 没有 影响 好听 听听 不好 毒文 改变 联系 不测 变好 客观存在 遵从 本心 实事求是,-1
完全 对应 水平 氛围 推荐 主题 不上 曲子 恕我直言 太过 舒缓 没点 指琴,-1
神器,0
不好 无脑 推上,-1
回归 三是 形体 塑造 刺糊冷 构造 这一 内容 阶段 音乐厅 搭建 一是 完成 随身 二是 看用 大致 以下 经历 表现 吐槽 主要 结像 音质 讨论 音色 音场 发烧 空间 音乐 入门 问题 定位 器材 声音,0
距离感 乌远 距离 银乌 还行 人声 感觉 有点 不错,1
明显 封闭 没什么 方面 木头 差别 做工 开放 缩水 看出,-1
录音 容易 平板 低频 这种 问题,0
声音 最好 不耐 功放 温暖 太冷,-1
点气 会受 打交道 卖家,0
人提 王者 很少 性价比 现在,0
高文会 李宗盛 林俊杰 郭顶 消减 水星 驾驭 动漫 强项 全能 推得 不敢 男声 电影 个人感觉 刺激 流行 编制 高频 耐听 非常 这种 不能 现在 当然 好听 以前 音乐 不会,1
方便 老实 遥控,-1
舒服 双木三林,1
一般般 做工,0
应该 不是 胆机 合适 办公室 床头 价钱 胆后 对得起,1
一嘴,0
知道 别人 推荐 恭喜 过程 入坑 淘碟 鞋跟,1
不要 电源线,0
不错 入门级 一级 素质 更好 自然 均衡 用过 宽松 密度 音神 线条 这条 没用过 音乐味 天仙配 威宝 网评,-1
多人 苹果 意外 系列 居然 选择 发烧 论坛,0
不错 定位 之前 完全 反正 感觉 不能 推开 解析 对比 高音 弦乐 钢琴 散乱 感略,-1
不知所谓 真的 耳机 声音,0
器乐 部分 高频 人声,0
黑盒 同问 现在 版本 区别 声音,0
耳机 支持 细节 平衡 多些 推上 四节,1
理解 难以 设定 互通 消息,0
突然 提到 牌子,0
关系不大 大脑 脑放 处理 听力 最后 音乐,0
前端,0
前排 帖子,1
偏高 线电 电压,0
之前 不好,-1
如果说 外置 万能 声卡 差点 玩意 意思 真的 发烧,-1
鳞次栉比 取自 层次分明 厅堂 取向 镀金 纵向 不同 平衡 相比 特色 手持 横向 是不是 确实 调音 效果 一种 明显 原装 感觉 目前 声场 很多 不错 知道,1
语出惊人,0
觉得 好像 音质 遥控 没什么 蓝牙 传歌 连带,-1
线材 折腾 两千,-1
谢谢 试试 准备 推荐 热心 同好,1
声音 左右 耳机 耳朵 产品 不是 比较 动态 使用 起来 当然 小时 明显 正常 交响 耳放 音量 听到 上学 打开 播放 差不多 变化 噪音 播放器 随时 调整 就行 前提 睡觉 每天 期间 早上 上班 合格 内容 低能 循环 能煲 作息时间 比方说 关掉 出门时 晚饭 中断 上煲 干的事,-1
看过 主要 印象 打算 之前 二手 左右,0
电源线 已经 空间 所有 全部 平衡 电脑 至少 差不多 开发 管子 包括 百分之 那根 切记 换舒特,-1
电源线 没有 解码 考虑 耳放 搞不好 省钱 有线 省心 助推器,-1
未知,1
更新 貌似 试试 最近,0
马扎 位子 拉开 蹲个,0
产出 每天 音乐 时间,0
抖动 时钟,0
觉得 耳机 明显 古典 追求 相似 强行 差得多,-1
系统 很大 差距 足够 前提 揭示,-1
省心 预算 超出,0
机就行 闭关 几分钟 先烧 开机 需要,0
不错 播放 同轴,1
震惊 真的,0
反而 优势 设计 中频 古典 低频 问题 不是,0
说不定 限量版 开放 极致 歌德 适合 建议 耳机,0
合适 二代,1
新奇 版本,0
不是 性价比 更好 不少 收个,1
声音 觉得 耳机 浪费 不行 不好 底子 薄刺 乏味,-1
级别 器材 退烧 心态 没关系 从来,-1
楼主 终于 说出,1
问过 代理 音源 厂家 之前 区别,1
别管 最终 技术 金嗓子 芯片 风格 必要 研究 问题 出来 声音,-1
收入 实体店,0
声音 电源线 应该 一定 没有 电源 需要 现在 明显 原配 有个 输出 电流 改善 澎湃 最低 毛躁 柔美 疑问 带动 明纬 火气 修养,1
感比强 搞不好 容易 一点 氛围 低频 基本,-1
声音 现在 不错 确实,1
问题 人声 用来 听点 小篇制,1
浮动 今年 还会 价格 值得 是否 二手,1
退烧 不是,-1
要求 器材 比较 起来 其实 感觉 风格 交响曲 大部分 塞子 差不多 真正 规模 早期 使劲 推都 勉强 作品 晚期 贝九 马勒 对路 并不比 贝小协勃 小协高 布鲁克纳,-1
歌德 考虑,0
手机 起码 我用 好不好 讨论 满意 体积 金丝雀 床头 先别 造型,-1
中间 单端 平衡,0
状态 耳罩 很大 影响,0
介绍 一下,0
声音 已经 之前 有点 解码 考虑 感觉 眼睛 两个 耳放 听过 价格 充电 双十 两件套 千元 喜出望外 系列 闭着 咨询 行家 诱骗 方案 差不多 等到 试试看 小贵 酱油 贵过 先放 一放 下次,-1
耳放 不好,-1
好听 编制 对比 差距 单独 发现,-1
爵士 主要 的确 用来 人声 不错,1
声音 觉得 耳机 比较 不会 动态 个人 感觉 下潜 低频 平板 箱子 残响 适中 薄收,-1
头版,0
字体,0
声音 耳机 区别 佩戴 一下 正在 系统 声场 目前 很大 最好 横向 特点 换个 最大 得出 台式 决定 亲自 重新 费时,1
耳机线 平衡 原线 试试 当然,0
声音 觉得 不用 来说 以前 机器 转盘 疫情 总体 推荐 美国 大家 担心 闲置 中规中矩 大厂 改成 稳定性 公司 居家 办公 出品 毛病,1
曲线 变化 意思 有点 失真,-1
四层 架子 同款 做工 帮顶 不错,1
看着,1
声音 耳机 已经 其实 全新 新版 状态 差不多 老掉牙,-1
水友 贵得 流行音乐 特殊 有种 楼上 歌德 道理 流行 味道 感觉 其实 好听 一定 耳机,1
知道 跳水 价格 暂时 好像 不太可能 缺货 厉害,1
塑料 材料 实际上 一堆 成本 耳机,0
几个 好像 垃圾 评测 线电,-1
努力 产业 国产货 必须 永远 追求 真的 不错 声音,1
耳机 不用 担心 没假,-1
指挥 高斯 现实 感而 成品 循环 疑问 现场 混音 究竟 想要 太远 最终 位置 输出 录音 永远 满意 还原 不好 追求 交响 是不是 效果 选择 没有 问题 可能 不是,-1
一个样 改良 诚意 感觉 没有 佩戴,0
自留地,0
不错 胆机 相当 一段时间 用过 西门子,1
正在,1
原厂 参考 楼主,0
这线 成本,0
未知,1
以前 确实 退回,-1
线软 看着 升级 不错,1
完全 必要,-1
佩戴 耳朵 耳罩 听说 舒服,-1
磁环 电器 干扰 关键 加个,-1
根本 没法 有没有 浪费 直接 影响 当然 好不好 感觉 不能 怀疑 本身 效果 肯定 好比 箱子 不少 每台 桌子 大理石 最起码 一体 特性 上加 纯属 落地 实木 松动 悬浮 组装 架要 三合板 小桌子,-1
比较 隔音 折腾 一根 好代 线省,-1
双面板 设计 线路 极其 简单,0
不好 很多,-1
就别 不够 一代 编制 意思 差点 才行 指望 马勒,-1
一下 听歌 安心 恭喜 折腾,-1
听不出来,0
好听 推得 配国,1
佩戴 不到 比较 时间 不会 懒得 直接 完全 考虑 现在 这种 基本 确实 喜欢 算是 价格 懒人 精致 大耳 极致 情况 有时候 入手 用过 电脑 综合 表现 没什么 前端 确定 一个月 手里 折腾 伺候 相信 做工 接触 不算 财力 允许 有所 持有 很长 压头 出掉 还略输 一筹 很久很久,-1
小夜曲 金波,0
心态 不高 关注度 枪手 国内 重视 为啥 问问 市场 不好 安心 他家 那种 不要 二手 东西 不是 玩玩,-1
流泪 好图 金波,1
车子 不太爽 吸入 拆下来 小巧 价位 感觉 比较,1
圆满 加个,0
诡异 发生 没听说过 至少 原配 确实 特别 一代 电源 没有 问题,0
口底 配件 排查 独立 反而 主板 显示器 麻烦 垃圾 底噪 非常 很大 起来 没有 问题 不是 耳机 觉得,-1
有没有 考虑 解码器 换成 楼主 卖掉 传真,-1
判断 分立 最好,1
支持 科学分析,1
升级 人声 打算 无语,-1
觉得 耳朵 不到 搭配 乐感 相当 流行 意思 意外 出色 差点 影子 相反 吊锤乐图 小尾巴 改进版 简直 相得益彰,-1
插单 香榭丽舍 高阻 没底 端口 一体机 单端 平衡 平板 底噪 正常 很大,0
大菠萝,0
镀上 靠拢 充满活力 欧系 习惯于 过重 嘹亮 很近 比厚 变味 加厚 太过 剔透 一丝 快速 不同于 金属光泽 有趣 清新 凝聚 响应 真实 热情 温暖 认为 泛音 亮度 下盘 音染 一点点 染色 声底 厚度 一点 均衡 同样 整体 对比 刺激 音色 结构 腔体 喜欢 调音 低频 保留 一种 高频 乐器 人声 感觉 真的 有点 很多 理解 耳机 声音,-1
旷世 楼上 推荐 赞同,1
好点 可能,1
为主 实践,0
明显 积分 水贴,-1
几天 代和代,1
考虑一下 美国 楼主 应该,0
电子管 古董 说法 收藏 耳放 值得 解码,1
可能 问题 需要 其实 低频 超级 唯一 试试 单端 百老汇 控制力 奶罩,-1
存在 明显 性价比 大乌 前端 差别 凸显 级差 电风扇 称不上,-1
未知,0
平面 平板 耳机,0
细腻 耳机,0
音色 喜欢,1
顶一顶,1
声音 失真 很多 好听 自然 耳放 音量 一点 干净 晚上 安静 下降 聆听 会开,-1
能力 羡慕 动手,1
爆表 指标 科学 价格 针对 耳放 调音 现在 需要 耳机,0
患者 最轻 展台 声带 福音 国内 大耳 平板 颈椎病 感觉 第一次 上海 应该,0
高端 建议 低端 绝对 其实 以上 推力 研究 效果 上台 飞傲 勉强 太子 半瓦,1
比较 几乎 大概 厂家 能力 确实 跳水 满足 无论是 以下 永远 延迟 新款 刚出 买房 回报 观望 未经检验,1
多股 单股 电线 相对 这种,1
宙斯 大乌 听感 类似 不错,1
模电 透彻 最好 其实 起来 简单 看看 理解,1
觉得 基本 相当 不少 比好,1
钱收 加点 感觉 二手,0
约定俗成 四重奏 听得出 左边 接反 管弦乐 小提琴 弦乐 是不是 这种 声部 左右,0
大耳选 换管 不小 留下 高阻 调音 胆机 空间,0
留意 一下,0
刚去 上周 动圈 价位 选择 几个 不错,1
学习,0
选推好 同价位 现在,1
动感 热情 烧油 严肃 冷静 原有 老粉们 固有 期望 走出 受众 这部分 原先 设会 崩人 撑起来 爱好者 乐乐 角度 普通用户 广泛 迎合 推测 除去 宽容度 得益于 一项 减分 中正 富有 弹性 不妨 线条 缺少 是因为 口碑 尝试 泛音 亮度 圈子 目的 导致 清晰度 录音 频段 一段 必须 才能 变化 饱满 大家 没什么 客服 靠近 一部分 旗舰 平衡 用户 声底 大部分 获得 传统 部分 印象 三代 增加 中频 氛围 古典 流行 风格 确实 调音 低频 必要 的确 拜亚 高频 乐器 下潜 这种 现在 其实 好听 喜好 影响 有点 接受 之前 来说 不要 支持 很多 比较 无法 达到 应该 耳机 觉得 不错 期待,1
过万 整场 奥丁 看法 苏丹 几款 一致 塞子 价格 喜欢,1
就算 单端 平衡 耳放 听不出 很大 区别,-1
电源线 直接 这种 折腾 不让 保险管,-1
更厚 台机 听说 声音,0
厉害 楼上,1
一定 出来 估计 绝对 其实 看起来 人耳 基本 差距 单个 全面 综合 程度 听不出来 指标 之后 说不定 哪家 好多 下来 谐波 失真度 并不大 会测 全测 洋洋洒洒 好几页 看得懂,-1
差不多 意思 水平 解码,-1
未知,1
录用 声卡,0
耳罩 还毒,1
专有 引入 技术,0
耳放要 银狐 展览 知音 操控 好好 复杂 增益 今天 最大 设置 操作 商家 展会 用户 居然 看到 一台 耳放 模式 其实 关键 试听 没有 建议 几个 做好 不是 耳机 知道,1
推广 账号 不好 官方,-1
没见,0
声音 耳机 不知 不是 二手 声场 好听 当然 低音 人声 监听 一种 风格 一首歌 相对 森海 有人 型号 实力 发挥 认为 换线 节奏 在线 念头 粉上 大音 浪下 清台,1
所谓 达到 支持 没有 动态 声场 设备 感觉 到底 解析 两个 调音 水准 大师 平衡 旗舰 比差 等级 恐怕 长处 在于 双三,-1
以为 歌德 神器,0
一千块 出门 在家 神器 好听,1
设备 感觉 二代 一代 楼主 玩过 能比 欧好,1
平平淡淡,0
期待 升级 纠错 密集 退步 接下来 革命性,-1
没法 问题 好听 以上 乐器 音色 森海 告诉 不好 主要 大家 不谈 副耳机 造假 负责 不准 任地 最烂 一假,-1
造型 颜色 耳房 经典 木碗 小不点 平板 用来 推力 不错,1
现代 调音 定义,0
上市 啥时候,0
觉得 一定 出来 建议 设备 不要 个人 听音 后面 素质 调音 马兰士 差距 芯片 想法 稍微 未必 大厂 取向 日系 选了 别看 一码 大街 口耳 白花 随性,-1
电脑 前端 程度 折腾,-1
颜值 楼主 耳放,1
区别 没有 二代 一代 好奇 这次 一体,1
操作 三观 森海毁 换汤不换药,-1
推好 非常 通透 不堪入耳,1
耳朵 明显 解析 差距 当年 小白兔 安卓机 佩塞一,-1
鸡蛋 他家 机器,0
系数 阻尼 频响 影响,0
理念 设计 感觉 二手 比较 便宜,0
百度 一下,0
不介意 奇怪 依然 低频 很多 觉得 声音,0
关注,0
小小的 头戴式 最早 台式 正好 肯定 便携 几个 毕竟 耳机,1
专攻 台式机 进步 未来 技术 播放器 大耳 便携 算是 的确 压力 一种 推好 现在 厂家 有点 不是 做到 觉得,1
分享 感谢,0
祝贺 张图 收到 一下,0
好毒文,1
下放 新品 会出 老窖 楼主 价格 不到 应该,-1
不是 以后 商家 折腾 说实话 烧油 无语 交易 维修 进灰 执意 经不起 还敢,-1
硬货 金封 买到 楼主 中国,0
电脑,0
纯甲 功放,0
素质 明显 提升 有没有,0
独立 输出 稳定 界面 感觉 以前 建议,0
应该 最好 以内 必要 不难 收不到,-1
维持 换线 原线,1
装上去 变怪 千万别 系列 动圈 木碗 耳罩 空气 声音,0
真不错,1
推别 韵味,0
不错 考虑 曾经 声音 银乌,1
奥帝兹粉 报道 蓝牙 听过 顶一下,1
没用过 强项 还行 貌似 前级,-1
评测 路数,0
系太 需求,1
耳机 不是 可能 比较 数字 个人 不能 意义 推好 依次 只能 合适 差距 大师 用过 表现 标准 剩下 银乌 勉强 严格 先锋 糊狗 耳放算 大耳里 从小到大 及格线,-1
太行 不少 比差 听过 确实,-1
准备 至今 二进宫 无差评,-1
二手 折腾 收个,-1
一下 谢谢 请问 楼主 麻烦 购入,-1
期待 一下 银乌 抵抗力,-1
声音 不是 比较 问题 很多 细节 其实 以上 解析 对比 森海 清楚 残响 主要 人会 太多 混浊 干净 误认为 泛音 认为 失败 副耳机,-1
看来 浪费 没有 有点 这种 秒杀 是不是 一点 放大 平衡 单端 电路 两套 卡农 只用 双是 双推 接法 推牛 四套,1
学着 跟着 最近 别人 入门,0
觉得 不要 个人 用个 折腾 太贵 整流管 上大盾 天梭 转成,-1
不错 产品 东西 一条 路线 往后 样子 审美疲劳 精细化 傻大黑粗 看太多,1
好羡慕,1
华硕 开发板 才能 不行 是不是 树莓,0
吃素 霸王龙 压制 刻意 过亮 量大且 换个 好比 特色 刺激 高频 耳机,1
有彩 习惯,1
失真 比较 个人 其实 当然 高频 低频 翻车 开放式 入耳 表现 差别 口味 光看 凸起 哈曼 暗淡 大耳里 反感,-1
展会 夸张 听过,0
羡慕,1
不错 电源线 动态 素质,1
难度 几千块 石机 胆机 直接 好声,1
建议 预算 起来 特别 不好 环境 退烧 电处 认真 全套 贵得,-1
不错 不会 来说 铁三角 有点 其实 人声 质量 低频 喜欢 地方 风格 老铁 一句 天龙 结像 清晰 主要 表面 不太像 偏薄 不近 铁式 甜远 锅盖 叛逆 内在,1
演奏 自动 钢琴,0
详细,0
铜环 黑线 编号,0
不是 简单 难听 原因 构造,-1
东西 不知,1
觉得 耳机 比较 没有 声场 接受 耳罩 乐器 单元 增加 结像 设计 只好 尽可能 前来 奇怪的是 纵深感 椭圆 比小 倾斜 薄后 厚式,1
老年 路过,0
一下 支持 用户,1
四节 推上 多些 平衡 细节 支持 耳机,1
注定 小众 这条 原因 处理 出好声 不好 音源 没法,-1
没得说 品控 提高 拥有 质量 值得 耳机 声音,1
两家 体验 前端 型号 马兰士 中频 特别 关系 铁三角 建议 一定 耳机,0
松掉 橡皮筋 小心 主要,0
设备 低频 差异 巨大 不同 呈现 结像会,-1
耳边 换个 箱子 效果 思路,1
频响 谢谢,0
系统 音箱 无源,-1
五星 连续 几年 推荐,0
小家伙 楼主,0
声音 参数 存在 不错 高端 不是 可能 问题 很多 没有 动态 解码 细节 关键 其实 感觉 非常 不够 模式 解析 味道 高频 特别 两个 听歌 性价比 韵味 算法 低频 自然 价格 中频 一点 大部分 用户 电阻 芯片 内部 不太好 缺乏 全面 实际 设计 天价 国内 一点点 导致 升频 看着 王者 潜力 电路 流畅 很难 并联 差一点 缺少 滤波 歌曲 转成 最高 不小 回事 下来 分立 挖掘 一众 变差 比要 到头来 高性价比 分立式 精度 噪大要 缘故 难通 几片 产商 搞升频 分路 做纯,-1
未知,0
漆包线 四股 无过 无功 问题所在 变粗 超细 大气磅礴 开不起 沉稳 脑放 扎实 双子座 参考 平衡 结像 原线 垃圾 喜欢 感觉 当然 真的 个人 实在,-1
聋子 彻底 变成,0
测过 挺值 看得出来 包装 频响 做工 看上去 功夫 耳罩 有没有 官方,1
送个 前级 功能,1
觉得 估计 没有 声场 有点 现在 不够 高频 确实 喜欢 差距 总体 相比 不同 齿音 手头 棉被 鲜活 专门 铝带 不小 用到 修饰 黯淡 各有特色 预想,-1
這設計 賣景圖 好看,1
耳机 出来 时间 直接 买过 好听 现在 多年 第一 不好 手里 最新版 过来 单只 剩下,-1
左右 音乐 监听 大耳 类型 万元 全面 超越 真力 有源 顶级 声学,1
易用 简单 来说,0
牌子 麻烦 换个,-1
阻机 算高 阻放 女声 画眉 应该,0
通道 分辨率 抹杀 人为 影视 流行音乐 形状 典型 变成 等于 奶油 同一个 进来 调音 解析 很多 声音,0
系统 解析 本身 更好 上来 担心 宽松,1
不好 发挥 一万 墨菊 二万,-1
矩声 旷世 国内 国外 听过 个人,0
线省 好代 一根 折腾 隔音 比较,-1
声音 知道 听过 森海 大气 真假 厚暖声,-1
问题 设备 大概 太小 更好 音质 楼主 容易 输入 输出 信号 爆音 设置 精准 缓存 加大 锁频,1
试听 折腾 网上 买来 求助 朋友,-1
不错 完全 不行 不耐 阻口接,-1
五倍 索粉 耳里 乘以 成绩 信仰 结论 买买 老大,0
单元尺寸 捉襟见肘 和量 音染少 感人 取决于 现场 全频 限制 密度 还原 相当于 封闭式 开放式 中频 自然 低频 质量 高频 好不好 起来 可能 感不 毕竟 耳机 声音,-1
名牌 生日 回头 包包 一套,0
数播 买个,0
觉得 不是 没有 监听 味道 特别 保留 同样 还原 音染 柔美 纯粹 一丝 过多 而生,-1
音乐 其实 正常 等到 退烧 过程 花钱 不停 回归 试错 钱花够,-1
便宜 太大 不好 电压 划算 未必 运费 太重 二是 保修 一是 逃三是 再就是,-1
高兴 就行,1
耳机 可能 系统 来说 以上 情况 差不多 工程 一倍 大多 具体分析 具体情况 比米 线贵,-1
高频 挺不错 谷津 亮丽,1
好声 一条 必要 就够 干什么 高档 胡同,-1
不错 几个 东西 买过 准备,1
由君 松紧 铁皮 夹头 两边 最好 解决,1
不相上下 悦耳 程度 一只 最好 铁三角 应该,1
起来 以上 解码器 好像 蓝牙 比拼 套路,1
个头,0
不会 高频 下盘 持有 结实 细碎 舒服些,1
虾米 推荐 确实,1
音乐 折腾 享受 无需,-1
千把 冒死 无敌 推出 推荐 胆机 性价比 人声 非常 好听 二手 估计,1
安心 即可 恭喜 退烧 笔记本,-1
比较 看看 帮顶 答案,1
拜亚,0
声音 不错 里面 没有 知名品牌 胆机 耳放 外观 一点 永远 功放 接插件 欲望 器件 土炮 国人 如美星 几大万,1
觉得 没有 个人 不能 不好 实际,-1
问小白 大多数 退步 朋友 路线 需要 已经,-1
耳机 不到 问题 上海 试听 反正 最近 地方 整个 最大 别想 枪文多,-1
便宜 太贵 如数,-1
环境 箱子 肯定 要求,1
应该 建议 学习 选择 楼主 不同 参考 接口 大作 特性 给出,1
线带 以后 出手 合适 这种 试听 比较 耳机,1
定义 直接 不了 见到 推动 宣传 之外 骗子 国家 量子 科技 卖东西 黑个 通信 虚假,-1
测试 估计 没有 稳定 价值 热机 有变,1
几茬 反清复明 朝代 同治 崇祯 已经 不是 不知,0
达芬奇 人才 几万 解码,0
毫无疑问 这点 更佳 前提 完成 台式 目的 表现 主要 三代 对比 效果 拜亚 真的 感受 系统 达到 觉得 不错,1
知道 一下 手机 假大空,-1
未知,1
类型 适合 音乐 耳机,0
好听 听感 手持 测评 五铢 嘴笨 写不出,1
平头 居然 看到,0
所谓,0
港台 中小 老歌 现代 流行 编制,0
听底 推点 琥珀 卡农 天花板 输出 输入 不好 平衡 对比 基本 没有 估计 问题 一定 不错,-1
接触 参考 意义 一定,0
欧美 宇多田光 合适 流行,1
无语,-1
个人感觉 折腾 实惠,-1
耕耘 小号 注册 这是 一堆 肯定 收获,0
声场 高频 低频 确实 中频 单晶 镀金 扎实 铜银,1
人声 喜欢 最干,1
不常 偶尔 老老实实 古典音乐 反正,0
建议 价格 一点 差不多 推妥,-1
收副 价钱 涨价 几年 歌德 可能 不错,1
左右 存在 发烧友 器材 很多 没有 音乐 设备 来说 简单 个人 非常 乐器 一种 喜欢 有人 播放 以为 单纯 收藏 周边 录音 折腾 分享 碟子 说法 之后 摄影 镜头 享受 朋友 乐趣 种类 本末倒置 十五年 作品 妨碍 机身 一般般 头版 稀有 全然不顾 重金 回报率 一写 改编,-1
大耳大 心中 乌是 默念 顶级 动圈 大耳 大乌,1
可能 不会 两个 平衡 线路 不同 单端 干扰 口转 炸倒,-1
不必要 小弟 疑问 只用 一体机 是不是 其实 解码 耳机,0
应该,0
中正 超越 价位 调音 素质 实在 比较 不错,1
直接 胆机 喜欢 退烧,-1
密度 耳放 音源 换成 其实 很多 问题 不是 耳机,1
不用 小时 两个 关机 每天 休息 开关机 每周,1
好文 深度,1
昨天 升级版 展会 试听,0
情有可原 由此 根源 劣势 反超 更胜一筹 想到 单听 一会 难得 或者说 大幅 换回 振膜 按住 着实 气势 带来 音乐性 舒展 显得 鲜活 在于 有种 密度 吊打 方面 精准度 主要 通透 结像 打开 一点 面前 素质 本身 明显 感觉 其实 有点 动态 没有 已经 觉得 不错 知道 声音,1
這兩個 一起 天差地别 路子 放在 比较 耳机,-1
看看 搭配 有没有,0
软件 音质 闲鱼 千万别 莱尔 巨坑 抢手,-1
留给 用点 总归 原机 古董 烧油 现代 管子 折腾 噪音 肯定 性价比 没有,-1
仙乐 偷偷 晚上 听到,0
下决心 偏音 当年 有人 翻车 没有,0
之选 领域 失望 口碑 明智 就算 专业 录音 恭喜 森海 音频 不会 器材,1
空气氧化 振膜会 故意 理想 煲机 听个 经验 状态 震动 正常 就行了 使用 不了 音乐 几个 不是 达到 不用,0
磁路 对比,0
只能靠 脑放 没试,0
直上,0
方便 有钱 折腾 静电 愿意,-1
变成 划算 真是,0
对儿 音箱 解决,0
问题 烧友 起来 厂家 正常 必要 大家 重视 改进 能够 造福 黑而 黑有 改过,-1
觉得 耳朵 音乐 声场 低端 解析 比起 平板 编制 音色 差距 不太多 主要 顺滑 男人家 不小 加成 柔美 巴洛克 细听,-1
时间 现在 差不多 不少 退烧 买来买去 可喜可贺,-1
补焊 商量一下 进灰 修过 拆开 卖家 电器 镜头 每个 所有 地方 不能 没有 一下 有没有,0
抽屉 几年 入手 推好 多年 没有 已经 里面,1
一万多 数播,0
调调 柔美 钢琴 力量感 歌德 耳放 风格 胆机 适合 这种 问题 不是,0
慕音 两家 安润 全新 直接 试听 建议,0
器乐 流行 人声 考虑,0
声音 左右 不错 直接 耐听 全新 到位 台机 无敌,1
解码,0
总代 润丰 呵呵 懒得,-1
线接,0
主要 感觉 好看,1
耳机 音箱 到哪去 一塌糊涂,1
觉得 耳机 出来 没有 影响 两个 更好 效果 确实 同样 不好 型号 发挥 同一 实际上 副耳机 经验 标准 因素 理想 玩意儿 说好,-1
报告,0
啪啪 欧高阻 国产机 做到,0
声是 钢琴 还好 特别 人声 其实 真的 没有,1
影响 好听 非常 心情 心烦,-1
种草 本人 用户 必要 有点 没有,1
建议 直接 秒杀 一套 所有 环境 退烧 真正 降噪 宿舍,-1
不错 没用 搞定 月底 乖乖,-1
十篇 好图 一张 毒文,1
尴尬,0
好不好 耳放 平衡 單端 問題,-1
为啥 回复 帖子,0
差于 罗是 有线 阿米 不少 两个 版本,-1
仰望 玩家 高端,0
反正 不在意 正常人 傻子 文盲 图一乐,-1
应付 旗舰 问题,0
这条 加钟 信不信 同轴 始终 界面 时钟,0
几乎 入门 系统 最好 后面 投入 性价比 退烧 密度 同一 无敌 比是 中万 起跑线,-1
古典 两个 人声 感觉,0
买买 一定,0
出来 显示 有点 必要 是不是 设计 唱片 信息 没刷 同上 屏幕 封面,-1
亮骚 出街 拿来 系列 这种,1
参数 差不多 性质 高价位 乐色,-1
上头 不大,0
连接 同样 使用 问题,0
声必飞 一组 不错,1
麻花 那线 概率 里面,0
仪式 干燥箱 多些 南方 平时 静电 动圈 相比 感会 注意 耳机,0
先进 瞎折腾 正常人 普通 不买 磁带 早就 烧友,-1
原厂,0
大奥,0
二十年 进步 听不出来 体现 成本 可能 事情 一定 根本,0
必属 精品 双木 出品,0
全送 时代 过度 附近 最牛 应该,1
比较 需要 使用 后面 适合 确实 地方 内部 主要 接线柱 小巧 桌面 好玩 自由组合 接太多,1
劝退 重量 直接 已经,-1
剑桥 次于 套装 为啥 一体机 旗舰 楼主 好奇 整体 效果 注意 目前 之前 搭配,1
不是 推力 耳放 好像 肯定 平衡 单端,1
知道 不少 一片 成品 丝带 假线 线假 看宝 奥丁,-1
百事 基本,0
误人子弟 基础 高阶 玩法 线材,0
美图 好久不见 董壕 好文,1
这品 省心 卧槽 劝退 担心 质量,-1
耳机 有点 细节 非常 特别 音源 喜欢 不行 容易 系列 表现 不少 出好声 好些 折腾 跟不上 薄刺 比系,-1
无用功 终点 现如今 必定 趋势 净化 重整 廉价 妥协 网播 信号 分体 数播 一体机 低价位 商家 以后 界面 必要 解码器 高价 真的 机器 使用 解码 不会 方便 已经 可能 一层 出来 高端 声音,1
觉得 搭配 人声 性价比 古典 不好 不太多 比差 台机 主观,-1
素质 真是 差距 居然 试试 旗舰 兴趣 木桶,-1
堆积 迅速 感能 粗壮 基线 水线 公头 母转 德头线 德头 定做 功劳 买不到 老版 绝版 一圈 反映 臃肿 两端 转接线 欧亚 能量 意外 阴差阳错 主要 新版 中频 两个 感觉 现在 我用 其实 店家 之前 不会 已经 不错 声音,-1
帖子,0
耳机 预算 最高 顶到 慢慢来,1
声音 失真 很多 好听 自然 耳放 音量 一点 干净 晚上 安静 下降 聆听 会开,-1
声音 机器 更换 适合 是不是 管子 整流管 传说 中牛 哄哄 贵族 仿西电 我块,-1
驾驭 成为 瓶颈 中正 够用 系列 动圈 来看 一套 耳放 堪忧 质量 音源 以内 本身 明显 不会 里面 线材 耳机 不错 声音,1
留名 前排,0
喜欢 闲鱼 转手,-1
说准 大夫 耳科 耳朵,0
清音 花钱 正版 地方,0
考察 维纳斯 候选 提高 厚度 以内 解码 知道 声音,0
清醒 不少 看来,0
毁掉 排插 最少 楼主 效果 系统 一半,0
支持 应该,1
据说 大佬 水平 素质 人声 好听 没有,1
黑度 高质量 提供 数字信号 能够 这是 替代 改变 背景 解码器 不能 设备 安定 功能 不是 事情 毕竟 声音,0
打算 起来,0
未知,1
不错 觉得 耳机 耳朵 所谓 一下 不会 量化 下潜 高频 低频 差距 大哥 不少 就算 高于 延伸 差个 差于 二哥,-1
侧重于 随身,0
台机 大菠萝 便携,0
建议 数字 线有 匹配 屏蔽 严格 规范 阻值 手工,1
支持 好文 用心,1
好毒 学会 拒绝,1
铁三角 胆机 厉害 有空 继续 想入 顺便 幸好 囊中羞涩 抱紧 写写,1
一代 听得出来 硬件 有用 苹果 强高 配比 低配 具体,1
学习,0
柔化 涂抹 瑕疵 之后 市场 需要,0
无口 找人 不多 定制 闲鱼 接口 取消 一台 全新 界面 解码器 现在 解码 需要 二手 没有 几个,0
或许,0
数据 不是 小时 难看 韭菜 厉害 手段 整个 仅仅 搞定 推送 就算 越来越 生活 角落 搞不定 营销 年代 洗脑 不间断 地球 全年 父母 一块 消费主义 卫星 全民 妻儿 财富 膨胀,-1
好奇 一点 麻烦 电路设计 轻松 原厂 优秀 原封不动 抄来,-1
未知,1
非得 好好 机线 之前 不是 电源线,1
比较 讨论 差异 楼主 可否 坛子 品牌 谈谈 木声 涉及,-1
好声 提升 关键 最好 降低 播放 精简 关闭 优先级 线程 延时,1
强点 不太好 价位 选择 这种 当然 觉得 不错 声音,1
大秧歌 一股 配色,0
卖货 现场,0
刺激 高频 不会,0
原文 不为 第一个 原来 路过 进来 直接 回复,0
实体店 风格 试听,0
这波 旗舰 森海,0
看来 不错 哈都,1
真是 漂亮 木壳,1
声音 级别 出来 问题 来说 请教 素质 差距 有个,-1
均衡器 准备 现在 之前 解决 已经,0
耳机 有点 监听 调音 评价 整体 一点 感情 不好 当年 认为 记着,-1
不好 无脑 推上,-1
一律 染色 推荐 不好 木碗,-1
可能 呵呵 没有 我用 感觉 明显 难受 舒服 后来 身上 突出 改进 得到 按摩 设计师 疗效,-1
铝带 感兴趣 啥时候,0
区别 有点 当然 的确 现成 麻烦 复杂 一根,-1
不错 试试 干扰 套装 直插盘,-1
性价比 这套 颜值,1
便宜 太贵 如数,-1
单论 回头 最终 售价 不值 现在 觉得 声音,1
数码 唱片 下载 土豪 类型 硬件 不要,0
平衡 楼主 感觉 之前,0
不错,1
真愛啊 高手,0
高刀 颜值 一体机 有人 价位 对比 机器 希望,1
没法 不是 效果 一段时间 塞子 勉强,1
问题 退货 前前后后,-1
没有 基本上 不能 必要 折腾 换墙,-1
爱丽丝 最强 号称 当年 千元 氛围 流行,1
椅子 轮胎 性病 先锋 应该,0
声卡 技术含量 显卡 差不太多,-1
没有 起来 效果 容易 旗舰 折腾 圈里,-1
详见 科普 高大 电流 放大 东西 不是,0
要煲 时间机器 磨合 火气 收敛 下来 录线 一段 慢慢 有点,0
区别 差距 大耳 结像 塞子 接近 立体感 最大 现场 小于 点和面 大耳结 永远都是,-1
声音 觉得 比较 没有 请问 质量 前端 不值 失望 感一耳,1
诸多 不可否认 强劲 现代 干净 缺点 特别 高频 味道 低音 当然 不到,1
最后 原线 太重 红色 几股,1
物极必反 没话 极度 心理 恶心 了解 感受 已经 有没有 知道,0
不认 一排 蓝光 小金 认证 玩个 小众 机上 显得 一堆 原来 不买 不能,0
应该 调音 喜欢,-1
三台 机壳 共地 自激 尝试 引起 接地 机器 直接,0
正式 固件 系列 啥时候,0
爱好者 搞笑 机翻,1
支持 听感 楼主 沙发,1
觉得 平板 不行 好像 大耳 动圈 前端,1
参数 很多 解码 其实 不差 可惜,-1
厉害 区别 声音,1
喜欢 不错 性价比 系列,1
特写,0
姑且 口直 日常 重点 一体机 解码 不是 算个 耳机,0
有没有 里面 入门 请问 人声 旗舰 动圈 比好 不想 转悠,1
声音 几个 没有 东西 高价 一代 耳罩 听过 远远 大于 差异 垃圾 大部分 实际 编号 程度 差别 上天 是因为 出掉 初版 橙色 无非 成分 造成 炒作 说好 新旧 远大于,-1
学习,0
不强 磁力 磁铁 两天 塑料 说明 试试 明白 喜欢,-1
好听 编制 对比 差距 单独 发现,-1
颜值,1
方便 搜索,0
输出功率 功放 知道,0
不出 稳定 市面上 和弦 那台 读不出 光头 参考 差不多 转盘 非常 机器 估计 最贵 声音,-1
万人 菊花 不留 留图,0
阿帕图 带像 发售 停产 捆绑 要出 据说 突然 森海 耳放 确实 现在 已经 耳机 不错,1
高端 主板 没用,-1
退烧 烧好 烧死,-1
耳机 佩戴 可能 比较 不会 使用 关系 感觉 小时 非常 人声 二代 耳罩 通透 舒适 差不多 永远 工作 比近 专用 每天 舒适度 感蛮 夹耳 贴耳因 上班 七八,-1
胡说八道 一本正经 变成 前面 突然 一段 最后,1
声音 非常 牌子 难听 活着 他家 干冷,-1
聆听 近场 设计 音箱 监听,0
排除 考虑,0
看看 解码 价位 芯片 差不多 一体机 评测 新出 后者,-1
喇叭口 转接 试试 后面 出来,0
楼主,0
值不值 更好 界面 当然 个人,1
推选 推不差 博主 德国 推荐 情况 大师 看到 古典 更好 拜亚 请问 很多,-1
退烧,-1
太难受 信用 退钱 标价 信不过 某次 快递 墨迹 交易 保价 卖东西 只用 确认 同感 顺丰 套子 对方 运费 到货 耳套 良好 以下 继续 重要 以后 果断 全新 其实 之前 已经 问题,-1
红色 蓝色 对应,0
感兴趣 中选 有源 想入 推荐 监听 最近,0
同样 好奇,1
自我 总是 比较 很大 调音 单元 潜力 按理说 走得 任性 喜欢,-1
作用 供电 噪音 环境 本来 家里,-1
夜深人静,0
快乐 弟弟 听音 设备,0
精妙 码率 播放器 才能 发挥 完全,0
睡醒 不上,0
电源线 已经 空间 所有 全部 平衡 电脑 至少 差不多 开发 管子 包括 百分之 那根 切记 换舒特,-1
挑耳放 一点 平板 素质 推力 就行了 其实 要求,1
声音 一层 没有 影响 插头 上面 质量 严重 过度 不好 处理 镀金 表面 彻底 薄薄的 涂层 这层 金掉 褪色 玩完 闪亮 接触性,-1
发骚 老家 宁波 顶顶 现在 上海,1
尽情 干净利落 压抑 不使 适当 喧宾夺主 注重 温润 干净 令人 饱满 深刻 声底 整体 氛围 自然 低频 听感 乐器 人声 影响 不会 出来 耳机 声音,1
块钱 杀价 秒杀,0
未知,1
声音 没有 直接 提升 意义 明显 听歌 价格 西装 森海 折腾 安逸 出去 搞来搞去 成倍,-1
回放 不在话下 古典 音乐,1
支持,1
有戏 金丝雀,0
无法无天 墨镜 满满 信心 口罩 戴上,0
声音 不是 接受 不了 有点 高频 喜欢 纤细 不好 线条 饱满度,-1
不错 不是 比较 音乐 完全 起来 非常 十分 味道 一种 特别 听感 的确 编制 交响 流行 合适 尤其 新版 类型 楼上 女声 极端 认为 相信 磁性 杂食 混响 旧版 较大 出入 动人,1
个人 喜欢 算是 歌德 美国 世纪 瘦身 小妞,1
总司令 试试,0
声音 不错,1
模块 蓝牙 温暖 网上 画眉 电脑 有人 干冷 对比 刺激 前段时间 人声 实在 之前 出来 一定 声音,0
不错 外观 机子 隐士,1
厉害,1
其实 非常 听感 难受 不好 齿音 处理 后期 引入 录制,-1
应该 解码 价格 合适 对付 前端 功放 拿来 书架 一体化,1
歌德 少帅,-1
不错 麻烦 品牌 不难 君子 换唱 臂线 唱臂 开孔,-1
声音 建议 不会 没有 解码 我用 买个 适合 以内 素质 差不多 楼上 划算 够用 流畅 短板 不堪 感到 双休 唱机 多休,-1
断货 银彩 型号 不好 低端,-1
耳放当 虚标 口有 我查 台放 也许 笔记本 拓品 驱动 输出 单端 草医 发挥 实力 小贵 超过 平衡 几百 远远 耳放 明显 有点 没有 应该 区别,0
一等 拆旺德 全集 重制 海菲兹 版号 瓦楞 合集 现场 立体声 那套 很棒 经历 差不多 楼主 当时 可惜 觉得 好看,-1
不划算 太贵 索尼 网上 无所谓 有钱 建议 论坛,-1
可能 问题 需要 其实 低频 超级 唯一 试试 单端 百老汇 控制力 奶罩,-1
一千多 搞个 国产,0
晚发 几天 兴趣 已经,0
突出 德国 丰富 大师 试试 解析 细节,0
对比 差别 不去,-1
石头 贵点 矩声 一体机 满足 便宜,0
不怎么样 有破音 到手 特别 推力 机器 觉得,0
支持 东西 理由 天无 佛山,1
电源 喜好 便携 电池 台机 金丝雀 义度,1
声音 个人 感觉 更好 对比 舒服 空间感 前端 强势 认为 蓝色 层次感 段同 游刃有余 一截,-1
机器 马兰士 耳放口 推挺,1
诚如 尴尬 所说 情况 楼主 机器 便宜,0
成交量 没有,0
真线 假线 凭证 购买 完全 一条 不是,-1
有点 难看 漂亮,-1
耳机 没用 好听 还好 不住,-1
耳朵 问题 提升 听音 解析 受不了 不少 清晰度 提高 声压 能够 同感,1
前端 型号 不是 耳机,1
爆照 床单 一模一样,0
同宗 走向 硬朗 接近 不会 声音,0
大耳里 收藏 精致 便宜,1
追求 音质,1
大手笔 半小时 楼主 真是 贴子,0
脑放,0
无敌手 基本 以内,0
比较 不会 几率 行货 正价 有假,-1
耳机 不是 实在 买个 喜欢 编制 交响 流行 装作 明明 品味,-1
同轴 输出 光纤,0
箱来 干瘦 越走越远 线条 换个 周边 错误 路上 声底 大钱 效果 明显 不要 声音,0
松散 洗礼 一点 刺激 低频 高频 表示 耳朵,0
未知,1
肯定 转盘,0
前期 后期 器乐 均衡 喜欢,1
就整 闲钱,0
关系 拿到 价格 水太深 代理商 好能,-1
比白 半夜 脑放 干净 发现 结像 似乎 听感 听歌 安定 觉得,1
时间差 本月 出差 遗憾 上海,-1
选择 正常 必要,-1
楼主 不能 区别 声音,0
单买 那根 之后 平衡 老大 区别 耳机,0
耳机 功能 没用 声场 使用 影响 我用 模式 基本 界面 暂时 厚度 不少 宽松 必须 背景 插口 同轴 作用 好多 非常明显 太差 比直 数码味,-1
一票,0
居住 别烧 改善 环境 楼主,0
区间 波动 有过 渠道 其实 之前 没有,0
自动 没想到 忽略 地位 大多 苹果 以为 两个 烧友,0
吃不饱 时刻 记住 远比 喂饱 旗舰 好听,1
养家 枪文 赚钱 干嘛 专业 听听 必要 随便 音乐 不是,-1
不错呀 银子 可惜,1
觉得 有点 个人 高频 素质 低频 调音 中频 缺点 透明度 比强 在线 暗刺次 略远 半档,-1
新机 配色 劲浪 换壳 母猪 产品线 太广 逻辑性 严重不足 产品价格 腰斩,-1
买单 汽车 冲突,0
耳机 二手 设备 目前 关键 其实 非常 性价比 三个 开放式 封闭式 听到 价位 玩过 极致 场景 旗舰 始终 最初 稍微 仅仅 张扬 专业 包括 评测 出掉 目标 一圈 重复 振膜 出街 出差 运用 难选 服役 群友 三千 大多数 直到 多多 用途 没蹭 心仪 多月 生物 大耳后 调试 用用 本坛 可折叠 携带 站得住脚,-1
导出 文了 专家 好几遍 转发 科普 作用 杂讯 老外 重要 之前 电源线,1
小本买卖 死命 靶子 金瓶梅 单位 利润 就够 价位 的确 几个 不错,1
火并 搞懂 暴打 一万多 不开 一般般 为啥 几千 以为 差距 更好 特别 明显 好听 系统 耳机 觉得,-1
未知,1
调一调 阻里 够呛 高阻 旗舰 不好 铁三角 浪费 耳机,-1
积蓄 自拍 公共厕所 会花 买贵 土豪 依然 有人 有个 是不是 发烧 经常 很多 问题 器材,0
平衡 这水,1
老糊 有力 那种 感觉 声音,0
房间 专用 没什么 音箱 对此 基本 需要 要求 耳机,0
远大于 新旧 说好 炒作 造成 成分 无非 橙色 初版 出掉 是因为 上天 差别 程度 编号 实际 大部分 垃圾 差异 大于 远远 听过 耳罩 一代 高价 东西 没有 几个 声音,-1
要不了 出线 高芬 蓝水 新世界 打开 几个 一定 电源线 区别,0
哥们 联系 一下,0
顶顶 健康,1
声音 可能 估计 很快 二手 关系 现在 非常 音场 不好 超越 不少 闲鱼 流畅 透明 超值 低于 不断 走低,-1
觉得 应该 不大 差距,-1
非常 高仿,-1
软件版 意思 硬件 有点,0
比好 同理,1
多钱算 便宜,0
天际 现在 看来,0
垃圾 营养 我发,-1
贵先 复杂 国行 不算 这耳放 原件 做工 内部 极其 其实 声音,1
官翻 三部 享声 购买 值得 机器,1
耳放 不好,-1
微亮 适应 之后 中性 前端 本身 高频 系统 估计,0
牌子 男人家 领域 多不差 路转,-1
佩戴 拜亚 试试 系列 头型,1
闲下来 出个 两台 评测 工作 听过 确实 非常 近期 器材 不错,1
不好,-1
小时 左右,0
纯靠 属于 平面 算是 单元 平板 调音 基本 牌子 没有 声音,0
最近 效果 价格 差距 入手 下手 台机 床头 回家 大不大 机用 看狗东 三四千,-1
好听 听过,1
两颗 够用 小贵 入手 价格 听听 本来 目前 有点 觉得,0
分散 顶头 面积 压力 感觉 比较 一下,1
大厅 结构 腔体 耳罩 感觉 很大 声场 声音,0
不错 分别 现在 特别 电脑 两台 儿子 带劲 各块 动画片,1
帮顶 森海 用户,1
湿度 屁点 不会,0
搞头 主机,0
耳机 佩戴 呵呵 声场 接受 不了 完全 反正 当然 这种 本身 选择 喜欢 只能 结构 音箱 物理 体现 能量 包括 属于 悬空 房子 能够 玩意儿 呈现 纯粹 规整 高保真 紧下松 畸形 意味着 弃疗 做文章 限于 过不去,-1
晚上 好不好 声音,-1
大乌破 好消息 一手,1
厉害,1
掉头 没换 方法 知道,1
耳罩 问题,0
觉得 耳机 明显 古典 追求 相似 强行 差得多,-1
积极性 变差 打击 好歹 顶级 一说 本来 机器 不要 声音,-1
耳机 现在 更好 打算 平衡 以后 单端 一周年 强过,1
玩玩 支持 可能 呵呵,-1
左右 顶一下 大概 国产 本来 唯一 正好 淘宝 收到 过年 问过 先买 一家 快递 要天 积压 仓库,1
不错 觉得 耳机 耳朵 所谓 一下 不会 量化 下潜 高频 低频 差距 大哥 不少 就算 高于 延伸 差个 差于 二哥,-1
原罪 穷是,0
厉害 帮顶,1
发烧友 应该 电源 不要 成熟 真正 再生 电处 智商 理性 记住 骗术 稳重 高智商 用市,-1
三针 换线 真心 平衡 试试 必要 感觉 完全 东西 没有 线材 知道,1
直接 价格 经典 森海 型号 划算 强烈推荐 坚挺 去年 反而,1
一劳永逸 大千 处理器 反而 搞个 机线 发现 平衡 换成 发烧 电源 电源线 声音,0
精度 还好,1
声音 觉得 声场 好听 感觉 非常 音源 耳放 保养 成熟 真正 一体机 从后 电磁炉 避免 返厂 之外 小点 主力 回直 软点 选好 大件 事半功倍 沉迷在 沼泽,1
希望 呵呵 准备 满意 退烧,-1
分钟 编个程 挖矿 声卡 不是,0
东西 直接 喜欢 退货 买回来 歌诗德,-1
轰头 劝退 日系 第一个 怪怪的 不好 习惯 大耳 调音 低频 感觉 有点 耳机,-1
曾经 不怎么 极致 听过,0
选了 差点儿 森海家 阿米 后来 当时,-1
佩戴 拜亚 试试 系列 头型,1
很多 试试 准备 数播 折腾 省心,-1
声音 几乎 往往 工艺 价值 收藏 加上 科学 稀有 取决于 品相 分值,1
受教,1
这耳放 漂亮 用来 听说 真的 以前,1
在售 加点 现在 当然,0
强帖 说话 终于 有人,1
咯吱咯吱 一捏会 器件 复杂 外壳 不够 耳机,0
满意 一体机 好几个 供参考,1
耳机 不是 估计 方便 厂家 感觉 人声 正常 低频 调音 地方 对比 肯定 一点点 偏差 故意 右边 左边 比较突出,-1
未知,0
没有 二手 反正 假货 不算 在内 没卖,-1
扁平 不算 甜甜的 数播 一体机 分离 低频 味道 解码 声场 层次 不错 声音,1
喜欢 模拟 黑胶 个机,1
未知,1
原道,0
有米,0
官宣 一条线 哈哈哈哈 样机 台机 享声 工程 吊打 所有 价格 当然 可能 不是,1
留下 卖掉 不了,-1
开心 便宜货,1
知道 不用 不到 可能 实在 真的 对比 数播 一听 哈哈哈 达菲 太烂,1
声音 有没有 不是 已经 参照 提升 考虑 不好 通透 规律 表现 随身听 灵敏度 潜力 就算 技术 变成 不满 下降 代价 换购 改良 逃脱 磁体 通透性,-1
生意 做成 一条,0
英文版 看不懂,1
是不是 解析 不错,1
声音 不错 搭配 不是 比较 有点 感觉 非常 乐感 两个 选择 三个 对比 没什么 刺耳 路子 刺猬 增益 能够 好玩 中高音,1
加下 微信,0
几样 有事 近在咫尺 这次 打算 本来 真的 不了 上海 东西,0
往后面 特价 全系 发布 涨价 安润 降价 首发 之后 一万 导致 在于 还会 型号 歌德 真是 基本 值得 现在 没有 问题 还要,1
身边 据说 人用 机子 清楚 价格 确实 听说 几个 不错,1
不会 影响 低音 高频 喜欢 音质 发挥 好量 洪水猛兽,-1
审题 注意 国标 没反 相位,0
国产 最好 原装 粗糙 拆卸 开模,-1
正式版 优化 推出 新品 以前 不是,0
有钱 喜欢 流行 楼主 塞子 退烧 兴趣 一致 索尼 随身 威士顿 港台,-1
有底 退掉 平衡设计 普遍 端口 一体机 似乎 是不是 听说 机器 问题 应该,-1
直播 赶上,0
越轻,1
打过 居然,0
觉得 应该 低频 金属 电子,-1
声音 便宜 耳机 应该 就别 功能 问题 解码 机器 这种 用来 正常 大部分 功率 不少 国内 声卡 供电 专业 太贵 没用过 创新 老虎 雅马哈 代替 输入输出 用不上 罗兰 口嘛 乐之邦 老梗 吹水,-1
派用 线性 普通 不好 树莓 电源 声音,-1
巴托克 增益,0
每个 真是 人声 以前,0
可播放 高达 光盘 具备 刻录 实用 高清 音乐文件 频率 文件 采样 播放 相当 数字 音乐 功能,0
功能 没有 国产 日本 输出 太贵 欧然德 韩国 完美 般配,-1
黑黑 默默 一根 看着 机线 一体机,0
很多 平衡 不好 设计,-1
不是,0
知不知道 买线 再用 多功能 强化 音视频 做成 好好 剩下 阉割 定制 供电 无关 外壳 电脑 配置 部分 价格 界面 到底 不能 东西 不是 知道,1
出来 好像 国内 小巫 法国 半价,1
线材 不是 无法 速度 比较 问题 出现 电源 设备 关系 特别 底噪 降低 严重 有人 方案 接入 交换机 导致 改善 路由器 网播 差一点 开关电源 避免 稳定性 网线 无线 网桥 宁静 玄学 大幅 廉价 有线 污染 变差 接收 传入 变大 规避,-1
展会 有人 试听,0
朴实无华 生活 有钱人,0
完全 好听 那种 人声 不差 配个 彩线,-1
前排,0
价位 不好 同价位,-1
就行了 出来,0
噪音 机械 硬盘 最大 希捷 小些 西数略 大些 日立,-1
外观 差不多 几款,-1
系统 恭喜 完成,1
不错 电源线 级别 比较 其实 的确 价格 烧包 达斯 全套,1
恐惧症 密集 不想 老实 看到 实在 直接 音乐 觉得,1
换画 新宠 大佬 看看,0
七天 理由 退货 听听看,-1
能少点 超过 推荐 麻烦 得换 耳房 更好 当然 实在 二手 预算 耳机,-1
划船,0
喜欢 很多 确实 刺激 系列 歌诗德 划等号,1
分别 耳机 试听 提升 很大 现在 明显 一套 差别 黑豹 店里 本想配,-1
马勒 指望 才行 差点 意思 编制 一代 不够 就别,-1
线拔 挂架 放在 耳机,0
自发 优先 产品品质 市场 国货 自然 消费者 支持,1
不香 没钱 消费,0
配系 指像 糖水 接近 耳放 那种 感觉 一下,0
兴趣 试试 楼主 新版,0
厉害 线材,1
不错 觉得 耳机 耳朵 所谓 一下 不会 量化 下潜 高频 低频 差距 大哥 不少 就算 高于 延伸 差个 差于 二哥,-1
几天 差距 确实 最近 很大,-1
佩戴 喜欢 外观 大乌 好文 帮顶 体验 止步,1
记得 去年 不到 便宜,0
美好 没有 时钟 解码 目前 转盘 来看 同步 优于 想像中,1
拉平 比例 石机 胆机 投入 大概 可能,0
出来 不是 问题 解决 这种 最好 类似 那种 只能 三个 垃圾 不好 电脑 稳定 干扰 性能 不足 供电 信号 专业 找到 够用 保证 缓冲 屏蔽 原因 杂讯 尽量 同轴线 分支 调高来 主口 且口,-1
说大乌 太重 确实 问题 论坛 看来,0
自愈 戒除 绿谈 洗脑 典型 特征 一个月 论坛,0
不错 耳机 自带 帮顶 用户 推低,1
大佬,1
不可自拔 反智 沉迷于 不思进取 小圈子 科技 厂商 研发 反而 有用,0
觉得 耳朵 可能 感觉 高频 特别 效果 低频 中频 没什么 反而 因人而异 冲击 有桶,1
好听 不好 旗舰 恶声,-1
佩戴 达到 不会 不要 这种 最好 解析 选择 基本 调音 风格 组合 舒服 平衡 系列 一体机 短板 不难 高登 原厂 不太差,-1
瓦底 瓦帝 维尔 展听 几次 落地箱 音响 感觉 浪费 耳机 不错,1
声是 新出 现代 最近,0
振动 方面 重量 太大 效果 感觉 很大 影响 不会 可能,0
一定 系统 直接 提升 效果 咸菜 大件 境界 细调,-1
热心人 顶楼,1
特性 导电 不同,0
浮夸 哑光感 老版 新版 好像 感觉,1
现在 晶彩 好价 太贵 来个,-1
介绍 经验 特殊 实际 插头 需要,0
操心 正不太要 全机 电脑 价格 问题 功能 搭配 声音,0
后级 用不着 感觉,0
小学生 这牛,1
感觉 保养 样子 真不错,1
声音 功能 手机 很多 感觉 适合 森海 通透 上台 不耐 导致 中性 不算 暖厚算 锐化,-1
原线 换线 维持,1
中肯 说法 赞同 完全,1
歌德 更好 音质,1
风格,0
高端 器材 出来 问题 入门 明显 古典 感情 太差 明明 暴露 叙事 越差,-1
远不如 高登 蓝宝石 耳放 知道,0
应该,0
声卡 技术含量 显卡 差不太多,-1
毒文有 火腿 同嚼 花生 豆腐干 知乎 配合 听感 味道,1
平板机 最高 素质,0
声音 几个 没有 东西 高价 一代 耳罩 听过 远远 大于 差异 垃圾 大部分 实际 编号 程度 差别 上天 是因为 出掉 初版 橙色 无非 成分 造成 炒作 说好 新旧 远大于,-1
耳机 耳朵 最好 低频 平板 听听 所有 系列,1
便宜 肯定 商家 主要 未必 好过 良心,1
麻烦 玩起来,-1
东西 绝对 重量 碟机 有着,1
打击 长处 速度 应该,0
当年 接近 感觉 目前 系统,0
用过 平板 适合 以前 比较,0
小牛 袖珍 形成 鲜明对比,1
呵呵 拜亚 素质 森海 价位 歌德 用料 最高 据说 次之 相同 最足,-1
声音 耳机 二手 买个 随便 有人 旗舰 参考 一堆 土豪 遍地 定制 差钱 随身 过气 年代 甩开 屁叉 蛋蛋 八条,-1
出去 毛线 旅游 吃饭 耳塞 耳机,0
高端 耳机 器材 线材 放到 乐器 基本 对比 高级 了解 清楚 音箱 重要 方向 广泛 中低端 发展 行业 各种各样 从功 同厂,1
耳机 更为 买个 耳罩 他家 实际 粗糙 换个 反而 耐用 娇贵,-1
个人 怀疑 能力 那种 结构 电容 滤波 饱和 环牛 成分 很差 试下 电网 直流 回路 钳位 二极管 牛磁 抗磁,-1
就别 不够 一代 编制 意思 差点 才行 指望 马勒,-1
忽略 东西,1
很久以前 电子管 说法 主流 输出阻抗 放大器 看到 以前 比较 耳机,0
需要 封闭式 大佬 羡慕 办公室,1
介绍 非常感谢 专业 路上 看到,0
数字电路 毫欧 电解 聚合物 脉冲响应 测定 提过 等效 依靠 阵列 那才 锂电池 组个 天下 惨不忍睹 用途 胜任 大多数 离谱 电感 单位 用电 响应 内阻 滤波 哪家 索尼 电容 还行 不敢 玩意 模拟 大家 真正 以下 三星 表现 重要 身上 串联 试试 超级 同样 需求 看到 似乎 尤其 两个 十分 非常 这种 有点 实在 大概 数字 树莓 设备 电源 动态 没有 几乎 可能 无法 级别 应该 做到 参数,-1
大家 帮顶 谢谢 回复,1
建议 实在 喜欢 风格 一段时间 换掉 独特 钢线,-1
买块 接线 树莓,0
一下 里面 不要 最好 买个 插头 地方 附近 肯定 就行 重新 有断,1
未知,0
农夫 地盒 音乐,0
觉得 价位 不好 玩家 大多 没人刚,-1
看来 觉得 做到 不是 可能 时间 很多 没有 元素 感受 好听 听歌 不得不 流行 刺激 文化 过后 市场 足够 日本 不耐 导致 完整 显得 反而 老歌 歌曲 迎合 好多 切歌 表达 编曲 嘈杂 不怎么样 华语 快餐 流行乐 旋律 年轻人 新歌 听觉 强调 主次 起伏 一味 三十秒 开头 就让 如今 日语 顺耳,-1
加班 两三天 当天 偶尔 可不 确认 时间 不到 要求 毕竟,0
老大 呵呵 新年快乐 发红包,-1
薄收 适中 残响 箱子 平板 低频 下潜 感觉 个人 动态 不会 比较 耳机 觉得 声音,-1
线序 数字,0
声音 一定 出来 功能 里面 没有 动态 声场 个人 影响 就行了 考虑 当然 现在 图个 买个 明显 声韵 不差 音质 价位 普通 用个 机线 干扰 用料 就算 保证 提高 太多 认为 做工 排插 品牌 插座 作用 滤波 损失 能够 保护 心理 有无 安慰 用电 无非 多点 起到 杨阳 线尊 八达 兴许 高峰期 抵御 小钱 防雷 电插座 公牛 同为 防电 贵重 电器设备,-1
不行 麻烦 自吹 越吹越,-1
话说回来 现身 单单是 粗细 镀金 改善 单晶 不止 肯定 楼主 音质 明显 最好 来说 不要 不是 线材,-1
单核 性能 到底 起来 看看,0
实名制 大赛 成线 报名 建议,0
鱼上 解毒 磅礴 收到 大气 合适 刺激 可惜 那种 类似 感觉 试听 没有,1
不错 耳机 不用 系统 正常 基本 相当 低频 平板 暂时 后来 退烧 扎实 透明度 区分 犹豫 通吃 不太出 可进可退 一机 简洁 叠罗汉,-1
一下 不会 东西 试听 铁三角 目前 木碗 男人家 双修 跟着 我入 入坑 黑盒 女毒 森海粉 拒绝 老表 爱版 想试,1
设计 万元 机器,0
排挤 反对 事物 习惯 总是,1
一致性 太子 文件 至少 肯定 调音 推力 解码 没有 官方 声音,1
不行 麻烦 自吹 越吹越,-1
有没有 不行 试试 平衡 电脑 单端 排除 干扰 换个 带来 下电 噪会 口小,-1
之间 比较 感是 声场 空气 空间 乐器 明显 胆机 只能 立体感 体验 特点 流畅 顶级 石机 音符 中档,1
配大图 枪文 一号 文字,0
御用 想当年 出头 收个 超高 全新 耳放 性价比 现在 二手,0
开心,1
东西 价格 不好 涉及 明说,-1
漂亮 梦幻,1
不到 出来 论坛 很多 没有 其实 现在 慢慢 价格 暂时 尤其 习惯 咸鱼 不好 以后 思想 没什么 机子 形势 过年 恶心 销售 办法 理性 经济 卖出 买入 卖东西 卖货 凑钱 他进,-1
对耳放 兼顾 还好 起来 很多 要求,1
好文 董壕 好久不见 美图,1
可能 比较 上面 拿到 确实 刺激 暖厚 索尼 有意 变成 官配 放松 轰头,-1
耳鸣 休息 偶尔 严重 注意,0
独占 好事儿,1
模式 模糊,-1
有点 干扰 一对 书架 小老虎,-1
没人 为啥 帖子,0
觉得 完全 关系 这种 味道 本身 流行 摇滚 足够 周杰伦 差点 录音 更大,-1
真的 其实 现在 看到 当时 后悔 后来 有人 太素 闲鱼 差点 想想 智商 限量 初音 就入 招摇,-1
便宜 知道 之前 现在 貌似 一千多 一根 单线 线差,-1
不错 确实 推荐 开博尔,1
防毒面具 高科技 常温 人士 耳朵,1
倒爷 退出 最早 朋友 涉及 一次 属于 当年 体现 展会 后来 听到 好奇 曲目 感觉 现在 很大 东西 问题 不错,-1
无损 张学友 差不多 有损 玩意儿,-1
另配 管子,0
未知,0
好听,1
颠倒 播时 声道 依旧 解决 没有 问题 左右,0
搭配 一下 无法 问题 感谢 感觉 最近 二代 研究 小不点 打算 楼主 准备 推荐 发挥 单端 遇到 淘宝 多谢 威力 情迷 无奈 老师,-1
搞不好 粘完,-1
帖子 系统 出现 升级 之前 当时 试试 一步 就要 评测 一篇 没想到 设计师 退休 看紫坛,-1
桀骜不驯 一脉相承 温和 得到 才能 前端 均衡 听感 那种 其实 需要 升级 比较,1
一波价 塑料 换个 档次 太低 之前,0
包包 女人 房间 够用 收藏 只能 几个,0
偏左 对调 偏右 情况 人声 问题 应该 耳朵 耳机 左右,0
信以为真 并不一定 为实 英文 看着 插件 编制 不要 发烧友,0
进化,0
认同 细腻 没用过 帮顶 路过 精致 听感 解码 比较 声音,-1
闲鱼 德国,0
声音 知道 存在 觉得 应该 不是 比较 已经 呵呵 没有 声场 有点 个人 解码 细节 诗德 当然 最近 厚实 解析 高频 更好 水平 低频 风格 三个 耳放 档次 不行 尤其 当时 一点 咸鱼 声底 分离 想法 差不多 玩意 密度 正确 目的 纵向 套装 得出 结论 具体 出掉 外形 好几个 要出 后者 马上 高价位 一比 讨喜 放行 差而 捉急 何家,-1
附议 好奇,1
耳机 现在 推力 难为 别用 国砖 差得 大块头 老远,-1
声音 声场 最好 解析 高频 最后 低频 横向 差不多 差点 纵向 立体 次之,-1
档次 差距 一点 前端 稍微 轻松 给力 拉开,-1
数码味 听说 第一次,0
帮顶 不错,1
可能 呵呵,-1
大江 明月照 山岗 强任 高下 分出 票根 见天 吃灰中 书架上 清风 摆在 音乐厅 不见得 吹牛 这套 下决心 就算 喜欢 确实 发烧 音乐 不是 层次,1
认真 百度,0
声音 几乎 提升 之前 感觉 效果 喜欢 差不多 凑合 说实话 具体 听个 阿波罗 咋样,-1
觉得,1
人写 大面积 正式 推广 看出 之外 造型 冷门 评测 妹子 隔壁 貌似 关注 看到 木碗 喜欢 听感 目前 没有 搜索 帖子 应该,1
广西 仔帮顶,1
敏捷 很深 点上 够力 再煲 争议 朋友 换换 原因 顶级 一款 大家 同一个 同意 试试 看到 中频 低频 水平 的确 高频 非常 下潜 很大 目前 完全 没有 很多 难以 比较 可能 达到 搭配 耳机 觉得,1
控制器 存够 老老实实 多谢 推荐 准备 监听,0
已经 坐等 皮筋 大小 优化 胶水 从良 乌走线 腐蚀 走线,-1
二手 接盘 讲武,-1
灵魂 数播 软件,0
危区 真心 闲鱼 不敢 塞子 十几年,0
没法 界面 听得 电脑 这货直 整电 好自为之,1
毫不犹豫,0
曙光 换管 飞利浦 原创,0
歌诗德 同问 解码器 目前,0
正负 锂电 正玄波 逆变器 污染 逆变 没个 国家电网 一大 下不来 几万 波形 完全 直接 设备 电源 方便 好看,1
试过 价位 问题,0
材质 水分 目测 极大,0
原线 不行,0
全方位 好听,1
有用 模拟 数字 没用,-1
咚咚 带劲 森海 音色 质感 低频 非常 当然 真的 关键 补充 一定 没法,-1
装备,0
折腾 嘿嘿,-1
卖少 没人要 迟早会 到时候 卖贵 冷静 出掉 买回来 二手,0
转盘 不行 舒服 试试 万元 有人 几万 麻烦 数播 硬盘 相信 同价位 能干 入个 买碟 音乐文件 吃个 螃蟹 只能靠 干过 冒险 朋友家 换碟 电脑操作,-1
赞要 带劲 非常,1
堵死 金属网 背面 滚降 漏音 教程 安装 是不是 单元 低频 耳罩 不错,1
声音 看来 估计 味道 高频 先天 刺激 大部分 容易 以下 刺耳 不耐 能量 太多,-1
小碗 推荐,0
胆机 颜值 咋样 韩国 棒子,1
知道 有没有 应该 了解 楼主 追求 日本 国内 用心 据说 顶楼 铜环 走俏 黄金时代,1
抖动 降低 纯净度 大幅度 先天 不差 效果 堪忧 质量 音源 直连 自带 界面 转盘 隔离 明显 很大 提升 建议 问题 毕竟,-1
最新 安装 自带 需要 已经,0
差点 凯音,-1
系统 请问 更好 楼主 这套,1
大坑 可悲 出去 卖得 有用 定价 说明 有人 其实 觉得,1
作崇 洋奴 傻到 监管 车间 流水线 国内 思想 代工 感情 水准 牌子 不会 已经 问题 出来 产品 区别,1
未知,1
产品 没有 国产 基本 审美 设计 外壳 到位 工业 一家 国人 加强 有待,1
好文 顶一下,1
标了 过半 平坦 不标 脑子 吹牛 理由 想想 偏差 频响 统一 指标 环境 清楚 自然 用来 意义 当然 很大 厂家 完全 简单 没用 很多 可能 测试 觉得 数据,-1
一体 推得 伺候 还行 信息量 感觉 解码,1
折腾 不想,-1
支持 玩家 折腾 大作,-1
一下 差不多 设计,-1
没正 声音,0
感觉 耳罩 有空 挺不错 差别 频响 人工 换大 耳测个,-1
试听 烧友 上海 欢迎,0
看不懂 不好 准备 回去 学费 老师 语文学,-1
碎念 管家婆 活得 活力 新鲜 听点 太长 喜欢 声音,1
包邮,0
歌德 都行,0
突飞猛进 技术 输出 两年 电脑 已经 不错 声音,1
没有 知道,0
区别 一定 买个 效果 舒服 电脑 差不多 有质,-1
瞎说 无所谓 不好 最好 解决 问题,-1
大神 打算,0
一个顶 还行 不好,-1
占楼,0
耳朵 建议 友好 略微 惊喜 短板 煲机 飞利浦 压头 不多 眼镜 大头 无碍,1
质量 价格 不好 不贵 定制 上边 几番,-1
喜马拉雅山 核动力 推到 量子 高音 不行,0
懒人 折腾 不爱 推党,-1
耳放 外壳 做工 山寨 品控,1
随身 未必 上台 系列 不好 肯定 推力 我用 需要 估计 手机 应该,-1
区别 声音,0
声音 一下 解码 隔离 正常 直连 光纤 噪声 信号线 传递 开关电源 最起码 变差,-1
怎么着 几百块 一次 淘宝 听过 耳放 效果 非常 我用 测试 出来,0
声音 一下 好听 升频 不管怎么,1
多种 树莓,0
转悠 不想 比好 动圈 旗舰 人声 请问 入门 里面 有没有,1
来说 本来 不差 盒子 算好,-1
真是 广东 假洋鬼子,-1
上代 为啥 价格 关键,0
并存 真牛 吹牛 厉害 经常,1
不少 闲鱼 说实话 好几个 卖出去 看见,-1
非版 还成 偏音 目前,0
协调 年轻化 清瘦 有过 评论 加上 染色 系列 整体 铁家 不够 最好 感觉 其实 目前 铁三角 里面 耳朵 声音,1
一观 上图 东神 少爷 可否,0
没有 垃圾 说法 古董 电子,-1
知道 耳机 比较 几乎 不会 东西 动态 安定 感是 简单 需要 最好 推好 听得出来 对比 高级 相对 每个 型号 具体 典型 据说 毛躁 感到 例外 烦躁 伯乐 台厂 超乐仕,-1
耳机线,1
几个 开心 人生,1
只能 合适 兼顾,1
安卓上 可怜 蓝牙 三星 真是 最好 耳机,1
知乎 文章,0
一定 问题 几个 概念 非常 算是 习惯 大家 易懂 具有 切中要害 比较简单 科学性,1
声音 左右 不错 比较 个人 价格 万元 合理 降到 认为 太贵,-1
高增益 平衡,0
区别 里面 问题 基本上 前级 以前 机器 好听 非常 理论 音源 情况 推动 八爪 功放 折腾 专业 后级 到位 反而 大力 奇迹 合拍 民用 用用 世通 未为不可,-1
声音 耳机 要求 适合 网上 对底 太贵 回事 过于 直白 频有,-1
狗头 退烧 试过 一只,-1
特朗普 第一眼 指挥 以为,0
唯一 算版里 一副 比版,1
大师,0
支持 一条 最后 外观 整体 金属 用料 浮夸 网格,1
照片 一点点 漂亮,1
没母头 芯公头 狐狸 家有 崔克,0
介绍 技术含量,1
耳罩 状态 半天 当初 更差 洗碗,-1
地步 错愕 令人 精简 蒙人 电路设计 在于 成本 质量 傲立 已经 问题 产品,0
电源线 不是 之前 机线 好好 非得,1
可解 加钱,0
厉害 一句 发现 吃亏 闷闷 圣人 语录 众人 察察 老子 难得糊涂,1
嬉皮笑脸,0
壳子 丰达 木碗 喜欢,1
欢乐 气氛 该是 出来,0
东西 起来 麻烦 折腾,-1
恭喜 楼主 点赞,1
安全感 裸漏 罩子 壳子 好好 管子 设计 最好 完全 加个 应该,1
大吉,1
很多 最好 以上 效果 便携 一体机 灵音 推到,1
舒尔威士顿 土生土长 老美 成都 不怎么 玩意 美国 耳塞 啥时候 不是,0
国产,-1
耳机 应该 有点 真的 感觉 是不是 合适 高度 没什么 头梁 调整 头顶 腮帮子,1
更好 觉得,1
声音 需要 起来 目前 感觉 这种 非常 拜亚 摇滚 歌德 必须 带感 动感 跟着 节奏 拍子 摇起来 不太摇 比森海 节奏感 强是,1
应该 升级 提升 需要 必要 才能 仔细,-1
需要 解码 耳放 发挥 才能 台式,1
傻子 冷静 真有 淘宝 配上 突出 特点 路线 主要 歌德 解析 非常 低音 声音,-1
感觉 找到 洗脑 组织,1
肯定 素质 最好 最贵,1
软件 不太 之前 实在 完全 模式 只能 不行 以后 兼容 驱动 碰到 百度 纯净 频率 安全 卸载 锁不住 没上 重新,1
白金,0
开过,0
楼主 开心,1
祖宗 好了吗 遇到 上面 直接 问题 论坛,1
留名,0
疑难杂症 维修区 大神 解决,0
便宜 耳机 出来 一下 感觉 试试 第一个 翻版 以来 总要,-1
头大星 买回来 一年 估计,-1
支持,1
出来 问题 估计 出现 之前 机器 真的 明显 界面 地方 情况 一体机 大家 一言难尽 驱动 改进 更新 一次 谷津 板子 烧掉 外加 口出,-1
摇滚 迷先,1
菜鸡互,-1
买得起 更高 这点 加价 认为 电位器 不差 性价比 应该 觉得,-1
范围 可能 现在 耳罩 质量 确实 差点 男人家 属于 消耗品 曾经 质保 耳棉 比路,-1
声音 不错 目前 真的 平板,1
感冒 外观 接受 实在 试听 无法 佩戴 声音,0
冷静 平衡 原线 好听 官方 声音,1
不错 觉得 区别 不是 已经 几乎 没用 使用 很大 其实 离开 耳罩 大法 基本 合适 七八年 用料 概率 找到 十年 寿命 很难 皮筋 大小 天天 弹性 下来 缩水 后者 就断 太软 弹簧 两三年 野蛮 太过 看似 有劲 出厂日期 没松 保管,-1
很多 平衡 不好 设计,-1
呻吟 词儿 南方 代表 很少 有人,0
一步到位,0
一體機 哪裡 飛越 認為 還是 應該 真的 一定,1
手机 问题 算了 音源 音质 采样 到哪去,1
单片 两片 更何况 芯片 动态 做好 不到 根本 范围 声音,1
电源线 一下 之前 明显 信号线 差别 我试 坚定 一天 直到 比换 无用论 付诸实践,-1
耳机 发烧友 器材 需要 很大 高价 听说 中国 压力 垃圾 主要 认为 厂商 太贱,-1
是不是 相对 不太好,1
过半 至少 展会 小时 感觉,0
说理 腰椎 没事儿 几天 颈椎 问题,0
声音 一层 没有 影响 插头 上面 质量 严重 过度 不好 处理 镀金 表面 彻底 薄薄的 涂层 这层 金掉 褪色 玩完 闪亮 接触性,-1
随身 换个 必要 考虑 直接 浪费 耳机 觉得,-1
一回 各有千秋 事儿 奥产 国产 不是,0
出马 老将 转眼间 二代,0
失真 参数 不是 反正 实际 玩意 兴趣 造假,-1
里面 很多 确实 厉害 爱好者,1
老烧 退烧 机子 拿来 小白 入烧 狙初,-1
相比 听要 不难 搞好 比大 大乌直 乌难,-1
左右 不错 里面 估计 颜值 索性 胆耳放,1
耳机 产品 版本 来说 简单 直接 人声 高频 长时间 喜欢 自然 对比 部分 故事 高音 受不了 女声 男声 当初 尝试 和谐 人群 纯粹 女生 改听 带有 忍受 调音师 弱化 同个 鬼吹灯 低沉 艾宝良 青雪版能 青雪版 抑扬顿挫 尖刺 男生,-1
艾伦 铝带 灵敏度 请问 比较,0
可靠 稳定 音频,0
解码 音源 耳放 台机 没想到 宁波 骚友,1
顶顶,1
很配 湖人 听听 风格 感觉,0
解码板 音源 就行了 很多,0
更有意义 大相径庭 所述 现存 退市 感悟 三款 不妨 特征 市场 全部 楼主 新版 声音,-1
比较 隔音 折腾 一根 好代 线省,-1
小四 节奏 之后 样子 尤其 其实 完全,0
用途 潮流 发生 改变 不同 或许 调音,0
评价 现在 一下 耳机,0
调包,0
音乐 退烧 享受 正道 好好 及时,-1
很多 芯片 比好,1
全家 乐之邦 爆炸 参数,0
老三样 六七成 放心 千元 耳放 不到,0
粘完 搞不好,-1
未知,0
说加 去年 玩过 楼主 听不出 不是 区别,0
认为 这款 无关 音质 高端,0
耳机 眼睛 适合 流行 国外 不好 说明 编号 国内 认为 销量 典型 偏食 看出 老百姓 雪亮,-1
可比性 没什么 不同 风格 耳机,0
不错 比较 解码 推力 选择 素质 效果 算是 部分 箱子 有源 一体机 折腾 够用 这台 想少,-1
发作 日后 会加 痛苦 缓解 量体温 先量 没救 反复 退烧 不好 听到 地方 喜欢 必要 基本 好不好 好听 发烧 音乐 试听 没有 有没有 耳机 觉得,-1
时间 这种 最好 不好 成色 淘宝 下手 砍价,-1
基本素质 人不喜 拿不定 两极分化 主意 调音 很多 估计,0
线材 感受 原装 耳罩 全部 差不多 前端 投资 闲钱,-1
老欧,0
建议 支持 数字 代理 改成 数位 推广 支援 词汇,1
头顶 不疼 腮帮子,-1
输入 单端 内部 平衡,-1
动手 很漂亮 路过 能力 看起来,1
估计 解码 一台 原创 胆放 咸鱼 差不多 加点 蹲个 能收 配台 分体 不香,-1
失真 耳机 耳朵 所谓 级别 不是 测试 比较 软件 很多 不会 音乐 提升 需要 使用 机器 国产 现在 不能 敏感 类似 高频 两个 适合 解码器 低频 高级 开心 硬件 楼主 实践 不好 证明 加工 差不多 德国 镀银 频段 功放 播放器 制作 记得 高素质 台式 重点 过于 不必 行业 均衡器 凸起 雅马哈 代替 软硬件 一味 人类 十几 技巧 物美价廉 紧张 零点 测试数据 研判 高峰 低谷 零一 削去 长期实践 做进 依靠 未完待续 案例 效能 重大,-1
觉得 耳机 没有 简单 正常 必要 相对 音响 属于 人头 玩好 坑定 更上一层楼 玩不转 维度,-1
声音 解码 真的 关系 是不是 差异 文件 晓得 汉化版 英文原版,-1
嗓子 肯定 考虑,0
功能 比较 数字 解码 听说 保留 太小 纤细 功率 入手 实际 刚刚 更大 功放 甲类 现代 转换 双木三林 输出功率 有所 没用过 标注 外表 厚重 外观设计 自动 天逸 天逸是 附带 乙类,-1
性子 耐着 日常 轻松 推动 看到 使用 手机,0
分钟 不想 老婆 电脑 同意 低频 高频 感觉 目前 直接 觉得,1
全能王 小家伙 放口 奇功 真是,1
顶顶,1
算森海,0
试试,0
必要 只能 播放 金嗓子 二嫂 接接,-1
耳放,0
收藏 帮顶 慢慢 不错,1
极致 二手,0
丝绒 加纽 崔克 同样 建议,0
缺点 请问,0
电源线 已经 空间 所有 全部 平衡 电脑 至少 差不多 开发 管子 包括 百分之 那根 切记 换舒特,-1
价位 肯定 折腾 无止境,-1
楼主 正好 坐等 更新 犹豫不决,1
可能 建议 没用 不要 音源 重要,-1
楼主 道理 支持 一定,1
谈不上 升级 估计,0
睡觉 听听 基本 耳机,0
实在 不能 不行 必须 实木 海南 黄花梨 印度 小叶 紫檀 更差,-1
平衡 下去,0
人手 照理说 出耳放 铁粉 不少 咸鱼 现在 不是 应该,0
确实 低频 听歌,1
寄回 抱歉 您好 不便 带来 处理 私信 十分 耳机,1
齐豫 居然 没有,0
好图,1
能过 亲亲 认证 今天 不了 没有,0
耳朵 东西 二手 感觉 耳罩 本来 纠结 基本 确实 帮顶 只会 歌德 就算 到位 使劲 不必 办法 撑开 代替 核心 一换 荷尔蒙 声儿,-1
更让人 听风 不是 期待,0
声音 没有 直接 我用 现在 感觉 好像 一点 柔和 顺滑 画眉 透明,1
取长补短 交集 两件 非黑 尽量 决定 相反 特点 主要 风格 不是 搭配 器材 声音,0
工作室 这是 楼主,0
估计 高价 性价比 垃圾 降到 两千 一片 之声 六千 出厂价 低能 之选 一千五 讨伐,-1
真的 无奈 头大,-1
不喜 太素,0
知道 不少 一片 成品 丝带 假线 线假 看宝 奥丁,-1
没有 厚实 两个 素质 音箱 圆润 差别 中性,-1
来看 大奥 二代,0
美声 宽广 演奏 各有千秋 演绎 擅长 独奏 接触 器乐 男声 女声 弦乐 方面 空间感 每个 追求 合适 流行 编制 风格 喜欢 相当 韵味 拜亚 本身 二代 人声 那种 感觉 目前 个人 之前 帖子 不是 觉得 不错 知道,1
指教 干赢 同价位 老烧 入手 值得 转盘 一下,1
比较 差距,-1
升级 人声 打算 无语,-1
玩意儿 张图 到底 看看,0
三楼 看到,0
以下 推荐,0
歌德 伤害,0
增强 清清楚楚 手册 低频 降低 官方 左右,1
估计 一年 买回来 头大星,-1
电子管 花钱 晶体管 试试 听感 适合 升级 不要 可能,0
西电 适合 电源线,0
可闻 介于 不可 基本 人耳 算法 明显 大概 之间,0
刻字 不少,0
外包装,0
三米 坟头 刷子 圈粉 两把 这么久 长卖 百来 产量 傻子 坚挺 不高 一个月 显然 消费者 现在 铁三角 不是 觉得,0
回馈 无底洞 神奇 普通 高频 声场 进去 出来 器材 耳机 便宜,0
放开 楼主 有点,0
电源线 原配 楼主 太贵 这鼠线 电用,-1
宝能 充电 不能,0
玩块 纯耳放加 溢价 惊雷 近年来 解码板 湖人 排除 讨论 耳放 效果 自带 机器 解码 有点 不会 建议 一定,0
独立电源 模具 序曲 设计 取消 不是,0
不是 好像 开玩笑 种姓 制度,1
为的是 悬浮 一对 调整 变化 高度 注意 有没有 声音,0
太富,0
叠叠 其实 好看,1
古河 欧亚 大气 听过 值得 解码器 反正 没有,1
抽掉 滤音 换线,0
声音 耳朵 搭配 一下 回复 比较 谢谢 简单 提升 个人 喜欢 风格 一点 特色 能否 一体机 介绍 天鹰座 比有,-1
一家 不是,0
耳机 高频 刺激 特色 好比 换个 量大且 过亮 刻意 压制 霸王龙 吃素,1
成长 小朋友 快乐,1
听不清 混在 小人 一起 器乐 同价位 推荐 封闭式 声场,0
晶莹 冰雪 爱丽丝 可怜 手里 音色 低频 人声 真的,1
烧到 进入 初烧 程度 等到 垃圾 慢慢 感觉 一定,-1
承担 高音单元 比例 能量 低中 足够 一部分 来看 高音 音箱 中频 顶多 制造 喇叭 低音 还要,1
一下 回复 麻烦 英文,-1
版规 触犯 待遇 审核 所有 现在 帖子,0
最讨 永远 吊打 一堆 堪称一绝 完整性 完成度 六百 舒服 调音 素质 性价比 来说 耳朵,1
一根 考虑,0
一体机 非常 方便 不错 声音,1
非枪文 辽阳 征戍忆 血泪 字字珠玑 真实 十年,0
事情 之前 好像 楼主 芯片 发生 先后 因果 搞反 火灾 短缺 全球,1
仇报 小学生 分享 楼主 听感 一下,0
觉得 耳机 不是 东西 最好 耳罩 解析 适合 音量 舒服 机会 不少 刺耳 缺点 换个 偏科 优点 头疼 力高 放低,-1
楼主 恭喜 找到 一款 好耳放,1
握手 北极星 再用 大件 网线 金星 界面 数字,0
二次元 用破 听个 纵向 有人 不行 流行 系统,0
阴阳师,0
放着 保底 用回 尝试 不好 过后 提升 烧友 版本 可能 一定 觉得,-1
畅销 成为 原因 经典 十几年 一代 没有 不是,0
直接 韭菜 盗版 发现 一次 正版 劝退 每年 真香,-1
半价 法国 小巫 国内 好像 出来,1
声音 不用 比较 人声 摇滚 上台 配乐,1
设备 错误 多数 录音 导致 认为,-1
声音 之间 区别 不到 速度 音频 差异 接口 个体差异 倾向 一丝,-1
声音 觉得 耳机 佩戴 耳朵 一下 声场 需要 有点 以前 现在 解析 高频 长时间 适合 韵味 风格 舒服 封闭 一段时间 平衡 以后 前端 才能 密度 刺耳 比好 线条 配合 听用 没比 用接 调压 最舒服,1
无敌 价位 性价比,0
可惜 不差 其实 解码 很多 参数,-1
暴力,0
高低 个人 关系 听感 喜欢 价格 歌德 音染 未必 扁平,-1
感觉 听过,1
声音 失真 事情 比较 太棒了 版本 很多 系统 来说 直接 解码 很大 绝对 其实 太低 现在 最近 最好 非常 解析 本来 听感 理论 算法 界面 音源 芯片 不好 配置 电脑 同一个 全面 超越 方案 合理 宽松 接近 机线 必须 蛋糕 纯银 输出 下载 升频 方式 提高 太多 处理 换线 更加 矩声 尝试 工作 带来 滤波 歌曲 完成 一根 数据流 三宝 高登尚 凝聚 意识 事实上 廉价 用转 实测 通道 线用 高质量 要强 厚重 交给 摊薄 擀面杖 一块 随即 直达 转码 比特流 喂给 运载 通畅 线和线 传送 面目 利用 体外 那比,-1
价格 全新 现在 之前 二手 便宜,0
声音 不错 耳机 很多 直接 至少 弯路 买台 起点 推大,1
罗有 阿米 专业户 感情,0
一波 大家 顺便 舍得 赶紧 好久没 年底 年终奖,1
静候 对比 耳放 国产 有没有,0
歌诗德 垃圾 耳放 当然 真的 解码 加个 时钟 一定 不错,-1
无声 左边 同问,0
独唱 价听 合唱 振动 是因为 原因 几条 泛音 特点 发现 以后 丰富 每个 大部分 编制 确实 拿到 熟悉 乐器 好听 可能 耳机 不错,1
那上 有太大 有力 满意 平衡 耳放 地方 下潜 低音 提升 不会 比较 出来 声音,0
单买 很差 品牌 静电 香格里拉 官放 耳放 素质 烧友 很多 耳机,-1
差距,-1
之王 写得 成熟 全面 辛苦 楼主 性价比 目前 几乎 版本 觉得 期待,0
完全 没有 必要,-1
流行语 模拟 论坛,0
随身 不起,0
自封 小厂 大厂 生产 低端 不是,0
不错 介绍 技术含量,1
占座 前排,0
以前 确实 退回,-1
里面 小巧 外形 紧凑,1
二手 选项 一万元,-1
声音 觉得 耳机 很多 其实 这种 模式 两个 一只 喜欢 难听 情况 遇到 频响 长期 有过 最早 适应 排斥 人脑 某种 便会 另一只,-1
不了 影响 封闭 噪音 漏音 降噪 开放 发动机 二是 旁边,-1
登钰龙 诗德高 数码味 这台 同价位 不好 更好 素质 选择 解码,-1
日本 以为 原来 牌子 国产 不会,0
耳机 比较 放在 路子 天差地别 一起 這兩個,-1
确实 现在 不错 声音,1
耳机 简单 放大器 不好 物理 驱动 解释 是因为 复杂 负载 感性 模型,-1
帮你顶 不烧 免费 一点,1
相比,1
功能 解码 天龙 马兰士 有个 超级 一体机 好处 高性价比 多当 差耳放口,-1
二手 选项 一万元,-1
声音 出来 东西 看看 音乐 国产 耳放 价格 水准 道理 以后 欣赏 一年 程度 认为 总有 几十年 原厂 莱曼 过些 没到 全民 仿造 不降反升,-1
帮顶 封闭 奥帝兹 脑残粉 半自动,1
直接 喜欢 音质 芯片 等于 噱头 说话 成品,1
试听,0
不是 一看,-1
耳机 不是 实在 买个 喜欢 编制 交响 流行 装作 明明 品味,-1
之间 层次 发烧友 论坛 时间 很多 其实 理论 正常 实践 情况 或许 往往 状态 退烧 大家 价值 兴趣 怪异 经验 认识 沟通 烧油 朋友 发觉 评判 背后 阶段 见解 衡量 造成 固执己见 画风 掺和 假期 发此 有感而发 博闻多识 推己及人 增广 异闻 短浅 孤陋 擦枪 走火 引发出 闹剧 折射 所处 只以 标尺 更有甚者 贵贱 基准 鸡同鸭讲 处在 出世 话语,-1
看看 味道 咸鱼 对味 力士 铁三去,1
鉴别能力 秋叶原 咸鱼 二手,0
耳朵 明显 解析 差距 当年 小白兔 安卓机 佩塞一,-1
耳机 现在 味道 编制 流行 似乎 推荐 用过 主要 一体机 画眉 分体 听大 没用过,-1
一哈 极致 歌德,1
佩戴 那种 舒服 重量 更大 更重 劝退 反倒,-1
八五折 离谱 熊猫 不算 店家,0
乌烟瘴气 有时 独立 网络 变成 暴力 音响 兴趣 大家 单独 讨论 喜欢 其实 真的 很多 已经 不知 耳机,1
摇头晃脑 耳机,1
效果 好得多 别用线 锂电池,1
很足 同价位 系列 韵味 选择 非常 支持 帖子 不错,1
耐心 好听 左右,1
分体 老实,0
出来 一下 测试 国内 玩意 一堆 出不来 品牌 怪不得 人买 瞎搞,1
产品 接受 影响 高频 喜欢 自然 整体 重要 设计 干嘛 理念 不常 调音师 弱化 消减,1
不错 声场 听说 适合 低频 电影 两只 白牙,1
重放 应有 境界 靓丽 优秀 添加 真实 最高 信息 反映 随意 信号 圆润 宽松 前端 准确 自然 解码器 厚实 东西 不是,1
常见 认识 好像,1
声音 耳机 细节 感觉 人声 更好 对比 突出 更强 立体性 来些 刻画 轻重缓急,-1
耳机 问题 建议 没有 正常 开机 关机 强迫症 先摘,1
调音 确实 流行 古典 三代 太行,1
各人 耳道,0
充新 展示 打折 二手,0
便携 大部分 这次 覆盖面,1
声音 看来 估计 味道 高频 先天 刺激 大部分 容易 以下 刺耳 不耐 能量 太多,-1
推得 不错,1
评测 喜欢 这种 实在,1
万金油 讲究 不得 前端 拜亚 搭配 耳机,0
声音 不错 目前 非常 交换机 屏蔽 网线 不燥 侧接 实而 不华娇,1
这句 闲鱼 道理 东西 总是 觉得,1
声音 层次 可能 加个 空间 感觉 非常 素质 不好 分离 闲鱼 多收 扎实 毫不 香肠 拖泥带水 幸亏 白捡,-1
喜欢 保留意见,1
开煲 转身 大功告成 上推 不碎 微黄 地老天荒 解法 支离破碎 振膜 确认 朋友 三年 方法 饱满 继续 最后 高频 其实 动态 解决 没有 问题 不是 一下 声音,0
好不好 前段,-1
箱子 肯定 懒得 耳机,0
音乐 有点 人声 友好 不好 录音 毛刺 太尖,-1
支持,1
不鉴 告辞,0
觉得 帖子 比较 建议 起码 动态 二手 电源 来说 起来 机器 感觉 解析 味道 听感 地方 还好 西装 整体 有个 价位 三频 胆放 习惯 玩家 试试看 退烧 参考 楼上 隔壁 属于 一流 收个 一体 中庸 外面 及格 吸入式 接个 推听感 万机,-1
不错 效果,1
不好 无脑 推上,-1
建议 预算 起来 特别 不好 环境 退烧 电处 认真 全套 贵得,-1
不错 试听 设备 解码 以前 不能 选择 性价比 界面 旗舰 用过 模拟 品牌 没用过 唯独 何家 上层,-1
上台 歌德 需要 耳机,0
消除 得到 噪音 才能 至少 实际 不行 听感 无法,-1
厚道,0
便携 推帮顶,1
左右 选择 太小 低频 不行 好像 一点 型号 照片 体积 左边 直径 驻波 不太对 第一张 墙角 圆筒状 陷阱 最多能 削掉,1
钱越 本质 总体 区别 声音,1
阻大耳 阻放 反而 灵敏度 阻抗 重要 有时候 容易 耳放 需要 不要 不是,1
兼有 占优势 感上 素质 两个 声音,0
失真 不是 网站 音色 音质 续航 标准 曲线 最佳 没人 各大 哈曼 比榭兰图,-1
诺贝尔奖 应该,0
失真 不是 网站 音色 音质 续航 标准 曲线 最佳 没人 各大 哈曼 比榭兰图,-1
做工 印刷 爆音 一张 小心 淘宝 假货 粗糙 咸鱼,-1
多度 高温 火牛 冒烟 试过 听听 胆机 味道,-1
未知,0
低直 入烧 一体 正经 前端 适合 完全 预算,0
关系 系统,0
无假货 组装,-1
繁多 成品 种类 平衡 直接,1
出官 换购 翻版 不会,0
不错 耳机 非常 箱子 平时 记得 保护 避潮,1
极致,0
位置 方向 影响 可能,0
神坛 跌下,0
厉害 新品,1
何罪之有 造成 国内 芯片 不够 厂家,0
想要 稍微 大家 退烧 以后 小时 起来 解码 不要 几个 玩玩,-1
没有 厚实 两个 素质 音箱 圆润 差别 中性,-1
达斯 感极强 线条 百老汇 信号线 当时 拥有 以前 几个,1
声音 耳朵 经常 细节 丰富 通透 大气 分享 经验 耳屎,-1
不错 没用 搞定 月底 乖乖,-1
原厂 耳罩,0
重量 确实 问题 耳机,0
皮带 先换 试试,0
骨架 里边 金属 没有,0
动圈 封闭式,0
有款 根源 本子 缺陷 滤波 主板 苹果 网上 折腾 设计 有人 后面 以前 解决 问题 浪费,-1
觉得 耳机 没有 简单 正常 必要 相对 音响 属于 人头 玩好 坑定 更上一层楼 玩不转 维度,-1
需要 有点 难听 垃圾 搞笑 或者说,-1
赞涨 备用 以后 知识,1
不错,1
不错 感觉,1
支持,1
特别 千元 不足 单晶,-1
搞不好 欧洲 移民,-1
家用 大打折扣 滤波器 滤波 几款 插座 提高 稍微 好点 音质 比起 明显 非常 现在 反正 比较 产品 不用 声音,-1
线好,1
不错 一下 听说 是不是 推荐 即可 才能 古河 买好 真假 线呢 难分,-1
常听 后悔 一点 流行 人声 有点 希望 耳朵,0
次奥,0
平民 就够,0
声音 便宜 应该 不到 功能 不会 支持 试听 解码 真的 好听 现在 性价比 耳放 一台 试试 芯片 路上 楼上 孙强 新出 一千块 高订,-1
价位 肯定 折腾 无止境,-1
机子 模拟 素质 觉得 不错,1
加成 金粒 得到 大浪淘沙 挖矿 显卡 声卡 必须 问题 水电,0
减肥 桌子 不能,0
声音 搭配 机器 喜欢 单纯 乐趣 把玩,1
多篇 电容 大部分 调音 感觉 贴子 声音,1
晚安 上床 好觉 睡个 失眠 补一晚 会脑 不写 见谅 看官 话题 早上 晚上 写得 明天 今天 导致 电脑 本来 出来 知道,1
声音 已经 之前 有点 解码 考虑 感觉 眼睛 两个 耳放 听过 价格 充电 双十 两件套 千元 喜出望外 系列 闭着 咨询 行家 诱骗 方案 差不多 等到 试试看 小贵 酱油 贵过 先放 一放 下次,-1
有点 用户 忠实 好不容易,1
送人 印象 已经 声音,-1
选择 正常 必要,-1
模式 模糊,-1
退换 来不及 卖家 煲机 一周 排除 前端 成功 问题 耳机,-1
突脸 人声,0
不算 同价位 画眉,0
有没有 不行 试试 平衡 电脑 单端 排除 干扰 换个 带来 下电 噪会 口小,-1
哥们 是不是,-1
面窄 适应 调音 器材 毕竟,0
更好 非常 音质,1
电源 需要 必要 以为 数播 差点 功放 水塘 开盖 全貌 两堆 明晃晃 买错 光主,-1
铁三 女生 套路 日系 力士 应该,0
得加 桌面 音箱 价位 感觉 耳机 看来,0
完毕 更新 电源,0
问题 可能 明显 素质 至少 差不多,-1
声音 级别 一下 已经 推好 非常 一阵 尝试 曾经 宙斯 声力 欧低 听歌曲,1
有点 最近 驱动 湖人 销量 重装 装个,1
听度 点耐 讨好 稍微 感上 差不多 感觉 耳朵,-1
系没得 这方面 密度 质感 非常 不错,1
写不来 旋律 至上 大行其道 嘻哈 节奏,0
思叔 新文顶,1
先得 小作坊 成品 科技 忽悠 小白 大厂 认为 噱头 楼上 了解 不行 喜欢 水平 当然 很多,1
明大,0
支持 一下,1
几十只 左右,0
多半 量子 避震 有用 确定 音箱 副作用 上面 机器 器材,0
美国 烧友,0
一体 画眉,0
铜环 部件 明白,0
评定 评星 星级 艺人 一位 大众情人 要变 个性 失去 客观 直观 倾向 苹果 相似 专辑 综合 个人感觉 推荐 全部 相比 厉害 值得 非常 感觉 其实 接受 之前 学习 首页 没有 很多 版本 显示,1
投胎 已经,0
遥远 出歌 流程 创作 听点 吉他 现场 流行音乐 认真 因素 过程 制作 疯狂 女声 大家 每个 后来 了解 质感 喜欢 现在 影响 音乐 论坛 事情,1
比较 请问 差距,-1
不到 出来 论坛 很多 没有 其实 现在 慢慢 价格 暂时 尤其 习惯 咸鱼 不好 以后 思想 没什么 机子 形势 过年 恶心 销售 办法 理性 经济 卖出 买入 卖东西 卖货 凑钱 他进,-1
其实 二代 推过 我试 不难 过用,-1
不是 东西 开关电源,1
试试,0
越低 性能 电池 温度 液晶屏 半导体器件,1
过年 漂亮 胆机 考虑 玩玩,1
差不多 至少 素质 明显 可能,-1
廉颇老矣 独到之处 领略 一哥 未能 各有特色 某鱼 差强人意 把玩 无奈 听度 两年 一个月 满足 一段时间 森海 需求 拥有 调音 升级 系统 不到 耳机 声音,-1
蹦出来 刚发 莱尔 试听 帖子 论坛,0
苦笑 接通 延时 开机 设计 明显 厂家 没有 功能,0
选颗 插运放 金封 假设 如是 插单 转双 允许 位置 肯定 两个 空间,-1
看上去 挺假,-1
新派 推出 反映 当初 有人 刺激 考虑 声音,0
二手货 何必 买来,0
大乌,0
铁三去 力士 对味 咸鱼 味道 看看,1
配件 划算 的确 有点,0
鸡儿 两千,0
时代 差不多 加入 毒龙 本论坛,-1
行不行 值钱 一倍 差不多 有人 价格 可惜 确实 韵味 感觉 现在 低端 比较 一下 不到 毕竟 区别 高端 知道,-1
细细品味 恭喜 值得 耳机,1
一起 一次 接口 单端 平衡 三个 两个 机器 几个 不是 耳机,0
搞起 精音 试试 觉得,0
义度 金丝雀 台机 电池 便携 喜好 电源,1
原创,0
这是 机器,0
声音 以前 机器 发现 折腾 打个 做做 先去 肉身 喻加 健身,-1
耳机 耳朵 应该 可能 不会 没有 感觉 二代 低频 地方 大奥 音箱 香格里拉 好点 包括 惊艳 多些,1
耳机 难看 确实 严重 颜值 拉低 翠绿,-1
模拟 前级 数字,0
太高 能响 系统 就别 要求 耳机,0
反正 心急 交学费 不可避免 娱乐,-1
有意思,0
给力 更加 继续 楼主 尤其 耳放 确实 建议 不错,1
不错 比较 解码 推力 选择 素质 效果 算是 部分 箱子 有源 一体机 折腾 够用 这台 想少,-1
将来 定做 适配器 分享 装备 老叶 正在,0
哈曼 表演 瞬间 脑放 听到 三个 调音,0
古典 适合 人声,0
二嫂 技术 下放,0
录音师 拆开 升级版 外观 感觉 一下,0
预售 八折 活动,0
呵呵 拜亚 素质 森海 价位 歌德 用料 最高 据说 次之 相同 最足,-1
知道 出来 本来 电脑 导致 今天 明天 写得 晚上 早上 话题 看官 见谅 不写 会脑 补一晚 失眠 睡个 好觉 上床 晚安,1
声音 区别 不用 呵呵 没有 安慰,-1
佩戴 应该 音质 重量 下单 差不多 咋样 昨刚,-1
肯定 一台 耳放 以前 前级 一定,1
有没有 转盘 数播 还行 同问 顶帖 犹豫 必要性,1
好过 多次 专门 旗舰 组合 听过 必要 感觉 大概 烧友 觉得,-1
声音 知道 存在 觉得 应该 不是 比较 已经 呵呵 没有 声场 有点 个人 解码 细节 诗德 当然 最近 厚实 解析 高频 更好 水平 低频 风格 三个 耳放 档次 不行 尤其 当时 一点 咸鱼 声底 分离 想法 差不多 玩意 密度 正确 目的 纵向 套装 得出 结论 具体 出掉 外形 好几个 要出 后者 马上 高价位 一比 讨喜 放行 差而 捉急 何家,-1
到底,0
收藏,1
共振 霍兹 的亥姆 添加 改动 分享 去掉 相比 类似 感谢,0
很多 解码 性价比 相对 肯定 价格便宜 体积 比好 小巧 一大截,1
觉得 要求 达到 很多 没有 解码 目前 高频 低频 喜欢 中频 新版 楼主 一点 麻烦 满意 折腾 泛音 最终 哪款 明亮 决定 近半年 收留,-1
搭配 最后 解码器 楼主 买到 顶楼 跟耳放 短线 功夫不负有心人 长线,1
差不多 以为 当时 放大器 部分 风格 类似 感觉 解码 升级 版本 应该,-1
小黑,0
入门 现在 门槛 好家伙 菜鸟 仰视,-1
昨天 奇怪,0
支持,1
搭配 不会 完全 有点 赞同 功率 有源 匹配 等级 输出 功放 相信 大小 频响 曲线 说法 输出功率 吹牛 老烧们 整天 各类 无源 无论如何 失真度 幽灵 版靠 频带,-1
感觉 不好 更加 石机 不服 听用家,-1
鸡互 有人 流行 两个,-1
失真 应该 一下 测试 尤其 频响,-1
应该 理解 系统 直接 个人 解码 模式 没什么 输出 差别 苹果 独占 微软,-1
素质 好不好 搭配,-1
东西 起来 麻烦 折腾,-1
顺电 前天 比高 渠道 刚刚 差距 音质 横向 对比 档次 两个 不到 便宜,-1
无字 无图,0
比较 底座,1
吃药 就行,0
电源线 之前 就行了 必要 周边 保险丝 完善 舒特 机丝 力特,-1
佩戴 劝退,-1
情况 多数,1
习惯 价位 效果 更好 其实 解码 个人 升级 支持 方便 很多,1
悦耳 流畅 耐听,1
真大烧,0
知道 觉得 线材 问题 没有 电源 能力 大部分 容易 情况 不同 至少 参考 电处 折腾 降噪 正经 没用过 频率 标注 抓瞎,-1
失真 时间 最好 波形 每天 用电 深夜 负荷 低电压 凌晨,-1
去掉 两个 便宜,0
音乐 喜欢,1
解码 考虑 难看 平板 耳放 足够,-1
个人 影响 目前 以前 差异 来看 市面上 更大 概率 耳机线 经验 尝试 这得,-1
电音控 热爱 抄过来 店伙计 油腻 小米 立刻 圈铁 理性 冷静 延伸 两端 索尼 实体店 深刻 超越 夸张 他家 大耳 文化 一句 印象 单元 低频 非常 感觉 其实 应该 声音,1
会出 概率 继续 后来 楼主 大耳 听到 大乌 感觉 铁三角 升级 建议 不太 应该 觉得,0
菜鸡互,-1
推出 安心 耳放 投入 区别,1
按钮 右边 卡农 红色 输出 切换 单端 平衡 不是,0
好好 工业 标准 音频 电源,1
差不多 评价 性价比 推好 级别,-1
死板 沉稳 改善 调音 很大 问题 声音,0
半导体 电容 看看 里面,0
区别 不会 很大 相差 芯口,-1
不用 一下 升频 帮你顶,1
根本 耳机 难以 人声 适合 拜亚 流行 古典 特色 金属 折腾 改善 拿来 器乐,-1
声音 耳机 一下 不是 一层 比较 不太 建议 个人 现在 感觉 这种 那种 人声 乐器 明显 一种 特别 低频 喜欢 风格 对比 氛围 铁家 三代 条件 始终 实际 依旧 允许 样机 三种 反差 仿佛 纱蒙 不肯 消散 德味 冷淡 紧缺 大钛子,-1
声音 速度 一点 懂线 师傅 手艺 速度慢 拿捏 秘籍 一门,1
未知,1
比较 声场 感觉 解析 两个 素质 推荐 长处 各有 比好 交响乐 高速度,1
参展商 第一天 今天 几张 交流 全面 基本 一下,0
尽兴 办公室 听得 开放式 不能,0
便宜 好听 确实 型号 主要 手头 颜值 因素 停产,1
频响 参考 其实,0
没有,0
天仙配 超时空,0
不错 性价比 主要 坛子 君子 业务 唱机 人烧,1
不错 搭配 建议 二手 大概 买个 效果 合适 管子 两千多,-1
塑料盖 侧面 三代 不会,0
几百块 对手 芯片 价位 非常 基本上 没有 入门,0
强太多 更大 有个 耳放 提升,1
点赞 楼主,1
旧版 更好,1
应该 可能 比较 其实 成本 数量 几百块 磁铁 磁力,-1
动手 相似 能力 声音,1
不贵 声韵 国标 好听,1
一身 怪不得 毛病 推大乌 这耳放 居然 大乌,0
耳机 真是 折腾 玩法,-1
没玩到 顶机 没有 耳机,1
耳朵 证明 证据 不作数,-1
耳机 预算 二手 实在 当然 更好 耳房 得换 麻烦 推荐 超过 能少点,-1
好看 个人感觉 国产机,1
声音 耳机 已经 其实 全新 新版 状态 差不多 老掉牙,-1
便宜 不错 不是 已经 支持 以前 其实 算法 只能 大部分 后来 超过 传输 设计 国内 数播 标准 老外 是非 引入 国人 设计师 远程 普及 玩数播 差分 远距离 国际标准 国外品牌,-1
抗磁 牛磁 二极管 钳位 回路 直流 电网 试下 很差 成分 环牛 饱和 滤波 电容 结构 那种 能力 怀疑 个人,-1
不加 中耳 太差 有源音箱 内阻 进行 前提 缓冲 信号 输出 输入 相当于 放大 耳放 降低 效果 更好 不能 当然 前级 系统 产品 声音,-1
效果 旷世 差得远,-1
太晚 上市,0
惊雷 一体机 看看,0
纯度 下换条 推饱 推足 御龙 法线 线下 下线 曾经 笔记本 差别 铜线 单晶 好点 一体机 试过 没什么 表现 差不多 不同 情况 原线 当时 音质 确实 不差 自带 其实 解码 直接 设备 没有 已经 可能 耳朵 声音,-1
看来 现在 不能 基本 效果 肯定 实力 发挥 折腾 才行 这货 得入,-1
完林 忽然 米饭 刺激 不够 感觉,0
毒毒毒,1
算了 退烧 机子 索尼 太贵,-1
一个多 家才 大耳 小不点 单元,0
出点 二手 应该,1
人民 功放,0
推嘛 能直 机器,0
没法 界面 听得 电脑 这货直 整电 好自为之,1
迷人 温暖 正在 不错 声音,1
蓝牙 播放 直接 升级 估计 无损,1
教程 全面 一点 使用 有没有,0
很多 几个 有个 居然 关注 发现 闲鱼 半天 别家 遇到 圈子 淘时 卖主 不送 科普 博主看 大战 博主 卖家 整了,1
今年 原线 楼主 知道,0
耳机 很多 烧友 素质 耳放 官放 香格里拉 静电 品牌 很差 单买,-1
另一边 两个 变压器 比较 一定,0
歌诗德,0
耳机 潜力 电磁炉 差得远,-1
闷厚 杂食 要说 互补 认为 个人 有点,0
黯淡 不像 总有 铝带 鲜活 平面 总体 均衡 唯一 一种 高频 十分 不够 问题 声音,0
强项 后期 早期 人声 不是,1
点儿 做工 歌德 外观,0
纯甲 功放 差点 实力 意思 对比 好文 绝对 没有,-1
格式 内置 硬盘 是否 支持 要求,1
下潜 低频 中频 女声 音染 甜美 偏少 清新 靓丽,-1
喜欢 一下 支持 值得 极致 系列,1
声场 感觉 特别 似乎 差距 是因为 器乐 结象 大大 乌则 绝对值 没多大,-1
失真 呵呵 功率 目测 抛开 神论,-1
感观 到场 展览会 过低 参考价值 保质期 递增 抵抗 生理 大龄 年龄 衰减 金耳朵 烧油 评测 品牌 反应 不敢 主要 重要 高音 情况 听力 建立 当然 喜好 细节 不了 很多 出来 一定 层次,1
第一印象 功放 推荐 价位,0
功放板 笑话 馒头 有线 内部 告诉 放大 似乎 耳机,0
下岗 路线 耳放,0
一路,1
简单 现在 干净 越好 桌面,1
北极星 牌子,0
理论 恐怕 实际上 另一回事,1
不要 清晰 机线 闷糊 好线,1
不输 老成持重 气势 调音 动态,0
看不懂 不好 准备 回去 学费 老师 语文学,-1
版面 回帖 某人 几把 污染 推广 竞争对手 宣传 方式 代理 到处 牌子,0
试试 准备 前端 好时,1
皇冠 银彩单 接用 接凯音 机做 努力 煲机 光纤 音源 现在 目前,0
范围 定位 希望 无法 可能 问题 几乎 系统 支持 解决 电源 设备 简单 之前 接受 完全 需要 使用 影响 关键 当然 这种 变压器 模式 不可 降低 拥有 所有 测量 放大器 并未 减少 同样 相比 容易 放大 噪声 高度 巨大 意思 电阻 功率 芯片 情况 保持 内部 还会 不同 一部分 稳定 输入 设计 电压 多数 变化 出色 必须 输出 噪音 导致 电流 输出电阻 实际上 电路 这是 设置 很难 处理 分开 线性 外部 更加 调整 原因 是因为 最小 晶体管 之后 工作 开关电源 最终 集成 滤波 滤波器 完成 目标 并非 基于 方法 进行 大量 散热 具有 能够 结合 仔细 电缆 频率 负载 调节 想要 优化 提供 混合 控制器 响应 阻止 瞬态 来自 下降 衰减 引入 解决方案 尽可能 做出 回到 电感 仍然 区域 快速 路径 走线 远离 这会 低电压 最快 相同 之上 意味着 可调 开关 称为 进一步 带有 维持 带宽 周围 二极管 稳压器 降压 转换器 组件 广大 音频设备 直流电源 内当 耗散 散热器 不致 过热 低噪声 任务 布局 开关电路 地层 这为 开关电流 电容器 浪涌 通路 纹波 电感器 非线性 入口 经由 最低水平 其后 抑制 兆赫兹 相移 快关 误差 振荡 保持稳定 低压 这使 附加 差分 远距离 感应 两级,-1
黑豹 耳塞 推力 解码 建议,1
老远 大块头 差得 国砖 别用 难为 推力 现在 耳机,-1
耳机 要求 音乐 好听 绝对 考虑 这种 的确 素质 基本 第一 编制 交响 音色 追求 安心 满足 欣赏 不足 差点 驱动 控制力 中小 今后 因素,-1
科普 插楼,1
已经 解析 试试 觉得 声场 低频 必须 复杂,1
对岸 有心 烧油,0
自得其乐 恭喜,1
灵敏 越高越 反应 通透 解析 系统,0
耳机 耳塞 蓝牙 专用 硅胶,1
觉得 完全 关系 这种 味道 本身 流行 摇滚 足够 周杰伦 差点 录音 更大,-1
先顶 资瓷,1
失真 问题 目前 更好 指标 最大 买不到 强太多,-1
问题,0
馒头 真的 声音,0
货加 森海 转盘 提升,0
凑数 黑乎乎 两张 照片,0
有索 主推 六万 个头 床头 首发 一流 口味 认为 不值 价值 入手 楼主 听听 质感 是否 机器 个人 有点 看看 符合 试听 放在 建议 很多 比较 耳机,1
耳机 没假 放心 有点儿,-1
致命 没人 品控 勉强 跳水 接受 问题 声音,1
连接 同轴 接口 楼主 听感 解码,0
声音 觉得 毕竟 不太 没有 有点 个人 很大 感觉 适合 大乌 整体 平衡 单端 差别 作用 增益 石机 推大乌 调节 起到 调低 会糊 三挡 实质性 调高,-1
觉得 耳机 不是 问题 没有 起来 很大 非常 底噪 垃圾 麻烦 显示器 主板 反而 独立 排查 配件 口底,-1
手机 真的 买个 好点 兄弟 拍照,1
耳机 放在 好听 现在 耳放 对比 这款 测评 两款 观望 咖喱 选耳,1
经常 音乐 声场 很大 感觉 人声 监听 空间感 流畅 一流 晚上 说不上 不像 包厢 临场感 十足 惊醒 脑后 不远处 奏响 淡淡的 雅致 一本正经,1
有钱 喜欢 流行 楼主 塞子 退烧 兴趣 一致 索尼 随身 威士顿 港台,-1
最好 几个 可能 里面 觉得,1
音乐 退烧 享受 正道 好好 及时,-1
好久,1
越重 越高 耳机线 音染 阻抗 变化 原来 学习 估计 声音,-1
瓦楞纸 播放器 前端 只不过 耳放 感觉 现在 解码 完全 耳机 声音,0
音质 好多,-1
买贵 精音 听说,1
止步 体验 帮顶 好文 大乌 外观 喜欢 佩戴,1
觉得 价位 不好 玩家 大多 没人刚,-1
太行 三代 古典 流行 确实 调音,1
支持,1
应该 离得 直接 影响 解码器 耳放 关注 内部 电脑 电磁干扰 不止 传输 线路 还会 单单,-1
值得 线基,1
乐器 不错,1
小熊 女儿 努力 变成 肯定 森海 开心 拿到 发烧友,1
万机 推听感 接个 吸入式 及格 外面 中庸 一体 收个 一流 属于 隔壁 楼上 参考 退烧 试试看 玩家 习惯 胆放 三频 价位 有个 整体 西装 还好 地方 听感 味道 解析 感觉 机器 起来 来说 电源 二手 动态 起码 建议 比较 帖子 觉得,-1
对比 差别 不去,-1
声音 失真 很多 进去 差异 只会 芯片 每个 奇怪 并联 个体 叠加,-1
失真 现在 三代 看到 瀑布 测量 好奇,-1
裴艳玲 喜欢,1
平调 耐听些 国内外 流行乐 看过 共同 烧油 作用 不下 不少 音色 大乌 喜欢 高频 佩戴 耳机 觉得,1
集中精力 欠缺 莱曼 冲动 纵向 端口 稍微 欣赏 平衡 楼主 横向 暂时 更换 明显 感觉 目前 声场 音乐 没有 器材,0
甲类 单端 平衡 肯定 胆机 不是,0
不是 无损 绝大部分 区分 盲测 翻船,1
耳机 折腾 耳放 垃圾 透明度,-1
逛家 计划 明年 实体店 那种,0
不用 没法 传输 信息 协议 操控 最强 数据库 庞大 专有,1
不会 难看 单元 外观 容易 歌德 设计 导致 避免 接触不良 连接处 以往 双股 扭线,-1
哈哈哈,1
声音 可能 估计 没有 安定 电源 有点 其实 非常 不够 自带 效果 成本 一点 差不多 原理 玩意 线上 纯银 净化器 显得 得到 过于 活泼 负作用 死气沉沉,-1
心中 不玩 纯粹 理想 最高 追求 性价比 存在 声音,1
再保 包装 齐全 继续,0
新年快乐,0
感觉 耳罩 有空 挺不错 差别 频响 人工 换大 耳测个,-1
地好 推却 歌诗德 大耳放 主打 一款 意外 单端 平衡 听过 本来 之前,1
器材 本来 耳塞 就行 块钱 一百块 百分之一 百线,1
功夫,1
觉得 耳机 所谓 机器 追求 不少 程度 就算 无止境 坐镇,1
问题 可能 明显 素质 至少 差不多,-1
长条 空间 不错,1
最进 想入 楼主 西装 最后 解决,0
大礼 春节 一致 感受,0
挺足 谷津 很少 原线 氛围 烘托 古典 耳放 编制 低频 现在,1
如是 无穷的 面对 不断 无限 商品 欲望 标准 折腾 满足 只能 绝对 没有,-1
木碗 不好 推荐 染色 一律,-1
比较 好听 喜欢 放大器 甲类 晶体管,1
扁平化 一点 还好 感觉 以前 目前 起来 直接,1
整流管 先换 更大 太糊 效果 原装 应该,0
以前 没有,0
肯定,0
不用 估计 耳放 咸鱼 说直 乖乖 上放,-1
供参考 好几个 一体机 满意,1
出厂 缺点 还行 差点 大家 调音 素质 那种 接受 不是 便宜,-1
前玩个 十几二十年 几万块 记得 继续 音箱 投入 需要,0
恭喜 自得其乐,1
不错 没用 搞定 月底 乖乖,-1
前级 蓝宝石 差别 有耳放,-1
休眠 自动 接触不良 硬盘 是否 不会,0
耳放 舒服 平衡,1
升级 厉害 播放 固件,1
理解 楼主 深刻,1
隔离 牛不香 难看,-1
支持,1
德奥 欧美 杂食 动圈 合适 流行,1
电子管 独立 逊色 电路板 小巧 一体机 线路 推荐 放大 放大器 使用 不是,1
插口 显示器 沦为 夏普 坏掉 然鹅再 游戏 经典 没用 耳机,-1
仅靠 先天性 软糊 顺耳 解决不了 亮丽 音乐味 桌面 这方面 改善 不足 合适 编制 低频 高频 人声 感觉 电源 动态 系统 估计,1
小说 高端,0
翻车 人声 没有 不会 问题,0
几股 红色 太重 原线 最后,1
山灵 现有 上耳放 乾龙盛 前端 推荐 推不开 感觉 帖子,0
虚价 平价 一贯 东东 品牌 路线 内部 那种 好声 不是 好看,1
东西,0
声音 电源 树莓 这种 最好 确实 试试 发现 折腾 供电 线性 大功率 改晶振用 连用,-1
占楼 编辑,0
太快 发了 太重 泛音 随手 齿音 发现 切换 很多年 后来 当时 自然 一种 二代 感觉 不太 帖子 耳朵 耳机,0
预算 继续 折腾 工作 努力 赚钱 乱花,-1
墙上 条件 当然 直接 问题,0
声音 不错 出来 预算 其实 选择 相当 价格 他家 芯片 型号 水分 嗓子 上市 看着 就行 新机 必然 多点 一脉相承,1
必要 拥有 木盒 初版 入版,-1
稍慢 比较 人数 同时在线 可能 速度 表示 移动,0
先顶,1
字母 送给 流行 两个 我用 需要 烧友 器材 高端 觉得,0
闷得 泡沫 标称 卖块 我买遍 硬质 一家 老版 淘宝 官网 现在 其实 不是,-1
形而上学 算不算 指标 一种,0
彩线 非常适合 银彩 价位 似乎 出彩 交响 比较 觉得,0
无损 简单 以前 确实 只能 好像 所有 音质 几百 播放 麻烦 用过 好点 安装 一款 播放器 转成 虎豹 最简 基友 点大,-1
不贵哈 大件 相对 价格 其实,0
楼主 恭喜 点赞,1
最低 隐士,1
进坑 现在 不错,1
直接 试听,0
各位朋友 谢谢,0
挺不错 推荐,1
正式 终于 起来 上线,1
二选 多好 听大 为啥 编制 只能,1
正常人,0
档次 差距 一点 前端 稍微 轻松 给力 拉开,-1
最低价 国行 代理 其实 知道,0
床上 先入 看着 试试 适合,0
小不点,0
耳机 直接 关系 好不好 质量 平板 数量 磁铁 双面 单面 强力 用弱 隐形 非对称,-1
铝合金 头版 一代,0
跑步 冒烟 哈哈哈 事情,1
围观 起来,0
才能 听到 厉害 可惜 知道,1
非常 有限 好点 卖掉 平淡 放比 稍稍,-1
几个 呵呵 真的 地方 貌似,-1
试试 感会 解码 很多,1
耳机 比较 大家,1
耳机 没假 放心 有点儿,-1
越煲 煲机 好听 需要,1
改善 听感,0
没看 完全,1
情况 多数,1
感觉 大师 折腾 咸菜 旷世,-1
稀缺 市场 转盘 入门 级别,1
直接 算了 没货 好像 那家,-1
加大 有趣 保险丝 推荐 高级 以内 更换 感觉 关系 声场 不会,1
发光 总会 金子 售后,0
搭棚 可能性 表现 好像 更好 胆机 有没有 知道,1
之间 区别 不是 无法 可能 问题 没有 设备 这种 明显 两个 听不出 隔离 音频 地线 平衡 主要 表现 端的 单端 干扰 匹配 输出 属于 更加 插座 频率 固定 音频接口 冷热 香蕉 共地 弱电 环节 市电上 零线 相互 静噪 消除 引入 烦人 天气 潮湿,-1
其实 毕竟,0
周围 这会 安静 作用 白天 心里 舒服 听得 感觉 声音,1
系统 目前 满意 折腾 咸菜 观念 恰恰,-1
信仰 为啥 全新 三个 当然 数字 二手 声音,0
差到 品控 程度 这种 真的,-1
地方戏 不深 童丽 原因 以为 印象 适合 可能 帖子,0
消费型 走量 森海 耳机,0
更新 接口 没有 知道 声音,0
好使 只用 说明 一台 对比 不能 机器 需要 问题,1
音源 电源 很多 一下,1
确实,0
觉得 完全 关系 这种 味道 本身 流行 摇滚 足够 周杰伦 差点 录音 更大,-1
正路 原厂 找到 一年 接近 真正 一步 效果 研究 最后 耳罩 感觉 现在 达到,-1
内存条 这年头 保险丝 调音 不能 毕竟,0
买过 感觉 好像 机个 仿耳放,-1
开模 拆卸 粗糙 原装 最好 国产,-1
表演 回放 肆无忌惮 运用 重低音 流行音乐 电音 越来越 提高 成熟 自然 不差 效果 低音 现在 关键 不要 器材 要求,-1
不错 一定 意义 参考 写得,1
万号 一代,0
强帖 留名 起来,1
搭配 不会 完全 有点 赞同 功率 有源 匹配 等级 输出 功放 相信 大小 频响 曲线 说法 输出功率 吹牛 老烧们 整天 各类 无源 无论如何 失真度 幽灵 版靠 频带,-1
配齐 两条线 单卖 卖家 为啥 搞不懂,1
不是 简单 难听 原因 构造,-1
不比强 模拟输出 尝试 路子 声卡 方案 试试 值得 感觉 当然 关联 实在 直接 建议 一定 觉得,1
比有 改善 佩戴,0
浓浓的 数码味 哪来 创新 感情 刺激 听过 高频 耳朵,0
主同款 机架 顶楼,1
高端 耳机 低端 现在 确实 好像 当时 巨大 带来 好处 白菜 人类 奥地利 科技进步,-1
声音 官方 搭配 线材 系统 需要 机器 就行了 当然 一台 没什么 排除 楼上 改变 换线 一根 改动 更差 调皮 远比 锦上添花,-1
不是 乐感 适合 地方 好像 芯片 柔顺 主要 不足 在于 同价位 据说 柔美 解析度 蜻蜓 轻音乐,1
杂食,0
回放 现场 本质 一类 古典音乐 流行 用来 人声,0
市售 签名版 预售 设计师 大量 少数,0
内部 看看,0
只能靠 以后,0
加配 标准 远远 这种 手机 超出,0
研究 声学 顶帖 前来 博士 受邀,1
觉得 最好 评价 听到 每个 差点 同价位 尊重 比友商,-1
不好 出货,-1
问多 代理 几个,1
达摩 早有 反而 潘多拉 松下 不少 单元 其实 以前 里面 耳机,0
楼主 顶顶 用心 真实 细写 比枪 文毒文,1
好听 不好 男人,-1
应该 镀金 插座 好歹,-1
误差 相差 比大 响度 增益 测量 音量 耳放 解码 基本上,-1
失控 好好 歌德 流行 编制 搭配,1
不错 觉得 耳机 耳朵 所谓 一下 不会 量化 下潜 高频 低频 差距 大哥 不少 就算 高于 延伸 差个 差于 二哥,-1
实价 有价 风格化 物有所值 定价 精彩 试试 听过 两个 最好 现在 有点 试听 东西 里面 声音,1
觉得,0
便宜 耳机 低音 基本 飞利浦,-1
绑定 加周工,0
声音 觉得 耳机 音乐 声场 推好 高频 适合 用来 素质 中频 唯一 欣赏 听会 听久 寡淡 不比差 薄不耐 一服,-1
更好 确实 大师 德国 楼上 揭示,1
已经 上线 不会 绝对 流行 足够 中端 德奥,-1
推出 稍微 容易 效果,0
感觉 现在,0
不是 可惜 音质 干扰 主机 显卡 大户,-1
咆哮 闯进 气势汹汹 杀猪刀 好了吗 一刀 人物 政治 一群 小区 发电厂 避震 大声 桌子 路上 赶来 几万 平衡 楼主 耳放 音源 上线 做好 正在 线材,1
声音 耳机 感觉 确实 同样 清晰 肯定 情况 好些 声压 下低,1
耳机 现在 推力 难为 别用 国砖 差得 大块头 老远,-1
第四次 疙瘩 这排 出掉 准备,0
太好了,1
担忧 奇怪,1
出来 声场 人声 明显 高频 效果 低频 刺激 中频 横向 只不过 保持 终于 饱满 圆润 齿音 不肥 依然 深沉 有力 有形 华丽 贵气 立体感 变化,1
筛选 模拟 明显 需要 东西 比较 一定 区别,1
代码优化 短期内 高频率 预测 只能靠 完成 架构 升频 一段时间 需要,0
三孔 挺贵 伤心 伤人 不伤 没地线 不来 造成 设计 机器 有点 可能 电源线,0
耳放谈 如果说 音源 秒杀 人声 意义 离开 好坏 耳机,1
看看 只能 价格 两次 路过 帮顶,1
不错 一组 声必飞,1
男人 智商 全家 税好,1
之流 石鸡 放弃 过得去 楼上 稍微 单端 对付 一代 没有 觉得,0
晚点 回去 下载 有意思 试试,0
耳机 不会 没有 不要 直接 绝对 喇叭 平板 价格 经典 输出 功放 淘宝 惊喜 入个 节奏 不亏 坛友 推有 好耳放 普及,1
组个 体验 准备,0
一脉相承 多点 必然 新机 就行 看着 上市 嗓子 水分 型号 芯片 他家 价格 相当 选择 其实 预算 出来 不错 声音,1
起飞 交响 一波 前段时间 感觉 直接,0
耳机 大家 比较,1
没有 关系 其实 插头 大部分 平衡 端线 主要 差别 耳机线 分开 具有 两根 造成 四根 合在一起 叫单 由耳放,-1
不错 效果,1
比有 天鹰座 介绍 一体机 能否 特色 一点 风格 喜欢 个人 提升 简单 谢谢 比较 回复 一下 搭配 耳朵 声音,-1
一模一样 几只 头子 对比,0
谷津 块钱 二手,1
转盘 差别 机型 挺大 据说 两三千,-1
最好 叫作,1
第几个 狗哥 试听,0
变化 耳放 直接 看看 有没有,0
耳机 搭配 不是 本身 不得不 三代 印象 一句 组合 偏向 天龙 友好 马兰士 一家亲,1
感觉 上台 单端,1
觉得 不用 帖子 比较 不会 没有 直接 现在 注意 旗舰 差别 做工 在意 日系 差到,-1
其实 味道 最后 素质 出彩 森海 均衡 前端 特点 这耳放 气势,1
机找 大牌 欧美 吃惊 买点 比较,0
前排 不好 位置,-1
不卖 硬卖 脸皮厚 出去 好歹 降价 歌德 价格 反正,1
加加 树莓 不错,1
好多 灰尘,1
一万 以内,0
套上去,0
本质 发生 可靠 干嘛 把握 情况 一点 了解 全新 地方 考虑 真的 个人 完全 二手 建议 可能 耳机,-1
已经 系统 解码 放到 现在 推好 真正 草医 高文 折腾 湖人 沐声 三年 两套 惊雷 好几年 北极星 到头 玉龙 多套 活活 再到 改玩大,-1
声音 好不好 这种 特别 喜欢 价格 港台 称呼 不见得 大大的,-1
唱机 有底 黑胶 本身 出来,0
梁真 蛋白 不像 结实 漂亮 看着 随便,1
杀人 头梁 好点 天龙,1
耳机 不会 东西 失望,1
问题 软件 没用 其实 极其 适合 听歌 质量 拆解 严重 音频 硬件 应用 传输 俩个 完整性 开发 完整 信息 协议 局域网 基于 缓存 不负责任 机制 上层 握手 校验 数据包 软件商 下功夫,-1
来得 带来 改变 电处 楼主 明显 个人 电源线 觉得,0
短信 收件 黑酸枝 各奖 深夏映 三位 获奖 发布 相关 今年 信息 文章 森海 不要 网友 论坛 耳机,0
暂无 郎才女貌 地过 凑热闹 相安无事 欲望 一年 升级,0
声音 好听 随便 一体机 随身 米饭 瞎折腾 搞搞 将来 有福气 老弱病残 风烛残年 老家伙,-1
知足常乐,0
觉得 没有 真的 下潜 高频 低频 编制 流行 中频 曲目 整体 三频 情况 宽松 饱满 刺耳 能量 银乌 毛病 蛮正 淤积 感听 非大,-1
搭配 不会 完全 有点 赞同 功率 有源 匹配 等级 输出 功放 相信 大小 频响 曲线 说法 输出功率 吹牛 老烧们 整天 各类 无源 无论如何 失真度 幽灵 版靠 频带,-1
产品 功能 提升 空间 很大 水平 调音 价位 推荐 始终 设计 金波家 很全 工业,1
厉害 缺货 不太可能 好像 暂时 价格 跳水 知道,1
箱子,0
区别 入门级 已经 声场 耳塞 中端 前端 好点 稍微 这类 大小 非常明显 持续 伴奏 回声 余音 长短,1
太尖 毛刺 录音 不好 友好 人声 有点 音乐,-1
佩戴 注意 十分 模式 听感 调音 确实 结构 均衡 推荐 舒适 实际 物理 设计 安装 仅仅 改变 相似 男人家 做工 柔软 方法 采用 玩法 趋向 实木 壳体 缅甸 斑马 耳垫 薄厚 调换 后文 近圆型 前厚后,1
喷漆 最有 悬念 原版 蓝色 个人感觉 看上去 好像 外观 现在 没有 可能 好看,1
手上 上来 插上 中频 一套 木碗 铁家 尤其 低阻 对付 这放 七八年 西装 翻车 不得不 味道 甜润 真的 立马 之前 耳机 不错 知道,1
铁三角 现在 这种 舒服 原来 飞翼 护垫,1
太吵 难开 不让 几次 一年 音箱 不会,0
没法 产品 绝对 最后 严重 一句 审美 同意 每个 男人 欣赏 差别 一类 百分之,-1
学习,0
价格,0
合适 不是,1
降价 一波,1
沉睡 老虎 推不动,0
厚粉,0
应该 来说 更好 角度,1
样子 可怕 文化 道理 好像,1
可能 呵呵 没有 我用 感觉 明显 难受 舒服 后来 身上 突出 改进 得到 按摩 设计师 疗效,-1
少于 篇幅 提到 一遍 进来 承认 感觉 标题,-1
支持,1
便宜 楼主 咸鱼 运气 价格比,1
左右 不错 产品 一定 已经 出现 解码 现在 慢慢 自然 价格 讨论 展会 系列 和弦 两年 玩意 几年 太多 一倍 过来 品牌 国产品牌 低价 曾经 莱曼 御用 十五年 没人 加拿大 现场 标配 惊雷 促销 淡出 视线 两双手 新晋 黄金组合 视野,1
漂亮,1
真的 人声 适合 摇滚 适应性 试过 电磁炉 种类 加州 吉他 记忆 女声独唱 最深 听首 旅店 满脑子 被忽略了,-1
根本 之间 区别 耳朵 不到 定位 一下 不是 帖子 手机 已经 很多 呵呵 提升 之前 完全 有点 现在 感觉 不能 小时 音场 明显 味道 两个 随便 适合 素质 更好 音源 低频 喜欢 单元 档次 听过 严重 好像 尤其 中频 增加 整体 一点 厚度 平衡 力度 通透 不止 普通 差不多 搞个 吊打 白金 改变 隔壁 就算 耳机线 索尼 号称 最大 今天 到位 延伸 是因为 想换 一圈 玩好 鸡线 透明度 信仰 开声 距离 难控 几十 卡刚 两段 凝聚力 感结 贝尔金 打印 这般 散成 一皮 充其量 比鸡线 人民币 看法 多点 牺牲,-1
一定 很多 东西 看起来 国外 垃圾 国货 照样 代工 贴牌 很火 男人,-1
出现 正常 确实 噪声 操作 干扰 尴尬 接地线,-1
系列 歌德 试试 手机,0
不用 搭配 几个 二手 升级 解码 考虑 最好 以上 推力 一代 界面 耳放 试试 平衡 不好 折腾 伺候 不想 同价位 享声 配合 谷津 天鹰座 不上 香榭丽舍 不大行 可看 那俩 挺菜,-1
黑锅 抄袭 疑问 原版 太行 设计 有个 难听 这事 机器 出来,-1
温婉 乌小 驾驭 完美 属于 这套 有点像 高文 比差 柔顺 箱子 编制 素质 高频 味道 耐听 非常 那种 感觉 系统 声音,-1
重量 低频 非常,1
应该 搭配 一下 论坛 帖子 比较 很多 搜索 几个 最近 推力 对比 好像 评价 印象 一体机 画眉 普遍 评论 稍差 大半年,-1
尽量 封闭式 开放式 低频 感觉 有点 声音,0
问题 感觉 不好,-1
何不,-1
可怕,0
问题 机器 请教 解码器 算法 差异 不同 升频 标准 定论,-1
活动 试听,0
灰来 车内 超过 价格 放在 知道,0
当然 问题,0
木耳 频响 正常人 差距,-1
表示 理解 建议 不会 音乐 声场 不能 低频 听听 电脑 发现 最大 不算 好好 也许 各种类型,1
不是 必要 交换机 网播,-1
之间 区别 东西 数字 必要 噪声 每个 信号线 不同 交换机 端口 性质 略微 互感 互容会 引起 线上 学术 叫做 串扰 隔开 讯号 间隔 干扰 降到 越低,-1
应该 可能 不至于 推好 听感 耳放 楼主 来看 不同 线条 感极强 倒退,-1
太亏 更新换代 最终 太快 一体机 一手 最好 不要 二手,1
有损 损失 音质 部分 只能 细节 解码 可能 出来 存在,1
花来 以为 基本,0
高芬,0
新碗 评价,0
楼主 支持,1
千元 更好 性价比 没有,1
电源线 没有 解码 考虑 耳放 搞不好 省钱 有线 省心 助推器,-1
不是 一条 完全 购买 凭证 假线 真线,-1
差太远 新旧 真皮 触感 厚度 更好,-1
说明书 提供 驱动 大佬 现在 谢谢 网页 不到,0
欢迎 二代 加入 瑟瑟 发抖 我入 品控 传闻,-1
牌子 麻烦 换个,-1
区别 不会 很大 相差 芯口,-1
好看,1
当年 喜欢 效果 功能,1
成绩 宝宝 吓坏 这张 一体机 万元 可能 参数,0
对立面 无条件 对手 男人,0
不错 耳机 真的 马兰士 单端 想不到 口比,1
体积 功放 试试看 推荐 楼主 合适 来说 谢谢 速度,1
一定 耳罩 不好 程度 頭帶 定期 更換 損耗 衰聲 怎麼,-1
我入,0
保修 直接 建议,0
反响 一试 十周年 判断 经验 电路 挺不错 关键,1
电磁炉,0
没多久 比较,0
不错 听听 升级版,1
那种 韵味 时代 不好 银彩 天花板 金银线 色彩 老掉牙 正义 大烧 这口,-1
一种,0
胜地 聚集 绿毯 成为 民科 神棍 指标,0
明确 区别 应该 无损 真的 听感 表现 完成度 电流 咸菜 目的 信号 这头 传递 那头 相似 一致 一方,-1
声音 高端 耳机 要求 电源线 一般来说 问题 系统 建议 预算 看看 声场 设备 需要 个人 感受 厂家 其实 敏感 国标 大陆 最后 更换 选择 换成 相对 均衡 追求 准备 通透 型号 个人感觉 全面 至少 差不多 表现 确定 体验 改变 方向 条线 带来 收益 销售 投资 静神 凝聚 书房 成品 一档 实价 取舍 分配,-1
不介意 转接 带来 耳放 就行了 真的 解码 直接 动态 耳机 不错 声音,1
有着 表现 不错,1
吹们 难选 平板 两个,0
爱好 本质 喜欢 一种,1
数据 不错,1
后者 收到 性价比 估计 便宜,0
下会 部件 基于 变得 顺滑 宽松 主要 情况 两个 以上 问题,0
声音 需要 起来 目前 感觉 这种 非常 拜亚 摇滚 歌德 必须 带感 动感 跟着 节奏 拍子 摇起来 不太摇 比森海 节奏感 强是,1
不是 很多 声场 好听 人声 味道 素质 分离 电脑 代表 太多 越高越 耳放能 惊雷 退出 越大越 我大乌,-1
漂亮,1
看来 根本 出来 一下 还要 好听 感觉 非常 高频 低频 流行 古典 好像 大耳 过度 箱子 塞子 吐槽 金属 整个 染色 变得 顺便 舞台 糟糕 不已 演绎 一到 跌进 贝司,1
耳机 产品 之前 以前 低端 感觉 效果 相当 低频 十几年 国内 买来 朋友 孩子 得胜 仿做 当直 推用 影音 没想到 前入 扔给 上网,-1
越吹越 自吹 麻烦 不行,-1
我会 留着,0
声音 不是 比较 没有 声场 空气 起来 我用 感觉 非常 强烈 明显 高频 特别 成功 高级 真是 偏向 舒服 清晰 设计 一听 这次 清晰度 特征 极为 屏头 有点像 加上 上去 特点 突出 并管,1
区别 解码器 部分 电脑 设计 干扰 瞎折腾 受到 差会,-1
仔帮顶 广西,1
耳机 东西 解码 机器 买个 十分 喜欢 耳放 一台 不解 原来 一点点 玩大耳 非要 掉换 省略 同级 无非 耳放差 耳放好 适应 飞不出 花来,-1
高中低 金耳 当属 强悍 石机 增益 分体 国产 电源 比较,1
新年快乐,0
喷泉 确切 工程 了解,1
觉得 有钱 好听 上个 加钱 高斯 一百多 糊点,1
多数 情况,1
二手 接盘 讲武,-1
声音 不会 所有 同样 时代 欣赏 折腾 沙沙声 一边 超年 绵都化 不时,-1
想法,0
对战 台机 楼主 机器 请问,0
明星 无感,0
起步 选择,1
保险 问题 应该,0
三票,0
好听 低频 低级 受欢迎 可不 家常菜 下里巴人,-1
好能 代理商 水太深 价格 拿到 关系,-1
声音 这套 真不错 高登 当场 掏钱 冲动,1
学习,0
未知,0
创意,0
声音 左右 知道 出来 有点 感觉 反接 相位 难听 交响 结像 喇叭线 一边 方向 正负 接反 一试 会糊,-1
耳机 没有 来说 明显 两个 性价比 价格 差异 肯定 相差太多,-1
不长 说长 电话线 那根 尴尬 还好 推开 有点 不错,1
冲击 保护 通电 避免 损坏 关机 无所谓 线路 放开 拔掉 减少 耳放 最好 没有 耳机,1
水印 双木三林 图片 原来 大佬 看到 知道,0
个人 影响 目前 以前 差异 来看 市面上 更大 概率 耳机线 经验 尝试 这得,-1
同轴 没见 光纤 抖动 测试,0
不屑一顾 绕道 话题 小白 老烧,0
天仙配 单端 原线 不够,0
期长 煲线 人少 好线 绑定 确实 知道,1
大耳 封闭式 成功 声场 不错,1
退烧 田螺 爷用,-1
不用 线材 需要 楼主 就算 蓝牙 电线 充电器 骗钱,-1
对手 宽松 价位 不够 没有 几乎 不错 声音,1
确实 拓品 品牌 侮辱,-1
关系 拿到 价格 水太深 代理商 好能,-1
保留意见 喜欢,1
很棒 分享 楼主 感谢,0
好机 买个,1
件套 面试 回楼 一脉相承 完美 吹牛 优异 兄弟 这套 开发 表现 电脑 音频 风格 更好 当然 是否 目前 试听 系统,1
区多 好多 测评 型号 有个 音质 看看 问题 手机,1
狭窄 补救 偏低 磁力 间隙 磁铁 采用 剩下 体积 密度 不太好 结像 估计 应该 耳机 声音,1
发烧友 帖子 语言 特色 激情 产生 瑕不掩瑜 矫情,1
韭菜,-1
服务 自有 售后 哪有 方式 店铺 价值 态度 多年 还要 便宜,1
看来 范围 参数 规格 官方 超出 左右 右声道 左声道 失真,-1
偏亮 打磨 指标 路线 风格 高频 味道 一条 应该 不错,1
耳机 本来 后来 是从 男人 是因为 据说 包装 价格优势 配件 形成 降低成本 谈妥,-1
最新款 小米 必买 只用 天花板 有所 苹果 讲究 有人 追求 性价比 东西 手机,1
有用 意见,0
太短 待机 接线 一点 合适 感觉 国产 起来 设备,1
独特 难挺 未必 差异 太大 风格 喜欢 耳机,-1
数播,0
期待 觉得 希望 目前 二代 明显 喜欢 风格 对比 差距 有个 或许 原来 不同 前端 开放 带来 目标 放下 进入 仔细听,-1
高级别 同型号 换个 运放,1
以前 最近 算法 推荐,1
材料 开工 形势 原材料 头梁 改进 开发 设计者 国内 一眼 感兴趣 中国 二代 进口 段时间 论坛 正在 不到,1
替换 劝退 亚马逊 一次 头梁 好像 大概 佩戴,-1
至今 明白 东西 速度,0
觉得 应该 低频 金属 电子,-1
音响器材 金属 同样 古典 考验,0
效果器 科技 适合 便宜,0
三成 硬线 原本 改成 音质 算是 第一 喇叭 以上 发烧 提升 应该,0
支持 一代 更好 换购,1
声音 有点 反正 现在 好像 旗舰 稍微 专业 性格 方向 大多 妥协 我选 会变 后者 听久 原则 随和 圆融 做作 假正经,-1
消费 降级 玩不起,-1
几天 貌似 放毒,1
金乌 不好,-1
支持,1
数个 数一数二 器件 决定 作用 芯片 肯定 影响 里面 不是,0
没耳放能 高阻 兼容 动圈 平板 觉得,1
不会,0
下调 上调 频率响应 均衡器 想要 频率 播放器 改变 增加 所有 低音 其实 不了 不错,1
不是 实在 喜欢 大部分 口味 太重 轻是,1
耳机 耳朵 不会 没用 好听 喜欢 再煲,-1
精确 算法,0
老版 缩水 记得 有人 氛围 对比 算是 没有,1
未知,0
看来 选择 双修,1
便宜 耳朵 东西 之前 试试 不好 标准 不靠 试用,-1
便宜 耳机 低音 基本 飞利浦,-1
便宜 没法 还要 里面 呵呵 直接 使用 机器 其实 这种 功率 情况 电流 换个 保证 换上 动作 短路 保险丝 会烧 高压 五金店 毛买个 铁芯 原边 触发 一截细 铜丝,-1
低频 记得 不多 轰炸机,-1
不错 希望 解码 样子 谷津 旋钮 红色 出个 骚气,1
完成 恭喜 系统,1
大香,0
低阻 适合,0
看不懂 不好 准备 回去 学费 老师 语文学,-1
折腾 精神可嘉,-1
主观 台机 比差 不太多 不好 古典 性价比 人声 搭配 觉得,-1
安神 静养 采取 那么回事 新鲜 听够 先玩 讨厌 好玩 实体 生活 下载 极端 麻烦 箱子 听听 离开 现在 需要 试听 东西 玩玩 耳机,-1
系统 没有 解码 早就 驱动 正版 关闭 数字签名 强制,-1
山灵个 凯音 起来,0
水贴 积分 明显,-1
解码 真的 就行了 买个 听不出 耳放 差距 播放器 省钱,-1
佩戴 拜亚 试试 系列 头型,1
限量 好像,1
声音 耳机 区别 反正 极其 相当 垃圾 听不出来 笔记本 天花板 到头,-1
揭示 楼上 德国 大师 确实 更好,1
财源滚滚,1
遗憾 低频 目前 知道,0
脱焊 多半 医生 修复 容易 这种 耳机,0
干干的 层次感 力度 感情 低频 素质 高频 不了 毕竟 声音,0
机会 试听,1
天空 版本,0
壕物 回家 退烧 以后 满足,-1
声音 左右 基本 没什么 差别 就够 分钟 预热 开听 半小时,-1
答案 即可 去掉 高音 手段 无论是 肯定 类型 低音 设备 东西 没有 很多 问题,0
货事大 事小烧 尾巴,0
色盲 冷色,0
帮顶,1
关系 现在 最好 厉害 芯片 设计 干扰 更大 家用 天线 无线 有线 频谱 太窄 同频,-1
声音 越毒,1
内部 算是 胆机 比较 没法,1
最新 问题,0
可解 极高 金星 原因 认为 密度 不行 系统,0
声音 建议 不会 没有 解码 我用 买个 适合 以内 素质 差不多 楼上 划算 够用 流畅 短板 不堪 感到 双休 唱机 多休,-1
耳机 问题 成功 前端 排除 一周 煲机 卖家 来不及 退换,-1
裤裆 危险 鞋子 没地 孩子 严都 以后,0
耳机 喜欢 三个 经典 手头 留着,1
德行 国行 一般来说 便宜,0
小暖声 延申差 音染重 延申 运放耐 运放原 三款 过换 烧入 中性 冷声 刚入 古典 适合 高频 人声 以上 声场 声音,-1
一整块 不住 改进版 去年 过量 控制 是不是 低频 感觉 现在 买过 知道,0
鞋套 机房 小学 想起,0
耳机 不是 敏感 随便 耳放 手上 耳塞 大耳 不少 前端 刚入 差别 小尾巴 评论 最起码 前段 台放,-1
用家 帮顶,1
出闲鱼 改善 真的 完全 之前 可能,0
还免 同款 输出 确实 解码 方便 不错,1
具有 歌德 特色 拜亚 很多 比较 声音,1
几个 开心 人生,1
提升 知道,1
试金石 耳放,0
对味 调音 我用,0
不上 理由 箱子 条件,0
没有 非常 东西,1
木有 意思 拆解 有点 试听 详细 测试,0
雾蒙蒙 直白 并非 刺激 不是 耳机,1
隔壁 发错 塞子 提醒 一下 耳机,0
趁现在 才子 可乐 优惠 这款 路上 下单 大佬 评价 已经 耳机,1
最小 公差 很准 补偿曲线 人头 个体差异 大得多 偏差 认知 一大群 最准 频响 在于 参考 每个 总体 相对 意义 可能 觉得,-1
禁言 目测,1
几乎,-1
很差 感觉,-1
不错 麻烦 品牌 不难 君子 换唱 臂线 唱臂 开孔,-1
困难 只不过 更广 或许 场景 应用 钉子 功夫 箱子 下不来 几万 一步 合理布局 隔音 单独 最少 沉浸 想做到 来讲 音箱 信息量 格雷 下世纪 惊到 鸟叫声 好比 异常 爆炸 没多 不好 有时候 带入 水准 音频 较为 对比 自然 低频 效果 更好 听音 推好 这种 感觉 当然 绝对 影响 细节 解码 需要 提升 音乐 爆棚 起码 几个 很多 一定 做到 耳机,-1
觉得 类似 调音 推荐 塞子 味儿 走向 太阳神 行云 视听,1
有钱 喜欢 流行 楼主 塞子 退烧 兴趣 一致 索尼 随身 威士顿 港台,-1
不怎么 比较 器材 级别 一般来说,-1
感坛 一档 低于 限量版 猜测 一致 不同 单元 风格 调音 入门 很多 参数,0
前端 原来,0
居然 不是 耳机,0
战斗准备 太快 做好,1
期待 一下 银乌 抵抗力,-1
再入 随后 双修,0
对美系 日系 天龙 之前 应该,0
骚友 宁波 很多,1
包浆 一年 有空,0
便宜 一下 不会 好声 喜欢 一体机 搞个 闲鱼 折腾 谷津 暖声 再出 天鹰座 淘个,-1
退回 确实 以前,-1
没有 关系 其实 插头 大部分 平衡 端线 主要 差别 耳机线 分开 具有 两根 造成 四根 合在一起 叫单 由耳放,-1
巴适 加一点 楼主,0
声场 单元 垃圾 容易 结像 至少 必须 就算 同轴 搞好 摆放,-1
国产,0
耳放底 调整 设计 个人感觉 帮顶 耳放 本身 没用 问题,-1
调用 适配 驱动 情况 只能 自带 支持,1
面子 奇迹 大力 反而 歌德 其实 需要 不要 不是 一定,0
未知,0
似乎 符合,0
短期 抗生素 咽炎 耳鸣 服用 造成 偶尔 导致 毒性 听音 一定 耳机,1
女优 利器 无关 楼主,0
不错 比较 已经 选择 性价比 比起 类型 不少 几年 杂食,1
国产 调音 喜欢 设计 堆料 老外,1
日系 没什么 讨论 听听 流行 不够 现在 耳机,1
更失 一般化 听惯 老款 完善 声学 带来 改进 频段 设计 相对 腔体 真的 失真 声音,-1
主力 是因为 主要 耳塞 原道 现在,0
足够,0
音乐 目前 家里 适合 不让 商店 病毒 肆虐 开门,1
长圆 不见 几年,0
双木三林 舒服,1
雷击 防雷击 模组 带有 一块 公牛 拆开 滤波 电容 差别 依然 普通 所有 看看 里面 出来 一定 知道,-1
价值,1
影响 好听 非常 心情 心烦,-1
问题 关键 推好 音源 耳放 前端 周边 我接 暴露 朗泉,1
平面,0
绝对 耳机,1
不错 搭配 比较 几个 没有 更为 声场 细节 耳罩 明显 高频 适合 低频 喜欢 自然 耳放 开阔 推荐 不同 全面 差不多 变化 突出 潜力 马甲 不喜 后者,-1
二手,0
太大有 解调 调制 连到 接到 有线 交换机 线路 噪声 条件 最后,0
没有,0
手艺 不错,1
税散线 几千块 智商 没什么 超过 提升 可能 便宜,0
支持,1
反证 不断 自信 方法 越来越 物理 怀疑 就行了 系统 问题,0
好听,1
缸子 金鱼,-1
应该 一下 速度 很多 不太 动态 有点 国产 感觉 那种 耳罩 解析 两个 不差 低频 对比 封闭式 相对 舒服 一点 分离 差不多 优势 略微 貌似 木耳 夹头 海绵 日产 要轻 掏出,-1
听歌 电脑 一边 更加 工作 安静 好处,1
不错,1
桌上,0
没变 时隔多年 早年 记录 本质 发帖 发现 楼主 复读机,1
耳罩 千万别 洗挂,1
未知,1
过破音 高电平 高会 红点 适当 破音 调整 遇到 输出 录音 输入 电平 耳放 我用 前级 现象 出现 支持 比较 可能,1
护手霜 干净,1
比较 升级 好听 明显 低频 地方 信号线 方面 晶彩 一副 妥协 哈哈哈哈,1
再谈 匹配 需求 效果,0
根本 存在 耳朵 里面 没有 机器 小时 纠结 必要 更好 听过 差异 同样 不好 同一 煲机 后期 头版 记忆 周边设备 脑海 听真,-1
等待 想入 对比 听过 一分钟 没有,0
体无完肤 感驳 腻歪 摆咙 感觉良好 直到 烧们 坚持 主观 初心 过程 千万 发烧 不要,1
声音 区别 不用 呵呵 没有 安慰,-1
后脑勺 发型 把头 蓝牙 音响 重要 塞子 听歌 直接,0
单端 平衡,0
音乐 支持,1
不好 大耳直,-1
呵呵 拜亚 素质 森海 价位 歌德 用料 最高 据说 次之 相同 最足,-1
意思 平衡 单端 差点,-1
分享 非常,1
好看 关键,-1
一两回 一周 音箱,0
那得 多个 搞定 阻抗 不同 所有 变压器 耳机,0
隔离 滤波 好用,1
蓝牙 播放器 买个 不错,1
组合 同样 帮顶 坐等 更新 台机 配搭,1
金耳朵 的确 没有 浪费,0
有没有 好像 搞个 插件 输出,1
无语,-1
教科书 像是 永远 参考 值得 耳机,1
不错 设备 他家 歌诗德 保险丝 几套,1
不遲 談線 之後再 差別 不會 入門 升級 甚麼 機線 程度 地方 就行了 一定,-1
细腻 小不点,0
电源线 东西 真的 顶顶 没烧,1
大事 好了没 开多 没煲 听听 耳机,1
于家 倾向 这耳放 貌似 用来,0
数据文件 形式 销售,0
投资 长期 一次 到位 经验 分体 一体机 主要 信号线 来看 即可 配置 耳放 明显 考虑 影响 使用 解码 个人 需要 问题 电源线 毕竟,0
觉得 可能 个人 其实 当然 非常 人声 解析 适合 拜亚 素质 更好 编制 流行 尤其 纤细 体现 极端 碰到 尖锐 器乐 大量 利器 独奏 特性 两款 合成器 电子乐器 伴奏,1
千古 可谓 难题 这货 耳放,0
真假 眼看 下运放,-1
不错 帮顶,1
声音 最贵 估计 机器 非常 转盘 差不多 参考 光头 读不出 那台 和弦 市面上 稳定 不出,-1
沾不上边 听过 觉得,0
猴急 胆管 几分钟 开机 烧鸡 以后 上来,-1
手一抖 发力 顺势 一二三 默念 三秒 呼吸 屏住 快布 面罩 抵住 插针 保护 桌面 向下 出来 耳机,0
小老虎 书架 一对 干扰 有点,-1
中等 好量 弹性 通透 歌德 人声 非常 下潜,1
声音 不错 老叶 不能 那种 味道 流行 偏向,1
失真 应该 真的 那种 明显 味道 拜亚 喜欢 摇滚 习惯 肯定 染色 说实话 索尼 一贯 不合 数码味 胃口 说到底 碰巧,-1
下潜 氛围 不好 不止 有量 试过 齿音 女声 凝聚 凸显 强有质 感没强,-1
偏左,0
太紧 薄一到 太凸 仔细听 奶罩 擅长 今天 女声 确定 意思 中频 流行 编制 听感 特别 高频 明显 乐器 有点 耳机,-1
一两天 不论是 变化 至少 平板 小时 耳朵 觉得,0
第一页 抢占 新年 好运,1
次之 立体 纵向 差点 差不多 横向 低频 最后 高频 解析 最好 声场 声音,-1
耳朵 可能 基本 自带 耳放 对比 差距 展会 一体机 分体 放弃 独立 上金波 六千多 耳放想 追上 耳放太难,-1
越新 广告 看多 商家 电脑 型号 芯片 解码,0
差点 走神 睡着,-1
不错 没有 确实 黑砖配 黑砖,1
真正 真的 厂家 做好 产品,1
动态 提升 感觉 高频 稍微 差点 有所 两天 再煲 看吧 延展,-1
曾经 惊喜 申请 这款 耳罩 直接 试听 应该 耳朵 耳机,1
怀疑 楼主 听不出来 差别 那得,-1
提高 数播 万元 价位 界面 值得 这种 起来 请问 入门级,1
区别 电源 有点 机器 部分 条件 重量 单纯 上限 极端 才行 寿命 散热 真得 部件 关乎 稳定性 从用 看不出,1
怪怪的 暖厚 宽松 绵软 一点 相对 选择 有点 比较,1
网易 歌曲 作用 电脑 播放 完全 树莓 音乐,1
当时 后来 阿米 森海家 差点儿 选了,-1
花哨 阶段性 到位 饱满 总结 退烧 适合,-1
以前 音箱 一大堆 差不多 背景 功放 台式机 一家 入过 金桑子,-1
支持 只能,1
手机 必要 不香 随身 台式 来自 回家 出差 灵魂 发问 两三万 砖有,-1
声音 感觉 调音 喜欢 高敏 低阻 音量 苹果 最高 清淡 调到 震耳欲聋 推二欧,1
越高 真实 自然 素质 应该 失真,-1
太大 解码 区别,0
囊括 和暖 两种 中性 超过 歌德 风格 调音 到底 思路 铁三角 没有 进去 区别 耳机,0
罗先 灭亡 大清 同门 阿米,0
未知,0
解释一下,0
失真 噪音 疲劳,-1
接反 头子 输入 耳放,0
试过 显卡 风扇 解决办法 深受 其扰 禁用,-1
包容性 偏暖 古典 问题 比较 声音,1
并管 突出 特点 上去 加上 有点像 屏头 极为 特征 清晰度 这次 一听 设计 清晰 舒服 偏向 真是 高级 成功 特别 高频 明显 强烈 非常 感觉 我用 起来 空气 声场 没有 比较 不是 声音,1
时间 没用 详细 有用 写下,-1
一下 差不多 设计,-1
不信 有人,0
苏特尔 小皇 惊雷 保险丝 瑞士 电子 音质 可闻 提升,0
呵呵 喜欢 一点 有过,-1
是不是 搭配,0
拒绝 洗脑,0
拜亚,0
说得对,0
回复 感谢 动态 目前 是否 考虑 必要 打算 一点 纤细 两条 折腾 优点 保险丝 换耳放 外换,-1
发货 打包 最好 器材,1
未为不可 世通 用用 民用 合拍 奇迹 大力 反而 到位 后级 专业 折腾 功放 八爪 推动 情况 音源 理论 非常 好听 机器 以前 前级 基本上 问题 里面 区别,-1
过用 不难 我试 推过 二代 其实,-1
还要 可能 问题 绝对 音源 刺激 大部分 原线 不耐 恐怕 改善 耳机线 原因 反而 走错 造成,-1
推荐 播放器 在家 出差 接用 老虎 多月 鱼电处 推一机 两用,-1
耳机 意思 木头 抵制,1
非常 价格 差不多 音染 一款 潘多拉 记得,-1
浪费 问题 解决 以前 后面 有人 设计 折腾 网上 苹果 主板 滤波 缺陷 本子 根源 有款,-1
八九百 男声 女声 主要 推荐 古典 流行 风格 适合 神器 好听 看看 建议 比较 不是 便宜,1
一压 往下压 另一侧 单声道 距离 声源 分布 试一下 稍稍 错觉 特性 偏音 一边 差别 录音 引起 试试看 容易 偏向 单元 模式 乐器 敏感 感觉 其实 耳朵 觉得,-1
根本 不错 耳机 不到 比较 详细 感受 起来 其实 最好 低音 下潜 非常 过瘾 不够 上面 质量 平板 难受 舒服 结像 类型 震动 动圈 缺乏 描绘 不同 整个 变化 大小 静电 过程 弹性 不深 区分 量感 精准 分清 形态 鼓棒 粗细 敲鼓时 鼓皮 描绘出来 模糊 最差 硬邦邦,-1
乔普 斑驳 自带 牌子 电源线,0
耳机 搭配 很多 音乐 本身 很多年 关注 不同 没什么 不少 前端 折腾 一支 玩法 乐趣 纯粹 尝鲜 对错,-1
拜亚 难听 封闭式,-1
周围 深夜 安静 环境 主要 噪声 比较,0
帮顶,1
对比 听感,0
小包 大包 碟机 不算 发烧 烧友 很多,0
声音 正常 国外 价位 不好 差不多 代表 打折 银乌,-1
不错 觉得 出来 后面 玩意 前面 量子 水晶,1
应该 不到 价格 楼主 老窖 会出 新品 下放,-1
看来 应该 只能 交响 楼主 前端 早出 两套 排山倒海 一口,1
敢于 说实话 总是,0
沙发,0
源码 校验 转码 数据流 不同 东西 可能,0
二代,1
大王 二十块 地摊 千元 以上 耳机,0
时间,0
耳机 不是 已经 当然 最好 选择 性价比 素质 西装 铁家 传统 推荐 染色 太贵 在线 女毒 如今 太老 铁声,-1
简单 解码 感觉 后面 耳放 好点 数播 折腾 换个,-1
所谓 消息 型号 好友 总有 骗子 全都 总能 炒家 回应 无差别 炒炒 撒网 网到 广加 群发,-1
白搭 喜不喜欢 不好 喜欢 感觉 个人,-1
觉得 做到 可能 不会 没有 喇叭 个人感觉 外壳 变化 曲线 显著 修改 也许 改动 磁铁 音圈 不改,1
好看 来说 以前 其实 有个 不难 不堪 大牌 非烧 驴唇不对马嘴,-1
以后 人声 不用,0
音乐 就行了 不能 效果 中频 还会 代表 刻意 播音 加强,1
远方 美丽 召唤 天使,0
比近 人声 声场,0
他家 性价比 太低,0
耳机 眼睛 适合 流行 国外 不好 说明 编号 国内 认为 销量 典型 偏食 看出 老百姓 雪亮,-1
专业 好看,1
鸡线 贵点 以内 看看 二手,0
恶俗 俄罗斯 名字 曙光 功率管 古董 不算 复刻 管子 水太深 说实话 一堆 系列 轻易 真是 牌子 最好 国产 新手 高端 声音,-1
偏好 价位 声音,1
套装 支持 不到,1
东西,1
不会 第一次 绝对 听到 不好 发刺 只会闷,-1
产品 没有 国产 基本 审美 设计 外壳 到位 工业 一家 国人 加强 有待,1
不行 麻烦 自吹 越吹越,-1
一下 那种 可毒 没命,1
误导 拳拳 知道,0
乌金 你家 路过 刺激 多年 声音,0
性能 试试看 模式 电源,0
几番 上边 定制 不贵 不好 价格 质量,-1
厉害,1
草医 普通 购买 大佬 听过 第一次 没有 不是 产品,0
真的 这种 程度 品控 差到,-1
液晶电视 拔下来 劣化 求有 听错 用电 双休日 变僵 再动 插上去 插拔 我家 有源音箱 十二 趁双 解惑 插座 白天 位置 经验 确定 平面 环境 箱子 不好 用家 友好 好像 是不是 确实 听音 家里 算了 不能 当然 懒得 可能 耳朵 觉得 声音,-1
播放器 刺耳 感觉 之前,0
有钱 支持 一套 楼主 配置 退烧,-1
声音 明显 单元 外观 平庸 做工 太贵 这货 飞利浦 大家伙 精细 双动 时髦 分量 欧版,-1
国标 插头 电源线,1
方便 有钱 折腾 静电 愿意,-1
小得多 耳放 推力,0
收货 机上 何必 玩大耳 折腾 更大 便携,-1
声音 搭配 系统 喜欢 外观 驱动 头疼,-1
楼主 识货,1
同用 顶一下,1
声音 可能 问题 感觉 人声 不够 素质 听听 原配 改善 晚上 凝聚 口气 根澄线,-1
助推器 省心 有线 省钱 搞不好 耳放 考虑 解码 没有 电源线,-1
同价位 不好 价位,-1
支持 创新,1
虚假 通信 黑个 卖东西 科技 量子 国家 骗子 之外 宣传 推动 见到 不了 直接 定义,-1
一下 请问 原装 闲鱼 号称 正品,1
声音 知道 不错 功能 解码 前级 自带 算是 没试 能用,1
进步 没有 速度 器材,0
太冷 温暖 功放 不耐 最好 声音,-1
家泉 河洛 正好 推荐 价位 值得 非常 二手,1
优缺点 各有,0
一模一样 模具厂 同一个 基本 真的,0
足足 差别 刺激 低频 高频 明显 不大 很多,-1
办成 有心,0
用转 输出 即可 平衡,0
好凶,1
坚挺 点赞 技术 独创 这项 底板 分体 同一个 咸鱼 价格 目前 电源,1
现在 一大堆 假货 太行 同价位 泛滥,-1
声音 就行了 材料 做工,1
觉得 耳机 一定 没有 音乐 定义 好听 其实 好坏 消费者 用来 必要 西装 购买 情况 同一个 规定 才能 相似 这是 这类 一类 理由 常常 商品 之分 擅长 分类 欧洲人 管用 伎俩 充分 榨取 利润 分得 重复 计较 欧洲 类别 发生 手表 机芯 潜水表 飞行 登山 时装 正装表 休闲 本质 下水 带正 装表 营销,-1
眼熟 大佬 这位 看起来 有点 设备,0
猛得 周围 酒店 搬走 出差 旅游 打包 一堆 环境 楼主 东西 比较 事情 一件,-1
不好 金乌,-1
多重,0
对内 封闭性 对外 漏音 好点 印象 不大 觉得,1
手机 方便 支持 使用 不能 音量 不好 控制 遥控 红心 遗憾 遥控器 按键 进快,-1
好久 看出 限定 后缀,1
看帖 先顶,1
百老汇 用家 帮顶,1
左右 可能 动态 听过 情况 不好 震撼 实际 一体机 功放 同价位 带来 碾压 卡农 不大行,-1
耳机 出来 没有 基本 可惜 前端 真正 实力 发挥,-1
有待 咋样 做工 提高 用料 确实 好听 声音,1
可能 问题 需要 其实 低频 超级 唯一 试试 单端 百老汇 控制力 奶罩,-1
推荐 用户 铁三角,0
有点儿 解毒 分享 关注 手持 感谢,1
预算 非常 不够 价位 就够 贵越,1
声音 耳机 很爽 低音 横向 高音 以下 设置 越来越 滤波 增益 双修 用口 偏薄亮 口气,-1
二手 平衡 折腾 搞定 初烧,-1
打不住 要价 森海系 两千多 一千多 价值 德国 旗舰 大师 相当 水平 拜亚 监听,1
觉得 可能 时间 几乎 长时间 友好 楼主 播放 滤波 很长 预载 开要,1
喜欢 音乐,1
酷狗 会员 干净 稍微 确实,1
牛气 拜服,1
未知,0
真的 厂家 第一次 打脸 关键 国产 不是 一定 器材 知道 参数,0
推定 争议 最强 这点 没有 手机,1
耳机 玩玩 东西 试听 需要 现在 离开 听听 箱子 麻烦 极端 下载 生活 实体 好玩 讨厌 先玩 听够 新鲜 那么回事 采取 静养 安神,-1
推是 方程式 水准,1
听宝 考虑,0
声音 很多 换成 相当 习惯 接口 干净 主板 屏蔽 高芬 这货 那根 再也 转卡 插不回 脏东西,1
今年 第一 估计,0
无可 意味着 计算机 劣化 下来 限制 文件 大神 分享 折腾 输出 性能 播放 感觉 不至于,-1
原因 放弃 太重 主要 容易 现在 不错 声音,1
声音 觉得 搭配 个人 其实 非常 必要 均衡 阻高敏 平衡 型号 前端 就算 这类 推出 几款 声压,-1
那种 韵味 时代 不好 银彩 天花板 金银线 色彩 老掉牙 正义 大烧 这口,-1
退俩,-1
耳机 现在 不够 流行 听听 讨论 没什么 日系,1
羞愧 回来 用户 喜欢 比较 表示,1
齐全 钰龙 价位 功能,0
女儿 专心 听见 说话 音乐,0
耳机 比较 二手 有点 喜欢 开放式 封闭式 后悔 后来 原来 发现 昨晚 一时冲动,1
单靠 带路 之上 观是 老师 培养 经验 顶级 正确 折腾 自然 听音 建立 低端 设备 系统,-1
选择 非常 觉得 不错,1
爱尔兰 字穷 罗马尼亚,0
不错 回复 正常 价格 感兴趣 成色 价低,1
台式 差别 很大 设备,-1
出来 无损 同意 区分,1
正版 套件 相机 苹果 芯片 比较 官方,0
剖析 一篇 老烧,-1
兴趣 分享 听感 其实 谢谢 比较 知道,0
完全 必要,-1
连带 传歌 蓝牙 没什么 遥控 音质 好像 觉得,-1
知道 退烧 竟然,-1
看上 何庆华 最近,0
似乎 三代 极致 剩下 首推,1
呵呵 绝对 不少 日后,-1
便宜 知道 软件 支持 好像 不好 用过 原来 方案 国内 看着 网易 网络软件,-1
头油 护罩 乌头 办法 毛线 容易 耳罩 起来 需要,0
二手 折腾 收个,-1
简单 解码 感觉 后面 耳放 好点 数播 折腾 换个,-1
歌诗德 得到 前提 世界 性能 成色 推荐 万元 天龙 价格 最近 感觉 低端 解码 二手 不错 左右,-1
用国 对调 火线 零线 标线 美标 一下,0
很长,0
太豪,0
劝退 牙膏 少核 偏好 高频,-1
细节 解析 对比 一点 肯定 揭示 美化 之下,1
干净利落 银乌 听听 不错,1
五花八门 距离 大厂 统一 标准 推动 缺乏 传输 容易 现在,0
开封 上千 不算,0
声音 要求 一定 不会 不要 细节 不能 以上 明显 最后 用来 价位 不好 塞子 前端 规模 不足 恐怕 伺候 缺失 控制力 粗糙 正确 出不来 打过,-1
差不太多 显卡 技术含量 声卡,-1
森海 西装,0
失真 喜欢 自然 不好 入耳 代表 下降 耳力 年纪,-1
一脚,0
未知,0
特别 千元 不足 单晶,-1
更好,1
耳机 器材 事情 不要 正常 素质 高敏 难听 低阻 相对 不好 市面上 高阻 省钱 缺陷 造成,-1
欧博 当初 楼主 转盘 怀疑 好听 问题 不是 搭配,1
之间 层次 发烧友 论坛 时间 很多 其实 理论 正常 实践 情况 或许 往往 状态 退烧 大家 价值 兴趣 怪异 经验 认识 沟通 烧油 朋友 发觉 评判 背后 阶段 见解 衡量 造成 固执己见 画风 掺和 假期 发此 有感而发 博闻多识 推己及人 增广 异闻 短浅 孤陋 擦枪 走火 引发出 闹剧 折射 所处 只以 标尺 更有甚者 贵贱 基准 鸡同鸭讲 处在 出世 话语,-1
拔掉 有没有,0
还好,1
耳机 器材 事情 不要 正常 素质 高敏 难听 低阻 相对 不好 市面上 高阻 省钱 缺陷 造成,-1
声音 耳机 出来 出现 动态 来说 接受 不了 完全 使用 最好 不够 推力 素质 效果 耳放 价格 整体 情况 平衡 不好 高音 程度 毫无疑问 不难 祖传 反倒 四个 排序,-1
论坛 建议 有钱 无所谓 网上 索尼 太贵 不划算,-1
采用 输入 功率 放大器 不是 觉得,0
觉得 耳机 系统 好听 明显 特别 更好 差距 以为 几千 为啥 一般般 不开 一万多 暴打 搞懂 火并,-1
所谓 达到 支持 没有 动态 声场 设备 感觉 到底 解析 两个 调音 水准 大师 平衡 旗舰 比差 等级 恐怕 长处 在于 双三,-1
人妻 名气 女声 入耳 过后 氛围 味道 不能 声场 觉得 声音,0
过声 安利 品味 朋友 耳塞 觉得 声音,1
局限 赛尔 不可避免 之声 胆机 个人 觉得,0
找个,0
关机,0
声音 新版 楼主 全部 市场 特征 不妨 三款 感悟 退市 现存 所述 大相径庭 更有意义,-1
声音 知道 不会 高频 一点 相比 来看 不少 饱满 圆润 干尖 肉感 多一点 再煲,1
过头 状态 梁都 掉色,1
耳放 不好,-1
气密性 半封闭 变成 降低 耳罩 很多 耳机,0
速度 力量感 差强 柔顺,-1
其实 森海 硬朗 着急 身子,-1
漫不经心 大开大合 速度感 接近 风格 味道 动态 觉得,0
浪费 不好 干什么 想不通,-1
前端 动圈 大耳 好像 不行 平板 觉得,1
懒得 呵呵 润丰 总代,-1
贵越 就够 价位 不够 非常 预算,1
磨损 省事 纯耳放 纯前级 人性化 旋钮 这方面 工作 输出 面板 切换 操作 推荐 麻烦 音箱 拔掉 减少 三个 模式 上面 插头 起来 前级 解码 有点 需要 直接 比较 不用 耳机,-1
床头 蓝牙 本人 貌似 咨询 听听 直连 听歌 方便 手机 区别,0
双子座 试试 感觉 不错,1
声音 级别 出来 问题 来说 请教 素质 差距 有个,-1
抒情 欧美 换线 女声 必须 主要 无论是 编制 现在 音乐 谢谢 问题,0
看起来 两个 大水牛,1
推不上,1
楼主 平板 耳机 知道,0
中频 路过 小白 完好 凹陷 那列,1
放小 字体 软文 照片 或许 有人 一点 不要 不是 觉得,0
对家 合成 电子 歌曲 听过 适合 目前 比较,0
请加 飞马 第一款 多多 分立 报名 兴趣 大家 平衡 解码器 试听 欢迎 支持 官方,1
失真 左声道 右声道 左右 超出 官方 规格 参数 范围 看来,-1
极小 单边 忽视 一点点 理论 影响,0
产品 看到 每次 这家 就要 吐槽 命名 搞不懂 规律,1
做点 功课 主要,0
萌新盲 钱同 大耳不上 百元 推不动 好听 完全 手机 浪费 不到 不错,1
记得 进去,0
安心,1
分立 看到,0
纯正 心理准备 版要 不高 歌德 素质 眼睛 耳罩,0
枫叶 之声,0
产品 没有 提升 感觉 基本 美国 意外 几年 惊喜 认为 大声 主观 意识,1
声音 耳朵 提升 关键 便携 耳塞 设计 供电 差别 电池 玩具 一大 桌面 碾压,-1
比友商 尊重 同价位 差点 每个 听到 评价 最好 觉得,-1
其实 不错,1
耳机 不能 变压器 耳放 太大 阻高敏 音箱 原来 不同 玩意 阻抗 转接线 推个 小意思 输出 推低 噪音,-1
声音 知道 已经 现在 调音 纵深 满意 差点 宙斯 代比,-1
点名 演绎 太凌烈 润滑 线条 弦乐 宽松 丰富 整体 颗粒感 不能 动态 速度 不用,0
英文字母 谢谢 看不懂 表示,1
估计 变压器 胆机 只能 楼主 平衡 不少 单端 到货 推比 一对 惠普 旋风 落地箱 有气无力 推推 书架 中间,1
原管 已经 不错,1
起来 价格 差距 实际 百灵鸟,-1
很棒 中正 极致 试试 古典 自然 声音,0
声音 左右 知道 出来 有点 感觉 反接 相位 难听 交响 结像 喇叭线 一边 方向 正负 接反 一试 会糊,-1
声音 比较 起码 没有 解析 正常 压缩 三频 不好 发现 密度 暴力 推出 入个 暴殄天物,-1
没有 真的 好听 好不好 素质,-1
区别 感觉 配置 差不多 同轴 三宝,-1
天琴机 为啥 到处 看到,0
毛病 插座 碰到 是不是 接地 家里 之前 设备 没有,0
电位器 貌似 质量 变压器 电源,1
风头 蓝色 前有 源远流长 历史 后来 可惜 耳机,1
漂亮,1
大逼厕,0
两千多 三条,0
失真 搭配 已经 不太 时钟 高频 当时 刺耳 记得 官配,-1
爵士乐 擅长,0
宣传 实物 好看,1
预算 实在 不行 折腾 好好,-1
一档 大白 差一点 差不多 旗舰 清楚 天龙 水平 素质 拜亚 以前 出来 不到 觉得,-1
广告 插个,0
前级够 纯后级 出力 玩意儿 合并 音源 前级 可能 不是,1
歌德 少帅,-1
无碍 大头 眼镜 不多 压头 飞利浦 煲机 短板 惊喜 略微 友好 建议 耳朵,1
不错 效果,1
那拉 电表,0
细个 针尖 细到 细腻 几倍 真实 静电 地步 塞子 结像 确实 长时间 不了 接受 已经 觉得,0
退烧 好多年 没买过 一晃,-1
高一 魅族 厚风 咯薄亮 和暖 有底 小尾巴 收个 方向 说实话 玩意 平衡 条件 两个 听说 感觉 考虑 二手 搭配 毕竟 耳机 声音,-1
同想 了解,0
发红包 新年快乐 呵呵 老大,-1
香榭丽舍 齐全 比较 功能,0
不好 软文 一看 非得,-1
一下 东西 提升 敏感 明显 周边 用个 好点 数播 机线 换掉 搞个 两位 电处,1
战斗 民族 耳机,0
耳机 不是 实在 差距 原线 线有 纯银 铜线 太渣,-1
知道 可惜 厉害 听到 才能,1
粘不稳 震膜 扔掉 不赖 同款 单元 原道 一条 声音,-1
爱好者 冻鳗 远离,1
很近 梧州 老家 回去 过年,0
不暗 高频,0
涨价 安润 歌德 不是,0
真力 听歌 设备,0
是否 听力 楼主 受损 耳鸣,-1
有性 推敲 琢磨 经不起 音符 每个 箱子 氛围 强烈 戴上 感觉 耳机,1
区别 不会 很大 相差 芯口,-1
可能 提升 阻抗 红鸟,1
二手 折腾 收个,-1
解码 差评 芯片 拆机 运放 功放 电路 电容,-1
百灵鸟 实际 差距 价格 起来,-1
耳机 必要 折腾 差别 那点,-1
天琴 退烧 音源 不错 声音,-1
能接 唱机 有源音箱 黑胶 这台 声道 一体机 楼主 请教 谢谢,0
我出 留下,0
无敌 台机 到位 全新 耐听 直接 不错 左右 声音,1
觉得 出来 没有 听感 对比 横向 不好 判别,-1
好看 楼主 肯定 一起 南瓜,1
一个样 一人 真是 听感 感觉 起来 耳朵,0
器是 膜电位 继电器 各有千秋 大小 电位器 有意思 接近 两个 机器 个人 觉得,0
升线 配官 温润 情感 优点 最大 缺点 女声 听听 韵味 听不出 高频 最好 很大 提升 耳机,1
测完 感觉 不要 耳朵,0
机线,0
网络 意大利 这种,0
知道 比较 感兴趣 颜值 比强 孰强 孰弱 单看,1
饭否,0
价格,0
纯银 最好,1
反正 目前 感觉 用来 这放 平衡 再贵 没用过,-1
终于 支持,1
恭喜 东东 两外,1
电脑 音源 目前 树莓,0
完胜 卡里 最快 推出 专业 这块 驱动 担心 暂时 听感 需要 速度 功能 不用,0
耳朵 当然 不好 不少 总会 没煲 听多煲,-1
网播 合适,1
沸谷 武汉 不错,1
看来 大耳 封闭 退烧 办公室,-1
年份 笔者 标注 更好 的确 版本 器材,1
耳机 可能 建议 二手 完全 个人 真的 考虑 地方 全新 了解 一点 情况 把握 干嘛 可靠 发生 本质,-1
国内 觉得,1
耳机 耳朵 搭配 线材 很多 直接 评价 前端 不耐 导致 人用 阴间 相反 下会 偏亮 要用 亮声 来直 不绝于耳,-1
耳机 有点 乐器 明显 高频 特别 听感 编制 流行 中频 意思 确定 女声 今天 擅长 奶罩 仔细听 太凸 薄一到 太紧,-1
个山灵 剩余 万能 够买 水货 拿下 均衡 刚好 预算 搭配,1
理解 看看 简单 起来 其实 最好 透彻 模电,1
略小哈 变压器,0
线序 能用 两边 转盘 解码 应该,0
不错 有点 感觉 低音 下潜 人声 解析 音量 弦乐 差点 墨菊 瞬态,-1
耳机 放在 不要 最好 防潮箱,1
屏蔽 影响 没有 不用,0
耳机 不要 最好 同款 皮筋,1
仿机,-1
配听 够用 感觉,0
得意忘形 不赖 小巧 天差地别 套装 体积 手里 楼主 有点 没有 很多 器材 声音,-1
好听 差不多 特点 中乌 没小乌,-1
声音 之前 类似 外观 分享 差别 记得 版主 毛子牌,-1
公然侮辱 却说 坑货 众人 智商 不好 评价 空气 不是,-1
返厂 准备 耳朵,0
高登 石机 享声 电池 供电 便携 耳放 知道,0
几个 接受 选择 万元 最新 乐圣 别碰 之选 吸入式 不二 赛乐士 太老 里海 力宝声,1
米饭 外形 客服 男人 质量 非常 不错 声音,1
使劲 肯定 可惜 只能 预算,0
不好 不少,-1
是因为 排除 听歌 解析 不是,0
不错 建议 试听 国产 人声 都行 平板 厉害 合适 容易 平面 加上 驱动 热门 金瓶梅 杂事 额金 毒王 底盘 天白 刘备,1
失真 没法 大概 这种 万元 很少 讨好 性能 反映 厂商 档会 加进去 费力,-1
佩戴 应该 音质 重量 下单 差不多 咋样 昨刚,-1
区别 搭配 不是 系统 试听 调音 均衡 纯银 无氧 单晶 铜线 越贵 一对 非常明显 弄不好,-1
参数 数据 好看 很多 音乐 发烧 其实 还好 不好 旗舰 声卡 指标 主板 省钱 华硕 学会 板载,-1
笔记本电脑 路灯 一颗 耐用 汽车 发光 容易 一种 本身 非常 电源 东西,0
享受 依然 听歌 多年,0
声音 比较 没有 试听 很大 小不点 试试 平衡 后续 端口 这次 输出 驱动 差别 遗憾 口和单 牛单 假负载,-1
精神可嘉 折腾,-1
机去 合并 换换 反而 专门 口味 后级 一阵 折腾 分体 发现 体现 看上去 一点 用家 价格 性价比 前级 有点 设备 系统 功能 耳机 分别,-1
解决方案 看看 顶一下 问题 有没有 官方,1
各种类型 也许 好好 不算 最大 发现 电脑 听听 低频 不能 声场 音乐 不会 建议 理解 表示,1
看看,0
推不上,1
传到 香港 最初 广东 是从,0
敢不敢 接盘,0
感谢 不好 分享 感线,-1
不错 耳机 没有 试听 有点 听感 确实 对比 差距 价位 手里 惊喜 中规中矩 失望 没发,-1
好看 确实 样子,-1
比过 交互 音乐,0
不错 铁三角 低频 调音 评价 才能 中正 说出 刚收 铁粉 一上 感叹 多差,-1
吊打 耳放 一代 以上,1
外貌 俘获 血统 法兰西 风骚 配色 标杆 很多 估计,1
楼主 识货,1
好奇 一点 麻烦 电路设计 轻松 原厂 优秀 原封不动 抄来,-1
可能 空间 目前 关系 吊打 是因为,1
耳罩 帮顶 羡慕 新款,1
耳机 音乐 不至于 素质 难听 类型,-1
帮顶 经典 耳机,1
不要 树莓 电源,0
音要 比买凯 更好,1
不是 可能 问题 没有 选择 效果 是不是 交响 追求 不好 还原 满意 永远 录音 输出 位置 最终 太远 想要 究竟 混音 现场 疑问 循环 成品 感而 现实 高斯 指挥,-1
探索 求真 点赞 楼主 精神,1
区别 搭配 不是 系统 试听 调音 均衡 纯银 无氧 单晶 铜线 越贵 一对 非常明显 弄不好,-1
不了 影响 封闭 噪音 漏音 降噪 开放 发动机 二是 旁边,-1
想想,0
听不懂 英文,1
佩戴 降噪 标准 长期 入耳式,1
电流 比难,0
档位 森海木 无线耳机 馒头 有线 两款 无线 真不错 当中 加持 索尼 苹果 耳塞 最近 感觉 好听 可能 觉得,1
收个,0
中频 舒服 后来 没什么 改变 推过 中性 推得 改用,1
知道 不是 系统 其实 这种 极其 非常 解析 严重 中频 大家 方向 品牌 随身 一副 台式 价格比 我会 棒子 补足 喷音染 几翻 正确性 流行性 上半年,-1
伤不起 耳机,0
耳机 支持 有个 前面 双口 前面板,1
声音 推力 不差 给够,-1
软件 必要 设置 味精 没法用,-1
清霜 天地 日月 飞花 解把 不知,0
不错 耳机 不用 系统 正常 基本 相当 低频 平板 暂时 后来 退烧 扎实 透明度 区分 犹豫 通吃 不太出 可进可退 一机 简洁 叠罗汉,-1
新旗舰 不耐 刺耳 容易 素质 适合 高频 暖糊 现在 机器 耳机,-1
穿越时空 量子力学 不决 遇事 绝对零度 低温 诺贝 科技 不通 量子 常规 哈哈哈 最新 解释 路上 赶来 厉害 店家 正在 不是,1
无损 据说 要出 今年 播放列表 曲库,1
罗产 瓦楞纸 评价 新版 感觉 之前,1
低频 有点 觉得,0
空调 干扰 开关电源 耐力 空开 冰箱 不拉 专线 太烦人,-1
首选 伴奏 歌德 听听 耳罩 人声,0
潘多拉,-1
输出 不能,0
难事 不是 不用,0
退俩,-1
强顶,1
好看 有点 木头 黄色,-1
不上 为啥,0
神奇,0
京韵大鼓 曲子 四首 橡叶 注意 现在 以前 试听 很多,0
耳朵 出来 很多 反正 比差 多点 代能,-1
佩戴 大概 好像 头梁 一次 亚马逊 劝退 替换,-1
换台 天翻地覆 机能 躁动 指望 心里,0
大疆点,1
水平 张学友 专辑 录制 真不差,-1
这是 国内 商家 肯定 不了,0
做工 插口 某宝 比较,1
土豪,0
做好 胆机 确实 不少 同价位 石机,1
好文 深度,1
大是 太小 声场 不是,0
正文 参与 终于 讨论 回复 没法,0
琴行 分辨率 极限 随便 乐器 系统 比较 一下 知道 声音,0
对调 两脚 将机 感应电 带电 机壳 试过 意思 插头 有没有,0
传动 负面影响 脚钉 避震 说不定 有用 没什么 还会 转盘,0
一代 折腾 惊喜 有线 有小耳放,-1
不错 要求 比较 选择 极致 退烧 漂亮 图片 杂食 科科 可达 项目,-1
声音 现在 兄弟 记得 推出 如痴如醉,1
知道 以上 厉害 至少 试过 升频 大神 最新 滤波 之处 版升频,-1
好点 味道,1
漂亮 恭喜 确实 不得不,1
首选 想要 晶彩,1
报价 朋友,0
耳放 透明度 耳机 垃圾 折腾,-1
论坛 帖子 不会 二手 机子 运放 元件 记得 普及 磨过 台阶 厂机,-1
店主 展示 耳机,0
先顶 看帖,1
功课 最多 染色 系列 似乎 人声,0
战斗机 白金 垃圾 听过,-1
走向 芯片 音色 关键 声音,0
不错 耳机 毕竟 手机 版本 方便 来说 接受 个人 使用 目前 第一次 感觉 高频 听感 低频 合适 中频 封闭式 重量 三频 均衡 总体 极致 隔音 实际 代表 干扰 差点 活动 降噪 做工 连接 蓝牙 颜值 下来 主动 模块 挑剔 出街 儿子 送给 不妥 两千多 延展 薄点 哪些地方 请勿 见怪 自说 直连出 尚可 价拿 方便性 掉频 商务 略缺 耐用度,-1
西瓜 板凳 沙发,0
单推高 阻动圈 几天 相当 性价比 试听,0
巨大变化 做得好 很小 发生 不怎么样 滤波 是因为 现代 换个 差别 模拟 线路 同样 一种 解码 数字 可能,-1
应该 问题 解码 听说 调音 耳放 画眉 同价位 最强 香榭丽舍 好耳放 古怪,1
好评 啤酒肚,1
没什么 不了 二手,0
超时 提示 运行,0
打开,0
小羊皮 没塌 拆出来 更上一层楼 海绵 换上 淘宝 外壳 耳罩 买个 声音,0
耳机 音乐 感觉 味道 素质 不差 容易 平衡 沉浸 宽松 密度 驱动 音乐味 温润 展现 台耳放 机都 太高久,-1
投票 看置顶,1
玩森海 原因 木壳 讲究 凑合 其实,0
不错 直接 前级 其实 选择 一台 没错 后级 记得 高登,-1
静电,0
之前 不好 前端,-1
学习 呵呵,-1
顶顶,1
跟风 看清 每隔 一次 规律 一段时间 不会,0
无欲无求 完成 系列 均衡 森海 算是 不行,0
耳放 投入 人声 需要,0
楼主 无图 口吐白沫 四肢 抽搐 既无字,1
音量 更好 人声,1
续集 不错,1
硬生生 没得说 那么回事 天天 缺失 芯片 音质 严重 调音 质量 现在 其实 细节,-1
流要 清爽 口味 系列,0
知道 跳水 价格 暂时 好像 不太可能 缺货 厉害,1
不错 乐器,1
上显 杜兰 略毒 侵掠 冲击力 手拿旧 没想 全套 不住 有时 接上 几天 全是 差别 百老汇 程度 顺滑 柔顺 信号线 控制 平衡 有空 中频 耳放 低频 降低 更好 更换 明显 很大 解码 一条 之前 顶一下 没有 系统 很多 线材 电源线,-1
当真 没辙 主观性 来测 给出 电视机 领域 涉及 相机 就行 标准 设置 很大 量化 不要 看看 东西 建议 产品 耳机,0
楼主 猜测 厂商 多家 菜刀,-1
灾难 越来越 问题,0
做不了 貌似 数播 国内 没有,0
左耳 先上 摔坏 互补 闲鱼 看看 一下 有没有,0
个把月 天鹰座 不小 后续 提升 产品,0
声音 不用 现在 基本 差距 大耳 万元 替代 蓝牙 完美 无线 很小 有线,-1
基本素质 保障 可玩性 我会 中低端 石机 相对 确实 素质 底噪 胆机 选择 听音 不能 喜好 个人 问题 做到 高端 存在 声音,1
不错 应该 性价比 界面 千元 买到 达斯 三宝 叶音,1
不错 觉得 解码 刺激 一套 君子 朋友 放小 方盒,1
大哭 错置 摘下 有种 每次 音量 真的 耳机,-1
碟子 放架 还省 会员 百度网 开个 空间 解决 问题,0
现在 同价位 选推好,1
林大 谢谢 应该,0
论坛 感受 这种 对比 好像 大家 整个 真实 发个 回事 难得 顶上去 贴话 积极,1
卖掉 太坑,-1
觉得 不到 出来 以前 拜亚 素质 水平 天龙 清楚 旗舰 差不多 差一点 大白 一档,-1
换管 需要,0
谢谢,0
犹豫 分钟 好价 咸鱼 看到 一套 现在,1
实至名归 夺魁 尽显 翻看 错过 第一名 获奖 祝贺 玩家 之前 精神 表示 帖子,0
中正 通透 本来,0
不是 系统 解码 使用 其实 国外 满足 个人感觉 专业 越贵 反观 雷货 整套 比重 首要 不喜,1
振膜 决定 大小 上台 水平 买个 很多 耳机,1
听点 彻底 分钟 稳定 更好 胆机 当然,1
区别 好听 太大 不好,-1
招摇 就入 初音 限量 智商 想想 差点 闲鱼 太素 有人 后来 后悔 当时 看到 现在 其实 真的,-1
不错 觉得 耳机 耳朵 所谓 一下 不会 量化 下潜 高频 低频 差距 大哥 不少 就算 高于 延伸 差个 差于 二哥,-1
这俩 比好 垃圾 很多,-1
软慢 软和 驱动 动圈 一点 同样 相对 平板 调音 低频 听感 选择 不会 系统 入门 问题 不是 觉得,0
一门 秘籍 拿捏 速度慢 手艺 师傅 懂线 一点 速度 声音,1
升级版,0
不用 一下 估计 经常 别人 没有 树莓 简单 直接 两个 麻烦 每次 开机 变化 交换机 导致 这是 设置 二是 一是 绑定 面子 地址 办法 查找 房东 内网 拉下,-1
威望 积分,0
基本一致 当初 说实话 液态 手头 楼主 有个 喜欢 底噪 感觉 好听 估计,-1
声音 系统 适合 确实 质感 电影 上台 这类 初烧 看个 流行乐 挺爽 轻飘飘,-1
价位 不错,1
觉得 低音 耳罩 素质 难听 音色 黑标 相反 数一数二,-1
曲风 不累 重要 经典 流行 耳机,1
加上 应该,0
知道 大耳 帮顶 楼主 前端 台湾同胞,1
不感兴趣 大款 脑放 价格便宜 商家 打不开 东西,0
选择 困难 推荐 楼上 好多 症来,1
手上 正好 我覺 兩條,-1
挺艳 被单 烧油,0
感觉 肯定 很差 舒适性,-1
薄荷 店里 每天 一圈,0
太好 银乌 都行 随便 觉得,1
黄色 木头 有点 好看,-1
看来 调音 新版 卖掉 切掉,-1
声音 搭配 很多 没有 大概 起来 乐器 解析 清晰 肯定 高音 分离 关机 煲机 几天 期间 可比性 想要 持续 或者说 人生 比不上 两者之间 一清二楚 头皮发麻,1
硕果 军民 医疗器械 融合 外观,0
真是假,-1
直接,0
音箱,0
两千 收个,1
每天晚上 更衣 沐浴 直至 睡觉 小时 大概,0
没有 完全 起来 中频 似乎 音量 开阔 结像 清晰 匹配 精细 味十足,1
墙会 这类 一路 电流 功放 前端 更好 转盘 解码 直接,1
误发 展区 进错 你家 客厅 照片 强烈 表示 帖子 不是,1
前端,0
接地线 尴尬 干扰 操作 噪声 确实 正常 出现,-1
竟然 失望 推成 旗舰 小不点 感觉,0
直接 考虑 值得 自我感觉 一年 实际上 更新 太贵 当成 终身 纯粹 管理软件 值不值得,-1
收藏 专辑 几张 确实 一下 不错,1
一下 听感 对比 快到 单晶 铜线 差别 古河 好好 订购,-1
出声 出来 不是 反正 喜欢 垃圾 为啥 玩意 说实话 玩具 天天 一群 小白兔 当个,-1
不二 之选 二嫂 价位,0
学习,0
写下 有用 详细 没用 时间,-1
英国 机子 不行 转盘 牌子 考虑 真的 定位 高端 声音,-1
力气 推听 耳放好 一体 独立 流行 都行 不够 感觉 目前 请问,1
占楼 编辑,0
知道 不错 耳机 不是 手机 可能 比较 问题 版本 方便 不会 没有 不能 适合 听歌 所有 有个 追求 电脑 普通 前端 用个 上限 稍微 几年 寿命 电池 播放器 不想 连接 蓝牙 台机 坚定 无线 到时候 寄回 插线 备件 只想用,-1
推话 开放 封闭 直接,0
真能 分体 玩意 万元,0
精音 指导 湖人 差不多 原来 谢谢,-1
判断力 免疫力 重要 特别 鼓吹 线材 数据,0
大耳 春节快乐 理解 支持 欢迎 谢谢 烧友 试听 愉快 大家 台式 预约 服务 合作 谷谷 竭诚 系列产品 春季 牛牛 大顺,1
知道 觉得 线材 问题 没有 电源 能力 大部分 容易 情况 不同 至少 参考 电处 折腾 降噪 正经 没用过 频率 标注 抓瞎,-1
其实 差不多,-1
三圈 推和加 吓人 天生 金耳朵 积累 没加 播放器 不信 百灵鸟 画眉 染色 一体机 不少 电脑 对比 耳放 界面 特别 其实 有点 直接 没有 不是 出来 耳朵 区别 耳机,0
就行了 必要 麻烦 塞子 传到 好点 玩意 折腾 插个 电视,-1
未知,0
告别 脖子 所有 平板 以上,0
印象 不好,-1
月底 上市,0
声音 耳机 比较 有点 感觉 评价 均衡 不好 没什么 略微 特点 说实话 夹头,-1
耳朵 一定 软文 绿联 差别 声染 超重,-1
金耳朵 佩服,0
差别 金耳朵 正规 合格 住宅 一双 夜深人静 心潮 平定 听出,-1
说来 高论 同价位 意见 听听 出来 产品,1
器材 一种 喜欢 驱动 没完没了 没玩过 本能 简化 向往,1
显卡 以为,0
建议 兄弟 字体 头疼 字号,-1
卫生 越来越 这类 帖子,0
器材 不好,-1
据说 箱子 高端,0
不错 应该 搭配 不知 有点 起来 真的 感觉 人声 确实 更是 弦乐 墨菊 钢琴 尴尬 管乐 惨淡 寻思,1
能盲 有用 听不出 测试 区别,1
吻合 仔细听 入个 多谢 兄弟 试试 基本 感觉 当然 目前,1
很糊 本来 不是,0
不大像 试验品 很肥 比少点 肥大 拖沓 堆积 很强 典型 弹性 干脆 限量版 扭曲 这是 仅仅 有种 无关 黑标 表现 主要 歌德 厚度 氛围 确实 调音 低频 下潜 感觉 问题,1
这台 口水 老哥 耳放 有点,0
品控 编号 这种 关键 没有 问题 有没有 存在,0
弦乐,0
广告,0
测试仪,0
区别 耳朵 可能 时间 几个 简单 提升 明显 只能 音量 相对 情况 目测 多数 感上 基本一致 差别 增益 迎合 唯独 频谱 原文件 对齐 截取 相同 段落 最讨喜,-1
耳机 已经 楼主 值回 票价 一根 通用 不管怎么,1
没有 厚实 两个 素质 音箱 圆润 差别 中性,-1
区别 电源线 不是 东西 电源 空间 后面 隔离 价格 只不过 再生 在于 前面 处理 有意无意 利润 空开 专线 几样 核心 不起眼 配电箱 价格低,1
豪华版 普通 恭喜 升级,1
现在 晶彩 好价 太贵 来个,-1
线材 基本上 必要 智商 天花板,-1
两种 号段 相近 这三只 两只 朋友 不小 本人 差别 调音 基本 眼睛 牌子 看看 建议 比较 不是 声音,-1
耳机 产品 希望 可能 比较 已经 高价 不能 以上 牌子 一只 基本 下个 消费 森海 封闭 类型 塞子 旗舰 市场 专业 一千多 主流 抓紧 太贵 舞台 不怎么 认真 纽曼 四千多 受欢迎 学业 荒废 重拾 旧日 风光 挂羊头卖狗肉 返听 五千 人群 算计 录音棚 耗材 几百块 烧包,-1
现场 音响 以下 身体 听到 低频 感受 没法,0
曾经沧海 凋零 菱角 人凤毛 不动 中高级 中见 能留 认识 完整 帮顶 一套 厉害 以上 不会 系统 所谓,1
停产 因素 颜值 手头 主要 型号 确实 好听 便宜,1
好看 觉得,1
不错 完全 不行 不耐 阻口接,-1
没有 差评 好评 右边 卫生纸,-1
路上 赶来 物理学家 高中 绿檀 一大堆 目测 正在,0
接近 毒文 高文 染色 值多 每台 会有 精彩 方面 确定 那台 描述 价格 严重 风格 底噪 好听 是否 问题 可能 声音,1
声音 耳机 建议 买个 喇叭 纠结 老板 单元 新版 差异 很多年 说不定 使用寿命 寿终正寝,-1
耳机 之前 需要 老哥 折腾,-1
翻倍 大功率 效率 线电,0
保险丝 折腾,-1
台产 产能 风扇 姑且 跟不上 现在 不至于,0
楼主,0
拆出来 特氟龙 镀银 里面,0
买个 不好 排插 滤波 直通,-1
素质 意思 差不多 有意思,-1
觉得 不到 搭配 系统 二手 好听 推好 以上 价格 听得 水军 情况 合理 上限 必然 营销 太子 衡量 黑衣,1
耳机 级别 感觉 监听 音源 低频 喜欢 价格 容易 不好 个人感觉 假货 淘宝 属于 真不错 略低,-1
样子 健伍 主流 认为 那台 型号 好像 确实 素质 味道 感觉 现在 以前 解码,1
耳机 没有 音乐 使用 投入 只能 是不是 交响 档次 便携 价位 电脑 前端 一体机 性能 人用 播放器 标准 放弃 种类 偶尔 出差 比例 一群 一曲 没得说 在外 能放 来整,-1
混着 挤得 汉化 这波 英文 牙膏 努力 中文 厉害 界面 有点 一下,1
电源线 实在 换掉 折腾 玩线,-1
出来 事情 论坛 没有 音乐 直接 数字 解码 低端 真的 感觉 音场 对应 明显 两个 转盘 听感 水平 耳放 纵深 整体 音频 差距 耳塞 楼主 芯片 缺乏 描述 以为 试过 那台 一体机 几年 输出 运放 传递 打包 好久 索尼 同轴 反而 带来 几天 赶紧 一无是处 享受 两天 解析度 高清 接耳放 更上一层楼 温润 小型 不停 音响系统 口接 激动 蓝光 原本 新一代 如痴如醉 小朋友 上周 感同身受 感触 到来 突发奇想 影碟机 读用 如同 活生感 高外 八年 不开声 华士 封存 愉悦感 研读,-1
回头 资源 显示器 慢慢,1
电脑配置,0
校准 烧油 不贵 关注 其实 完全 一下 耳机,1
耳朵 有人 听不出来 差别 因人而异,-1
个人 当然 界面 更好 值不值,1
不是 帖子 买个 牌子 转盘 传统 垃圾 容易 换个 一次 大厂 老老实实 看有,-1
应该 谢谢 性价比 好几千 楼上 实价 大乌贵,1
哪来 成品 一米 蓝水 线基,0
奶罩,-1
功能 没有 国产 日本 输出 太贵 欧然德 韩国 完美 般配,-1
黑红 骚气,1
提升 解析 素质 居然 老婆 不少 发现 惊喜 大小 海绵 替换 再也 丝袜 剪成 不闷,1
声音 不错 耳朵 可能 版本 动态 其实 现在 不够 颗粒感 素质 更好 自带 压缩 氛围 尤其 相对 前端 改版 顺滑 讨好 灵敏度 现代 混响 略带 推些 老气横秋 怀旧 不给力 增至,1
名利双收 老婆 取消 悬赏 基金会 兰迪 美国 可惜 已经,0
好听 喜欢 两次 努力 办法 不上,1
之间 区别 不是 无法 可能 问题 没有 设备 这种 明显 两个 听不出 隔离 音频 地线 平衡 主要 表现 端的 单端 干扰 匹配 输出 属于 更加 插座 频率 固定 音频接口 冷热 香蕉 共地 弱电 环节 市电上 零线 相互 静噪 消除 引入 烦人 天气 潮湿,-1
一下 回复 麻烦 英文,-1
看过 电容 方案 打开 超级 应该,0
复杂 看起来 觉得 好看,1
受教 指导 老烧 感谢,0
最近 打算 折腾 太狠,-1
省钱 这两台 一起 听不出 感觉 放在 区别 便宜,0
存在 耳机 手机 直接 提升 反正 好听 当然 最好 必要 上台 心目 缺钱,-1
说了半天 没说 必然 等于 芯片 音质 感觉 关系 没有 一定,0
耳机 应该 定位 可能 一半 没用 预算 发烧 适合 直连 楼主 电脑 游戏 蓝牙 奥帝兹 最求 钱够,-1
传输服务 平台 存储 硬件平台 同轴电缆 带有 造成 在线 阻抗匹配 分辨率 长度 提供 电缆 网络 损失 最高 方法 基于 强大 标准 特殊 输出 干扰 传输 超过 这种 使用 支持 不会,-1
很多 平衡 不好 设计,-1
浮云 做工 重要,0
耳机 一下 电源 折腾 有用 耳机线 比换,-1
器材 版本 音乐 喜欢 干冷 毛毛 会谈 几件事 他收 玩才,1
增益 高增益 选项 一体机 足够 音量 需要 问题,0
必要,-1
参考价值 真实 听感 支持,1
排名 居然,0
应该 声底 优势 供电 干净 电池 交流电 直插,1
读取 最终 内存,0
差点 裤子,-1
安达 阿南 不是 耳机,0
好听 拥有,1
一代,0
兴趣 关注 学习 一下,0
声音 失真 事情 比较 太棒了 版本 很多 系统 来说 直接 解码 很大 绝对 其实 太低 现在 最近 最好 非常 解析 本来 听感 理论 算法 界面 音源 芯片 不好 配置 电脑 同一个 全面 超越 方案 合理 宽松 接近 机线 必须 蛋糕 纯银 输出 下载 升频 方式 提高 太多 处理 换线 更加 矩声 尝试 工作 带来 滤波 歌曲 完成 一根 数据流 三宝 高登尚 凝聚 意识 事实上 廉价 用转 实测 通道 线用 高质量 要强 厚重 交给 摊薄 擀面杖 一块 随即 直达 转码 比特流 喂给 运载 通畅 线和线 传送 面目 利用 体外 那比,-1
晶体管 功放 打开 耳放 适合 思路 感觉 有点 看看 搭配,0
女声 铁三角 一下,0
一下 支持 前排,1
曼丽 总司令 传说 搞定 主要 至少 原来 不好 所有 真的 不是 耳机 觉得,-1
声音 知道 基本上 素质 不可 更好 单元 全新 高级 不好 外壳 用料 就算 库存 走向 更高品 折叠,-1
两万块 分体,0
更好,1
电源线 实在 换掉 折腾 玩线,-1
好看 确实 样子,-1
音乐家 直白 中性 录音室 专业 欣赏 传统 适合 长时间 味道 监听 设备 东西 比较 声音,1
如换 亲测 带来 频响 改善 划算 相比 耳塞 增加 确实 听感 本身 明显 提升 来说 有效 耳机 失真,-1
感足 口高 摆幅 一倍 输出 上去 能量 平衡 一点 电平 解码 区别 声音,0
平板 不是,0
我差 朋友,-1
范围 定位 希望 无法 可能 问题 几乎 系统 支持 解决 电源 设备 简单 之前 接受 完全 需要 使用 影响 关键 当然 这种 变压器 模式 不可 降低 拥有 所有 测量 放大器 并未 减少 同样 相比 容易 放大 噪声 高度 巨大 意思 电阻 功率 芯片 情况 保持 内部 还会 不同 一部分 稳定 输入 设计 电压 多数 变化 出色 必须 输出 噪音 导致 电流 输出电阻 实际上 电路 这是 设置 很难 处理 分开 线性 外部 更加 调整 原因 是因为 最小 晶体管 之后 工作 开关电源 最终 集成 滤波 滤波器 完成 目标 并非 基于 方法 进行 大量 散热 具有 能够 结合 仔细 电缆 频率 负载 调节 想要 优化 提供 混合 控制器 响应 阻止 瞬态 来自 下降 衰减 引入 解决方案 尽可能 做出 回到 电感 仍然 区域 快速 路径 走线 远离 这会 低电压 最快 相同 之上 意味着 可调 开关 称为 进一步 带有 维持 带宽 周围 二极管 稳压器 降压 转换器 组件 广大 音频设备 直流电源 内当 耗散 散热器 不致 过热 低噪声 任务 布局 开关电路 地层 这为 开关电流 电容器 浪涌 通路 纹波 电感器 非线性 入口 经由 最低水平 其后 抑制 兆赫兹 相移 快关 误差 振荡 保持稳定 低压 这使 附加 差分 远距离 感应 两级,-1
声音 电源线 解码 我用 界面 只能 耳放 跟上 同轴线 垮掉 行差,-1
不错 很多 好听 非常 听感 素质 宽松,1
时间 现在 差不多 不少 退烧 买来买去 可喜可贺,-1
卫生纸 右边 好评 差评 没有,-1
砥柱 青年 事业有成 凝练 精干 小伙 毛头 跋扈 骄横 涉世未深,0
解决方案 驱动 有没有 知道,0
线才行 必须 垃圾 升级,-1
各有特点 国风 古风 两个 现在,0
耳机 请问 之前 用来 楼主 为啥 静电,-1
界面,0
听多煲 没煲 总会 不少 不好 当然 耳朵,-1
别选 吸入式,0
啥事 从小 位置 功放 音量 合适 慢慢 直接 没有,1
窝线 好太低 容易 一点 比较 耳机,1
买系 健康 馒头 走向 调音 值得 类似 直接 建议 一定,1
好文狂,1
区别 耳朵 听不出 必要 办法 太木,-1
贴耳小 同轴 音响 意思 有点,0
好看 好听 一台 分体 出头 仿铭 耳放才,-1
机看 取舍 用过 素质 味道 几个,0
一批 好听,1
大概 下去 当时 德国 认为 持有 白开水 两三年 只值 久闻 大名 欧元 退税,-1
舒特 偏薄 粗线 感和机线 素淡 几毛钱 那条 廉价 延申 保险管 厚声 走向 瑞士 留下 反而 享声 变得 透明 冷声 口味 提高 毛刺 相似 密度 一点点 机线 声底 喜欢 听感 适合 最后 高频 明显 感觉 个人 电源 比较 搭配 声音,-1
太渣 铜线 纯银 线有 原线 差距 实在 不是 耳机,-1
配看 还过得去 视频 低频 不错,1
一颤 心灵 头皮发麻 接触 差别 叫做 听到 那种 感觉 真的 第一次 耳朵 声音,-1
套件 相机,0
弄假 皮衣 咬破 霉菌 永久 真皮 损伤 没戏 表面 高手,-1
无底洞 音源 呵呵,-1
铁三角 对比 看到 帮顶 新机 难得,1
美丽 滋兹滋磁 价格 知道,0
需要 那种 人声 难听 稍微 才能 音染 厚重 合成,-1
声音 不错 目前 非常 交换机 屏蔽 网线 不燥 侧接 实而 不华娇,1
首选 方面 推荐 性价比 搭配,0
一个排 谷津 普通 单独 最好 加个 建议,1
声音 人能 比较 问题 时间 没有 发烧 其实 最好 退烧 实力 找到 认为 动力 聪明 精力 经济 早点 说出 晚点 执着 迟早会 没劲 早晚 固执己见,-1
相当于 基本 目前 系统 区别,0
金丝雀 刺激 不会 应该 声音,0
心得 大盾 金标管 飞利浦 英国 这是 音箱 更好 以前 估计,1
一楼 系列,0
好看 不是 好声 那种 内部 路线 品牌 东东 一贯 平价 虚价,1
一体机 解码,0
难耐 饥渴 原厂 贵族 想换 管子 换掉 光头 更好 现在 已经,1
可能 旗舰 折腾 不怎么 硕美科,-1
不用 线材 需要 楼主 就算 蓝牙 电线 充电器 骗钱,-1
成品 说话 噱头 等于 芯片 音质 喜欢 直接,1
推好 评价 前端 才能 神论 公道,1
打消 念头 尝试 箱子 楼主 直接,0
最舒服 调压 用接 没比 听用 配合 线条 比好 刺耳 密度 才能 前端 以后 平衡 一段时间 封闭 舒服 风格 韵味 适合 长时间 高频 解析 现在 以前 有点 需要 声场 一下 耳朵 佩戴 耳机 觉得 声音,1
理财产品 三十年 估计,1
穿振膜 会烧 静电 没事 动圈 不行 平板 应该 耳机,0
先顶 看帖,1
接受 定价 这货 能够 勉强 尴尬,1
度盘 哪一天 来晚 重新 发布 多好 资源 可惜 希望,1
較過 兄比 有師,0
帮顶,1
胡诌 中庸 大厂 塑料 模拟 型号 芯片 讨论 算是 随便 出来 声音,1
一定 出来 估计 绝对 其实 看起来 人耳 基本 差距 单个 全面 综合 程度 听不出来 指标 之后 说不定 哪家 好多 下来 谐波 失真度 并不大 会测 全测 洋洋洒洒 好几页 看得懂,-1
台机 一类 环境 便携 使用 不是,0
没入 原因 做工 歌德 三个 应该 佩戴 不错 声音,-1
生意 慢慢 看来,0
楼主 正好 坐等 更新 犹豫不决,1
好看 关键,-1
可能 空间 目前 关系 吊打 是因为,1
没染 强点 装置 浓郁 水线 核心 不仅仅 偏中 延伸 两端 铜线 单晶 略微 重要 信号线 通透 后来 音色 算法 高频 上面 不能 好听 解码 电源 东西 里面 线材,1
期待 声音 一下 试听 感觉 外观 机会 设计 用心 做工 介绍 活跃 简洁 大方 前代 流动 欠佳,1
价格 评测 开箱 强烈建议 先发,1
啥时候 已经,0
看来 耳机 戴过 最舒服,1
打算 学习,0
东西 好像 有人 很少 注定 搞小众 孤独,1
比换 耳机线 有用 折腾 电源 一下 耳机,-1
耳机 请问 之前 用来 楼主 为啥 静电,-1
优良 搞好 做工 控制力 折腾 好点 主要 舒适 便携 流行 适合 推力 简单 佩戴,-1
包耳,0
毕竟 要求 论坛 不会 东西 不要 直接 店家 满意 曝光 淘宝 投诉 退货 难为 太高 修好 三次 伟良 无条件 这店,-1
竟然 没什么 回复,0
很小 共用 波动 事实上 信号 干扰 电压 不同 传输 地线 电阻 理论 其实 设备 不是 应该,-1
声音 觉得 不是 分辨 一半 来说 有点 个人 很大 其实 不能 一种 确实 结构 差异 肯定 工艺 差不多 玩表 几千 几十万 走时 精准度 表芯 镶嵌 外壳 体现 智慧 天价 线有 价值 方面 多数 不值 有钱人 不在意 跟表,-1
飞舞 排空 填充 脑袋 姿势 旋律 合拍 频率 运动 节奏 二是 一种,0
解码 水平 意思 差不多,-1
推好 差不多 实际上 不小 振膜 撑开 距离 这离,-1
官方 数据 推好 小东西 乐图,1
学习,0
要死 出掉 三千多 几年 后悔,0
觉得 估计 低端 胆机 底噪 听过 差距 控制 方面 一次 高素质 石机 不小 小套 成本低,-1
双声道 单声道 行用 二合一 接口 单端 平衡 耳放 上面 不会,0
惨兮兮 挣回点 金乌 振膜 勉强 结像 垃圾 封闭式 不行 腔体 真的 声场,-1
耳机 必要 折腾 差别 那点,-1
看太多 傻大黑粗 精细化 审美疲劳 样子 往后 路线 一条 东西 产品 不错,1
差不多 觉得,-1
反而 值钱,-1
规范 不合 代替 同轴 阻抗,0
剥夺 取消资格 冒名顶替 兴奋剂 服用 查出 选手 终身 比赛,1
根本 知道 支持 斑竹 标题 不明 懒得 进去 起码 别人 呵呵,-1
问题 质感 音色 稍差,-1
草医买 双推 两台 看看,0
前面 确定 唯一 所有 档次 这种 系统 搭配 耳机,0
昏昏欲睡 平淡无奇 声音,0
不会 类似 针脚 取代 协议 越来越少 始终认为 板间 非板间 串口 并口,1
声荟 箱子,0
毛刺 本来 有点 升级 不会 声音,0
薄厚 两种 干嘛 万元 楼主 大乌 风格 喜欢 预算 建议 级别 声音,1
充足 驱动力 前端 展会 确实 非常 搭配,1
声音 可能 估计 很快 二手 关系 现在 非常 音场 不好 超越 不少 闲鱼 流畅 透明 超值 低于 不断 走低,-1
柠檬水 清爽 薄荷 独立 器乐 这套 太素 偏向 耳放 韵味 素质 人声 解码 有点 很爽 声音,0
北极星 欧洲 厚声 典型 纤细 那种 不是,0
换成 光纤 输出 惊喜,1
共享 硬盘共享 带不动 免驱 外置 做法 干什么 网络 可行 外接 设置 相信 文件 内存 硬盘 供电 开机 楼主 直连 必要 研究 两个 机器 解码 需要 直接 树莓 电源 问题 移动 还要 应该,1
我勒个,1
呵呵 音源 无底洞,-1
动态 压缩 肯定 不同 差别 电路 元件 跑不了,-1
支持,1
很多 时钟 自带 差距 线路 主要 技术 一类 外接,-1
不要 直接 以上 牌子 打开 以下 扩流 搞不好 踏踏实实 欧洲 分立 东芝 假洋鬼子 澳洲 美洲 铁壳 普普通通 磨片 一百 百元,-1
旧款 古河 一点 难听 好听,-1
发热 电压 内阻 低空 负载 差值,-1
原机 保险丝 换掉 机线 满意 听感 考虑 很大 影响 个人 插排 不要 设备 建议,0
耳机,0
声音 左右 耳机 耳朵 产品 不是 比较 动态 使用 起来 当然 小时 明显 正常 交响 耳放 音量 听到 上学 打开 播放 差不多 变化 噪音 播放器 随时 调整 就行 前提 睡觉 每天 期间 早上 上班 合格 内容 低能 循环 能煲 作息时间 比方说 关掉 出门时 晚饭 中断 上煲 干的事,-1
声音 电源线 解码 我用 界面 只能 耳放 跟上 同轴线 垮掉 行差,-1
矩声 满足 需求 好像,1
官方 不好 账号 推广,-1
经要 高保真 究竟 叫做 真正 还原 音乐,0
好點 那個 加入 知道,1
安定 机器 舒服 原线 平衡 下来 更优,-1
手里 打算,0
一波,0
时间 发帖 真牛,1
耳机 佩戴 呵呵 声场 接受 不了 完全 反正 当然 这种 本身 选择 喜欢 只能 结构 音箱 物理 体现 能量 包括 属于 悬空 房子 能够 玩意儿 呈现 纯粹 规整 高保真 紧下松 畸形 意味着 弃疗 做文章 限于 过不去,-1
觉得 产品 估计 二手 前级 以前 真的 不能 本来 适合 自然 韭菜 耳放 外观 不行 万元 实际 一体机 搞个 性能 只好 真心 多元 样子 售后 翻倍 效应 光是 出个 开脑放 产品线 招牌 能割 行别 年头 作罢 骚家,-1
失真 其实 低频 平板 早就 证明,-1
耳机 别人 音乐 细节 真的 最后 听力 音量 开放式 一句 条件 不好 箱子 我试 大声 最起码 底线 身边 说话 听见 有损 小声,-1
第一 价格 上来 音质 差不多 这款 声卡 专业 旁边 颜值 阿波罗 四大 阿婆 能排,-1
搭万 搞定 以下 耳放 解码 系统,0
高订 一千块 新出 孙强 楼上 路上 芯片 试试 一台 耳放 性价比 现在 好听 真的 解码 试听 支持 不会 功能 不到 应该 便宜 声音,-1
不是 不了 两个 当初 一周 售后 改造 高登 良心 返修 急眼 反讽 忙不过来 将心比心 一档,-1
还行 一堆 推荐 开放式,0
耳机 简单 放大器 不好 物理 驱动 解释 是因为 复杂 负载 感性 模型,-1
只能,1
端线 线中 普通 商家 展会,0
小贵 确实 有点,0
帖子 顶一下,1
毕竟 问题 减少 内部 电磁干扰 传输 一体机 出好声 供电 信号 外部 损失 吸收 做得好 集成度,-1
找森海 结相细 好大 实体 显得 够用 规模 前端 编制 基本 不够 应该,1
耳机 很大 一体机 差别 台式,-1
营销 装表 带正 下水 本质 休闲 正装表 时装 登山 飞行 潜水表 机芯 手表 发生 类别 欧洲 计较 重复 分得 利润 榨取 充分 伎俩 管用 欧洲人 分类 擅长 之分 商品 常常 理由 一类 这类 这是 相似 才能 规定 同一个 情况 购买 西装 必要 用来 消费者 好坏 其实 好听 定义 音乐 没有 一定 耳机 觉得,-1
阻带 出厂 测试,0
试机 确认 收货 相信 容易 楼主 二手 别人,0
越新越 是不是 软件,1
是不是 好多 虐待 家里人,1
一双 能割 能骗,-1
力帆 宝马 合适,1
不用 估计 耳放 咸鱼 说直 乖乖 上放,-1
一家独大 相提并论 意识 可贵 能玩出 调调 沟通 唱片 改进 市场 只能 这种 最近 完全 数字 提升 问题 没法,0
毛病 放心,0
紫檀 绿檀 没有 帖子,0
价上 没舒尔 耐听度 威士顿 偏科 立体 手头 退烧 后悔 感情 均衡 耳塞 包围 乐感 人声 目前 声场 比较,-1
掉皮 塌陷,0
那腿 姿势 美女 音响 引起 看到 不是,0
一面 迈过 大次 看作 基本功 一动不动 坐到 传承 动次 选购 从头 如今 贝九 耐心 年代 确认 结合 刻意 门槛 分钟 历史 形势 录音 森海 听到 只能 目前 之前 没有,0
奥迪 弄个 试试 耳塞 不行 平板,0
看看 有点 价格 活动 感人 双有,1
外观 差不多 几款,-1
具体表现 噪音,-1
一体机 耳放 解码,0
加钱 可行,0
没有 基本上 不能 必要 折腾 换墙,-1
一定 不是 难听 三代 旗舰 随身听 搞定,-1
前来 大家 试听 欢迎,0
票价 值回,1
密码 试用版 启动 正版 设置 输入 试试 当然 需要 直接,0
耳机 影响 很大 低频 确实 耳放 歌德 输出阻抗 有时候 不同 天差地别 耳放上 没玩过,-1
逆向 也许 上台 提升,0
最多值,1
上花 寄过去 等于 商家 平衡 意思 咸鱼 原线 楼主 明白 便宜,0
折腾 老哥 需要 之前 耳机,-1
不好 金乌,-1
主流 未来 网播 方向 数播 两个 学习 应该,0
莱斯 距离 缺点 专业 声卡 用过 明显 有点 之前,0
论坛 好文 楼主 用功 专业 听边,1
没有 值得 低阻 有个 森海 新品 刚出 中阻,1
可能 已经 音乐 其实 听力 细胞 音乐家 很差 录音师 作曲家 歌唱家,-1
耳放,0
主听 编制 升级 建议,0
中不比 心目 地位 大厂,0
支持,1
别弄 不能 电源,0
无感 喜欢,1
角度 看待 科学,0
以为 东西 应该,0
不大 差距 廉价 解决方案,-1
没有 设备 使用 当然 更好 同样 电脑 操作 驱动 不看 比喻 说明书,1
官方 估计 很多 很大 那种 更换 意大利 一套 原配 了解 材质 缺点 后期 下来 罩子 人造皮 超跑 座椅 真皮 天鹅绒 凉快 要百 挺肉,-1
躬行 此事 绝知 终觉 得来 纸上,0
喜新厌旧 终老 不变 人性 心理 一年 满足 追求 歌德 更好 不能 感觉 其实 东西 没有 不会 觉得,1
耳机 器材 事情 不要 正常 素质 高敏 难听 低阻 相对 不好 市面上 高阻 省钱 缺陷 造成,-1
声音 不错 方便 没有 感觉 原来 一对 蓝牙,-1
小姐姐 居然 厉害,1
行差 垮掉 同轴线 跟上 耳放 只能 界面 我用 解码 电源线 声音,-1
家里人 虐待 好多 是不是,1
恭喜 一对 金耳朵 荣获,1
价格比 闲鱼 不少 多久 全新 二手 没用 建议 几个,-1
能干,0
不到 支持 套装,1
刀刃 大言不惭 包装 没见 成本,0
看到 福利 顶上去 可别,1
好多 灰尘,1
解毒 完毕 楼主 没有,1
不错 介绍,1
觉得 不会 现在 惊喜,1
一下 希望 买过 目前 牌子 听感 界面 大佬 价位 推荐 问问 分享 卖家 有无 折价 看中,-1
颜色 不错,1
耳朵 听力 两个 正常 严重 试试 差别 放个 单声道,-1
捆绑 乐趣,1
声音 提升 难看 肯定 样子,-1
金丝雀 价位 印象 听过 值得 非常 产品,1
最舒服 戴过 耳机 看来,1
现在 合适 稳定 周边 折腾 这套 搞好 大件,-1
耳机 之前 需要 老哥 折腾,-1
模拟信号 最大 耳机线 放大器 解码 感受 个人 数字 电源线,0
体积小 优势 机子,1
声价 太阳神 换线 他家 听过 感觉 不错,1
特定条件 目前为止 线材厂 出厂 金耳朵 方向 标示 科学 排除 证明 一点 承认 厂家 影响 没有 线材 声音,1
比较 感觉 喜欢 听过 短暂 总体 半天 路数 几天 好几年,1
理论值 固态 标称 理想 硬盘 实验 状态 传输 电脑 一台 那种 不能 设备 问题 速度 一下 达到 觉得,1
黄色 材质 上面,0
值得 二手,1
知道 下去 必要 看到 残响 泛音 分不清楚,-1
细心 顶起,1
现在 一大堆 假货 太行 同价位 泛滥,-1
完好 皮实 海绵 森海 老化 东西,1
神韵 老风根 牌货 看样子 不到 应该,0
基本上 解码 耳放 音量 测量 增益 响度 比大 相差 误差,-1
漂亮,1
高性能 只不过 组合 一台 转盘 解码 需要 树莓 一下,0
直接 评论 都还没 心急,-1
肥厚 低频 下潜 不错,1
實力 國產 真正,0
再见 转型 音箱 大耳 已经,0
嘴炮 米饭 不服 不得,0
保险 插孔 安全 用电 万能 失效 美标 注意 国标 相位 不了,0
没用,-1
远离 冻鳗 爱好者,1
试听 折腾 网上 买来 求助 朋友,-1
未知,0
无敌 极致 价位 流行 真的,0
声音 声场 低频 档次 特色 全面 差不多 方面 延伸,-1
解码 适合 耳放 部分 大菠萝 差强人意,-1
建议,0
不会 支持 使用 这种 超过 传输 干扰 输出 特殊 标准 强大 基于 方法 最高 损失 网络 电缆 提供 长度 分辨率 阻抗匹配 在线 造成 带有 同轴电缆 硬件平台 存储 平台 传输服务,-1
太上皇 不错,1
好评 右边 卫生纸 没有 差评,-1
耳机 没用 好听 还好 不住,-1
按理 有底 码率 应该,0
感人 背景,1
未尝不可 特性阻抗 数字信号 频率 地步 远远 音频 考虑 需要 不到,0
耳机 更为 买个 耳罩 他家 实际 粗糙 换个 反而 耐用 娇贵,-1
屏蔽 没有 不是,0
朋友 我差,-1
就要 路过,1
达菲,0
下潜 高频 低频 延伸 反而,-1
质量 担心 劝退 卧槽 省心 这品,-1
人声 好听 个人 觉得,1
红鸟 阻抗 提升 可能,1
消费 降级 玩不起,-1
换首 不行 应该 区别,1
原因 试试 耳放 耳机,0
心烦 侧不香 买耳放 避震 木耳 苹果 永远 数播 以后 界面 纠结 这种 解码 电源 线材 不用 耳机,-1
耳机 已经 感觉 好像 惠威 今年 展上 同类产品,1
耳机 直接 端口 输出 折腾 不想 延迟 连接 损耗,-1
便宜 太大 不好 电压 划算 未必 运费 太重 二是 保修 一是 逃三是 再就是,-1
王思聪 注册 绿坛 知道,0
浪费 直接 推好 拜亚 加一点 无敌于天下,1
知道 一下 手机 假大空,-1
不错 工推起,1
里面 起码 真的 中频 玩过 推荐 好点 密度 英国 台式机 不及格,-1
换卡 随身 播放器 继续 差异 明显 版本 觉得,-1
耳机 器材 里面 不差 楼主 吃惊 反应 感到,-1
很棒 齿音 不好 低频 有点 比较,-1
搭配 一下 无法 问题 感谢 感觉 最近 二代 研究 小不点 打算 楼主 准备 推荐 发挥 单端 遇到 淘宝 多谢 威力 情迷 无奈 老师,-1
麻瓜 裙带 没有,0
未知,0
已经 系统 解码 放到 现在 推好 真正 草医 高文 折腾 湖人 沐声 三年 两套 惊雷 好几年 北极星 到头 玉龙 多套 活活 再到 改玩大,-1
琥珀 单端 推力 比较,0
前用 一款 很火 当时 十几年 确实 胆机 国产,1
立刻 省钱 会员,-1
沉思 面对 审美疲劳 通达 念头 意味 一部分 不好 素质 耳机,-1
是不是,0
福克斯 罗兰 音频接口,0
尺寸 小巧,1
说服力 这号 年轻 两天 再来 应该,0
减轻 感拉低 隆起 典型 引起 楼上 平板 调音 人声 这种 感觉 问题 不是,0
韵味 哈哈哈,1
早日 大侠 评测 说法 翻译 辛苦 听到 验证 希望 一下,0
看来 知道 应该 楼主 推荐 买回来 拆开 好线 所说 试了试 配根 那根,1
音量 声场 人声 更好,1
满意 试听,0
比较 支持 需要 似乎 硬件 美妙,1
价格 楼主 去年 曾经 打击 代买 万年 白菜价 十几个,-1
支持 玩家 折腾 大作,-1
不错 貌似,1
我要 这耳放 太重 推过 出不来 不爽 或许 低频,0
洗洗 大法 看来,0
机用 耳放用 推荐 楼主 一下,0
意见 楼上 同意,0
折腾 好点 购买 其实 应该,-1
反响 接替 推崇 平平 老烧 不好 有个 非常 好听 以前 很多 搭配,-1
机子 单端 平衡 垃圾,-1
区别 一定 买个 效果 舒服 电脑 差不多 有质,-1
不是 二代 好奇 凯音 芯片 唯芯论 没见 有人,1
林里 双木 够呛 攒钱 老老实实 动力 好点 一体机 拜亚 买个 感觉 产品,1
看来 应该 只能 交响 楼主 前端 早出 两套 排山倒海 一口,1
系统 出现 退烧 调整 每年 脑子里,-1
不良影响 真敢 害怕 就算 功放 想法 耳机,0
售出 买家 发货 确认 顺丰 包邮 退货 从不 质量 东西 问题,-1
舒服,1
一根 复杂 麻烦 现成 的确 当然 有点 区别,-1
三菱 哪种 国产,0
比较 喜欢 古河 超低温 冷冻,1
不错 加个 平板 便携 前端 伺候 专门 耳放能 推倒,1
绿色版 豪华版 普通 国外 好像,1
好用 非常,1
吃螃蟹 楼主 厉害,1
不错 价位 照片 听风 惊雷,1
差别 金耳朵 正规 合格 住宅 一双 夜深人静 心潮 平定 听出,-1
动它 会破 插进去 后部 指甲钳 内圈 压环 平时 没事 不要 不会 根本,0
不错 搭配 建议 二手 大概 买个 效果 合适 管子 两千多,-1
很棒 古典,0
黑豹 使用 方便,0
更加 播放器 有没有 知道,1
芯口 相差 很大 不会 区别,-1
用户,0
很稳 声音,0
振膜 寿命 耳机,0
赞对 中肯 帮助 干货 新手 入门,1
知道 喇叭 公斤 兄台 好几 分频 够低,1
觉得 产品 估计 二手 前级 以前 真的 不能 本来 适合 自然 韭菜 耳放 外观 不行 万元 实际 一体机 搞个 性能 只好 真心 多元 样子 售后 翻倍 效应 光是 出个 开脑放 产品线 招牌 能割 行别 年头 作罢 骚家,-1
更好 觉得,1
不是 没用 一家,-1
自留地 二楼,0
要调 最大 音量 一定 声音,1
未知,0
大家 谢谢,0
声音 耳机 佩戴 音质 舒服,1
收个 就行 转接头 平衡 自带,0
精音 相似 前端 好奇 手上 听感 十分 到底 区别,1
土豪,0
手机 很多 不会 概念 提升 解码 耳放 高级 同意 没什么 上限 下限 同化,-1
声音 不用 比较 人声 摇滚 上台 配乐,1
很多 确实 刺激 系列 歌诗德 划等号,1
其实 感觉 推力 只能 三个 好像 换线 除去 技术含量 海绵 推的动,1
方便 有钱 折腾 静电 愿意,-1
失真 问题 已经 版本 以前 太小 低阻 音量 所有 功率 不少 输出 驱动 最新 管子 钻石版 驱动力 削顶 钻石 改用 输出功率,-1
完全 对应 水平 氛围 推荐 主题 不上 曲子 恕我直言 太过 舒缓 没点 指琴,-1
祝贺 新机 互补 入手 安心 音乐,0
耳机 音箱 不想 玩好,1
退烧 不是,-1
声音 其实 味道 放大 原线 全部 平衡,-1
几家 客户 没人 样机 收到 代理 好像 目前 个人 应该,1
毛钱 正解 楼上 信号线 关系 没有,0
耳机 更为 买个 耳罩 他家 实际 粗糙 换个 反而 耐用 娇贵,-1
价格 楼主 去年 曾经 打击 代买 万年 白菜价 十几个,-1
接地 评价 点赞 老师 简洁,1
真的 不能 可惜 便携 续航 做工 播放器 内置,1
学习,0
觉得 好看,1
每次 从不 关机 热机 好久,1
水线 高档 规整 推到 偏暖 增益 不算 本人 频段 苏默 准确 分离 结像 均衡 组合 古典 音色 交响 听感 解析 乐器 大概 声场 不错,1
他进 凑钱 卖货 卖东西 买入 卖出 经济 理性 办法 销售 恶心 过年 形势 机子 没什么 思想 以后 不好 咸鱼 习惯 尤其 暂时 价格 慢慢 现在 其实 没有 很多 论坛 出来 不到,-1
数博 曾经 复杂 放弃 后来 真的,0
声音 觉得 耳机 佩戴 耳朵 一下 声场 需要 有点 以前 现在 解析 高频 长时间 适合 韵味 风格 舒服 封闭 一段时间 平衡 以后 前端 才能 密度 刺耳 比好 线条 配合 听用 没比 用接 调压 最舒服,1
常规 出掉 正确 操作 算是 选择,0
可能 比较 真的 一种 音源 入手 日本 方式 顺便 听碟 买碟 经济 实惠 一首,1
寄给 试试 正常 不太,0
适合 平衡 没有 好听 必要 流行,-1
反而 耳放 比较,0
没有 声场 好听 随便 听感 素质 流行 纵深 需求 封闭 歌德 粗糙 找个 平平 还够用 差结,-1
周董 正确 追求,1
暖糊 喜欢 刺激 谷津 歌诗德,-1
很多 请问 拜亚 更好 古典 看到 大师 情况 推荐 德国 博主 推不差 推选,-1
平淡 做工 特点 没什么 水平 素质 本身 耳罩 看起来 不了 大概 东西 问题 比较 可能 耳机 声音,0
兴奋 森海粉 前期 那么回事 找点 时不时 坚持 一首 中庸 下来 杂食 一副 就够 变得 相反 找到 兴趣 两年 相对 耐听 不够 非常 感觉 其实 好听 下去 来说 音乐 没有 已经 问题 可能 不到 耳机 觉得 知道,1
不是 简单 难听 原因 构造,-1
下结论 着急 调整 周边 重要 一段时间 音源 不要 线材,-1
支持 安卓,1
更贵 美行 产能 成交价 下降 不少 疫情 耳机,0
看来 耳机 实在 有点 调音 喜欢 风格 只能 换个 放弃 海绵 买不到 舍不得,1
听震 那天 低频,0
兴趣 反而 天天 种草 对银乌,1
耳机 应该 问题 没有 这种 模式 必要 效果 好像 需求 千元 差不多 发挥 寿命 电池 蓝牙 台机 金丝雀 有线 这时候,-1
区别 测试 听不出 有用 能盲,1
小家子气 一大截 上少 失落 锯木 挪美法 个性 拉得 小提琴 要说 气势 之后 美的 美国 去掉 习惯 确实 感觉 目前 元素 系统 不错 声音,1
原形毕露 毛病 高大 背景音乐 分离 人声 好听 动态,1
路过 就要,1
不错 耳机 要求 线材 手机 比较 动态 音乐 来说 一条 个人 其实 当然 推好 那种 非常 听音 解析 都行 适合 一只 值不值 效果 低频 确实 风格 大乌 音色 类型 控制 配置 推荐 旗舰 动圈 前端 上限 银彩 密度 音染 能量 纯银 改变 号称 属于 现代 调整 编曲 毋庸置疑 电子 想要 非常适合 冲着 首选 大肌霸 超猛 爆型 爽去 样样 不精 真不低 过接 转换头 全面性 强动圈,-1
顶上去,1
图二,0
换成,0
在于 折腾 生命,-1
耳机 入门 不会 设备 推好 选择 一只 旗舰 足够 中端 前端 声卡 卖掉 换上 之后 无论如何 砖来,-1
存在 已经 直接 需要 解码 推好 功放 绑定 有源音箱 耳放来 有功,1
设备 安心 恭喜 退烧 这套,-1
枪花 外放 公交 骨折 住院治疗 最大 地铁 音量 喜欢 手机,1
外面 隔音 单元 效果 这种 完全 没有 耳朵,0
优先 就够 一支 差别 系列 感觉 考虑 不用,-1
应该,0
觉得 耳机 提升 明显 自带 我接 最多 口差,-1
直接 干扰 显示器 主机,-1
投一票 流行 适合,0
电脑前 坐在,0
有点 干扰 一对 书架 小老虎,-1
直邮 邮政,0
体积 优势 相比 流行 很大,1
推的动 海绵 技术含量 除去 换线 好像 三个 只能 推力 感觉 其实,1
耳放 不好,-1
市面上 绝大部分 解码器 现在,0
支持,1
未知,0
耳朵 明显 解析 差距 当年 小白兔 安卓机 佩塞一,-1
金耳朵 区别 左右,0
重要 玩儿 好好学习,1
耐草 柱子 电子管 胆管 晶体管 功放 不太好 音箱 真的 没有 不会 耳机,1
骚尼 三大吹 人妻 松下 当年 耳机,1
好得多 歌诗德套 用线 钱花 在线 高登 连接 套装 个数 换成 解码 提升,1
耳机 一定 关键 喜欢 风格 价位 很难说,1
主板 没用 高端,-1
频谱 参考价值 优秀 搞不定 联系 一副 参考 相对 耳放 音源 基本 听感 听音 非常 意义 符合 试听 没有 估计 比较 要求 耳机 不错,1
好听,1
不错 问题 东西 很大 现在 感觉 曲目 好奇 听到 后来 展会 体现 当年 属于 一次 涉及 朋友 最早 退出 倒爷,-1
精音,0
精力 投资 忠告 玩法 舍得 潜力 咸菜 功放 发挥 来看 几万 评价 转盘 数字 浪费 就别 级别,-1
电池 方案 成熟 有没有,0
二选 天鹰座 分体 喜欢 都行 考虑 预算 不用 声音,1
上国 索尼 换掉 歌德 需要 不了,0
这套 好像 入门 不错,1
厉害 美国 优势 指标 这下子 厂牌 可言,1
胆前 加前级 二嫂 配合 上个 胆机 建议 不错,1
温润 充足 优秀 透明度 信息量 听感,1
喷子 几年 黑暗 总有 喷要 商场 难听,-1
新年快乐 分享 谢谢,0
失真 左声道 右声道 左右 超出 官方 规格 参数 范围 看来,-1
没有 直接 慢慢 合适 音量 功放 位置 从小 啥事,1
看看 楼主 支持 国货,1
中肯 安逸 音乐,0
大法,0
觉得 产品 估计 二手 前级 以前 真的 不能 本来 适合 自然 韭菜 耳放 外观 不行 万元 实际 一体机 搞个 性能 只好 真心 多元 样子 售后 翻倍 效应 光是 出个 开脑放 产品线 招牌 能割 行别 年头 作罢 骚家,-1
哪根 见长 咋样 银彩 稍微 一点 真是 人声 耳机,1
不玩电 穷烧,0
耳机 起来 现在 耳罩 大乌 咸鱼 双十 一带 能卖 赠品 更值,1
解码 好听 耳放 垃圾 他家 据说,-1
达音科 周年 数据 好看 便宜,1
耳机 器材 其实 算是 均衡 容易 不同 染色 差别 中正 走向 三款 三圈 重染 单薄,-1
折腾,-1
不错 一定 问题 估计 没有 基本 对比 平衡 不好 输入 输出 天花板 卡农 琥珀 推点 听底,-1
个人 偏向 漂亮 造型,1
长脸 仿真 这种 器材,-1
就行了 二手,0
才能 最好 使用 器材,1
面板 喜欢 木头,1
过硬 不高 价格 素质 二手,0
强力 管家 腾讯 卸载 安全 模式,1
不起作用 管後晶 這種 如換機 換管 變化決 過管 給換 四根 氣換配 增進 換管會 這台 有個 甚麼 問題 一口 還是 其實 感覺 機器 程度 以前 不是 一定,1
耳机 一下 非常 楼主 不好 体验 运费 处理 带来 承担 您好 抱歉 工作失误 寄回 来回,-1
进去 原道 可惜 不好 录音 脑放 能带,-1
飞利浦 换线 系列,0
电源线 建议 没有 高频 试试 背景 噪音 拿来 显示器 我试 电饭锅 电磁炉,-1
在家 疫情 只能 听歌 不了,1
里面 起码 真的 中频 玩过 推荐 好点 密度 英国 台式机 不及格,-1
直接,0
完全 必要,-1
达音科 周年 数据 好看 便宜,1
年轻化 柔化 银乌 效果 人声 应该 觉得,0
解码 差评 芯片 拆机 运放 功放 电路 电容,-1
支持 国产 做工,1
不要 听说 原线 试试看 先换 差要 根线,-1
声音 不用 直接 好听 答案 不同 变得 用处 十个 人会用 十种,1
坚挺 价格,0
方程式 动圈 了解 平板,0
不错 电源线 级别 比较 其实 的确 价格 烧包 达斯 全套,1
节约 成本,0
可能 呵呵 没有 我用 感觉 明显 难受 舒服 后来 身上 突出 改进 得到 按摩 设计师 疗效,-1
做纯 分路 搞升频 产商 几片 难通 缘故 噪大要 精度 分立式 高性价比 到头来 比要 变差 一众 挖掘 分立 下来 回事 不小 最高 转成 歌曲 滤波 缺少 差一点 并联 很难 流畅 电路 潜力 王者 看着 升频 导致 一点点 国内 天价 设计 实际 全面 缺乏 不太好 内部 芯片 电阻 用户 大部分 一点 中频 价格 自然 低频 算法 韵味 性价比 听歌 两个 特别 高频 味道 解析 模式 不够 非常 感觉 其实 关键 细节 解码 动态 没有 很多 问题 可能 不是 高端 不错 存在 参数 声音,-1
列举 区分 认真 拓品 相反 多数 万元 似乎 合适 价格 听过 质量 声韵 上面 机器 不太 时间 声音,1
需要的话 私聊,0
洛伦兹 得用 风根 大盾 管子 推好 需要 知道,1
便宜 不错 现在 太重,1
功放 功率 原线 好听 声音,1
官方 上线 系统 直接 感觉 必要 界面 对比 升频 纯净 网桥 风扇 机箱 改无 电装 口接,-1
声场 有点 起来 更好 横向 相对 不足 纵向 立体 反而 或者说 不太够,1
顿时 软件包 网上 硬解 安装 插件 说明 提到 目前 需要 很多 版本 估计,0
好听 好像 石机 没听到过 推大乌,1
古典 感觉 没有,1
不是,0
九段 高烧 楼主 算是 耳机,0
刹住 恭喜,1
这种 慢慢 值得 调音 古典 收藏 永远 极端,1
东西 坏淫,-1
磁路 单面 仁兄 双面 试试看 机会 音质 这位 看看,0
挑选 原因,0
第一 价格 上来 音质 差不多 这款 声卡 专业 旁边 颜值 阿波罗 四大 阿婆 能排,-1
文章 非常,0
身份证 独一无二 应该,0
便宜 均衡 没错 差不多 台机 声厚些 感个,-1
方法 好评 耳机,1
不划算 不贵 直接,0
老烧 一篇 剖析,-1
据说 之声 初心 老古董 静电 试试 厉害,1
耳机 没用 好听 还好 不住,-1
齿轮 光头 回复 不是 应该,0
必要 正常 选择,-1
耳机 本来 后来 是从 男人 是因为 据说 包装 价格优势 配件 形成 降低成本 谈妥,-1
便宜 知道 之前 现在 貌似 一千多 一根 单线 线差,-1
好毒 学会 拒绝,1
比较 讨论 差异 楼主 可否 坛子 品牌 谈谈 木声 涉及,-1
声音 耳机 已经 其实 全新 新版 状态 差不多 老掉牙,-1
声音 失真 耳机 没有 完全 喇叭 非常 理论 失败 用做 带来 纯净 嘈杂 闹哄哄 超低,-1
泉水 姐姐,0
二手,0
隐约 脚钉 有用 感觉,0
几台 当年 一体机 电脑 用过 拜亚 区别 耳机 左右,0
耳机 级别 试听 差距 湖人 方程式 安润 昨天,-1
机器 只能 不好 无关 国家电网 怨电,-1
空调 干扰 开关电源 耐力 空开 冰箱 不拉 专线 太烦人,-1
乏善可陈 太过 接耳放 仔细 优势 平面 用过 对比 严重 解析 二代 怀疑 是否 没有 声音,0
耳朵 放在 东西 设备 之前 段时间 不行 淘汰 每次 规律 发现 更新 失望 非要 回去 总会 没出 健身房,1
专机 主机 干扰 解决 已经 问题 不是 事情,-1
北极星 楼主,0
看片 箱子 听音 耳机,0
没有 原装 音源 不好 子木,-1
酷狗用 轰一 不破 较厚 前期 重低音 振膜 最大 音效 刚刚 音量 正常 后面 低音 感觉 现在 直接,-1
不错 耳机 声场 提升 之前 很大 我用 人声 高频 特别 听感 流行 摇滚 分离 主要 顺滑 更加 主观 流行乐 温润,1
鲜明对比 宝货 很润 有贵气 邮寄 转顺丰 发货 一颗 贸泽 行程 电子 太多 假货 运放 香港 美国 居然 人声 声音,-1
耳放,0
觉得 耳机 有点 好听 乐器 高频 低频 流行 尤其 封闭 玩过 真心 频响 节奏 难搞 曲子 奶罩 跨度 挺亏,1
应该 不差 印象 没卡过 同门 师兄弟,-1
有血有肉 石机 几万 胆机 感觉 声音,1
满意 对比,0
来说 简单 不行 限制 强大 调成,1
玩法 各有,0
一体机 声卡 能比 千多 壹仟 多买个,-1
分为 二个 世界 普通 部分 发烧,0
不是 很多 声场 好听 人声 味道 素质 分离 电脑 代表 太多 越高越 耳放能 惊雷 退出 越大越 我大乌,-1
放要 开脑 价格 不要 耳朵,0
推过 不错,1
需要 有点 难听 垃圾 搞笑 或者说,-1
突然 大神 楼上 道理 非常 感觉,0
预订 目前 一下 左右,0
吊炸天 有个 不是 参数,0
烧友 原价 完全 正常 档次 价位 旗舰 玩家 土豪 复刻 相信 索尼 做工 宣传 这货 那万 万块 当回事 货颜值 十万八千里 当不起,-1
放片 大声,0
韭菜 永远 忽悠 捂着 钱袋,-1
慕名,1
学习,0
未知,-1
环境 耳机,0
同价位 歌德 不行 素质,0
样子 确实 好看,-1
耳机 毕竟 推好 大乌 一套 不好 环境 不少 伺候 音响 妥协 方法 真想,-1
版本,0
支持,1
侧重点 始终认为 听得 质感 其实 声场 不是 耳机,0
机而 高密度 感强 浓厚 室内乐 包裹 开放 口味 音染 密度 宽松 喜欢 选择 人声 非常 类似 当然 声场 不是 不错,-1
潮湿 天气 烦人 引入 消除 静噪 相互 零线 市电上 环节 弱电 共地 香蕉 冷热 音频接口 固定 频率 插座 更加 属于 输出 匹配 干扰 单端 端的 表现 主要 平衡 地线 音频 隔离 听不出 两个 明显 这种 设备 没有 问题 可能 无法 不是 区别 之间,-1
不是故意 燥测 噪声 确实 东西 问题 比较 出来 应该 觉得,0
搭配 好不好 素质,-1
判别 不好 横向 对比 听感 没有 出来 觉得,-1
浑厚 入手 结像 相对 对比 喜欢 这种 别人 建议 一下 声音,-1
来个 很难 耳放 基本 胆机 感觉 不错,1
没有 性价比 更好 千元,1
回答 老婆 问题,0
选择题 一年 楼主,0
实用主义 少有 玩家,1
试试 价位 一套 只能 平板 耳机 左右,0
左右 估计 不会 喜欢 欧亚 淘宝,-1
比较 试听 解码 目前 基本 他家 万元 以下 几年 口碑 各家 两款 上架 音乐味,1
必要 只能 播放 金嗓子 二嫂 接接,-1
保有 恭喜 值得,1
方程式 老老实实 推动 难听 平板,-1
荣获 金耳朵 一对 恭喜,1
声音 音乐 好听 其实 响起 好像 在乎 交流 细微 尝试 多人 城市 在意 乱七八糟 嘈杂 汽车 科技 演唱会 嗓音 抗干扰 明星 磁环 发达 时常,-1
声音 左右 耳朵 起来 真的 清晰 音箱 一对 全频 走过 家用 身边 脚架 曾经 十多年 距离 脚步 平台 前玩豆客 米左右,1
强顶,1
八七 别提 要来 声学 避震 最起码 讲究 认为 后级 加上 机配 箱子 几万 音箱 前级 个人 实在 东西 系统 不是 线材 便宜,0
系统性 残废 注定 天生 效应 这是 还原 问题 耳机,0
耳机 要求 实在 电脑 不高 不难,-1
录音室 这是 专业 系列 监听,0
每次 从不 关机 热机 好久,1
胆石 参考性 混合 搭车 耳放 铁三角,0
觉得 特别 刚刚 基本一致,1
专业版 银乌 很少,0
耳机 问题 建议 没有 正常 开机 关机 强迫症 先摘,1
这种 过瘾 喜欢 文章 精彩 带字,1
前排,0
不错 应该 设备 不能 效果 输出 改成 好多 海盗船 供给,1
未知,-1
耳机 直接 关系 好不好 质量 平板 数量 磁铁 双面 单面 强力 用弱 隐形 非对称,-1
错失良机 单薄 烧油 差点 描述,-1
下沉 感好 凝聚 良好 平板 低频 没有,1
音源 最好 国产 不要,1
卖家 点个,1
声音 便宜 耳机 应该 就别 功能 问题 解码 机器 这种 用来 正常 大部分 功率 不少 国内 声卡 供电 专业 太贵 没用过 创新 老虎 雅马哈 代替 输入输出 用不上 罗兰 口嘛 乐之邦 老梗 吹水,-1
宾利 楼主 耳放 人声 不错,1
美好 声音 不错 要求 所谓 器材 出来 不是 手机 比较 时间 很多 音乐 来说 需要 空间 感受 解码 绝对 其实 现在 感觉 喇叭 那种 非常 乐器 最后 一种 两个 更好 效果 喜欢 编制 流行 摇滚 古典 获得 听到 古典音乐 容易 不同 欣赏 经历 金属 真正 日本 模拟 才能 能量 功放 分享 中有 令人 器乐 电音 生活 冷门 新世纪 长久 更高 独奏 欧美 电子 钢琴 国语 山寨 平静 高水平 快乐 纯粹 回放 曲子 情感 从来 歌剧 人民币 不妥 内心 灵魂 合成 优越感 粤语 曲高和寡 重奏 意味着 演奏家 穿越 四重奏 莫扎特 巴赫 眼泪 且不说 艺术歌曲 每位 作曲家 赋予 流派 打动 维塔利 恰空 悲伤 这两首 自觉 流出 扣动 心弦 准确度 播出 震天响 乐则 管风琴 个成 出窍 翻译成 阳春白雪 应译 经典音乐 一时期 动听 令人感动 陪伴 编制工作 炫耀 高雅 地被 身心,1
凯音 差点,-1
不错 值得 听过 肯定 芯片 至少,1
同耳放 小香 凝聚 更重 认为 差别 齿音 结像 对比 档次 调音 版本,-1
非常 高仿,-1
区别 搭配 不是 系统 试听 调音 均衡 纯银 无氧 单晶 铜线 越贵 一对 非常明显 弄不好,-1
原线会 对换 银乌 一批 好点 原线 确实 明显 耳机,1
温润 凌厉 下来 不好 一点 价格 对比 胆机 感觉 目前 没有,-1
未知,1
耳放换,-1
宽裕 主力 箱子 意义 预算,0
原厂 机会 听听 一定,0
谢谢 完全 大家 重装 内置 一次 硬盘分区 删除,1
歌诗德 贵点 矩声,0
七千 取消 森海 没有 问题,0
典型 听感,0
知道 基本上 确实 国货 能否 手里 做工 日系 顶头 最差 正名 之耻 格叽格,-1
心点 竟然 品牌 国内 市场 早就 调音 解码器 中国 好听,1
说明 退烧 发帖 没真,-1
发刺 台机 播放器 出不来 饱满 发现 不同 高音 后来 增加 音量 氛围 质感 低音 感觉 声音,0
出奇 守正 可圈可点 奖品 收到 素质 谢谢,0
纯粹 传输 平衡 耳放 解码 提升 应该,0
用胆 瞬态 干净 机会 声底 一点 自然 更好 高频 动态 比较 觉得,1
焊焊 修修 需要,0
就别 不够 一代 编制 意思 差点 才行 指望 马勒,-1
小点 平衡 拜亚 声场 问题,0
推能 桌面 在家 数播 一体机 前端 推好 最好 需要 系统 比较,1
觉得 可能 敏感 高频 低频 楼主 不耐 听惯 高耸 薄亮,-1
帮顶,1
不错 毕竟 达到 很多 水平 控制 重要 体积 套装,1
分量 不糊 结实 手上 值得 买个 不错,1
定做 单晶 看上去 不错,1
芯片 喜欢 不错,1
高登 预算,0
去过 橡叶 浮夸 办公室 专业 的确 感觉,0
耳机 应该 定位 可能 一半 没用 预算 发烧 适合 直连 楼主 电脑 游戏 蓝牙 奥帝兹 最求 钱够,-1
下课 谢亚龙,1
预算 准备 退烧 前端 投资,-1
支持 需要 个人 当然 解析 高频 胆机 喜欢 中频 管子 口味 优秀 极限 润泽 选胆 选石,1
掉皮 耳罩 试听 耳机,0
难出 接近 不值 价格 性价比 太低 二手 估计,1
宁波大学 穷烧,0
线缆 试戴 独特 那根 实体 没什么 非常 考虑 接受 建议 问题 佩戴 声音,0
一定 系统 直接 提升 效果 咸菜 大件 境界 细调,-1
声音 区别 厉害,1
不少,0
耳机 不买 正好 咋样,1
器材 系统 电源 关系 感觉 后面 所有 重要 就要 不换 一路 总线 调整 货色 下来 好好 斟酌 偏激 奇奇怪怪,1
欧然德 基本,0
重金属 据说 飞机 不错,1
挺难 后者 无脑 前端 信息量 风格 选择 其实 搭配 要求,0
江浙沪 近年 比较,0
流行 氛围 千元 当年 号称 最强 爱丽丝,1
考虑 喜欢 看重,1
二代 风格 合适,1
耳机 描述 特点 到位,1
别买金 画眉,0
太低 改进 大大 颜值 这条线,1
未知,1
可接 有线 模块 外接 蓝牙 模拟 电脑 只能,0
刺猬 比较 觉得,0
石机 胆结石 胆机,0
售后 换线 电脑 试试 一台 不行,0
良家 代价 必须 才能 行家 性价比 东西,0
台台 有钱人 耳放,0
音箱 耳朵,0
会糊 一试 接反 正负 方向 一边 喇叭线 结像 交响 难听 相位 反接 感觉 有点 出来 知道 左右 声音,-1
两台 到糊狗 用糊狗 红芯 这两台 简直 谷津 同轴 推荐 感觉 机器 之前 数字 手机,0
可能 不会 两个 平衡 线路 不同 单端 干扰 口转 炸倒,-1
享乐 功用 夹力 革质 漏出来 忌讳 返听类 选用 皮质 选购 通常 谨慎 较大 不透气 确保 偏好 日常 舒适度 初衷 刻意 返听 迎合 工作 频响 这是 漏音 录音 设计 不同 隔音 容易 说白了 相对 所有 难听 用来 监听 听音 耳罩 使用 进去 不会 不是 佩戴 耳机 声音,-1
没有 不好 推森海 听风 全家,-1
不错 耳机 自带 帮顶 用户 推低,1
升上来 全假 这辈子 落伍 几十 最大 网上 硬盘 够用 只能 音源 基本 感觉 现在,-1
看来 产品 消费 价位 只不过 没看 表达 想要,1
重量轻 试一试 重量 唯一 价位 挺强 古典音乐 堪称 音真 辉煌 时有 开阔 居然 封闭 吃惊 楼主 赞同 用家 帮顶 真是 古典 编制 自然 性价比 听感 神器 真的 声场 音乐 耳机,1
老烧会 好听 耳机 觉得,1
耳机,0
普通用户 选择,0
美化 阻太渣 推高 推低 只能 神器 听音 东西 不是,-1
犹豫 这款 最近 有点,0
持有 表示 根本,0
半罩 带久 摩托车 多克 台湾 奇怪 重心 头梁 难受,0
支持 一下,1
恭喜 发听感 惯例,1
知道 不错 耳机 不是 手机 可能 比较 问题 版本 方便 不会 没有 不能 适合 听歌 所有 有个 追求 电脑 普通 前端 用个 上限 稍微 几年 寿命 电池 播放器 不想 连接 蓝牙 台机 坚定 无线 到时候 寄回 插线 备件 只想用,-1
不是 起码 二手 机器 现在 全新 画眉 出头 五千 多好 不坑 收金,1
最糊 多万 过国 拍卖 知音 一体机 超级 所有 暖糊 之前 器材,0
提前 发育 现在,0
之前 不好 前端,-1
莱尔 西装 感觉,0
石机 关注 很少 后来 低阻 之前,0
不要 解码 其实 现在 适合 效果 喜欢 耳放 旗舰 往往 电脑 千元 集成声卡 一体机 特点 推低 折腾 推成 想着 家专,-1
不会 动态 胆结石 太差 缺胆味,-1
居然 没有,0
毕竟 声场 完全 素质 编制 通透 属于 差些 搞好 为准 持平 以大,-1
存在 没有 意义 单端 推不比差,-1
浪得虚名 标杆 混完 录音棚 号称 录音 为啥 绝对 不是 知道,0
区问 新手 问题 应该,0
密闭 相箱,0
不错,1
某颗 电容 老化,0
未知 成交价 真实 原价,0
顶狗哥 豪气 不敢 看起来 前排,1
数据 之间 测试 很多 不会 没有 影响 好听 听听 不好 毒文 改变 联系 不测 变好 客观存在 遵从 本心 实事求是,-1
最佳 哪有什么 统一 买来 永远 答案 只能 喜欢 这种 试听 没有 问题,1
产管 管是 古董 管子 性价比 比较 不是,1
热心人 顶楼,1
解码 选择 素质 更好 不好 同价位 这台 数码味 诗德高 登钰龙,-1
防震 单薄 架子 样子 确定 好像 这种 感觉 便宜,1
到底 牌子 英国 假洋鬼子 剑桥 正宗,-1
三宝 方式 输入,0
打印机,0
听感 帖子,0
低频 顶级,1
心酸 感悟,0
楼主 平板 耳机 知道,0
目前 界面 芯片 噱头 宣传 瓶颈 更何况,1
双木三林歌 诗德,0
声音 知道 基本上 素质 不可 更好 单元 全新 高级 不好 外壳 用料 就算 库存 走向 更高品 折叠,-1
确实 来讲 游戏 主机 超强,1
不错 之前 模式 电流 这台,1
喜欢 音色 蓝色 白色,1
一点半点 单强 执意 说不过去 一两年 不上 一体 专业 完成度 单端 平衡 肯定 西装 耳放 喜欢 我用 真的 解码 建议 不是 一定 不用 声音,1
套件 相机 电脑 不行 好听,1
普通 味道 感觉,0
产品 很多 是否 怀疑 底噪 正确 判断,-1
不换线 帮助 透明度 一对 接插件 认为 超过 结构 个人 提升,0
同档次 蓝水 这根 不同 旗舰 相比 档次 风格 提升,0
反正 目前 感觉 用来 这放 平衡 再贵 没用过,-1
费电 大振 索六 驱动 程度 优势 随身听 至少 不好 耳塞 算是 素质 好听 能响 搭配,-1
生产 官网 德国,0
小型化 网线 矩声家 普遍 非常 机器 一条,0
耳机 级别 器材 买个 理论 风格 对比 差异 类型 几千 歌曲 期间 驾驭 之下 花大,-1
觉得 应该 线材 提升 需要 尤其 音染 搞不好 转接头 倒退 内线 转接 环节 这一 母机,-1
期待 不错 铁三角 感受 对比 楼主 加入 真切,1
质量,1
渠道 购买,1
旗舰 歌德 耳机,0
说不出,1
相关 百度 好奇 使用 感受 没有 比较 产品,1
支持,1
耳机 现在 推力 难为 别用 国砖 差得 大块头 老远,-1
支持,1
不错 高价 万元 晶彩 大厂 名门 出名,1
声音 失真 耳机 问题 不会 看看 解码 更好 耳放 音量 楼主 试试 容易 好点 输出 噪音 功放 电流 相乘 开大 小于 十点 声会,-1
不错 听说,1
转盘 用来 性价比 硬件 主要 操作 一类 台机 无脑 接机 一大帮 斯德哥尔摩 整天 拼命 起哄,-1
靓仔 红头发 打篮球 喜欢,1
可惜 学习,0
平面 个人感觉 就行了,0
好文收,1
严重 明显 解决 问题,0
称不上 电风扇 级差 凸显 差别 前端 大乌 性价比 明显 存在,-1
耳塞 退坑 留下,-1
明显改善 挺软 未必 黑标 上台 只能 感觉 可能,0
姜蒜 多放点 高压锅,0
级别 真的 楼主 退烧 毛病 致敬 骄傲,-1
不错 手机 软件 感觉 思路 太小 确实 可惜 控制 方面 搞个 海贝 六万 体量 力量 薄弱 平民,1
生死 数字,0
战火 经历 感觉,0
觉得 佩戴 系统 东西 有点 反正 现在 人声 一代 长时间 特别 确实 尤其 手上 森海 回来 不想 好友 头版 淡淡的 甜味 有股 再切 情节 仔细听,1
确实 原线 过于 好手,1
设备 错误 多数 录音 导致 认为,-1
没敢 犹豫 办法 欧博 有意 下手 实际 不错,1
回音壁 另辟蹊径 买个,0
接口 直接 耳机,0
一定 出来 估计 绝对 其实 看起来 人耳 基本 差距 单个 全面 综合 程度 听不出来 指标 之后 说不定 哪家 好多 下来 谐波 失真度 并不大 会测 全测 洋洋洒洒 好几页 看得懂,-1
耳机 现在 大法 倒退 简直 外观设计 稀饭,-1
隐士 机子 外观 不错,1
声音 知道 听过 森海 大气 真假 厚暖声,-1
现在 感觉 基本 音源 只能 够用 硬盘 网上 最大 几十 落伍 这辈子 全假 升上来,-1
狂吹 冒犯 下家 说句 出货 感觉,0
内功 小巧 知道 好看 期待,1
品质 正常,1
音乐 效果 网络 现场 录制 上假,-1
不少 万元 音质 一台 耳放 解码 一定,1
靠前 哈曼 曲线 主要 比较,0
声音 搭配 声场 提升 好听 感觉 解析 高频 低频 听到 一点 清楚 方面 稍微 女声 男声 线基 纵向 立体 差一点 几根 盖住 得话 仔细听 蔷薇 残料,-1
落败 舒尔是 比不上 全方位 重要 不是,0
出来 不是 问题 解决 这种 最好 类似 那种 只能 三个 垃圾 不好 电脑 稳定 干扰 性能 不足 供电 信号 专业 找到 够用 保证 缓冲 屏蔽 原因 杂讯 尽量 同轴线 分支 调高来 主口 且口,-1
近期 树莓 一波 了解,1
奔放 细腻 透明度 激情 不够 很爽 耳朵 声音,0
好看 不是 好声 那种 内部 路线 品牌 东东 一贯 平价 虚价,1
高频,0
搞不好 粘完,-1
差太远 没说 认真 块钱 还行 一体机 前端 楼主 耳塞 古典 流行 编制 味道 买个 耳机,-1
年纪 耳力 下降 代表 入耳 不好 自然 喜欢 失真,-1
绕过 耳放接 够用 退烧 素质 非常 好听 不错,-1
应该 关键 好不好 牌子 后面 算是 代工 没什么 德国 不敢 音响 电容 现代 飞利浦 最起码 原版 动手 诚意 老头 工厂 大规模 记不清 焊工 原产,-1
会高 热度 耳机,0
转换 信号 对付 国产 解码 数字 东西 问题 数据,0
味道 好评 正经,1
声音 明显 周杰伦 不算 活泼 热情洋溢 俏皮,1
三修 必须,0
楼主 原来 骗子 版主 支付宝 钓鱼网 打款 封号 惯犯,-1
应该 关键 好不好 牌子 后面 算是 代工 没什么 德国 不敢 音响 电容 现代 飞利浦 最起码 原版 动手 诚意 老头 工厂 大规模 记不清 焊工 原产,-1
惊艳 香格里拉 低频 不错,1
不来 真正 退烧 论坛,-1
歌德 退烧 之选,-1
花钱 天天 静电 地方 试听 不用 耳机,0
听歌 低频 确实,1
看来,0
声音 耳朵 搭配 一下 回复 比较 谢谢 简单 提升 个人 喜欢 风格 一点 特色 能否 一体机 介绍 天鹰座 比有,-1
人民 校长 功放 调音 回复,0
突然 说起 觉得,1
千元 试试 有没有,0
舍不得 低频,0
感觉 最近 本来 帮顶 经历 折腾 再收 收才行,-1
耳机 没假 放心 有点儿,-1
感觉 非常 高频 喜欢 追求 整个 大多 日系 尖细,-1
开到 大力 这代 推低 楼主 音量 感觉 不会 耳机,0
加乘 耳機 溫潤 還強 低頻 效果 我用,0
荒唐 人云亦云 评论 简直 不是,0
基本 胆机 高端,0
歌德 看看,0
再来 一体机 差不多,-1
银乌大 多仅 看见 拆封 小乌 国行 为啥 封闭 好奇,1
好看 胆机 外观 叶家,1
问题 质量 确实 算是 商家 未必 就算 偏音 就行 理由 退货 愿意 天无 难搞 消协,-1
不是 合适 重要,1
清仓 春节 无不 昨天 万出头 种草 差点 齿音 展会 入手 通透 后悔 当时 价格 严重 流行 非常 感觉 好听 知道,-1
非常适合 电影,0
不错 价位,1
第一款 记错 漂亮 系列 支持 产品 应该,1
差距 同样 磁带机 磁带 听听 确实 不大 感觉 区别 声音,-1
偏亮 银乌 两种 速度感 风格 调音,0
最佳 王菲 女声 尤其 不错,1
区别 投入 耳放 安心 推出,1
真是 毒到,1
不是 空间 合适 京东 开过,1
场面 真心 遇到 单端 不行 确实 高频 不大 直接 声场 建议 问题 手机 觉得 存在,0
一下 希望 买过 目前 牌子 听感 界面 大佬 价位 推荐 问问 分享 卖家 有无 折价 看中,-1
真的 的确 保持 暖厚 费劲 神论 低失,-1
调音 高级,1
不低 北极星 凌厉 细腻 顺滑 美国 追求 素质 那种 其实 动态 不会 不是 声音,1
绳上 拥堵 能量 频段 线基 英文名字 翻译 那类 双子座 话筒 苏默 信号线 中频 翻车 基本 感觉 有点 一条 不会 没法,0
喜欢 很强,1
反倒 劝退 更重 更大 重量 舒服 那种 佩戴,-1
器材 这种 仿真 长脸,-1
声音 知道 已经 现在 调音 纵深 满意 差点 宙斯 代比,-1
不行 不错 知道,1
级别 推好 性价比 评价 差不多,-1
一晃 十年,0
点大 基友 最简 虎豹 转成 播放器 一款 安装 好点 用过 麻烦 播放 几百 音质 所有 好像 只能 确实 以前 简单 无损,-1
频响,1
省心 玩游戏 笔记本 还行 性能 绝对 声音,0
麻烦 可否 版主,-1
原厂 功放,1
最好,-1
未知,-1
个人 细节 解析 性价比 素质 更好 耳放 一台 方面 超高 认为 不比差,-1
声音 不错 正在 温暖 迷人,1
十五分钟 尼玛 排队 没有,0
几个 呵呵 真的 地方 貌似,-1
提升 投入 价格 感上 咸菜 最多,-1
后接 回来 精选 索尼 苹果 平衡 试试 耳塞 效果 非常,1
多多 完全同意 技术指标 坚持 认为 听感 不够 现在 其实 关联 完全 补充 无法 希望 老大 数据,0
声音 官方 知道 觉得 不用 一下 问题 没有 解决 看看 提升 完全 需要 反正 以前 感觉 研究 一只 正常 对比 听到 当时 习惯 后来 情况 音箱 继续 电脑 半年 发现 不敢 只好 突然 卡顿 关机 爆音 买来 一次 这货 索性 好多 睡觉 联系 不堪 脑放 仔细 提示 两天 死活 孩子 一会儿 神奇 直到 维修 一切正常 浮躁 休息 若有若无 一用 认不出 拆下来 烦躁 停下来 详细描述 不了了之 听带 周末 依依不舍,-1
高得 加耳放 收益 解码,0
可能 熟悉 型号 海里 民谣 猜测,1
耳机 眼睛 适合 流行 国外 不好 说明 编号 国内 认为 销量 典型 偏食 看出 老百姓 雪亮,-1
主要 二手,1
隐士 很漂亮 口碑 现在,1
支持 一波 赏心悦目 看着 报名 电路板 歌诗德,1
耳机 产品 里面 很多 没有 好听 素质 听过 音箱 香格里拉 说实话 实际上 包括 解毒 比大 大香 专卖店 居多,1
一下 了解 惊喜 保准,1
真是假,-1
时代 差不多 加入 毒龙 本论坛,-1
万岁 上用 电脑 建议 玩玩,0
吓死 宝宝,0
建议 单晶 冷冻 量子 清明 烧点 超导 黑洞,1
声音 不到 几个 建议 之前 低端 真的 特别 性价比 正常 必要 效果 价位 型号 表现 好友 私聊 预期 降点 超平 带内 宣传 过犹不及,-1
没有 设备 不了 厂家 确实 传统 为主 肯定 高烧 生产 物有所值 英国 君子 廉价 国人 收购 大规模 法眼,1
未知,1
来说 本来 不差 盒子 算好,-1
喜欢 似乎 楼主 发现,1
再来 一周,0
以往 不同于 大白 评测 具体 歌德 所有 贴子,0
知道 推力 单位 牛顿,1
西装 翻车 绝对,0
没有,0
好听 听边,1
楼主 继续 烧烧 感悟,1
不错 已经 建议 达斯 成品 良莠不齐,1
好太多,1
不错 有点 人声 性价比 听听 冲新,1
积灰 十年 严重 以上 不能 目前 应该 知道,0
以大 持平 为准 搞好 差些 属于 通透 编制 素质 完全 声场 毕竟,-1
迷人 同价位 吃亏 低价位 歌德 确实 素质 好听 基本上 耳机,1
存在 耳机 手机 直接 提升 反正 好听 当然 最好 必要 上台 心目 缺钱,-1
区别 可能 这种 转盘 垃圾 没什么,-1
苹果 耳机,0
笑话 好几个 上限 真力 音箱 耳机,1
五六百 一千 反而 坚挺 价格 性价比 直接 二手 没有,0
淘宝 块钱 哈哈哈哈 来回 保价 星期 油费 掂量,1
确实 没用,-1
这水 平衡,1
真是假,-1
曾经 出掉 之后 发帖 相信 方面 表现 咨询 后来 对比 选择 论坛 耳朵 觉得,1
晾干 洗衣 洗洗 加点,0
假货 假话,-1
承受 最贵,0
问题 已经 之前 其实 全新 果断 以后 重要 继续 以下 良好 耳套 到货 运费 对方 套子 顺丰 同感 确认 只用 卖东西 保价 交易 墨迹 快递 某次 信不过 标价 退钱 信用 太难受,-1
退烧,-1
觉得 耳机 系统 好听 明显 特别 更好 差距 以为 几千 为啥 一般般 不开 一万多 暴打 搞懂 火并,-1
狗兄 喜提 恭喜,1
知道 不错 觉得 东西 当时 楼主 歌德 差不多 意见 四不像,-1
账号 登陆 借来 难说 搞不好 真实情况 没试 天差地别 细微 机型 大小 内置 闪电 猜想 差别 导致 输出 变化 为啥 比差 分析 不同 音质 电平 是不是 最好 这种 关系 理解 可能 手机 应该 毕竟 知道,-1
属于 推好 绝对 好声 东西 出声 耳机,1
频带 版靠 幽灵 失真度 无论如何 无源 各类 整天 老烧们 吹牛 输出功率 说法 曲线 频响 大小 相信 功放 输出 等级 匹配 有源 功率 赞同 有点 完全 不会 搭配,-1
便宜 知道 软件 支持 好像 不好 用过 原来 方案 国内 看着 网易 网络软件,-1
辉煌 相当 推好 声音,1
支持,1
原因 低频 可能,0
不错 耳机 真的 马兰士 单端 想不到 口比,1
兄弟 不是,0
干的事 上煲 中断 晚饭 出门时 关掉 比方说 作息时间 能煲 循环 低能 内容 合格 上班 早上 期间 每天 睡觉 前提 就行 调整 随时 播放器 噪音 变化 差不多 播放 打开 上学 听到 音量 耳放 交响 正常 明显 小时 当然 起来 使用 动态 比较 不是 产品 耳朵 耳机 左右 声音,-1
声音 觉得 耳机 耳朵 动态 声场 提升 明显 解析 素质 平均 水准 平衡 往往 单端 变化 放下 感到 不仅仅,1
好看 感觉,1
人少 好处,1
蛮渣 解码板 真心 部分 耳放 不错,1
逊于 一丝丝 杂乱 有序 排布 小气 峰谷 造成 走向 结实 频响 显得 塑料 认为 特点 背景 略微 大气 一点 三频 整体 更是 低频 基本 高频 不大 乐器 不够 感觉 比较 区别 左右,1
六楼,0
奖给 插入,0
非常 好用,1
比较 声场 目前 人声 乐感 包围 耳塞 均衡 感情 后悔 退烧 手头 立体 偏科 威士顿 耐听度 没舒尔 价上,-1
场管 东芝 神龙 召唤 凑齐 烧运放 入坑 分立 扩流 运放 是从 个人 直接 建议 觉得,0
很多 请问 拜亚 更好 古典 看到 大师 情况 推荐 德国 博主 推不差 推选,-1
建议 实在 喜欢 风格 一段时间 换掉 独特 钢线,-1
过剩 决定 最终 啥意思 性能 芯片 明显 现在 反正 不是 知道 声音,0
两分 一分货 毛钱 一分钱,0
失真 左声道 右声道 左右 超出 官方 规格 参数 范围 看来,-1
耳朵 不到 很多 设备 细节 以前 低端 其实 这种 消费者 听到 一点 肯定 实际 以为 体验 差别 更加 之后 倾向 进步 说不定 方法 效率 挑选 听久 换回 判断 系统升级 创造 原本 高速 吻合 准确度 契机 一码,-1
快超 价格,0
屏蔽 干净 一点 电源 估计 数据,1
觉得 差不多 下来,-1
指日可待 一哥 详评 成为 厉害 国产 支持,1
听新歌 获取 问下 老歌 资源 设置 淘宝 主要 古典音乐 可惜 只能 成功 谢谢,0
不用 友好 同轴,1
耳机,0
耳机 真是 折腾 玩法,-1
留下 楼主,0
出来 比较 很快 网站 感觉 好像 不同 看着 衰减 清爽 个峰,1
耳机 电源线 适合 必要 不行 折腾 棉被 回去 音染少 小霸王 发闷,-1
上代 不行 确实 低频 直接,0
莫名其妙,0
声音 二代 一代 容易 音染 驱动 上加 基础 味精,-1
嫌疑 圈钱 没金 免费 避免 画眉 用户 升级 声明 应该,0
有点 差别 同轴 好几个 台阶 会信 说口 耸人听闻,-1
搭配 不会 完全 有点 赞同 功率 有源 匹配 等级 输出 功放 相信 大小 频响 曲线 说法 输出功率 吹牛 老烧们 整天 各类 无源 无论如何 失真度 幽灵 版靠 频带,-1
玫瑰 好看,1
差异 驱动,-1
比较 系统 麻烦 一体机 数播 宿舍,-1
中阻 刚出 新品 森海 有个 低阻 值得 没有,1
耳机 眼睛 适合 流行 国外 不好 说明 编号 国内 认为 销量 典型 偏食 看出 老百姓 雪亮,-1
就行 几万 肯定 试试 二手 估计 应该,1
谢谢 帮顶 两位 楼上,1
型号 解码,0
声音 觉得 应该 比较 难以 很多 没有 音乐 完全 感受 感觉 非常 解析 听感 调音 尤其 经典 差距 赞同 巨大 来讲 接近 优势 刚刚 替代 售价 真实 感到 调教 后者 注定 好几年 仿佛 恰到好处 拿捏 融入 置身 时空 老练,-1
声音 线材 没有 影响 厂家 承认 一点 证明 排除 科学 标示 方向 金耳朵 出厂 线材厂 目前为止 特定条件,1
几年 卖掉 前有 包邮才,-1
香槟色 纪念版 心中 看得出来 地位 不算 特殊 土豪 系列 颜色 说明 森海 有点 不是,0
高到 配乐 编曲 原版 动力 器乐 制作 用心 专辑 拜亚 特别 人声 发烧 很多 表示 不知,1
不怎么 满意 我用,0
垃圾 平衡 单端 机子,-1
试听 看看 他家 李工 天津 仿吧,-1
会上 感好 京东 尝试 旗舰店 原线 相比 提升 搭配 觉得,1
三动圈 做大 一次 居然 小不点 单元 耳机 知道,0
一团和气 永葆青春 新年快乐 大家 希望,0
口出 外加 烧掉 板子 谷津 一次 更新 改进 驱动 一言难尽 大家 一体机 情况 地方 界面 明显 真的 机器 之前 出现 估计 问题 出来,-1
天龙 不好,-1
放在 不要 不了 楼主 市场 激动 真的假 历练,-1
泉水 姐姐,0
电源线 二手 真的 最后 垃圾 退货 低价 想要 商听 商量,-1
不是 音乐 随便 必要 听听 专业 干嘛 赚钱 枪文 养家,-1
声音 没有 这种 推好 非常 推开 韵味 难听 太大 精致 同样 价位 容易 平衡 电流 推推 莱尔 曾经 小提琴 中高阻 柔美,-1
声音 耳朵 可能 问题 已经 参照 音乐 空气 设备 直接 需要 结构 差异 不好 还原 话筒 录音 制作 一次 进行 真实 混响 衰减 回放 如果说 原本 假设,-1
一玩 欧迪家 不开 音效 值得 最好,1
喜欢 音乐 别人,1
原创 推力,0
商标 注册 成功,0
反倒 凡事 口碑 好些 貌似 不行,1
结论 科学,0
刚刚开始 快能 不信 退烧 其实,-1
觉得 达到 一下 速度 问题 设备 不能 那种 一台 电脑 传输 状态 实验 硬盘 理想 标称 固态 理论值,1
几天 收到 复刻 这款 一个月 下单 水平 界面 某宝 到底 看看 试听,0
不错 考虑 曾经 声音 银乌,1
差不多 价格 不错,-1
疑问 满意 肯定 极致 一下,0
能分 零地 说好 标的 清楚 插头 可能,1
耳机 这种 人声 必要 典型 是非 终极 德奥,-1
没票 有票 主观性 高登 售后 保修 优点 太强 回来 情况 一手 喜欢 二手 好看 声音,1
声音 层次 可能 加个 空间 感觉 非常 素质 不好 分离 闲鱼 多收 扎实 毫不 香肠 拖泥带水 幸亏 白捡,-1
求美 求真,0
未能 视频文件 改回 提供 售后 安装 插件 半天 吐槽 播放 只能 最后 不能 解决 几乎 版本 官方,0
耳机 玩玩 东西 试听 需要 现在 离开 听听 箱子 麻烦 极端 下载 生活 实体 好玩 讨厌 先玩 听够 新鲜 那么回事 采取 静养 安神,-1
入门 建议 东西 直接 电脑 差不多 好点,-1
感不太 前段,0
根本 耳机 难以 人声 适合 拜亚 流行 古典 特色 金属 折腾 改善 拿来 器乐,-1
摩友 裸机 头盔 摩托车 低于 可比性 包裹 属于 范畴 接近 不少 没见 大乌 颈椎病 完全 没有 比较 耳机,0
声音 耳机 耳朵 出来 不是 很多 入门 细节 感觉 这种 推好 低频 喜欢 不行 太大 对比 氛围 万元 轻易 音箱 沉浸 宽松 吊打 大气 差别 太多 带来 烧油 书架箱 声压 错觉 绝大多数 造成 单从 烧毁 差异性 并不需要,-1
声音 觉得 推好 样子 振膜 入门 差不多,-1
税太多 古董 智商 器材,0
改下元 互补 双子座 头子 平衡 歌德 原线 买个 搭配 便宜,0
仰望 高端,0
学习,0
没有 声场 好听 随便 听感 素质 流行 纵深 需求 封闭 歌德 粗糙 找个 平平 还够用 差结,-1
学习 贴子,1
声音 便宜 觉得 耳机 不到 感觉 最近 这种 二代 解析 特别 素质 水平 调音 风格 只能 单元 相对 部分 同意 结像 巨大 平衡 差不多 凑合 规模 程度 大致 实际上 到哪去 品牌 不算 更高 中庸 看法 圈钱 略有不同 能大,-1
圆嘛 月亮 外国 不是 看来,0
耳机 很多 高频 低频 三代 一点 试试 喜不喜欢,-1
越玩越 眼界 玩来,0
确实 漂亮,1
做工,0
脚跟 站住 掉价 莱曼 一堆 原来 国货 价位 这种 现在 二手,1
欣赏 口水,0
回应 硬鬼 美亚 害人 知乎 新机 翻车 低频 高频 非常 现在 绝对 之前 没有 版本 问题 测试,1
耳机 器材 其实 算是 均衡 容易 不同 染色 差别 中正 走向 三款 三圈 重染 单薄,-1
几个 建议 没用 二手 全新 多久 不少 闲鱼 价格比,-1
声音 搭配 系统 喜欢 外观 驱动 头疼,-1
推主 接电源 模拟信号 确定 输入 有源 箱子 音箱 需要,0
前面 时代 意大利 数字 加个,0
耳机 很多 味道 拜亚 喜欢 主要 退烧 特点 伺候 属于 这点 强型 洗脑 擦擦,-1
玩法 还行 推力 试听 一下,0
没有 机器 最好 舒服 单端 推是,1
支持 机器 效果 不配 格式,-1
万事 可能,0
官方 估计 很多 很大 那种 更换 意大利 一套 原配 了解 材质 缺点 后期 下来 罩子 人造皮 超跑 座椅 真皮 天鹅绒 凉快 要百 挺肉,-1
帖子 以前 好像 看过 这篇,1
一步到位,0
不行 麻烦 自吹 越吹越,-1
不好 太大 好听 区别,-1
声音 不错 层次 声场 解码 味道 低频 分离 一体机 数播 甜甜的 不算 扁平,1
不错,1
知道 耳机 不是 大概 是否 二代 明白 大佬 用家 意思 原来 大家 磅礴 玩具 想要 才子,1
闷炉 全聚德 鸭子 张图 讨论 看到 上次 到底,1
官升线,0
已经 需要 路线 朋友 退步 大多数 问小白,-1
前排 帖子,1
耳机 有点 乐器 明显 高频 特别 听感 编制 流行 中频 意思 确定 女声 今天 擅长 奶罩 仔细听 太凸 薄一到 太紧,-1
看重 喜欢 考虑,1
素质 人声,1
花用 万块 块钱 音源 电源 预算,0
不是 很多 预算 其实 考虑 买个 针对 设计 声卡 大多数 牛鬼蛇神 小作坊,1
麻烦事 民用 代价 无非 省钱 必然 专业 图个,-1
色相,0
爱好者 收集,1
付费 试听,0
关了灯,0
试听 支持,1
当然 诗德 我用 前排 考虑 太低 就行了 其实 名机 高价 绝对 好听 是否 关系 很大 感有 喜好 个人 不要 很多 不是 一定 不错 参数 声音,1
技术 认为 没有,0
转盘 差别 机型 挺大 据说 两三千,-1
转有 充电 推荐,0
耳机 级别 试听 差距 湖人 方程式 安润 昨天,-1
不错 试听 设备 解码 以前 不能 选择 性价比 界面 旗舰 用过 模拟 品牌 没用过 唯独 何家 上层,-1
很赞 机系统 海帆 世贸 长宁 店里 品牌 一套 上海 比较 搭配 玩玩 高端,1
明显 同样 万元 实际 体验 五六千 两万多 双台 机比 多国 韩砖,1
完一 刷新 看见,0
耳机 问题 支持 纠结 适合 耳放 条件 找个 退货 试下 这有 小马 过河 好别 胡吹,-1
区别 里面 问题 基本上 前级 以前 机器 好听 非常 理论 音源 情况 推动 八爪 功放 折腾 专业 后级 到位 反而 大力 奇迹 合拍 民用 用用 世通 未为不可,-1
还轻 两货 几支 最佳 配合 折腾 佩戴 耳机,-1
耳扫 人工 曲线 麦克风 指向 拿全 测量 对比 直接,0
很小 据说 差别 机器 不到 应该 声音,-1
经典 买不起 推不开 拥有 短暂 没耳放 十几年 可惜 监听 现在 耳机,1
期待 是否 确实 对比 价位 设计 体现 才能 物有所值 同价位 民族 有所 工业 看出 眼前一亮 自豪感 高昂 鬼版,1
拜亚 难听 封闭式,-1
投年 第一个 貌似,0
收个 不少 更好 性价比 不是,1
从来 缺乏 感情 觉得 声音,1
树莓 不用,0
背锅 不行 设备 耳机,0
觉得 建议 试听 不好 满意 别提,-1
好多 做工 感觉,1
加进去,0
真要 店员 店里 想要 最起码 自带 东西 觉得,0
知道 耳机 烧友 解码 音源 调音 耳放 针对 困难 交流 咸菜 找个 冷门 过于 放该 少有 一个个,-1
声音 知道 耳朵 直接 之前 一只 的确 单元 出手 麻烦 金属 半年 寄过去 两边 保修 变成 用到 刚出 织布 内衬,-1
展会 氛围 喜欢,1
别人 算了 天使 听过 楼上 镀金 晶体,1
不错 觉得 听得 迷茫,1
超强 主机 游戏 来讲 确实,1
相机,1
代价 改造 太大 关键,0
费钱 用别 以后 自带 隔离 反正 升级,0
内容 扎实,1
声音 感觉 调音 喜欢 高敏 低阻 音量 苹果 最高 清淡 调到 震耳欲聋 推二欧,1
网播 使用 支持,1
二手,0
或许 对比 适合,0
未知,1
局限 钢琴 过于 纯净 空灵 两个 耳机,0
预算 实在 不行 折腾 好好,-1
味道 正经 好评,1
后者 做工 有点像 德国 极致 歌德 秒杀 感觉,0
已照 多谢 设置,0
其实 差不多,-1
平衡,0
挑贵 动心 妥协 路上 不要,0
推用 朋友 谷津 推荐 有人 感觉,0
蛮大 天鹅绒 坚持 材质 森海 耳罩 影响 声音,0
那种 韵味 时代 不好 银彩 天花板 金银线 色彩 老掉牙 正义 大烧 这口,-1
咸吃 萝卜 操心,0
电压 日本 市面上 千万 那种 不要,0
没有,0
要求 器材 比较 起来 其实 感觉 风格 交响曲 大部分 塞子 差不多 真正 规模 早期 使劲 推都 勉强 作品 晚期 贝九 马勒 对路 并不比 贝小协勃 小协高 布鲁克纳,-1
神塞 真心 推荐,0
存在 明显 性价比 大乌 前端 差别 凸显 级差 电风扇 称不上,-1
耳罩 清晰 原来,1
没有 差评,-1
原来 清晰 耳罩,1
强动圈 全面性 转换头 过接 真不低 不精 样样 爽去 爆型 超猛 大肌霸 首选 冲着 非常适合 想要 电子 毋庸置疑 编曲 调整 现代 属于 号称 改变 纯银 能量 音染 密度 银彩 上限 前端 动圈 旗舰 推荐 配置 控制 类型 音色 大乌 风格 确实 低频 效果 值不值 一只 适合 都行 解析 听音 非常 那种 推好 当然 其实 个人 一条 来说 音乐 动态 比较 手机 线材 要求 耳机 不错,-1
识货 楼主,1
一定 很多 东西 看起来 国外 垃圾 国货 照样 代工 贴牌 很火 男人,-1
看运气 飞利浦 寿命 电容 就算 机子 设计 光头 系列 状态 理论,1
达菲 安装 数播,0
声音 耳机 区别 反正 极其 相当 垃圾 听不出来 笔记本 天花板 到头,-1
未知,0
几个 支持,1
讲讲 对比,0
更好,1
帮顶,1
知道 耳机 出声 耳朵 所谓 一定 很多 东西 需要 其实 不能 不够 解析 高频 听力 严重 尤其 对此 音质 耳塞 一点 容易 追求 巨大 有时候 细胞 入耳 旗舰 内部 天价 导致 疯狂 生产 宣传 毁掉 带来 长期 误导 后果 厂商 卫生 污染 贡献 通道 入耳式 教育 组织 不合理 健康 造成 形象 呼吸 毁坏 神经 耳蜗 上皮 绒毛 过分 密闭式 很伤 耳道 局部 缺氧 受损 外耳道 感染 进一步 恶化 责任 树立 群众 叫停 恶劣,-1
声音 推力 不差 品牌 单位根 换算 出现 其实 当然 非常 耳放 差距 功率 情况 音箱 可怕 就要 推不出 灵敏度 指标 这是 一倍 家用 声压 出了名 大功 大食,-1
耳机 解码 最近 非常 只能 低阻 部分 满意 设置 勉强 关闭 屏幕 自动 口能 胜任,1
耳机 比较 其实 明显 效果 喜欢 优势 蓝牙,1
电脑系统 升级成 用线 您好 固件 进行 播放器 最新 楼主 解码器 我用 请问 升级 支持 版本,1
上档次 木纹 感觉,0
不错 觉得 耳机 音乐 适合 风格 一波 现代 双修 杂食 冷静下来 想想也是,1
预出 搭车,0
图像 影片 录像带 模糊 转成 码率 等于 高音质 上来,-1
不错 一下 听说 是不是 推荐 即可 才能 古河 买好 真假 线呢 难分,-1
先读 内存 播放 区别 声音,0
耳机 搭配 线材 呵呵 慢慢 耳放 前端 一万 先买 我会,-1
便宜 产品 思路 价格 开关 线电好 试验,1
一下 支持 无线,1
有点 电脑 复杂 好久没,1
百八十块 要贵 眉心 结项 联想 几块 办法 不见得 特性 决定 过来 体验 接近 物理 音箱 经典 非常 一定 做到 耳机 声音,-1
声音 便宜 刚好 买个 前段时间 夸张 音箱 箱子 差别 提高 一对 一大 简直 脚架 艺特 对劲 多媒体 锐牌 无聊 放上去 毫不,-1
杂食 几年 不少 类型 比起 性价比 选择 已经 比较 不错,1
学习,0
达到 现在 感觉 耳罩 最后 研究 效果 一步 真正 接近 一年 找到 原厂 正路,-1
价格,1
建议 明显 差距 复刻,-1
觉得 不用 帖子 比较 不会 没有 直接 现在 注意 旗舰 差别 做工 在意 日系 差到,-1
降价 限量版 不是 耳机,0
好看,1
里面 三个 选森海,1
赶紧 出手,0
第第 喜欢,1
当然,0
几首 多试试 录音 看看,0
回南天 蒙蒙 线拉下 收来 纵玩 徒有 得意之作 流通 老贼 弱水 守门人 交吧 很蒙 玛莎 披头士 玛利亚 南方 遗憾 直白 最高 简直 最大 平头 完成度 至少 没错 声底 价位 推不开 价格 流行 确实 素质 解析 最近 感觉 现在 好听 真的 提升 声场 没有 入门 玩玩 耳朵 觉得,1
齐奏 真有 特别 乐器,0
换口味 度低 凸现 中老 不快 听久 谈谈 绵软 芯片 一点 印象 刺激 低频 细节 有点 需要 速度,0
某一人 妻子 交给 逝世 一人 房间 梅花 一天 这支 决定 手中 愿意 未来 奥产 发现 重要 收获 厉害 多年 有点 感谢 整理 已经 希望 还要 耳机,1
耳机 一下 电源 折腾 有用 耳机线 比换,-1
耳机 简单 放大器 不好 物理 驱动 解释 是因为 复杂 负载 感性 模型,-1
耳机 铁三角 明显 的确 耳放 算是 插上 阻高敏 差不多 推低 电流 专用,-1
器材 学习 值得 楼主 折腾 克制 难得 念旧情,-1
机强 确实 界面 没有 比较 觉得,1
系好 比德 日系 竟然 做工 太多 天龙 精致 所有 算是 毕竟 耳机,1
耳放 音源 解码 比较,0
申报 照实 交税,0
印象 对比 调音,0
声音 耳机 不到 论坛 二手 不大 明显 特色 原线 折腾 当初 潜力 改善 换线 哪有 首发 温和 过于 影响力 没多久 凉凉的,-1
推大乌 太行 官放,0
转接头 飞机 耳机,0
法眼 大规模 收购 国人 廉价 君子 英国 物有所值 生产 高烧 肯定 为主 传统 确实 厂家 不了 设备 没有,1
头赞 明晃晃 达斯 赶紧 楼主 音源 机器 期待,1
应该 一下 速度 很多 不太 动态 有点 国产 感觉 那种 耳罩 解析 两个 不差 低频 对比 封闭式 相对 舒服 一点 分离 差不多 优势 略微 貌似 木耳 夹头 海绵 日产 要轻 掏出,-1
问题 软件 没用 其实 极其 适合 听歌 质量 拆解 严重 音频 硬件 应用 传输 俩个 完整性 开发 完整 信息 协议 局域网 基于 缓存 不负责任 机制 上层 握手 校验 数据包 软件商 下功夫,-1
那堆 十万 原价 看看 五万 二手,0
劳动 妇女节 妇女 注意,0
垃圾 好些 昨晚 半夜 直到 这会,-1
男女 通吃 眼睛,0
存在 耳机 手机 直接 提升 反正 好听 当然 最好 必要 上台 心目 缺钱,-1
看来 出来 现在 看到 辛苦 文章 以为 消失 新年快乐 假期,-1
耳机 真的 没假,-1
根本 耳机 难以 人声 适合 拜亚 流行 古典 特色 金属 折腾 改善 拿来 器乐,-1
上放 乖乖 说直 咸鱼 耳放 估计 不用,-1
五六千 定价 上市 百灵鸟 竞争力 素质 不够 有点 可能 左右,0
平衡 更好 拜亚 一代 二代 当然 以前 左右,1
狐狸 激光 口碑,0
不是 以后 商家 折腾 说实话 烧油 无语 交易 维修 进灰 执意 经不起 还敢,-1
觉得 耳机 佩戴 高频 喜欢 大乌 音色 不少 不下 作用 烧油 共同 看过 流行乐 国内外 耐听些 平调,1
电源线 已经 空间 所有 全部 平衡 电脑 至少 差不多 开发 管子 包括 百分之 那根 切记 换舒特,-1
不错 耳机 解码 考虑 素质 耳放 一体机 还行 大多数,1
钢琴 歌剧,1
胜在易 比闷糊 一档 稍差 能够 突出 大耳 便携 只能 水平 人声 感受,-1
感觉 真的 觉得,1
应该 价值 刺猬 不菲,1
有数 心理 大佬 感谢,0
功放 发挥 实力 全部 不要 没有,1
试过 显卡 风扇 解决办法 深受 其扰 禁用,-1
用到 品控 认可 进步 改进 外观 只能 声音,0
声音 知道 不错 版本 很多 建议 方便 别人 解码 机器 好听 考虑 后面 相当 全新 普通 满意 闲鱼 代理 到手 处理 唱片 英国 蓝牙 上个月 晚上 块钱 卖家 没用过 成溪 上入 总部 货该 老骚 黑胶 我入 晶振般 李工 之宝 灯光 很漂亮 师旷 红心,-1
琥珀 做出 金波 透明度 飘逸 不足 高频 解析 我用 细节 声音,-1
声音 产品 耳放 原创 不好 用过 超值 没用过,-1
延伸 更加 双子座 参考 交响 低频 素质 适合 高频 下潜 提升 耳朵,0
界面 不好 这机 听买个,-1
机会,0
介绍 哪家 转接头 淘宝 看到 没有,0
自讨没趣 愣头愣脑 正忙着 直说 点想 十之八九 光是 精着 投机 侃侃 太差 人品 呆坐 客人 买单 点菜 进门 指望 生意 快餐 买卖 眼神 店里 一天 无聊 成交 平时 反而 音响 开口 无论是 是不是 喜欢 更好 老板 大都 其实 不了 实在 基本上 东西 不会 很多 问题 总是 正在 不是 要求 不用 耳机 知道,-1
行大 莲花 用原 耳放配 专门 找到 概率 模拟 单端 满足 暂时 耳放 对应 买个 机器 解码 不到 耳机,0
当年 两个,0
耳朵 来说 性价比 素质 调音 舒服 六百 完成度 完整性 堪称一绝 一堆 吊打 永远 最讨,1
调音 高级,1
应该 影响 确实 电阻 适应性 环境 晶振 温度,-1
爆数播 神可 关系不大 软硬件 优化 主要 水平 本身 很多 还要,-1
定位 不是 现在 价格 垃圾 旗舰 不高 导致 当初 是因为 认可度,-1
苟活 下来 厉害 明白 存在,1
人声 好听 耳机,1
比较 隔音 折腾 一根 好代 线省,-1
耳机 不用 线材 电源 解码 这种 纠结 界面 以后 数播 永远 苹果 木耳 避震 买耳放 侧不香 心烦,-1
声音 最好 不耐 功放 温暖 太冷,-1
随意 讲究 套子 擦换 酒精 不用,0
器材 不会 音频 森海 恭喜 录音 专业 就算 明智 口碑 失望 领域 之选,1
没米 口水 可惜,0
海顿,1
没来 外置 过换 内置 发挥 只能 解码器 解码 估计 区别,0
不错 还要 已经 升级 考虑 以后 财小用,1
取代 逐步 传统 已经 耳机,0
折腾 确实,-1
加密 文件夹 文件 驱动 听说,0
觉得 不用 帖子 比较 不会 没有 直接 现在 注意 旗舰 差别 做工 在意 日系 差到,-1
不大有 问题,0
发电厂,0
耳机 级别 感觉 监听 音源 低频 喜欢 价格 容易 不好 个人感觉 假货 淘宝 属于 真不错 略低,-1
研究 声学 顶帖 前来 博士 受邀,1
选耳放 承受 工作 最大 功率 需要 不要 不是 耳机,0
声音 失真 事情 比较 太棒了 版本 很多 系统 来说 直接 解码 很大 绝对 其实 太低 现在 最近 最好 非常 解析 本来 听感 理论 算法 界面 音源 芯片 不好 配置 电脑 同一个 全面 超越 方案 合理 宽松 接近 机线 必须 蛋糕 纯银 输出 下载 升频 方式 提高 太多 处理 换线 更加 矩声 尝试 工作 带来 滤波 歌曲 完成 一根 数据流 三宝 高登尚 凝聚 意识 事实上 廉价 用转 实测 通道 线用 高质量 要强 厚重 交给 摊薄 擀面杖 一块 随即 直达 转码 比特流 喂给 运载 通畅 线和线 传送 面目 利用 体外 那比,-1
器材 搭配 音乐 喜欢 享受 算得 双重,1
大功 忍不住 铝带 一对 音箱 楼主 可惜 适合 没有 一定 耳机,0
感差 差强人意 突兀 频段 背景 万元 只能 以内 不够 机器 安定,-1
听求 秘籍,0
不读 皮带 进出 原因 几年 担心 光头 就要 大部分 音质 老化 这种 不要 无法,0
买高文 换耳放 合并 嗓子,0
真高 系列 性价比,0
台强 低端 入门,1
不是 问题 不会 起来 特别 麻烦 贵点 懂行 马云买,-1
比较 不要 升级 前级 影响 不差 管子 曙光,-1
耳机 性价比 旗舰 个人感觉 平面 静电 铝带 一战,1
学习 太好了,1
批评指正 千左右 没玩过 够呛 挑剔 一批 更加 本人 猜测 大家 实力 至少 来看 高级 对付 档次 耳放 音源 感觉 目前 个人 二手 新手 没有 问题 应该 耳机 觉得,1
图好,1
开脑放 有利于 别管 作用 有用 真的 线材,1
没有 不了 感觉 平衡 多久 单端,1
应该 支持 没有 解码 现在 听感 基本 楼主,1
多出 个国行 半年 很少 看到 上次 感觉,0
区别 好听 太大 不好,-1
乏味 薄刺 底子 不好 不行 浪费 耳机 觉得 声音,-1
正出 一代 看下,0
觉得 耳朵 音乐 声场 低端 解析 比起 平板 编制 音色 差距 不太多 主要 顺滑 男人家 不小 加成 柔美 巴洛克 细听,-1
监听 耳放 平衡 音箱 还原 有源 前端 输入 抗干扰 音讯,-1
没有 绝对 好文 对比 意思 实力 差点 功放 纯甲,-1
朋友 听个 没有,0
不会 东西 有点 真的 性价比 只能 试试 他家 旗舰 机会 平面 毒文 我试 看见 全线产品 高性价比 介意 歇歇,1
璀璨 穷苦 仰望 木耳 大佬,0
小乌想 值不值得 网易 手持 流行 人声 不知,1
知道 觉得 比较 设备 请问 不够 了解 楼主 录音 专业 采样 歌曲 判断 廉价 混音 师调,-1
大牌 闲鱼 旗舰 垃圾,-1
懒得 呵呵 润丰 总代,-1
冲血 要脑 更新 下去,0
带来 难说 推动 不高 前端 只能 用来 明显 推好 提升 音乐 级别 要求 毕竟 耳机 声音,1
未知,1
人声 好像 稍微 偏科 主力 些许,1
不上 前提 推荐,0
典型 退烧 动圈 非常 现在 不错 声音,-1
外观设计 声价 在售 后者 高登 最高 新派 一体机 目前 里面 还要 觉得,0
晶彩 想要 首选,1
敬而远之 基于 经验 正确 购买 态度 国产 耳机,0
上来 以后 烧鸡 开机 几分钟 胆管 猴急,-1
杂食 主听 女声 情况 楼主 适合 来说,0
一模一样 给出 看法 兄弟 正确 答案 已经,0
断电 习惯,0
毛子 功率管 难道 是因为 线性 不行 只能,0
乱说 误导,0
听用家 不服 石机 更加 不好 感觉,-1
大气 接口 一点 听说 没有,1
机挺 二手 便宜,1
调高 实质性 三挡 会糊 调低 起到 调节 推大乌 石机 增益 作用 差别 单端 平衡 整体 大乌 适合 感觉 很大 个人 有点 没有 不太 毕竟 觉得 声音,-1
声音 非常 欧都,1
声音 存在 不知 不是 版本 完全 以前 国产 感觉 是不是 中频 情况 或许 稳定 失望 劝退 个例 之下,-1
声音 比较 目前 考虑 二代 拜亚 素质 喜欢 古典 低阻 三代 评价 差异 极致 中性 推算,-1
应该 好评 年前 服役,1
联盟 庞大 松散,0
礼貌性 顶一下,1
推是 单端 舒服 最好 机器 没有,1
见谅 越俎代庖 排版 整理 一下,0
忽略不计 板载 魅族 小米 之上 出个 标准 声卡 随便 那种 多年 设备 根本,0
高多 外部 内部 价格 时钟 参数,0
刚买 二手 不是,0
谷津 功率 低阻 太小 适合 推力 建议 耳机,0
电源线 原配 楼主 太贵 这鼠线 电用,-1
溢价 晶莹剔透 温润 别买 甜美 女声 木碗 老化 喜欢 考虑 其实 真的 不错,1
快出 歌诗德 新版 考虑,0
听出 比赛 哈哈哈 坛子 凡是 不敢 线材 耳朵,1
一件 事情 比较 东西 楼主 环境 一堆 打包 旅游 出差 搬走 酒店 周围 猛得,-1
比难 心动 文章 手持 辛苦 价位 楼主 打算 本来 现在 二手 知道,0
我用,0
不好 两个 其实 耳机,-1
不错 手艺,1
听腻 回去,0
声音 便宜 耳机 应该 就别 功能 问题 解码 机器 这种 用来 正常 大部分 功率 不少 国内 声卡 供电 专业 太贵 没用过 创新 老虎 雅马哈 代替 输入输出 用不上 罗兰 口嘛 乐之邦 老梗 吹水,-1
哼哼 即可 没有,1
消协 难搞 天无 愿意 退货 理由 就行 偏音 就算 未必 商家 算是 确实 质量 问题,-1
不用 一下 升级 感受 明显 值得 对比 普通 差别 装修 认真对待 为数不多,-1
失真 看看,-1
建议,0
狙多 一趟 靠谱点 走向 楼主 条件 听听 试听 东西 声音,0
谷津,0
讨喜 这三 优先 初烧 均衡点 染色 不在意 低频 高频 真的 一定 便宜,0
上榜 可怜 拜亚,0
天龙 好点 头梁 杀人,1
满足 说明 战悚 入耳 几百元 跃动 细胞 每个 身上 震撼 只会 容易 大耳 更好 低音 感觉 起来 耳朵,1
前不久 闲鱼 舒服 感觉,1
耳机 已经 评价 大佬 下单 路上 这款 优惠 可乐 才子 趁现在,1
那么回事 成正比 体积 用过 佩戴 声音,0
便宜 有没有 试听 只能 试试 大碗 线电 无奈,-1
觉得 恭喜 差不多 省钱,-1
不算 价格 真的,1
器乐 拿来 改善 折腾 金属 特色 古典 流行 拜亚 适合 人声 难以 耳机 根本,-1
没有 即可 哼哼,1
锁频 加大 缓存 精准 设置 爆音 信号 输出 输入 容易 楼主 音质 更好 太小 大概 设备 问题,1
未知,0
便宜 要求 听音 大部分 用户 满足 主要 一体机 不高 折腾 不爱,-1
模具 通用 问题,0
中庸 狗哥 收个 性格 特色 相对 感觉,0
直接 韭菜 盗版 发现 一次 正版 劝退 每年 真香,-1
买入 购入 不断 二手手机 深似海 一入 学生 卖出 新出 遇到 从此 以前 不了 二手,0
电源线 线材 很多 系统 没有 顶一下 之前 一条 解码 很大 明显 更换 更好 降低 低频 耳放 中频 有空 平衡 控制 信号线 柔顺 顺滑 程度 百老汇 差别 全是 几天 接上 有时 不住 全套 没想 手拿旧 冲击力 侵掠 略毒 杜兰 上显,-1
觉得 恭喜 差不多 省钱,-1
一下 支持 感谢 分享,1
资源 分享 大佬 感谢,1
惊艳 绝配 长期 一体机 难听 适合 听音 不会 搭配 觉得,-1
考虑一下 高登 序曲 全新,0
觉得 耳朵 其实 感觉 敏感 乐器 模式 单元 偏向 容易 试试看 引起 录音 差别 一边 偏音 特性 错觉 稍稍 试一下 分布 声源 距离 单声道 另一侧 往下压 一压,-1
搬出来 喷草医 偶尔 挑剔 不输 回去 售后 多人 突然 那台 信息量 价位 氛围 听听 厂家 不了 之前 直接 动态 不错 知道,1
不错 耳机 打不开 目前 真的 打算 对比 低阻 有模有样 入个 称之为 福音,1
不好 耳放,-1
米左右 前玩豆客 平台 脚步 距离 十多年 曾经 脚架 身边 家用 走过 全频 一对 音箱 清晰 真的 起来 耳朵 左右 声音,1
玩买个 就够 一体机 以内 其实,0
帮忙 曾经 用过 顶一下,1
厉害,1
没什么 感觉 区别,0
耳机 不要 这种 听力 实践 噪音 相信 外部 真理 入耳式 损害 罪魁祸首 隔绝 屁话,-1
推老款 对味 发现 耳放 我用 铁三角,0
界面,1
现在 价格 很多很多 生猛 比手,1
驱动,1
一下 听说 只能 超级 没试,1
不错 价格 差不多,-1
耳机 最好 监听 所有 封闭式 森海 或许 市面上 品牌,1
太难 推出 用户 实在 飘过,0
软硬件 品质 彻底 优化 独立 音响 电流 干扰 方面 再生 内部 即可 部分 耳放 解码 插排 简单 电源 浪费,-1
占楼 编辑,0
多提 指标 专业 当然 设备 不会 不错,1
声卡 技术含量 显卡 差不太多,-1
判断 正确 底噪 怀疑 是否 很多 产品,-1
不错 没用 搞定 月底 乖乖,-1
耳机 搭配 升级 起来 解析 选择 低频 烘托 增加 森海 前端 体验 有点像 惊喜 不想 厅堂 不累 距离 温润 感人 适中,1
牛比得 娱乐 测评 买回来 喜欢 那种 意义 不能 别人 不是 知道 声音,-1
假话 假货,-1
不错 电源线 级别 比较 其实 的确 价格 烧包 达斯 全套,1
时间 这种 最好 不好 成色 淘宝 下手 砍价,-1
声音 好不好 晚上,-1
电源线 已经 系统 解决 好听 其实 最好 人声 底噪 流行 旗舰 高文 接近 这套,1
感太强 能量 路过 翻车 高频 不能,1
前端 就要 证明 功夫 感是,1
耳朵 歌德 退烧,-1
声音 推好 解析 宽松 密度 强结 项大 会累,1
不会 差别 振膜,-1
送个 完事,0
一定 系统 设备 提升 本身 转盘 用来 不好 主要 声卡 台鸡 实体 并非,-1
长沙 曙光 倾向 试过,0
最大 干净 低频 动态 速度,1
没得说 桌面 真的 解码 声音,1
知道 不错 觉得 东西 当时 楼主 歌德 差不多 意见 四不像,-1
魔性 确实,0
应该 有点 类似 风格 对比 好奇 路子,1
大半个 跑遍 哈哈哈哈 净化器 看到 中国,1
毛病,0
看来 产品 消费 价位 只不过 没看 表达 想要,1
其臭 不觉 鲍鱼之肆 久居 绝真 大陆 引以为荣 港灿绿蛙 下贱 西崽 百多年 私生子 白皮 消费者 巴不得 中文名 英文名 牌子 中国 气质 二狗 强烈 产品,1
声音 不错 佩戴 舒服 太多 旧款,1
支持,1
反而 值钱,-1
声音 不用 产品 比较 反正 现在 非常 明显 比起 音质 好点 稍微 提高 插座 几款 滤波 滤波器 大打折扣 家用,-1
力比 说明 正常 解析 耳朵,0
耳机 区别 测试 问题 系统 明显 本身 底噪 必要 有人 音箱 有用 比较严重 手雷,-1
整齐 爱华 图里 不至于 东西 应该,-1
最爱,0
补充 楼主 不好 惊雷 听算 排个,-1
金牌 肯定 反正,0
折腾 保险丝,-1
无感 芯片 只会 这种 厂家 实在,0
没坏 很耐操 强大 轻视 千万 楼主 小不点 解码 有点 不要 问题,1
机会,0
大家 预订 接受,0
超棒 艺术性 推用 能够 具有 不难 线性 女声 美的 满足 一点 楼主 自然 喜欢 适合 那种 低音 好听 大概 音乐 比较 耳机,-1
不错 应该 一条 味道 高频 风格 路线 指标 打磨 偏亮,1
裸机 售后 不敢 咸鱼 他家 很多 不错 便宜 看来,1
吃不住 充足 功耗 供电 机子 大于 界面 现在 提升 比较 声音,1
清淡 听过 耳朵,0
价格 真的 以前,1
奇怪,0
不错 一组 声必飞,1
赶上 终于 前排,0
耳机 电源线 线材 音质 信号线 纯铜 镀银 纯银 喇叭线 音响 镀金 越高越 为佳 金银线 相差 天地 混编 纯度 根是 镀锡 根为 用银铜 之别,-1
毫无疑问,0
自占 一楼,0
思神 大作,0
过后 疫情 一只 玩玩 看来,0
蛮大 手腕 乏味 越级 歌曲 纵向 优势 好点 宽松 类型 价位 横向 平板 人声 算了 起来 反正 有点 应该 没法,1
耳机 二手 现在 基本 两年 折腾 当年 硬通货 卖出去 心情,-1
需要 那种 人声 难听 稍微 才能 音染 厚重 合成,-1
怒赞 很显 排版 功力 楼主 舒服,1
欧外 请问 没有,0
柴大 保险丝 复刻 鉴定 楼主 请教 一下,0
成品 平衡 不到 耳机,0
声音 机器 更换 适合 是不是 管子 整流管 传说 中牛 哄哄 贵族 仿西电 我块,-1
保暖 录音师 真香 北方 升级版 几条 索尼 真心 广东 耳朵,-1
晶石 就行 样子,0
头梁 成色 编号 好像 不行 不错,1
觉得 应该 性价比 不差 电位器 认为 加价 这点 更高 买得起,-1
四季 第二张 味精 味儿 感觉 有点,0
支持,1
黑脏 按理说 先换线 联系 一起 背景 听感 不够 这种 不至于,0
打耳放 推日系 阻大耳 掩盖 值钱 机子 部分 耳放 水平 非常 解码,1
听前 海贝 账号 百度 两年 不太好 好像 现在 直接 音乐 支持 知道,1
不错 选择 楼主 明智 这耳放,1
比差 档次 听感 个人,-1
牛有 做成 真是 变压器,1
三件套 多么 一体机 功夫 帮顶 不是 美好,1
对比 耳罩 有没有,0
好听 难听 一点 古河 旧款,-1
音乐 合适 电影 气势 宏伟 史诗,1
厮杀 天天,0
进去 大于 差异 实际 电处 未必 白天 生理,-1
比成 人太钝 相对来说 数播 麻烦 以上 简单 树莓 很多 根本,-1
贵米 价格比 市场,0
梯队 第一 解析 解码 应该,0
自闭 卖点 宾利 微调 主要 外观 单元 调音 可能,0
功能,0
感觉 目前,0
程序 安装 电脑 音乐,0
推就行 品质 前端 电脑 大部分 推好 耳机,1
走神 先练 以下 容易 森海,0
不错,1
外置 吓人 这类 高精度 体积 肯定 价格 更好 其实 时钟 里面,1
可能 更好 肯定 以后 听个 扔掉 会留,-1
不会 差别 振膜,-1
批判 锁相环 外置 最佳 回来 原理 来看 相当于 效果 解码器 买个 解码 没有,0
划得来 一半多 库存 不难 品牌 保证 价格便宜 德国 耳放 基本 牌子 最近 建议 耳机,0
合适 大奥 没见 人物 过大奥,1
有没有 系统 有钱 没用 设备 百万 升级 反正 韭菜 一套 继续 等到 无所谓 赶紧 老骚 太差 觉悟 发言权,-1
回复 版块 没有 试听 直接 有点 态度 看到 他家 客服 押金 兴趣 有付 全额 询问,1
失真 问题 已经 版本 以前 太小 低阻 音量 所有 功率 不少 输出 驱动 最新 管子 钻石版 驱动力 削顶 钻石 改用 输出功率,-1
头尾 接好 模块 滤波 搞定 差不多 当然 不会 不到,-1
失真 可能 比较 建议 没有 前级 使用 明显 解码器 耳放 连接 就行,-1
便宜 觉得 耳机 应该 可能 问题 不会 支持 东西 二手 很大 验证 价格 看到 差距 肯定 或许 推荐 官网 店铺 太快 正品 表面 跌价 打包票 急于 清货 不干 收回 行情 价在 七天 理由 退货 封后 煲机,-1
时钟 用来 基本 音频 垃圾 万元 市场 国内 普遍 深圳 羚羊 之耻 退出 咎由自取 原子钟 稳相噪 差得 扯蛋,-1
柳州 管子 人声 需要 请问,0
质量 价格 不好 不贵 定制 上边 几番,-1
压低 灵敏度 变化 音量 降低 不是 知道 声音,0
点耳放 感不差 千元 主要 确实 完全 电源 安定 入门,-1
齐活 装在 专机 复杂 电脑 配置 一台 加个,0
评测 坐等,1
喜欢 木碗 丰达 壳子,1
没用 感觉 想起 原来 解释 缩水 饮料,-1
声音 便宜 耳机 应该 就别 功能 问题 解码 机器 这种 用来 正常 大部分 功率 不少 国内 声卡 供电 专业 太贵 没用过 创新 老虎 雅马哈 代替 输入输出 用不上 罗兰 口嘛 乐之邦 老梗 吹水,-1
续航 年前 日期 发帖 先看 反应 差不多 印象 听过 第一 喜欢 一下 不错,-1
线条 饱满 平衡 清晰,1
声音 已经 印象 送人,-1
买贵 没错 有钱,0
上个 资源 高品质 碟片 播放器 文件 就算 好点 现在 没有 很多,1
小玩意 用户 支持 一下,1
七八 上班 贴耳因 夹耳 感蛮 舒适度 每天 专用 比近 工作 永远 差不多 舒适 通透 耳罩 二代 人声 非常 小时 感觉 关系 使用 不会 比较 可能 佩戴 耳机,-1
给够 不差 推力 声音,-1
大妈 评上 四大 手工 布鲁克林 没想到 歌德 厉害 耳机,1
出个 音源,0
默认 下载 即可 界面 意大利 最后 使用 时钟,0
报纸 楼主 手机,1
麻花 试试 原装 直接,0
邓小平,0
未来 大乌 可能,0
不堪 厦门,0
没有 影响 意义 值得 效果 价位 一点 一体机 机线 分体 差一点 配个 配好 推倒重来,-1
铁块 两块 一看 摘下来 之重 承受 感到 一瞬间 戴过 一次 头梁 发现 脖子 版本,0
售后 做工 提高 不香 功夫 文章,0
专机 数播 普通 万元 考虑 请问 已经 可能,0
系列 耳机 真的 没假,-1
左右 不错 不是 可能 二手 人声 弦乐 女声 功放 推过 比好 收到,1
声音 知道 设备 升级 厂家 最后 调音 喜欢 居然 至少 年前 还算 中规中矩 听来听去 骗钱 怪声 规规矩矩 新花样 变着法 子来,-1
隔离 牛不香 难看,-1
耳机 可能 建议 二手 完全 个人 真的 考虑 地方 全新 了解 一点 情况 把握 干嘛 可靠 发生 本质,-1
未知,0
前端,0
偏中 杂食 中正 特点 流行 拜亚 高频,0
不是 几个 所有 旗舰 吊打,1
佩塞一 安卓机 小白兔 当年 差距 解析 明显 耳朵,-1
电源线 系统 没用 别人 清楚 口味 摸奖,-1
财源滚滚,1
应该 解码 音源 三个 耳放 不行 原线 平衡 不好 换掉 电路 二个 不给力,-1
机器 值得 购买 享声 三部 官翻,1
呼应 强调 背景 系列 以为 不同 追求 更好 考虑,1
帮顶 好文,1
试听 真的 素质 三个 听到 继续 原来 等于 半天 认为 曲线 脑放 表演 哈曼 多音失 字云,-1
外出 说不定 中间 旁边 推荐 场景 楼主 便携 效果 基本 适合 两个 可能 出来,0
价位 请问,0
沒有關 風根 老德律 初后 世紀 自上 再也 年代,0
台式 出门 蓝牙 在家,0
口碑 新品 继续 支持 一下 不错 期待,1
男生 尖刺 抑扬顿挫 青雪版 青雪版能 艾宝良 低沉 鬼吹灯 同个 弱化 调音师 忍受 带有 改听 女生 纯粹 人群 和谐 尝试 当初 男声 女声 受不了 高音 故事 部分 对比 自然 喜欢 长时间 高频 人声 直接 简单 来说 版本 产品 耳机,-1
换能器,0
位置 预留,0
记得 当时 回复,1
飞线 欲望 机盖 到处 打开 里面,0
一股 铜彩越 反而 塑料 值得 低端 高端,1
挑战 某种程度 落地箱 永远 系统 无法 耳机,0
产品 没有 国产 基本 审美 设计 外壳 到位 工业 一家 国人 加强 有待,1
未知,1
耳机 搭配 很多 音乐 本身 很多年 关注 不同 没什么 不少 前端 折腾 一支 玩法 乐趣 纯粹 尝鲜 对错,-1
白嫖王 绿坛 出现,0
比较 感觉 家里 味道 本身 更好 西装 塞子 个人感觉 不太好 压制 飞傲 鲜明 个性 渲染,-1
完事,-1
耳机 听听 没煲 开多 好了没 大事,1
玩玩 不是 东西 二手 不要 那种 他家 安心 不好 市场 问问 为啥 重视 国内 枪手 关注度 不高 心态,-1
音源 耳放 对比 态度 用户 旗舰 差不多 匹配 上市 过程 老一代 漫长,-1
不大好 劝退 原声带 几次 纵向 毛刺 当时 横向 价格 听过 确实 高频 有点 没有 不错,-1
赐教 抽空 哈哈哈 大神,1
铁氧体 磁铁 感觉,0
一战,0
大不大 差别 数播 电脑 清楚 直连 很大,-1
知道 毕竟 电源线 可能 理解 减少 内部 电磁干扰 就要 前面 尽可能 开关,-1
借出去 干脆 没事 改版 后来 算了 其实,0
三宝 两套 精音 线电 不少 声场 估计 可能 应该,0
楼主 开心,1
手雷 脱胎换骨 指望 有点,0
走低 不断 低于 超值 透明 流畅 闲鱼 不少 超越 不好 音场 非常 现在 关系 二手 很快 估计 可能 声音,-1
配套 有个 不是,0
那家 店森海 环境 森海 整体 试听 东西 很多,1
原装 不用,0
不错 推好 女声 潜力 偏科 论音染 对手,-1
左右 不到 原装 改变 频响 曲线 山寨 原厂 一毛 版会,-1
不会 解码 敏感 非常 耳放 配置 满意 前端 定制 前面 电磁炉 毛病 加耳放 挑不出 我配,-1
效果 没有,0
不太 好听 耳罩 味道 一只 值得 秒杀 素质 更是 歌德 追求 单纯 就够 投资 反复 那股,1
候选 享声,0
热度 桌面 发烧 空间,0
耳机 出来 问题 没有 解决 下去 目前 好听 慢慢 正常 打算 森海 后来 有人 至少 以下 发现 好点 稍微 频响 遗憾 难办 难得 毫不客气 条路,-1
觉得 耳朵 其实 感觉 敏感 乐器 模式 单元 偏向 容易 试试看 引起 录音 差别 一边 偏音 特性 错觉 稍稍 试一下 分布 声源 距离 单声道 另一侧 往下压 一压,-1
失真 耳机 有效 来说 提升 明显 本身 听感 确实 增加 耳塞 相比 划算 改善 频响 带来 亲测 如换,-1
惨案 回复,0
否欧 可行 书架箱 推个 楼主 单元 请问,0
保准 惊喜 了解 一下,1
买个,0
觉得 楼主 好些 两台,1
购入 不够 动态 还要,1
感发 吓人 糟糕 真是 严重 出来,0
估计 一年 买回来 头大星,-1
不错 佩戴 感觉,1
耳机 耳朵 没有 随便 惊喜 听个 全都 选到,1
结论 对比,0
准备 升级,0
声音 官方 知道 觉得 不用 一下 问题 没有 解决 看看 提升 完全 需要 反正 以前 感觉 研究 一只 正常 对比 听到 当时 习惯 后来 情况 音箱 继续 电脑 半年 发现 不敢 只好 突然 卡顿 关机 爆音 买来 一次 这货 索性 好多 睡觉 联系 不堪 脑放 仔细 提示 两天 死活 孩子 一会儿 神奇 直到 维修 一切正常 浮躁 休息 若有若无 一用 认不出 拆下来 烦躁 停下来 详细描述 不了了之 听带 周末 依依不舍,-1
建议 二手 解码 交响 耳放 听听 古典 氛围 森海 特色 推荐 差不多 一千左右 感受一下 偶尔 七七八八 特强,-1
鼠莓 推送,1
设备 反正 电平 有模有样 高点 音响 制作 不太差 低成本,-1
笊篱 方面 隔音 相当 很大 铁三角,0
工作室 接个 平时 试试 直接,0
知道 耳机 有点 类似 喇叭 低频 第一 只大 真货 仿货 混沌 魔幻 风格 包围 差劲 腔体 口径 比起,-1
好看,1
供给 海盗船 好多 改成 输出 效果 不能 设备 应该 不错,1
超千 尴尬 输出 转盘 有点,0
耳机 音乐 氛围 旗舰 好多 比不上,1
不是 味道 胆机 追求 就要,1
推力 需要,0
公道 神论 才能 前端 评价 推好,1
耳机 之间 区别 很多 这种 耳罩 基本 低频 一点 稍微 频段 有点像 玩意儿 间隙 猛增 假象 把戏 相箱 密闭,-1
不後悔 好線 直上 水晶,1
打算,0
差个,-1
半价 咸鱼 后来 价格 接受 升级 器材 入门级,0
同类产品 展上 今年 惠威 好像 感觉 已经 耳机,1
不错 万元 后来 咸鱼 嫌弃 巨大 声底 清晰 微暖,1
耳机 不会 好听 绝对 用来 胆机 音量 不好 控制 功放 没试 石机 大功率 回事 有事 推和大,-1
无视 一无是处 脑放 公正 正戴 不同 每个 看帖 路过 评价 风格 喜欢 基本 听歌 选择 这种 之前 很多,-1
群群 加个钰龙 管理员 分享 玩家 里面,0
手机 比较 声场 耐听 听感 素质 更好 流行 个人感觉 不少,-1
好好学 物理 肯定,1
这代 全面 恭喜 楼主 已经,1
同价位 性价比 选择 比较 觉得 不错,1
法拉利 以价论 大家 喜欢 知道,-1
舒服 莱曼 感好 配听,1
觉得 这种 人声 听音 喜欢 索尼 丝毫,1
还分 尽可能 转换 处理 接口 古典 调音 界面 理论 人声 数字 电源 时钟 理解 不是 数据,1
上山 老虎,0
没有 关键 绕线 反相 意义 平衡 输出 功放 方式 次级 仿着 制作 接头 没太大 专门 定制 有同 相地,-1
知道 以后,-1
指点 老烧 感谢,0
开关电源 东西 不是,1
奖金 隔壁 可惜,0
完美,0
哈气 戴久 封闭式 严重 不会,0
有没有 考虑 解码器 换成 楼主 卖掉 传真,-1
更多人 强调 比好 认为 泛音 太多 说明 清晰 大部分 喜欢 调音 低频 高频 解析 毕竟 声音,1
电脑 前端 程度 折腾,-1
兄好文 流云 支持,1
看来 最好,1
耳机 现在 大法 倒退 简直 外观设计 稀饭,-1
问题 素质 差不多,-1
声音 手机 问题 支持 音乐 机器 似乎 不好 播放 楼上 蓝牙 串流 死活,-1
奶罩,-1
棒子 试试,0
封闭式 最好 拜亚 难听 不好 动力,-1
觉得 一下 已经 不要 现在 不好 赶快 表现 发现 试音 之后 角落里 积灰 该出,-1
耳罩 状态 半天 当初 更差 洗碗,-1
已经 系统 解码 放到 现在 推好 真正 草医 高文 折腾 湖人 沐声 三年 两套 惊雷 好几年 北极星 到头 玉龙 多套 活活 再到 改玩大,-1
森海 部分 耳放 三个,0
失真 应该 素质 自然 真实 越高,-1
觉得 其实 有人 说明 定价 有用 卖得 出去 可悲 大坑,1
声音 搭配 系统 喜欢 外观 驱动 头疼,-1
爽快 电音会 坚硬 铁味 音特 舞曲 凌厉 平时 冷声 差别 美的 明显 非常 比较 一下 耳机,-1
开放 封闭式,0
翻车,0
已经 直接 重量 劝退,-1
感动 想着 中文 不好 楼主 流行 素质 感觉 当然 绝对,-1
应该 支持,1
统一 好像 乐感 解析,1
三者 合适 以上,1
偏多 大不相同 阻值 三位 发虚 粗细 我家 理想 木耳 做工 泛音 大家 试试 明显 很多 声音,1
不错 比较 没有 价格 貌似 实体 在意 理念 按键,1
不齐 拉平 有趣 增益 因素 选项 未必 几千 准确 运气 一点 两个 需要 设备 没有 支持 一定 就别 高低 声音,1
不错 有点 感觉 低音 下潜 人声 解析 音量 弦乐 差点 墨菊 瞬态,-1
出好声 折腾 代价 不低 鸡肋,-1
跳绳 版直 亏待 粗壮 推用 能当 凝聚 后者 看用 耳机线 出好声 依然 不少 上台 容易 封闭 便携 需求 相对 耳放 最好 提升 加个 不要 没有 声音,1
平板 动圈 太贵 优惠,-1
耳机 很多 确实 频响 频宽,-1
本质 找到 大家 退烧 大部分 买不起 合适 少数 论坛 器材 耳机,-1
很多 试试 耳房,1
海洋 蓝蓝 耳机,0
放电 一棍子打死 调音台 本质 所有 价格 耳放 里面 耳机,0
失真 可能 声场 其实 高频 低频 封闭 外壳 加上 更加 共振 小于 预测 说来说去 拉亮 抬升 见分晓,-1
怎么回事 停止 读取 自动 就算 几分钟 有时候 天龙 不能 知道,0
好几,1
平均价 贵些 行卖 低于 行情 活动 不信 几百 不了 东西,-1
数据 不是 小时 难看 韭菜 厉害 手段 整个 仅仅 搞定 推送 就算 越来越 生活 角落 搞不定 营销 年代 洗脑 不间断 地球 全年 父母 一块 消费主义 卫星 全民 妻儿 财富 膨胀,-1
之前 反正 现在 随便 必要 还好 马兰士 一点 随身听 成色 两年 完事 搞定 零件 耳机线 插耳放 根长 时不时 米线 床头柜,-1
狂流 鼻血 心潮澎湃 耳放 解码,1
早日 讽刺 这话 莫名 说出 口中 加油 生活 工作 找到 有种 精彩 楼主 地方 适合 很多 希望,0
保证 古河 后悔 建议,0
声音 区别 不用 呵呵 没有 安慰,-1
声音 觉得 没用 不行 认为,-1
保留 值得 一只,1
扰民 跟上 要命 毋庸置疑 声学 处理 优势 音箱 部分 只能 家里 耳机,-1
知道 没有 东西 之前 玩意 没看 半天 连个 屏幕 这回,1
顶顶顶 哪位 顶顶 了解 老大,1
帮顶,1
区别 差距 大耳 结像 塞子 接近 立体感 最大 现场 小于 点和面 大耳结 永远都是,-1
视频 招式甚,1
参加 报名 活动,1
声音 不是 感觉 不大 质量 还好 差异 清晰 白天 晚上 明亮 用电 闹市区,-1
小烧 卡惠威 独显 老虎 要出 聪明 改装 淘宝 真力 老婆 价格 只能 本来 现在 一下 出来,0
出来 声场 人声 明显 高频 效果 低频 刺激 中频 横向 只不过 保持 终于 饱满 圆润 齿音 不肥 依然 深沉 有力 有形 华丽 贵气 立体感 变化,1
发明 八音盒 早就 出来,0
辛苦 楼主 好文,1
夸张 玩意 调节 阻尼 出差 形容 疙瘩 未免太 辣椒酱 沉得,-1
看过 正确 还原 很少 低频 胆机 测试,0
真的 随便 折腾 耐造 造不烂,-1
上台 净化 绰绰有余 差价,-1
耳机 每次 退烧 买到 阶段性 不定,-1
声音 一下 呵呵 机器 当然 变压器 的确 新版 打开 不好 想象 电处 一枚 感想 开关 踏实 一向 牛箭 牛大看 盖怒 留白 放置,-1
喜欢 扁长 正方,-1
应该 意义 音频 接入 干扰 信号 舞台 笔记本 要播 就近 音分 百米 控台 避免,-1
连结 导出去 三脚 接到 没半 台式 连接 毛钱 显示器 电流 接口 设计 电脑 后面 插头 关系 机器 电源 解决 问题 耳机,0
一下 回复 麻烦 英文,-1
没有 反正 解码器 值得 听过 大气 欧亚 古河,1
森海塞尔 之后 平头 耳塞 爱华,0
二手 平衡 折腾 搞定 初烧,-1
识别 大神 始终 安心 打开 打算 确实 音乐 出来 不错,1
厚润 小点 才能 稍微 发挥 实力 一手 氛围 质感 我用 声场 电源 二手 比较 不错 声音,1
声音 耳机 搭配 比较 几个 起来 目前 不能 最后 流行 舒服 一点 试试 玩过 为主 以后 一两个 变化 太多 歌手 留下 录制 比低 双修来 银乌能 国家队 欧美经典 大气磅礴,1
用处 不猛 留恋 难以形容 谐波 偶次 空灵 特点 女声 不高 重要 丰富 一点 语言 地方 低频 素质 胆机 本来 高频 人声 意义 有点 需要 不用 觉得 声音,1
钱少 做成 两套 独立 声道 保证 驱动 推不出 良好 效果 反正 建议 不用 左右,1
沐声 风格 素质 乐器 好听 真的,1
蓝牙 轻松 在家 平头 讲究 耳放,0
长老,1
恭喜,1
比要,1
必要 重要 没什么 折腾 美标 一环,-1
感觉 低频 不好 第几,-1
劲浪 银乌 主听 前端 西装 流行 性价比 铁三角,0
模式 安全 卸载 腾讯 管家 强力,1
进化 人体 耳廓 工具 原本 形成 听觉 入耳式 初衷 匹配 设计 欣赏 耳塞 自然 用来 音乐 系统 不是 觉得 声音,0
怀疑 楼主 听不出来 差别 那得,-1
手机 方便 支持 使用 不能 音量 不好 控制 遥控 红心 遗憾 遥控器 按键 进快,-1
绵密 推算 金乌 醇厚 中正 配合 歌德 舒服 喜欢 听感 非常 前级 个人 比较 功能 声音,1
应该 影响 确实 电阻 适应性 环境 晶振 温度,-1
之间 产品 已经 几个 非常 正常 风格 全新 对比 传统 大奥 差距 高度 旗舰 路线 发现 变化 静电 升级版 白牙 抛弃 玩出 雷同 老厂 老路子 看成 毫厘,-1
之前 不好,-1
兼容性 稳定性 数播 重要 音质 系统,0
起来 以上 解码器 好像 蓝牙 比拼 套路,1
没提 咋样 大小 女声 金属 表现 有人 中频 古典 摇滚 流行 听过 编制 风格 低频 适合 高频 人声 之前 几乎 耳机 觉得,1
木纹 有点,0
呵呵 理论 界面 光纤 同意 凤凰 观点 高度 实际效果,-1
未知,0
乐此不彼 一群 上千 修磨 脚钉 一卷 那群人 焊锡 一颗 保险丝 几十块 避震 相信 电容 找到 电位器 玩家 电阻 几百 差异 高级 绝对 东西 不是 线材 出来 一定 声音,-1
比较 感觉 家里 味道 本身 更好 西装 塞子 个人感觉 不太好 压制 飞傲 鲜明 个性 渲染,-1
感觉 后面 档次 前面 下来 这装 红字 不喷人,1
瞧瞧 拆开,0
库存 太多,0
高斯 回放 魅力 过程 在于 设计 足够 播放 本身 好听 音乐 不是,1
提弄 可调 大小 后级 表现 试试 同学 音量 听感 很大 影响 细节 前级 直接 声音,0
翻天覆地 我磨前 略大 指望 变化 宽松 清晰 同样 部分 对比 耳放 确实 可闻 解析 不大 细节 提升 不要 声场 耳机,1
不能,0
耳机 有点 感觉 低频 调音 大耳 习惯 不好 怪怪的 第一个 日系 劝退 轰头,-1
直接 当然 全新 理由 退货 天无,-1
喜欢 似乎 楼主 发现,1
跟得上 最佳 前端 音源 选择,0
迥异 三只 风格 耳机,0
不错 喜欢 目前 耳放 芯片 最强,1
只能 小白 骗骗,-1
一塌糊涂 到哪去 音箱 耳机,1
面板 随便 买个 就行了,0
一家亲 马兰士 友好 天龙 偏向 组合 一句 印象 三代 不得不 本身 不是 搭配 耳机,1
不错 有点 感觉 低音 下潜 人声 解析 音量 弦乐 差点 墨菊 瞬态,-1
威森 史密斯 美国,0
耳机 区别 比较 入门 音乐 现在 两个 值得 素质 风格 流行 算是 购买 差距 歌德 千元 差不多 几年 连续 原因 爵士 低价 走向 小碗 难收 退休 评为,-1
当时,0
反应 原来 音质 明显 提升 升级 建议 功能,0
前胆 搞台 石机 出头 小不点,0
佛山 天无 理由 东西 支持,1
漂亮 确实,1
低频,0
不到 出来 论坛 很多 没有 其实 现在 慢慢 价格 暂时 尤其 习惯 咸鱼 不好 以后 思想 没什么 机子 形势 过年 恶心 销售 办法 理性 经济 卖出 买入 卖东西 卖货 凑钱 他进,-1
耳机 之间 区别 很多 这种 耳罩 基本 低频 一点 稍微 频段 有点像 玩意儿 间隙 猛增 假象 把戏 相箱 密闭,-1
觉得 层次 几个 提升 高频 试试 不好 力度 不贵 清晰度 之声 贵族 曙光 台阶,-1
潘多拉,-1
轻如 带上 无误 摘下 轻松 顿时 一下 觉得,0
一下 那种 可毒 没命,1
精彩 非常,0
不错 觉得 区别 毕竟 电源线 线材 没用 设备 提升 反正 低端 真的 不能 听不出 只能 或许 玩意 耳机线 真心 我试 没多大 花钱 几十块 省钱 那就好,-1
索然无味 一阵 身体 抖动,0
新版 是不是 现在,0
科学家 试图 就够 提升 耳朵,0
流行 评价 国外 阿米 投一票 欧美 没人,1
耳朵 一定 出来 一级 顶天 无损,1
耳机 细节 好听 当然 听感 条件 音箱 差点 默秒,-1
仿推 天籁 用过 不错 声音,-1
不是,1
不错 一种 选择,1
编号 螺旋 手刻,1
买买 差不多 这店 元器件,-1
抽中 嘻嘻 不行 实在,0
标记,0
实话 非常,1
没有 不是 区别,0
设置 播放器 方式 输出,0
主流产品 卖台 周期 台全 能卖 台式 一年 绝对 产品,0
手机 好听 当然 音源 补偿,1
倾向 很少 确实 个人 比较,0
线才定 多条 工程师 高人 下来 佩服 随随便便 男人家 原配 不得不 水平 厂家 提升 烧友 测试,1
耳机 没用 经典 游戏 然鹅再 坏掉 夏普 沦为 显示器 插口,-1
刺激 受得了 不太能 翻车 没货 打算 严重 货挺 好想断 本来 现在 不会 已经 知道 声音,1
互有输赢 不会 觉得,0
不错 正在 感觉 三代 听贝五,1
歌德,-1
留着 一会儿 气温 不透气 皮子 压头 看着 稍微 一点 木碗,0
参数 测试 比较 几个 简单 确实 指标 停留 迷恋 阶段 崇拜 民科 似懂非懂,1
不是 东西 开关电源,1
喜欢,1
呵呵 拜亚 素质 森海 价位 歌德 用料 最高 据说 次之 相同 最足,-1
当时 万元 好久 标杆,1
比赛 终身 选手 查出 服用 兴奋剂 冒名顶替 取消资格 剥夺,1
白搭 王道 毛病 不喜 角度 只好 风格 素质 耳机,1
欧博 隔壁 答案 原创 听听 胆机 知道,0
无需 享受 折腾 音乐,-1
大佬 楼主 羡慕 一路 高烧,1
开裂 品控 好几个 木头 好像 烧友 现象 出现 已经 不是,1
待续 占位,0
理论 状态 系列 光头 设计 机子 就算 电容 寿命 飞利浦 看运气,1
辣条 汽水 瓜子 楼主,0
产品 出来 定位 东西 有点 这种 只能 不同 实力 解释 标准 必然 勉强 竞争 资金 艺术 企业 起跑点 同质 弱势 喝风 永不 翻身 差异化 多样化,-1
耳机 好像 买不到,1
赶紧 还好 检查 一下,1
网线 地址 电脑 控制 打开 直接 树莓 不是,0
可能 问题 需要 其实 低频 超级 唯一 试试 单端 百老汇 控制力 奶罩,-1
根本 可能 版本 没有 更好 验证 提到 对比 所有 一句 音频 音质 以后 更新 说法 办法 优化 核心 来回 特地 依据,1
动力 天下第一 拜亚,0
声音 高端 耳机 要求 电源线 一般来说 问题 系统 建议 预算 看看 声场 设备 需要 个人 感受 厂家 其实 敏感 国标 大陆 最后 更换 选择 换成 相对 均衡 追求 准备 通透 型号 个人感觉 全面 至少 差不多 表现 确定 体验 改变 方向 条线 带来 收益 销售 投资 静神 凝聚 书房 成品 一档 实价 取舍 分配,-1
声音 不用 产品 比较 反正 现在 非常 明显 比起 音质 好点 稍微 提高 插座 几款 滤波 滤波器 大打折扣 家用,-1
左右,0
必要 原线 长外,-1
排除 上台 至少 不了 没法,0
高登 抛开 哪款 因素 相比 价格 素质 考虑 目前 正在,0
觉得 区别 不差 太大 大耳 发挥 不值 上万 性能,-1
支持,1
声音 起来 特别 拜亚 一只 不好 品控 个头 刺换,-1
留恋 音箱 论坛 耳机,0
系列 没假,-1
解码 真的 就行了 买个 听不出 耳放 差距 播放器 省钱,-1
别想 总有 兄弟 监听 耳机,0
小不点 耳放,0
合适 铁三角 耳机 不错,1
声音 左右 耳机 耳朵 产品 不是 比较 动态 使用 起来 当然 小时 明显 正常 交响 耳放 音量 听到 上学 打开 播放 差不多 变化 噪音 播放器 随时 调整 就行 前提 睡觉 每天 期间 早上 上班 合格 内容 低能 循环 能煲 作息时间 比方说 关掉 出门时 晚饭 中断 上煲 干的事,-1
退烧,-1
很少 这种 回复 帖子 看来,0
声音 平板 动圈 有意思 顶级 静电 没意思 玩大乌,-1
当回事 没人 玩意 地方,0
呵呵 拜亚 素质 森海 价位 歌德 用料 最高 据说 次之 相同 最足,-1
地摊 高斯 纪念 信仰 两只 库存 不算 机子 音质 是不是 某宝 反正 有点 一定,0
声音 耳机 出来 线材 估计 没有 烧友 解码 影响 敏感 听音 听感 的确 效果 难听 物理 经历 发现 焊接 材料 干净 换线 经验 大量 二个 避震 一大帮 形状 因人而异 阶段 屏弊 实践性 通常 层度 立杆 见影 人不信,-1
界面 所有 国内,1
评论 感激 大量 短时间 出乎意料 第一贴 本人 收到 这是 大佬 谢谢 回复,0
性价比 享声,1
风格,0
耳垂 前一阵子 评论 想法 水平 耳罩 有点 佩戴 耳机 不错 声音,1
不错 应该 一条 味道 高频 风格 路线 指标 打磨 偏亮,1
乘车 影音 上用 地铁 耳机 不错,1
安润 条线 左右,0
接太多 自由组合 好玩 桌面 小巧 接线柱 主要 内部 地方 确实 适合 后面 使用 需要 比较,1
之前 这版 罗版 一副 出过 何苦,1
调音 帮顶 素质,1
底噪 完全 没有,0
声音 低音 不够 高频 好像 没什么 不少 改善 一周 高增益 使劲 办法 三天 不润,-1
已经 没法,0
左边 电视 旁边 分别,0
不是 听听 有个 全面 系列 免费 网易 觉着 电台 韩嘉天 收费 系列讲座,1
不香 木头,0
很多 不大 明显 高频 低频 刺激 差别 足足,-1
耳机 牌子 单元 好像 有个 气动 动圈 做过 混合,1
国产 胆机 确实 十几年 当时 很火 一款 前用,1
比较 问题 设备 喜好 相位 纠结 喜欢 所有 习惯 有人 录音 处理 工作 最终 方法 呈现 混音 回放 成品 取决于 母带,1
之心 朝圣 小心翼翼 权威 哥德堡 郎朗 时刻 演绎 过于 这版 平衡 整体 确实 有点,1
听久 有点累 差点 表现 意思 味道 人声 感觉 比较,-1
日后 回来 欢迎,0
化工 试试 不会 便宜 声音,0
回去 区别,0
拉黑 以后 这种 店家 直接,0
组织 洗脑 找到 感觉,1
从直 心理 台机 押金 搞个 至少 试听 定位,0
强太多 买不到 最大 指标 更好 目前 问题 失真,-1
不错 实在 有人 搞法 上装,1
演变 形象 说明 森海 耳机,0
觉得 不是 不能 音质 音箱 音染 升频 回事 高低音,-1
开放 相似 封闭 档次 声音,0
耳放 慢慢,0
几个 呵呵 真的 地方 貌似,-1
凑合 傲立 估计,0
没太大 影响,0
级别 感觉 这种 必要 封闭 一体机 天鹰座 乌上 往上走,-1
厅堂 满满的 最难 或者说 说法 甜甜的 认为 音染 男声 想法 肯定 歌德 楼主 赞同 摇滚 听过 用来 其实 需要 接受 失真,-1
手胆 耳放,0
声音 不用 现在 基本 差距 大耳 万元 替代 蓝牙 完美 无线 很小 有线,-1
请坛 大佬,0
休息 需要 耳朵,0
顺丰 公斤 好奇 表示,1
完全 考虑 以为 担心 不必 安全 病毒 丢件,1
太豪,0
说换 总换 高登鸽 有次 保险丝 咨询 耳放 自带 直接 问题,0
多花钱 高档 省钱 舍得 电脑 推荐 配置 音源 最好 已经 浪费,1
过去 黑色 主要 来说,0
海顿,1
便宜 现在 超值 入个,1
坚持 大幅 官价 当年 一段时间 跳水,0
声音 二手 机器 现在 可惜 没见 没什么 一年 当年 热门 出过 小强,1
三观 七天 改变 手里 好听,1
美妙 硬件 似乎 需要 支持 比较,1
不太好 相对 是不是,1
耳机 价位 很多 平衡 不好 设计,-1
性价比 这套 颜值,1
觉得 电源线 不是 很多 系统 电源 提升 完全 需要 值得 更好 万元 后来 肯定 重要 确定 一体机 好点 分体 换个 当年 短板 优先级 换过 很傻,1
发出 魔改 难度 最新 终于 操作 效果 大法 感觉,0
器材 试听 就行了 现在 感觉 不行 品牌 硬道理,-1
四个 香榭丽舍 天鹰座 百灵鸟 随便 二代 二手 里面,0
拜亚 难听 封闭式,-1
艺雅小七,0
兴奋 砖头 男女 杂食 清亮 驱动 女声 缺乏 容易 高频,0
更好 效果 心疼 脑袋 烤坏,-1
一体机 一代 二手 不错,1
加装 办法 试用 下载 发现 一下,0
恐龙 放毒,1
一周 到货 确实 值得 非常,1
声音 失真 真的 腔体 相对 设计 频段 改进 带来 声学 完善 老款 听惯 一般化 更失,-1
车尾灯 无所谓 反正,0
觉得,1
师承,0
耳鸣 受损 楼主 听力 是否,-1
入门 声音 觉得 推好 差不多 样子 振膜,-1
真的 耳机 不用 担心 没假,-1
一篇 毒文,1
比较 电源 追求 感兴趣 体积 处理 竟然 外置,1
耳机 搭配 非常容易 里面 几个 声场 目前 高价 非常 听过 精致 横向 整体 音箱 来看 表现 发现 规模 功放 包括 纵向 样子 之后 没听到过 优秀 做出 不着边际 难退 纵横,-1
喜欢 保留意见,1
可玩性 文字说明 换运放 得来 看起来 比较,1
第一件 不入流 无关 价格 不行 耳放 音源 感觉 真的 设备 不是 耳机,0
不是 可能 烧友 概念 哈哈哈哈 美工 该扣 工资,1
鲜活,-1
一定 就行了 地方 程度 機線 甚麼 升級 入門 不會 差別 之後再 談線 不遲,-1
东西 坏淫,-1
知道 有没有 播放器 更加,1
经典,0
完美 松下 符合,0
好好,1
价格 谢谢,0
森海塞尔 价位,0
格雷 欧洲,1
比较 不要 基本 尤其 市场 环境 混乱 牛鬼蛇神 原则 凤尾 鸡头 坑蒙拐骗,-1
要求 级别 没有 好听 绝对 旗舰 前端 一体机 两年 更高 更何况,1
不错 比较 已经 选择 性价比 比起 类型 不少 几年 杂食,1
二手 很大 考虑 感觉 买个 监听 随便 价格 开放式 差距 几百 一手 即可 舒尔 强烈建议 一两千 成名,-1
天龙 还好,1
不错 比较 解码 推力 选择 素质 效果 算是 部分 箱子 有源 一体机 折腾 够用 这台 想少,-1
觉得 耳机 可能 铁三角 影响 很大 最近 人声 味道 素质 更好 编制 一点 一段时间 挺不错 差不多 没什么 正好 特点 差别 够用 器乐 杂食 偏中 新款 昨天 旧款 盘些,-1
编制 流行 氛围 缺少,1
来说 好听 听得出来 高级 舒服 不好 老烧 大气 厅堂 词儿 雍容 松弛 富贵 松香 听耐,-1
副耳机 出好声 旗舰 容易 相比 喜欢 确实 比较 耳机,1
吊打 旗舰 所有 几个 不是,1
狗哥 一下,0
电源 不要 音源 几千 折腾 加过 一千多 扩展卡 卡加 线性 线加 净化器 得出 结论 用做,-1
比较 这种 明显 性价比 调音 差距 主要 才能 温暖 细腻 拉开 再往,-1
真蒂 三遍 脑子里 默念 领域 傻子 这是 科学 重要 听到 调音 到底 直接 没有 事情,0
邓丽君 山寨 不能 东西,1
换购 有人,0
无奈 线电 大碗 试试 只能 试听 有没有 便宜,-1
凑合 电脑 楼主 买不起 只能 感谢,0
声音 区别 总体 本质 钱越,1
对比 档次 不是,0
看起来 骚气 听风,1
一体机 声卡 能比 千多 壹仟 多买个,-1
耳放 问题,0
值得 至少 认为 没听 差价 出大 乌比好,-1
量感 周边 齿音 前端 高频 提升 线材 搭配 耳机,-1
耳机 耳朵 论坛 估计 喜好 现在 听感 只能 耳塞 类型 来看 多数 加上 普遍 闷糊 不煲 再细 吃亏 假货 遍地 中介,-1
耳放换 管子 大奥 研究 没有 一下,0
硬盘盒 再用 不止 反正 不会 问题,0
二十年 十年 感觉 不了,0
好看 胆机 木纹 面板,1
建议 预算 起来 特别 不好 环境 退烧 电处 认真 全套 贵得,-1
建议 兄弟 字体 头疼 字号,-1
感觉 低频 不好 第几,-1
声音 觉得 耳机 一定 很多 一开 有点 机器 真的 当然 推好 非常 乐器 模式 耐听 味道 特别 素质 不差 调音 意思 情况 发现 高文 圆润 差点 一副 全能 要开 扁平 难得 不糊 下能 聊到 只开,-1
系列 所有 听听 平板 低频 最好 耳朵 耳机,1
请坛 大佬,0
电源线 原配 楼主 太贵 这鼠线 电用,-1
音乐 音质 数播 提高 播放器 真想 网桥 瞎折腾,-1
防沉迷 耳扇 抢劫 留下来 吃法 为本 以换 科技 家长 空心 硬质 盖住 欠缺 量足质 亲切 一家 海绵 原厂 夹头 决定 动感 热情 半个 专用 接触 改善 不同 受不了 平衡 后来 歌德 原线 真是 中频 流行 单元 腔体 低频 自带 高频 某宝 耳罩 小时 这种 第一次 完全 几个 有效 时间 已经 佩戴 耳机 不错 声音,1
楼主 已经,0
觉得 提升 感觉 解析 信号线 金属 发现 铜彩 镀银 闲鱼 收过 直呼 半天 极端 刺耳 不耐 亏出 偏风 碰为 金银铜 稳妥,-1
便宜 问题 没有 高级 唯一 上去 张扬 导致,-1
可能 不会 两个 平衡 线路 不同 单端 干扰 口转 炸倒,-1
漂亮 输出 模拟 平衡,1
强耐 感染力 舒服 特别 人声 好听,1
东西 线材 知道,0
个耳放 考虑 升级,0
必然 氛围,0
退烧 田螺 爷用,-1
器材 东西 现在 素质 不差 调音 价格 西装 上来 女声 这套 年前 不算 发光 细腻 完美 温润 终究会 剧毒,-1
左右 估计 建议 感觉 这种 人声 推力 监听 解析 适合 用来 低频 纤细 吊打 王菲 录音 属于 歌手 有气无力 随身 台机 童丽 典型 偏中 发抖 过于 肉感 挑错 超群 上盘 年龄 桥本 美雪 小萝莉 下川 美娜 更添 三分 病态 用暖声 更惨,1
感觉 很多 产品,1
可能 呵呵 没有 我用 感觉 明显 难受 舒服 后来 身上 突出 改进 得到 按摩 设计师 疗效,-1
失真 不是 网站 音色 音质 续航 标准 曲线 最佳 没人 各大 哈曼 比榭兰图,-1
支持,1
就行 才行 功放 必须 音量 这种 不能 声音,0
联机 单机 显著 声辩 多声道 虚拟 作用 多人 技术 游戏 发挥 普通 森海 差异 效果 明显 不够 感觉 我用 可能 不到 耳机,-1
凉意 心底 金瓶梅 走错 妹纸 顿时 看着 目的 一阵 差点 以为 评价 论坛,-1
十分 厉害 静电,1
喜欢,1
很多 推力 平衡 上去,1
电源线 几千 上万 猛料 一根 疑惑 能卖,1
太上皇 整个 凯音,0
前端 之前 不好,-1
厚声机 歌曲 楼上 分析 全面 有人 类型 感会 感觉 很多 已经,1
耳机 问题 音乐 影响 只能 箱子 最大 夜深人静 扰民 邻里 和睦,-1
早期 奥产 味道 听说,0
惨案 回复,0
找全 疑似 想要 格式 找到 同一 专辑 不同 只能 需要 搜索,0
連金磚 還差點 黑磚 更別,-1
差不差 买同 货品 停产 推广 尺寸 退货 频响 统一 两边 一致 真力 系列 有人 附近 音量 尤其 成功 质量 人声 检查 感觉 之前 估计 已经 问题 不是 左右,-1
直连会 不会,0
曾经 多年,0
合照 来张,0
百分之 一类 差别 欣赏 男人 每个 同意 审美 一句 严重 最后 绝对 产品 没法,-1
耳机 没有 接受 下去 两个 太大 差距 后悔 肯定 差别 不算 留着 新鲜 一阵子 没准,-1
歌诗德 谷津 刺激 喜欢 暖糊,-1
阻口 吉他 经验 电流 出不来 阻耳放 很多年 试试 适合 不够 东西 建议 觉得 根本,0
飞天,1
不错 要求 比较 选择 极致 退烧 漂亮 图片 杂食 科科 可达 项目,-1
偏干 最重 不输 大方向 搞好 旗舰 高音 万元 柔和 味道,1
张扬 线材,0
首歌 休息 半小时 超过 不会 耳机,0
不错 严重 翻车 据说 太上皇,1
正常 解码,0
双修 选择 看来,1
弥补 只能靠 功效 极少 贵价 耳放能 短板 电磁炉 最大 市面上 信号线 旗舰 听到 不行 耳放 是不是 自然 相当 音源 素质 听感 反思 明显 有限 当然 其实 影响 解码 设备 电源 一定 应该 要求 做到 耳机 声音,-1
不符 站长 原站 频响 楼主 提到 高频 感受 问题 有没有,0
耳麦 机房 学校 算不算,0
舒服 楼主 功力 排版 很显 怒赞,1
声音 搭配 老板 确实 喜欢 醇音,1
巴索,0
不错 入门级 一级 素质 更好 自然 均衡 用过 宽松 密度 音神 线条 这条 没用过 音乐味 天仙配 威宝 网评,-1
参数 用来 对线 对不起 选择 听歌,1
佩戴 降噪 标准 长期 入耳式,1
耳机 明白 一堆 折腾 奇怪 新人 卖线 问东问西,-1
存在 发烧友 应该 论坛 厉害 一群 蝙蝠,1
有钱 支持 一套 楼主 配置 退烧,-1
全错 题多 判断 应该 区别,0
操作 三观 森海毁 换汤不换药,-1
太贵 认为 降到 合理 万元 价格 个人 比较 不错 左右 声音,-1
亲兄弟 马一 喜欢 一下,1
前级 目前 一代 推荐 机子 种草 高登 不带 歌诗德 琥珀,1
货大 下家 星期 广州 这台 记得 收到 那台,0
箱底 压回 翻箱倒柜 干净 说实话 平面 均衡 价位 只能 真的 出来 不错 声音,1
声音 一定 出来 功能 里面 没有 动态 声场 个人 影响 就行了 考虑 当然 现在 图个 买个 明显 声韵 不差 音质 价位 普通 用个 机线 干扰 用料 就算 保证 提高 太多 认为 做工 排插 品牌 插座 作用 滤波 损失 能够 保护 心理 有无 安慰 用电 无非 多点 起到 杨阳 线尊 八达 兴许 高峰期 抵御 小钱 防雷 电插座 公牛 同为 防电 贵重 电器设备,-1
做工 国产,1
同事 解决,0
大粒 神器,0
飞利浦 耳放 音源 要求 耳机,0
没有 完全 必要,-1
声音 左右 耳朵 起来 真的 清晰 音箱 一对 全频 走过 家用 身边 脚架 曾经 十多年 距离 脚步 平台 前玩豆客 米左右,1
手艺 佩服,0
未知,1
强接 主打 倾向 播放器 问问 厂家 解码 功能,1
呵呵 学习,-1
堵住 最多 开放 是因为 音箱 开放式 后面 不够 反相 影响 空间 别人 不会 耳朵 耳机 声音,0
应该 直接 店家 编号 顺丰 一位 发给你 发走,1
支持,1
阻大耳 曾经 理想 控制力 驱动 推低 差不多 市场 超过 相当于 大耳 差异 便携 部分 一台 价格 耳放 素质 解码 定位,-1
差距 楼主 煲机,-1
过头 用力 夸张 底气 柔和 生硬 相比之下 类型 纤细 结像 厚度 确实 低频 不够 感觉 现在 有点 动态 不错,1
声音 出来 东西 看看 音乐 国产 耳放 价格 水准 道理 以后 欣赏 一年 程度 认为 总有 几十年 原厂 莱曼 过些 没到 全民 仿造 不降反升,-1
实体店,0
用做 感觉 反正 解码 正在,1
试试 平头 野牛,1
折腾 等阵 冒烟,-1
蚊子 大炮,0
进去 原道 可惜 不好 录音 脑放 能带,-1
平板 低频 质量 耳机,1
菜鸡互,-1
两个 难听,-1
催油門 煞車 大燈 鏡後開 戴墨 冷氣 被後開 蓋綿 等同 調低 高增益 音量,0
很多 建议 找些 音乐 起来 最好 适合 喜欢 舒服 肯定 情况 身体 晚上 好好 一天 早上 心情 星期 放松 休息 烦躁 不适 越烦 精神饱满 星期六 第二天,-1
好像 楼主 绿坛 可怜 洗脑 一入 传销 迷途羔羊,1
别超 越长越 太短 供参考 体会 数码 特性 体现 刺激 只能 个人,0
模版 复古 突兀 打磨 彻底 现代 设计 普通 差距 太大 质感 不够 进口 国产,-1
有效 搜索,0
不是 不要 需要 耳放 容易 有时候 重要 阻抗 灵敏度 反而 阻放 阻大耳,1
最高 欧亚 素质,0
过来 一路 一体机 每次 用户 便携 确实 明显 放到 之前 提升 设备 耳机 不错,1
太软 台机 软文 对比 有没有,0
换汤不换药 森海毁 三观 操作,-1
收藏 价值 主要,1
不错 已经 感觉 有意思,1
高级,1
觉得 不到 出来 以前 拜亚 素质 水平 天龙 清楚 旗舰 差不多 差一点 大白 一档,-1
改线 频率响应 换线 大神 音质 提升 不会 很多 测试 不用,0
正方 扁长 喜欢,-1
未知,1
健康 非常 耳机 觉得 声音,0
指标,0
觉得 耳机 不是 东西 最好 耳罩 解析 适合 音量 舒服 机会 不少 刺耳 缺点 换个 偏科 优点 头疼 力高 放低,-1
好听,1
未知,1
比较 二手 考虑 二代 一代 讨论 画眉 性能 口碑 收个 一体 降价 捡便宜 服务 少是 会选,1
红黑配 挺不错 看起来,1
安全性 电气 这能 中心 监督 信息技术 拿个 出个 到时候 合格 国家 单位 检测 玩意儿 指标 良好 质量 类似 报告 意义 国标 这种 设备 符合 显示 不是,1
团购 海淘 有人 不会 有没有,0
便携 更大 折腾 玩大耳 何必 机上 收货,-1
不错 要求 比较 选择 极致 退烧 漂亮 图片 杂食 科科 可达 项目,-1
贱货 妖艳 花元 好歹 才振膜 振膜 搞定 前端 几万 容易 不是 耳机,1
好用,1
大来 看过 低频 声场,0
自顶,1
死心 价让,0
大白 二手,0
曲库 网易 民族,0
可怕 底气 路过 耳机,0
支持 理论 是不是 所有 推送 升频 样子 流媒体,1
恐龙 恐怕 小尾巴 哈哈哈哈,1
耳机 不是 功率 退烧 买套,-1
肯定 同一个 干扰 电流 确认 网卡 千兆 故障,-1
佩戴 应该 音质 重量 下单 差不多 咋样 昨刚,-1
电源线 好听 界面 耳放 发现 折腾 电位器 突然 内线 同轴线 线墙 差换,-1
声音 左右 知道 出来 有点 感觉 反接 相位 难听 交响 结像 喇叭线 一边 方向 正负 接反 一试 会糊,-1
声场 单元 垃圾 容易 结像 至少 必须 就算 同轴 搞好 摆放,-1
以前 确实 退回,-1
声音 不知 估计 高频 拜亚 低频 难听 整个 加上 频响 祖传 凸起来 凹下去,-1
先说 再来 线材 器材,0
基本常识 关后,0
未知,1
泛音 丰富 肯定 那种 没法,1
国产 厂家 瞎折腾,-1
耳机 真的 没假,-1
耳机 搭配 升级 好听 人声 打算 退烧 流畅 中正,-1
某零,0
耳机 搭配 非常容易 里面 几个 声场 目前 高价 非常 听过 精致 横向 整体 音箱 来看 表现 发现 规模 功放 包括 纵向 样子 之后 没听到过 优秀 做出 不着边际 难退 纵横,-1
杂物 棉后 拆下 那层 反而 变得 发现 担心 舒服 调音 二代 起来 进去 里面 不用,1
不是 建议 来说 当然 适合 理论 减少 楼主 追求 出手 玩家 参考 折腾 经验 新鲜感 差钱 适用 结合 风险 大幅 进进出出 贬值 吃螃蟹 巨额 友人 决策,-1
区别 问题 有效 系统 没有 解决 明显 本身 听不出 效果 有人 没什么 视频 噪音 玩意儿 发过 退掉,-1
阻通 耳放能 请教 不能 一下 高低,0
音乐 编制 不行 不好 一听 不难 靡靡之音 粘着 节奏快,-1
枪声 坐在 旁边 开放 人会 听到 个人 有点 不会 问题 出来 耳机 知道 声音,0
耳机 之间 区别 很多 这种 耳罩 基本 低频 一点 稍微 频段 有点像 玩意儿 间隙 猛增 假象 把戏 相箱 密闭,-1
发展趋势 优化 目测 以后 国货,0
问住 办公室 只能 很大 问题,0
挥之不去 碴子味 股子 宽阔 偶尔 沉稳 扎实 气势 到位 刺激 编制 高频 声场 觉得,-1
楼主 高度 概括 形象 生动 一目了然,1
作品 早期 周杰伦 塞子 确实 更好 便宜,1
弄清 挑是 迥异 想要 评价 三个 风格 目前 没有 耳机,0
炒作 稀有,0
楼主 大大的 好人,1
刮耳,0
漂亮,1
应该 理解 系统 直接 个人 解码 模式 没什么 输出 差别 苹果 独占 微软,-1
三万多 买台 不香,0
有钱 发烧 下次 退烧,-1
特地 大多数 曲子 旋律 中频 其实 知道,0
凸显出 高性价比,0
应该 没有 以前 一批 灰盒,-1
国宝 点点 半个 个人感觉 用过 意思 素质 提升 东西,0
再谢 指点 多谢 上个 推荐 耳放 适合,0
推力 一代 价格 好像 推荐 差不多 以下,-1
不好,-1
宝上,0
有点 羡慕 略微 省钱,1
不好 还行 一个顶,-1
六核 有时 开都 笔记本 能开 没试 卡顿 流畅 知道,0
夹紧 松垮 大头 像是 不下 力度 头上 同样 横向 太小 个人 放在,0
存在 问题 这种 强迫症 处女座,1
声音 觉得 耳机 很多 其实 这种 模式 两个 一只 喜欢 难听 情况 遇到 频响 长期 有过 最早 适应 排斥 人脑 某种 便会 另一只,-1
一下 响度 补偿 好了吧,1
网线 避免 带来 连接 干扰 交换机 是否,-1
不会 发现 惊喜 收个 独奏 两天 套用 小提琴 钢琴 超赞 超烂 改明 听听看,1
耳罩 感觉,0
欢迎光临 多谢 大家 展会 帮顶,1
声音 声场 最好 解析 高频 最后 低频 横向 差不多 差点 纵向 立体 次之,-1
必要 价格 推动 很难,-1
效果 比起 流行 古典 真是 耳機 原因 這兩 有過 最後出 因為 差口氣 留著 電影用,-1
上假 录制 现场 网络 效果 音乐,-1
顶出 旋钮 不符 外形 电位器 机器 产品,1
羡慕,1
声音 可能 估计 很快 二手 关系 现在 非常 音场 不好 超越 不少 闲鱼 流畅 透明 超值 低于 不断 走低,-1
不要 东西,0
数码味 法子 想要 淡化 一点 韵味 厂家,0
赚钱 胆子 默默 关掉 随身 进来 看看 帖子,0
不给力 二个 电路 换掉 不好 平衡 原线 不行 耳放 三个 音源 解码 应该,-1
超出 要求 应该 不到 事情 一下 一级 看看 不要 机器 真的 能力 选择 更好 只能 提到 对比 印象 大部分 全面 代表 找到 下手 万出头 余地 所及 实现 海印 听些 高些 兜里 力所能及 预算内,-1
风格 适合 比较,0
觉得 好听 畅销 搞懂 不衰,1
味十足 模拟 芯片 简单 做好 不是,1
背个 随身带 蓄电池 不得,0
声音 耳机 要求 适合 网上 对底 太贵 回事 过于 直白 频有,-1
不错 没用 搞定 月底 乖乖,-1
一例 只测 测到 高出 同志 搞懂 乱说 失真度 响度 标注 忽悠 典型 好多 频响 上天 科学 音箱 容易 真是 低频 明显 直接 已经 出来 根本 左右 失真,-1
线材 感受 原装 耳罩 全部 差不多 前端 投资 闲钱,-1
是否 听力 楼主 受损 耳鸣,-1
机会 通透 自然 风格 非常 建议 声音,0
知道 不是 系统 其实 这种 极其 非常 解析 严重 中频 大家 方向 品牌 随身 一副 台式 价格比 我会 棒子 补足 喷音染 几翻 正确性 流行性 上半年,-1
不错 佩戴 一定 方便 升级 有点 感觉 非常 效果 开放式 封闭 原线 意思 隔音 麻烦 半天 差点 折腾 一流 里算,-1
专业 电脑,0
问题 质量 确实 算是 商家 未必 就算 偏音 就行 理由 退货 愿意 天无 难搞 消协,-1
声音 不错 舒服 干净 比榭兰图 戴久 耳挂,-1
官方 功能 资料 价位 差不多 参考 一体机 方面 智商 挺全 智者见智 仁者见仁,-1
未知,-1
爆皮 风险 提示 线有 平衡 原装,0
毛病 天鹰座 评测 网上 总结 凯音 耳放 解码 不错,1
翻来覆去 啥样 拆过 哪位 拆开 指导 下手 今天 网上 教程 半天 内部 看看 谢谢 没有 一下 知道,0
静电 耳机 垃圾 折腾,-1
打广告,0
好看 以前 后来 想法 有过 送人 打消 六百多,-1
比较 起来 手上 粗糙 是因为 前段,-1
之前 不好 前端,-1
历年 主场 合集 无敌 简直 大神 很多,0
糊软 艺雅小七 路线,0
回弹 偏软 属于 讨好 类型 风格 个人 耳朵,1
昆仑山 昆山,0
听听 推送 频后 比耐,1
声音 耳机 出来 比较 试听 声场 目前 感觉 味道 高频 素质 低频 氛围 精致 横向 整体 楼主 开阔 三频 一点 意思 挺不错 满意 没什么 前端 端的 合理 宽松 稍微 规模 不足 差点 驱动 显得 冷静 新机 长期 下来 走向 充分 底子 搞了个 分布 留下来 轰头 但少 不出意外,-1
十年 准备 帖子 出来,0
安逸 当纯 目前 解码,0
没有 完全 起来 中频 似乎 音量 开阔 结像 清晰 匹配 精细 味十足,1
水塘 牛大 大环 那句话 最后 关键,1
金嗓子 好评 调音 那种 应该,1
杂食,0
表示 看不懂 谢谢 英文字母,1
全面 帮顶,1
大佬 羡慕,1
不错,1
东西 顶多 必要 水平 一点 高下 这强 那强,-1
毕竟 不是 没有 听感 确实 只能 音色 新版 大家 技术 柔软 中间 铜环 磁铁 衡量 怀旧 一整块 先进 老式 线圈 别有风味 差价,-1
未知,0
真的 其实 现在 看到 当时 后悔 后来 有人 太素 闲鱼 差点 想想 智商 限量 初音 就入 招摇,-1
没用 原线 平衡 顺便 下楼 主用,-1
不用 应该 无法 时间 担心 保证 长久 手摸 有毒 保护层 年内,1
优先 机子 马兰士,0
耳机 个人 最好 听过 全新 动圈 水货 各擅胜场 蛮值,1
上值 没半 认真 干嘛 最终 毛钱 电容 材料 表现 票价 方案 至少 那句话 正常 能力 关系 解码 百万 几个 整合 器材 产品 声音,1
曼哈顿 二代,0
出差 听个 蓝牙,-1
利用 起来 空间 几个,0
正紧 一本 常见 保护 点赞 耳放 厂家 耳机,1
抢手 巨坑 莱尔 千万别 闲鱼 音质 软件,-1
个人 就行了 推荐 退烧 再换,-1
天龙,0
满意 退货,-1
替代 推荐 耳罩 原装 国产 比较 有没有 区别,1
不错 看看 只能 动圈 财力 允许,1
可能 问题 需要 其实 低频 超级 唯一 试试 单端 百老汇 控制力 奶罩,-1
不冷 天无 理由 建议,0
国货 支持,1
薄刺 一大 低频 高频 层次,0
不了 卖掉 留下,-1
使用寿命 别碰 光头 二手,0
不错 觉得 区别 毕竟 电源线 线材 没用 设备 提升 反正 低端 真的 不能 听不出 只能 或许 玩意 耳机线 真心 我试 没多大 花钱 几十块 省钱 那就好,-1
金嗓子,0
限量 好像,1
超级 确实 佩戴,0
九四,0
频响,1
声音 正在 东西 相比 不少 饱满 百老汇 体积 小巧 凝聚,1
一票,0
事情 不是 问题 已经 解决 干扰 主机 专机,-1
一档 不住 当成 加成 杂食 这点 中间 型号 一点 交响 注意 需要 东西 没有 耳朵 要求 佩戴,1
毕竟 没人 看行 自残,1
万能 排插 一步,0
顶多,1
抵在 展示 乐之邦 吉他 粗暴 采集 几百块 麦克风 听不出来 录音 闲鱼 深刻 满意 音箱 歌德 印象 真是 解析 明显 感觉 现在 目前 感受 实在 之前 简单 看看 估计 出来 声音,0
金属 刺激,0
双芯个 双芯 琥珀 卡农 等于 单端 耳机,0
竞风 浓浓的,0
退下 张口 默默 注册 差点 等级 时间,-1
耳机 做到 一定 不要 不了 解码 推力 解析 交响 便携 类型 不好 前端 等于 控制力 因素 挑选 比例 歌单 中划,-1
好好学习 玩儿 重要,1
耳朵 分辨 里面 东西 看看 不行 对比 塞子 中介 正品 打假 有厂 真是假 发给,-1
讲武 接盘 二手,-1
甲醛 含有 干净 听说 空气,1
珍爱 远离 生命,0
應該 從金屬 勾個 銅線 窗框,1
不错 不用 功能 里面 看看 电源 升级 前级 我用 非常 某宝 很多年 推荐 海淘 差不多 装备 绿坛 录线 大小 随身 接上 再次 新年 弄条,-1
杀手 无线 音质,0
不错 真力,1
太长,0
便宜 知道 软件 支持 好像 不好 用过 原来 方案 国内 看着 网易 网络软件,-1
太木 办法 必要 听不出 耳朵 区别,-1
不是 留名 大作 顶楼 强帖,-1
吃得下 卡能 老虎 反向 升级 不是,0
密闭 相箱 把戏 假象 猛增 间隙 玩意儿 有点像 频段 稍微 一点 低频 基本 耳罩 这种 很多 区别 之间 耳机,-1
打扰,-1
感觉 放毒 整天 迟早,1
噪音 具体表现,-1
一定 提升 起来 就行了 必要 一套 折腾 就算 女生,-1
东神 呜呼哀哉 少爷 呵呵,-1
失真 应该 真的 那种 明显 味道 拜亚 喜欢 摇滚 习惯 肯定 染色 说实话 索尼 一贯 不合 数码味 胃口 说到底 碰巧,-1
连接线 数字信号 传输 基本 关键 影响 设备 没有 线材,0
模拟 输入 主要,0
活动 顶顶,1
钱花够 试错 回归 不停 花钱 过程 退烧 等到 正常 其实 音乐,-1
过大奥 人物 没见 大奥 合适,1
尝试 以后 值得 建议 几个 耳机,1
官方 数据 推好 小东西 乐图,1
双木三林,0
耳房 试试 很多,1
小白 折腾 数播,-1
无敌 性价比,1
这店 无条件 伟良 三次 修好 太高 难为 退货 投诉 淘宝 曝光 满意 店家 直接 不要 东西 不会 论坛 要求 毕竟,-1
演示 现场 问下 后级 上市 功放 效果 非常,1
耳机 之间 区别 很多 这种 耳罩 基本 低频 一点 稍微 频段 有点像 玩意儿 间隙 猛增 假象 把戏 相箱 密闭,-1
木制 多种 木头 意思 自然 更好 耳机 声音,1
楼主 恭喜 干扰 免除 之忧,-1
拔来 没事,0
声音 可能 估计 没有 安定 电源 有点 其实 非常 不够 自带 效果 成本 一点 差不多 原理 玩意 线上 纯银 净化器 显得 得到 过于 活泼 负作用 死气沉沉,-1
无假货 组装,-1
架子 楼主 器材 不错,1
备胎 华语 流媒体 找个,0
瞩目 金星 一条,0
不够 低端 器材 耳机 高端,1
不错 应该 推得 收个,1
皇冠 银彩单 搞台 数码 目标 耳机线 一体机 目前 直接 元素 电源线 耳机,0
大疆 尽然 旁边,0
机不冷 不干 科学 真的,0
个元 商城 单卖 加线 手工 多加 多元 古河 转接线 就要 平衡 有人 原线 森海 一套 价格 确实 成本 效果 更好 原装 觉得 不错 便宜,1
副作用 曲目 特定 只能 最近,1
丹娜,0
不错 出色 蓝牙 上放,1
发现 哈哈哈 编辑 这下 防止 截图 某人 篡改 抵赖 抹不掉 气急败坏 胡言乱语,-1
国产机 个人感觉 好看,1
喜欢 乐章,1
女声 老板 解析,1
耳机 不用 线材 电源 解码 这种 纠结 界面 以后 数播 永远 苹果 木耳 避震 买耳放 侧不香 心烦,-1
稳相 稳幅 关键词,0
非常 同价位,1
银乌 森海 古典 流行,0
试试,1
耳机 应该 定位 可能 一半 没用 预算 发烧 适合 直连 楼主 电脑 游戏 蓝牙 奥帝兹 最求 钱够,-1
村上 平稳 唱功 后期制作 团队 调音师 稀烂 新晋 太烂 精灵 天猫 演唱会 成品 夜深人静 差到 一批 不怎么样 几千块 后期 外放 蓝牙 修复 气息 歌手 处理 年前 录音 不敢 稍微 好点 不少 以为 很火 音箱 听得 难受 适合 本身 明显 非常 怀疑 细节 直接 百万 不要 设备 没有 很多 难以 时间 可能 手机 没法 根本,-1
耳机 没法 论坛 估计 很快 之前 使用 确实 担心 不敢 坏掉 小心 上收 长留,1
一万块 听过 没有,0
刑具 超级 难受 目前 耳机,0
一听 一段 试音 天空 王菲 梁祝 吕思清 基本 特别 经常,0
参数 范围 需要 真的 其实 必要 有个 区间 普通人 关心,-1
做工 材料 就行了 声音,1
声音 耳机 不用 空间 音质 关注 刻意 摆位 远比,1
应该 解码 音源 三个 耳放 不行 原线 平衡 不好 换掉 电路 二个 不给力,-1
耳机 发烧友 器材 需要 很大 高价 听说 中国 压力 垃圾 主要 认为 厂商 太贱,-1
严格 基都 碰线 买条 屏蔽 堆料 标准 路子 阻抗 线有 数字 不要 做好 不是,1
换代 付费 免费 咸鱼 三代 更换 是否 直接 支持 速度 知道,1
尝试 相对 适合 感觉,0
耳机 产品 希望 可能 比较 已经 高价 不能 以上 牌子 一只 基本 下个 消费 森海 封闭 类型 塞子 旗舰 市场 专业 一千多 主流 抓紧 太贵 舞台 不怎么 认真 纽曼 四千多 受欢迎 学业 荒废 重拾 旧日 风光 挂羊头卖狗肉 返听 五千 人群 算计 录音棚 耗材 几百块 烧包,-1
围观,0
级别 推好 性价比 评价 差不多,-1
好几套 金钱 毕业 精力 折腾 音箱 系统 时间 耳机,-1
便宜 还要 多年 态度 价值 店铺 方式 哪有 售后 自有 服务,1
冲着 坑定 自然界 类人 深海 细腻 真实 竟然 一类 口碑 体验 接近 单端 平衡 清晰 只会 大部分 更好 牌子 少数 觉得 声音,-1
距离 拉开 不说 算了吧 环境 音箱 一点 难受 听音 以上 没有 问题 耳朵 耳机 左右 声音,1
不错 佩戴 建议 两个 流行 机会 主要 试一下 感都,1
声音 不错 出来 版本 以前 国产 好听 其实 现在 低频 印象 三频 差不多 不少 一体机 稍微 改善 大多 入个 人云亦云 干什么 均匀 水润 烧们 旧版本,-1
足矣 西装,0
有用 遇到 问题,0
一般般 好几个 好奇 看到 质感 乐器 已经,-1
身回 神奇 年前 感觉 有点,0
稳定下来 苟同 终于 不能 声音,0
没有 基本上 不能 必要 折腾 换墙,-1
直接 考虑 值得 自我感觉 一年 实际上 更新 太贵 当成 终身 纯粹 管理软件 值不值得,-1
喜庆 帖子,1
不错 应该 出现 现在 听感 更好 价格 天龙 流行歌曲 情况 高音 用过 推过 刮耳 极个别 用钰龙,1
突出 特点 均衡 相对 刺激 耳放 两个 建议 比较 耳机,0
不行 觉得,0
耳机 不是 估计 方便 厂家 感觉 人声 正常 低频 调音 地方 对比 肯定 一点点 偏差 故意 右边 左边 比较突出,-1
胆胆 搬运 野蛮 机场 碰到 机器,0
宁波 音响 发烧友,0
觉得 耳朵 其实 感觉 敏感 乐器 模式 单元 偏向 容易 试试看 引起 录音 差别 一边 偏音 特性 错觉 稍稍 试一下 分布 声源 距离 单声道 另一侧 往下压 一压,-1
至关重要 优化 正经 数播 普通 准确 一点 音频 音源 最后 数字 声场 时钟 可能 定位 做到 声音,0
论坛 放毒 退烧 不上 神仙 各路,-1
听久 数字滤波 集成 东西 入门 玩玩,1
只出 火玩过 爱丽丝 两只 留下 记得 系列 后来 歌德 印象 流行 最后 味道 以前 没有 不错,1
时代背景 脱离 讨论 不能 问题,0
所谓 不是 时间 质量 平均 均匀,1
没有 赶紧 感冒 退换 鼻炎,-1
耳机 耳朵 搭配 线材 很多 直接 评价 前端 不耐 导致 人用 阴间 相反 下会 偏亮 要用 亮声 来直 不绝于耳,-1
佩戴 应该 音质 重量 下单 差不多 咋样 昨刚,-1
实在 低音 喜欢 主要 准快,1
开启 我接 大门 新世界 平衡,0
支持 前排,1
剪短 插头,0
声音 失真 很多 好听 自然 耳放 音量 一点 干净 晚上 安静 下降 聆听 会开,-1
量产,0
好看 界面,-1
秒杀 显然 二字 假点,-1
短板 解码 觉得,0
失真 比较 个人 其实 当然 高频 低频 翻车 开放式 入耳 表现 差别 口味 光看 凸起 哈曼 暗淡 大耳里 反感,-1
毒物,1
有点 终于 要强,1
一件 不会 男人 我国 孩子 女人 摧残 这幅 面容 强求 爱情 下场 女性 想通 老一辈 妇女 没想通 结婚 吸血 活得,1
猛是 影音 利器 据说 封闭 低频 非常 已经,1
动凯音 如今 砖头 飞傲 台机 供电 旗舰 试试 便携 好像 太大 流行 地方 还要 应该,1
我用 不知 凑合 哈哈哈,1
全网 低功耗 比略 预祝 大卖 统一 定价 不贵 确实,1
直接 耳放 不行 原线 不好 前端,-1
不值一提 货色 低端,1
三条,0
不仅仅 感到 放下 变化 单端 往往 平衡 水准 平均 素质 解析 明显 提升 声场 动态 耳朵 耳机 觉得 声音,1
前级 蓝宝石 差别 有耳放,-1
科普 插楼,1
区别 一下 方便 直接 加个 提升 数字 到底 解码器 听歌 界面 电脑 偶尔 接到 虾米 接带,1
出掉 果断,0
免问 很多 看少 问题,0
深层 比三要 挖掘 杂食 主听 潜力 楼上 表现 流行 素质 推好 出来 所谓,1
软绵绵 推好 感觉,1
不同 音箱 功能 耳机,0
不要 看看 手机,0
久久 长长 够吃 餐馆 够劲 味精 平平淡淡 家常菜 惊喜 恐怕 讨好 就要 普通 价位 过瘾 那种 起来 耳朵,-1
直接 距离感 说用,1
觉得 耳机 有没有 没有 试听 音乐 发烧 好听 好不好 基本 必要 喜欢 地方 听到 不好 退烧 反复 没救 先量 量体温 缓解 痛苦 会加 日后 发作,-1
据说 讨好 调音 值得 一代 当然,1
深度 头疼 采样率,-1
假洋 那条 一起 蓝色 听过 包围 解析 不是 电源线,-1
一下 希望 买过 目前 牌子 听感 界面 大佬 价位 推荐 问问 分享 卖家 有无 折价 看中,-1
声音 感觉 非常 低频 调音 编制 大乌 古典 刺激 中频 感情 柔和 微暖 强于 高文 变得 讨耳 回弹 枯燥,1
完全 好听 那种 人声 不差 配个 彩线,-1
电源线 已经 空间 所有 全部 平衡 电脑 至少 差不多 开发 管子 包括 百分之 那根 切记 换舒特,-1
怪相 越来越 耳机,0
区别 一下 方便 直接 加个 提升 数字 到底 解码器 听歌 界面 电脑 偶尔 接到 虾米 接带,1
有首 商城 在线 免费 精选 索尼 日本 试试 音质 最好 试听 觉得,1
尴尬 信号线 实在 左右,0
声音 一下 呵呵 机器 当然 变压器 的确 新版 打开 不好 想象 电处 一枚 感想 开关 踏实 一向 牛箭 牛大看 盖怒 留白 放置,-1
耳机 不是 估计 方便 厂家 感觉 人声 正常 低频 调音 地方 对比 肯定 一点点 偏差 故意 右边 左边 比较突出,-1
推荐 原创 大佬,0
淘个 天鹰座 谷津 闲鱼,0
不会 解码 敏感 非常 耳放 配置 满意 前端 定制 前面 电磁炉 毛病 加耳放 挑不出 我配,-1
很多 之前 这种 选择 听歌 基本 喜欢 风格 评价 路过 看帖 每个 不同 正戴 公正 脑放 一无是处 无视,-1
参数 器材 出来 分辨 测试 简单 起来 其实 现在 看起来 好不好 感觉 不能 好坏 算了 最近 鼓吹 绝口不提 搞乱 思路 怀疑 这种 图个 到底 离开 仪器 能力,-1
小东西 优化 几千 原理 调音 解码,0
应该 可能 不至于 推好 听感 耳放 楼主 来看 不同 线条 感极强 倒退,-1
尖细 日系 大多 整个 追求 喜欢 高频 非常 感觉,-1
佩戴 没有 一点 风险 断裂 竹子 好长时间 能轻,1
出好声 折腾 代价 不低 鸡肋,-1
提升,0
毕竟 问题 建议 提升 很大 明显 隔离 转盘 界面 自带 直连 音源 质量 堪忧 效果 不差 先天 大幅度 纯净度 降低 抖动,-1
觉得 总是 东西 道理 闲鱼 这句,1
觉得 版本 明显 差异 继续 播放器 随身 换卡,-1
耳机 可能 比较 放在 需要 反正 能力 无所谓 输出 功放 控制力 粗糙 电流 索尼 弱点 极强 第二点 推着,-1
完美 桌面 这套,0
耳机 所有 编号 手里 之后 一天 限量 出名 骗来,-1
盯上 高调 偷偷 严听 低调 容易 盗版 国外 比较,1
耳机 一件 东西 设备 反正 正常 顶多 对比 一大堆 精确 描述 总结 看着 赞成 写文 哪有 五百 字够 稀稀拉拉 正常人 唱片 当枪文 看待,-1
加胆前 胆前 国内 不好 可惜 确实 看起来 需要 不错,-1
鲁艺管,0
也许 东西,0
发笑 上帝 民科 思考,0
专门 木头 研究 看来,0
这图 美女 可能 里面,0
流行 人声 搭配 觉得,0
煲机 重要 正常 就行了 音乐,1
很傻 换过 优先级 短板 当年 换个 分体 好点 一体机 确定 重要 肯定 后来 万元 更好 值得 需要 完全 提升 电源 系统 很多 不是 电源线 觉得,1
名声 发营收 名义 利益 不来 发布 金钱 纯粹 经济 带来 一手 没有,0
往上升,0
头领 充气 无辜 信号处理 离散 雪碧 瓜子 出售 花生 计算机 科技 可乐 实现 方法 基于 妹子 信号 客服 前排 数字 系统 时间,0
玩玩 楼主 麻烦 链接 后能 套件 完成 出个,-1
已经 支持 没有 解码 以前 这种 模式 不行 后来 不好 输出 旷世 直出 放弃 协议 谷津 海贝 办法 安卓,-1
再生 丽特 电源 功能,0
自欺欺人 多长 塑料 寿命 发烧,0
不是 不了 两个 当初 一周 售后 改造 高登 良心 返修 急眼 反讽 忙不过来 将心比心 一档,-1
喜欢 木碗 丰达 壳子,1
不是 不要 需要 耳放 容易 有时候 重要 阻抗 灵敏度 反而 阻放 阻大耳,1
毕竟 问题 建议 提升 很大 明显 隔离 转盘 界面 自带 直连 音源 质量 堪忧 效果 不差 先天 大幅度 纯净度 降低 抖动,-1
不好 金乌,-1
假洋鬼子 不是,-1
下年 回想 头版,0
不好 播放器 推推,-1
椭圆型 不仅仅 纵向 森海 横向 所有 声场 耳机,0
原因,0
本论坛 毒龙 加入 差不多 时代,-1
佩戴 降噪 标准 长期 入耳式,1
顺便去 店里 胆机 听说 一下 耳朵,1
器材 学习 值得 楼主 折腾 克制 难得 念旧情,-1
无损 张学友 差不多 有损 玩意儿,-1
手机 之前 好听 当时 后来 足够 手里 听响 谢兰图 推直,1
安卓线 原装 很多,1
声音 严重 做工 爱产 缩水 包装 没想到 罗产 比前 几版,1
恶声,0
不错 慢慢 写得 收藏,1
双修 选择,1
下结论 办公室 吊打 箱子 以上 小时 真的 之前 无法 耳机,1
出口 大多数 认证 标准 型号 耳放 解码器 很多 可能 不到 做到,0
更好 胆机 解码 搭配 应该,1
低端 本来 耽误 差远了,-1
回声 三角 感人 楼主,1
口水,0
还行,0
比大耳好 表象 拉大 不语 拉近 带来 立体 塞子 清楚 清晰 结像 解析 很多 不是 定位 觉得,-1
老烧 哈哈哈 高芬 苏墨 基线 眼里,1
宝华 牌子 知道,0
那套 细腻 比强 惊艳 气势 铝带 不算 世纪 这次 密度 平面 格雷 听到 耳放 声场 声音,1
底座 专门 不是,0
没天 无数次 退假 猛男 京东 退货 理由 之后 几年 发现 好像 真的,-1
卡达 换线 不好 效果 不大 其实 耳机,-1
时间 一分钟 平均 一首歌,-1
失真 可能 声场 其实 高频 低频 封闭 外壳 加上 更加 共振 小于 预测 说来说去 拉亮 抬升 见分晓,-1
未知,0
打次 动次 二奶 放心 做个 稍微 表现 挺不错 便携 流行 有点 手机,1
耳机 明白 一堆 折腾 奇怪 新人 卖线 问东问西,-1
木头人 木头 喜欢,1
顶顶,1
打算 换线 收个,1
眼馋 手持,0
耳机 产品 之前 以前 低端 感觉 效果 相当 低频 十几年 国内 买来 朋友 孩子 得胜 仿做 当直 推用 影音 没想到 前入 扔给 上网,-1
无出 同价位 差不多,-1
不错 版本 之前 我用 插头 选择 新版 大耳 居然 不同 推得 转接头 花钱 爽歪歪 固件 我晕 太爽了 德森瑞,1
要求 器材 不要 关键 现在 低音 效果 不差 自然 成熟 提高 越来越 电音 流行音乐 重低音 运用 肆无忌惮 回放 表演,-1
应该 现在 时代 讲究 唱片 选唱头 宝石 针头 形状,1
阻加 一众 透明度 全能 手头 不敢 恶声 至少 平衡 推好 高低 耳机 不错 左右,1
石机 对手 没有 不是 级别,0
上套 官价 一套 喜欢 有点 直接 二手 声音,-1
规格 没有 关系 好不好 难听 录音 格式 一毛钱,-1
顶一下,1
对面 音质,1
耳机 比较 音乐 大概 好听 低音 那种 适合 喜欢 自然 楼主 一点 满足 美的 女声 线性 不难 具有 能够 推用 艺术性 超棒,-1
选出 马上 两个 完全 一下,0
丰满 玩家 西装 支持,1
醇音 账号 关注,0
壳子 乐趣 需求 买个 符合 几个 便宜,0
购买力 贫穷 限制 只能 支持,1
终极版 零售价 支持 谢谢 大家,1
小时 两个 后悔 为啥 没事 别退,-1
耳机 牌子 确实 搞不懂 为啥 整天 好好 山寨 产品线,1
帖子 看不懂 呵呵 厉害,-1
家里 零火 反接 最好 电笔,1
没出 宽大 画眉 至少 感觉 声场 问题,0
录音 必要,-1
耳机 器材 论坛 少数 合适 买不起 大部分 退烧 大家 找到 本质,-1
看看,0
太丑 新版,0
现在 芯片 不好 型号 运放 何止,-1
黑神线 好像 人声 插头 感觉,1
不好,-1
集成声卡 电脑 音箱 减少 这种 直接 动态 范围,0
结构 是不是 老化 单元 平板 关系 很快 速度 知道,0
未知,0
没动 新放 焊接 盒子 原线 全新 就行了 一下,0
还花 十月份 降价 德行 三代,0
好文先,1
笔记本 很多,1
一下 支持,1
差点 走神 睡着,-1
好文 学习,1
刚才 很小 谈谈 这根 到货 听感 一条 简单 没有 估计,0
拜亚 难听 封闭式,-1
想到 提起 第一个 风头 反正 大概,0
倒闭 下一代 停产 还会 芯片 出来,0
看来 现在 不能 基本 效果 肯定 实力 发挥 折腾 才行 这货 得入,-1
再就是 逃三是 一是 保修 二是 太重 运费 未必 划算 电压 不好 太大 便宜,-1
老机 转盘 买个,0
戒烟 抽烟 折腾 发烧,-1
内部 看看 比较 出来,1
水平,0
捡了个 植物 我点 小心 酱油 进来 沙发,0
热议 比坛 看金 宙斯 曲线 平面 失真,-1
银乌 推荐,0
线材 升级 考虑 强于 变化 耳机线 同价位 平级 讯号线,1
干得 星辉 素质,0
抢个 这么晚 沙发,0
单端 上台 感觉,1
帮顶 路过 价格 只能 看看,1
区别 无法 解码器 耳放 水准 差异 巨大 揭示 力太差,-1
平板 难听 推动 老老实实 方程式,-1
已经 升级 最好 风格 恐怕 换个 互补 手中 并小有,1
屁股 卖家 前面 后面 很多 功能 知道,0
推荐 有人,0
到底 牌子 英国 假洋鬼子 剑桥 正宗,-1
我换 管子,0
这货 条件 只能 看看 试听 详细 知道 参数,0
似乎 三代 极致 剩下 首推,1
不错 有没有 没有 东西 其实 必要 文章 说明 正好 销量,-1
耳朵 只能 不好 说直,-1
对比 确实,0
声音 好不好 晚上,-1
不错 耳机 比较 解码 好听 特别 性价比 耳放 低阻 部分 大师 普通 一体机 灵敏度 旷世 推推 祖传 几套 歇菜,-1
没有 玩意,-1
真的 好像 发现 几年 之后 理由 退货 京东 猛男 退假 无数次 没天,-1
耳机 出来 问题 没有 解决 下去 目前 好听 慢慢 正常 打算 森海 后来 有人 至少 以下 发现 好点 稍微 频响 遗憾 难办 难得 毫不客气 条路,-1
电音 推荐 极致 摇滚 适合 看看,1
烧友 原价 完全 正常 档次 价位 旗舰 玩家 土豪 复刻 相信 索尼 做工 宣传 这货 那万 万块 当回事 货颜值 十万八千里 当不起,-1
素质 好不好 好听 真的 没有,-1
开脑 用来 现在,0
身板 系列 确实 推好 不错,1
锁不住 转盘 建议,0
大半年 装备 没有,0
钢板 海外版 多克 莫非,0
奶圈 渣图 暗光 不见 大白 留下 之后 消失 两个 手机,0
应该 比较 合适 平方,1
声音 毕竟 问题 细节 平板 男人 真正 在家 耐用 潜水 回帖 无伤大雅,1
打擂 乍一看 题目 深厚 积淀 英美 东亚 桥头堡 创作 门类 那一挂 爵士乐 集大成者 形式 艺术 听觉 流行乐 流行音乐 欧美 爵士 现代 制作 尤其 好像 古典 听听 更好 中国,1
不用 担心 耳机 真的 没假,-1
开腔 不敢 银彩 诚信 真材实料 刚过 晶彩 批银彩 刚刚 大佬 厂家 帖子 论坛,0
声音 好听 随便 一体机 随身 米饭 瞎折腾 搞搞 将来 有福气 老弱病残 风烛残年 老家伙,-1
电器维修 广场 资讯 广埠 中心 明天,0
老烧 哈哈哈 高芬 苏墨 基线 眼里,1
好久,1
最低 上去 现在 不是,0
感谢 顶楼 主求,1
单前 三次 取消 两次,0
量产 大家 对不起 东西 出来,1
耳朵 可能 基本 自带 耳放 对比 差距 展会 一体机 分体 放弃 独立 上金波 六千多 耳放想 追上 耳放太难,-1
推论 工人 金钱 前提 就算 大部分 自然 相当 有限 不会 时间,0
做好 方便 空间 解码 其实 一体机 电路 早期 一起 合并 跟耳放 差分 体机 更省,-1
无差评 二进宫 至今 准备,-1
个人观点 推成 享声 推个 以上,0
挺不错 推荐,1
耳机 问题 二手 以前 全新 后来 情况 平衡 差不多 客服 寄过去 一张 联系 一根 免费 包装 换购 说明书 前不久 裸机 质保卡 盖章 收据,-1
大奥,-1
垃圾 真想 大喊 一声,-1
怪安卓 卓有 网络 音箱 不能 没有,0
不毒 机而 解决不了 不信 女声 无关 试试看 耳放 音源 上面 买个 需要 二手 没用 问题,-1
置疑 毋容 变化 绝对,0
根苏墨 再配 太阳神 不小 推得 参考 试过 平衡 安心 极致 追求 完全 声场,1
确实 稍微 干净 会员 酷狗,1
档次 差距 一点 前端 稍微 轻松 给力 拉开,-1
问题 本身 顶多 单元 老化 保养 很少 海绵 皮实 脱胶,1
轰炸机 不多 记得 低频,-1
声音 耳机 没法 已经 看看 实在 有点 感觉 多年 低音 投入 听感 音源 难受 耳放 价格 尤其 楼主 平衡 真力 电位器 一致 开发 温暖 一类 那款 配合 增益 贝斯 心脏 频都 清澈 剩渣 卖个 假大空 太薄 听要 放线,-1
超细 导管 所有人 全家 模具 很小 最早 威士顿 压根 不好 有人 听到 腔体 适合 听音 怀疑 关系 喜好 不太 问题 可能 不是 耳朵 耳机 声音,-1
根本 不错 耳机 不到 比较 详细 感受 起来 其实 最好 低音 下潜 非常 过瘾 不够 上面 质量 平板 难受 舒服 结像 类型 震动 动圈 缺乏 描绘 不同 整个 变化 大小 静电 过程 弹性 不深 区分 量感 精准 分清 形态 鼓棒 粗细 敲鼓时 鼓皮 描绘出来 模糊 最差 硬邦邦,-1
银版 强烈推荐 适配器 老叶,1
声音 不错 没有 我用 感觉 那种 低频 交响 流行 整体 打开 通透 增益 拉稀,1
直接 耳罩 惊喜 拿掉 戴有,1
耳朵 证明 证据 不作数,-1
声音 高端 定位 真的 考虑 牌子 转盘 不行 机子 英国,-1
卖力 不久 宣传 楼主 一台 厂家,0
设备 大家 新年快乐 牛年,1
挚友 早日康复 交到 早日 深夜 重要 身体 帮顶,1
桥接 银盘 我用,1
体积 分体 设计 巨大 价格 跳水,0
失真 不是 降到 最小 最低 玩儿 尽可能 感念 措施,-1
坐镇 无止境 就算 程度 不少 追求 机器 所谓 耳机 觉得,1
倒爷 故意 一起 烧油 楼主 一句 放在,0
或者说 搞笑 垃圾 难听 有点 需要,-1
不错 耳机 铁三角 合适,1
耳朵 证明 证据 不作数,-1
平衡 试试 楼主 很大 提升,0
耳机 精神 本来 整个 哈哈哈哈 一整,1
耳机 适合 用来 平板 好像 享声,1
新年快乐,0
听感 期待,0
速速 上大 莱曼,0
声音 数据 不是 方便 不至于 界面 音质 差不多 楼上 驱动 处理 劣化 侧重点,-1
净化 有用 东西,0
关键 值得 肯定 折腾 这点,-1
试下歌 理由 七天 诗德,0
看来 有点 大部分 肯定 不好 包括 主观 客观 设计师,-1
非常 帮顶 直观 简洁,1
不用 一下 估计 经常 别人 没有 树莓 简单 直接 两个 麻烦 每次 开机 变化 交换机 导致 这是 设置 二是 一是 绑定 面子 地址 办法 查找 房东 内网 拉下,-1
觉得 价位 不好 玩家 大多 没人刚,-1
线差 单线 一根 一千多 貌似 现在 之前 知道 便宜,-1
勉强 谷津 够用,1
比较,0
春节 序曲 好听 建议 一下 耳机,1
全靠 不开 极差 两重 转换成 采集 先是 模拟信号 数字信号 内置 转换 电路 输出 接口 放大 音质 硬件 封闭式 针对 单元 腔体 调音 本身 解码 需要 没有 耳机,-1
感觉 放毒 整天 迟早,1
觉得 可能 反正 家里 特别 随便 地方 没见 情况 环境 好点 稍微 几年 不算 潮湿 出毛病 防潮,1
麻将桌 塞个 进去 里面,0
这台 电流 模式 之前 不错,1
垃圾 容易 海原 就行 不难 线序 烙铁 万用表 漆包线 上锡得,-1
看上去 挺假,-1
老穆 演奏 下载 正在,0
摸奖 口味 清楚 别人 没用 系统 电源线,-1
淘宝 看看,0
推不动 完全,0
腮帮子 不疼 头顶,-1
声音 官方 搭配 线材 系统 需要 机器 就行了 当然 一台 没什么 排除 楼上 改变 换线 一根 改动 更差 调皮 远比 锦上添花,-1
支持,1
高低音 同轴 单元 两个 耳机,0
声音 低音 非常 解析 歌德 主要 路线 特点 突出 配上 淘宝 真有 冷静 傻子,-1
抛弃,0
医出 没什么 意义 机器 实在,0
干嘛,0
方式 好评 楼主 耳机,1
省心,0
不错 耳机 素质 音源,1
调音 鸡婆 味十足,1
解码率 多好 不行 效果 类似 解码 有效 可能,1
萌新 初烧 留下 好听 耳机 觉得,1
玩线 折腾 换掉 实在 电源线,-1
二手 相对 即可 杂食,1
转盘 差别 机型 挺大 据说 两三千,-1
歌唱家 作曲家 录音师 很差 音乐家 细胞 听力 其实 音乐 已经 可能,-1
声音 已经 现在 低频 不行 价格 结像 女声 还行 推听 扁平 糊轰头,-1
防潮箱 完放 南方 耳机,0
固定 耳放 前级 一半,0
随便,0
木盒 豪华 缩水 头戴 新版 看来,0
电磁炉 不香,0
厉害,1
更好 比买凯 音要,1
冲击力 真要 好多 力度 平衡 低频 提升,1
沐声 知道,0
角度 有点像 看来,0
放试 想着 推不开 平板 不是 就别,0
黑美人 试听,0
问号 黑人 钰龙 完成度 声音,0
科技 太拉 不少 可惜 调音,0
系滴,0
怀念 折腾 运放,-1
机器 只能 不好 无关 国家电网 怨电,-1
高敏底 属于 主要 清楚 容易 低阻 耳放 买个 考虑 需要 出现 耳机,0
声音 耳机 应该 估计 结像 不太好 密度 体积 剩下 采用 磁铁 间隙 磁力 偏低 补救 狭窄,1
彻底 脑放 打开,0
另配 森海家 在于 分体 优势 不高 一体机 耳放 素质 搭配,0
米入 楼主,0
刻意追求 铜环 老版 可靠 包括 耳机线 容易 质量 必要 插头 出现 没有 版本 问题,1
觉得 耳机 不是 真的 所有 不好 原来 至少 主要 搞定 传说 总司令 曼丽,-1
国产 进口 不够 质感 太大 差距 普通 设计 现代 彻底 打磨 突兀 复古 模版,-1
觉得 平板 动圈 兼容 高阻 没耳放能,1
未知,0
干得 星辉 古河 素质,0
太低 改进 大大 颜值 这条线,1
观众 吸引 动作 宿舍 开放 漏音 电影 很快,0
同期 吓傻 人头 录音 听过 好听 声音,1
群主,1
声音 不是 已经 建议 有点 机器 韵味 喜欢 马兰士 现代 飞机 飞利浦 早年 正宗,1
好看 胆机 外观 叶家,1
比比皆是 两码事 采用 接口 单端 平衡 放大 耳放 使用 耳机,0
根本 应该 不是 问题 概念 使用 本身 电脑 传输 干扰 够用 换个 机械 硬盘 甩锅 产生 完美 固态 码流 传输速率,-1
动脑子 想想 知道,0
东西,1
大概 看看,0
个人 听感 档次 比差,-1
小点 红芯 尺寸 更新 不好 感觉,-1
可能 感觉 味道 保留 中频 垃圾 原线 不少 顺滑 下来 米饭 味换 保不住 我换 侍魂 相应,-1
教育 初烧 好多 不敢 确定 早就 听音 现在,1
单元 增加 震动 越小越 分割 镀层 钢性,1
感觉 非常 高频 喜欢 追求 整个 大多 日系 尖细,-1
一家 美帝 欧美 不止 流行 喜欢,-1
没用 就行 上加 机芯 皮带 齿轮 润滑脂,-1
理性 明白 烧友,1
不错 当然 上限 难搞,1
推真 平衡 不行 一代 不用,0
耳机 加炮,1
调味 用到 管子 寿命 上市 担心 差异 风格 注意 现在 其实 需要 不用,-1
只服 胆机,0
外通 除大 杂食 一支 编制 耳机,0
耳机 两个 单元 厉害 楼主 果断 客服 经历 偏音 回来 联系 售后 偏得,1
发烧 折腾 抽烟 戒烟,-1
里面 手机 方便 音乐 注意 以上 非常 以内 秒杀 界面 确实 对比 万元 全部 不好 电加 线电用 播放 个数 控制 赏心悦目 不太多,-1
难得糊涂 老子 察察 众人 语录 圣人 闷闷 吃亏 发现 一句 厉害,1
比较 升级 好听 明显 低频 地方 信号线 方面 晶彩 一副 妥协 哈哈哈哈,1
顶起,1
佩戴 不是 问题 没有 音乐 监听 更好 低频 音质 兼容 不在话下 声是 好得多 舒适性 爽机 多种类型,1
不错 乐器,1
银线 换个 试试,0
巡回 坛子 坐等 官方,0
光滑 焦糊 鸟样 过多 罩子 反射 那大 原厂 山寨 内侧 表面 值钱 处理 淘宝 通透 歌德 单元 感觉 一定,1
没人用,0
换皮 变化 耳罩 声音,0
声音 知道 基本上 素质 不可 更好 单元 全新 高级 不好 外壳 用料 就算 库存 走向 更高品 折叠,-1
电源线 学习 信号线 折腾 避震 保险丝 柴大 挖掘潜力,-1
明显 封闭 没什么 方面 木头 差别 做工 开放 缩水 看出,-1
下去 必要 几百块 遗憾,-1
单片 研发 愿意 品牌 饱满 芯片 非常 系统 时间,0
门槛 最低 推金 草医耳放 气动式 好金 放下 医耳 误导 以防 高大 直观 表达 主观 做过 不便 合并 二个 事要 答应 发个 恳请 一是 采用 偷懒 一起 完成 开箱 发了 方式 参考 总结 真正 平面 商家 关注 一点 评价 不行 平板 特别 听得出来 推好 感觉 好听 以前 感受 烧友 感谢 东西 没有 别人 系统 比较 一下 产品 要求 耳机 知道 根本 声音,1
一定 国产 机不 素质 水平 舒服 万元 增益 打得 推档,1
线材 不是 无法 速度 比较 问题 出现 电源 设备 关系 特别 底噪 降低 严重 有人 方案 接入 交换机 导致 改善 路由器 网播 差一点 开关电源 避免 稳定性 网线 无线 网桥 宁静 玄学 大幅 廉价 有线 污染 变差 接收 传入 变大 规避,-1
瓦特 镀金 后级 恭喜 真货 音源 适合 前级,1
韭菜 新版 香榭丽舍 机了,-1
地买 毫不犹豫 肯定,0
再换 退烧 推荐 就行了 个人,-1
弄个 声卡 差不多,-1
数一数二 乌是 推大 旷世 展会 所有 听过 搭配,0
坦诚 敢于 实验 前端 至少 不同 实践 听感 推好 精神 可能 觉得,1
冷颤 打了个,0
知道 耳机 不是 做好 几个 建议 没有 试听 关键 其实 模式 耳放 一台 看到 居然 用户 展会 商家 操作 设置 最大 今天 增益 复杂 好好 操控 知音 展览 银狐 耳放要,1
虱子 满地,0
方向 始终 信号线 就行了 其实,0
归零 发现 一段时间 更好 声音,1
必要 只能 播放 金嗓子 二嫂 接接,-1
觉得 搭配 人声 性价比 古典 不好 不太多 比差 台机 主观,-1
大件 当成 咸菜,-1
收货 代理 入手 不行 考虑 低端 之前 升级 没有 比较 耳朵 看来 声音,0
存在 不错 耳机 毕竟 铁三角 女声 男声 说法 倾向 品牌 说不定 远不如 单以 不计其数 专长 细数 专用机,1
电源 其实 原装 充电 降噪 苹果 不算,-1
听得少 刮目相看 扩展 砖头 国砖 瞎说 形态 两款 外接 随身 享声 令人 推过 不敢 加点 价位 组合 真是 基本 两个 一种 一代 推力 进口 关键 二手 里面 出来,0
二代 好像 原线 看着 乌托邦,1
难搞 其实 已经,0
未知,1
多些 惊艳 包括 好点 香格里拉 音箱 大奥 地方 低频 二代 感觉 没有 不会 可能 应该 耳朵 耳机,1
赛亚人 血统 没有 问题,0
声音 以前 机器 发现 折腾 打个 做做 先去 肉身 喻加 健身,-1
声音 没有 个人 某宝 性价比 底噪 喜欢 平板 音色 指标,1
非常 有限 好点 卖掉 平淡 放比 稍稍,-1
够用 马兰士 二手 估计 左右,0
国产 最好 原装 粗糙 拆卸 开模,-1
佩戴 应该 音质 重量 下单 差不多 咋样 昨刚,-1
氧化 衰减 十几年 到底 提升,0
蜻蜓 线圣,0
不是 几个 所有 旗舰 吊打,1
觉得 解码 乐感 用来 素质 差不多 真力,-1
居多 劝退 质量 估计,-1
一步到位 气势 音乐 要求,0
对无语,-1
不错 声音,1
证明 不太好 说明 设备 比较 耳朵,-1
几百遍 满庭芳 不住 几天,0
觉得 耳机 一定 没有 音乐 定义 好听 其实 好坏 消费者 用来 必要 西装 购买 情况 同一个 规定 才能 相似 这是 这类 一类 理由 常常 商品 之分 擅长 分类 欧洲人 管用 伎俩 充分 榨取 利润 分得 重复 计较 欧洲 类别 发生 手表 机芯 潜水表 飞行 登山 时装 正装表 休闲 本质 下水 带正 装表 营销,-1
之前 这版 罗版 一副 出过 何苦,1
判断题 概率 遇到 一定,0
万超 用爵 适应性 操作 音质 感觉 现在 细节 之前 声场 预算 没有 出来 不错,1
展台 平面 大佬,0
不快 热得 预热 胆管 反而 胆机 时间,0
没用 原线 平衡 顺便 下楼 主用,-1
声音,0
电源线 时间 下去 好坏 小时 不够 合适 组合 全部 每个 才能 咸菜 找到 未必 尝试 判断 世上 数千种 数百 来煲 一生 遑论 各类 需像 愚公移山 祖祖辈辈 第代 子孙,-1
混合 做过 动圈 气动 有个 好像 单元 牌子 耳机,1
发表 第楼 引用,0
耳朵 所谓 正在 需要 感受 细节 人声 高潮 丰富 重要 每天 体会 尽情 女毒 兀自 女歌手 换气 唇齿 开合 粘连 舌头 喉咙 湿润 蠕动 仿佛 思念 千百遍 恋人 动情 稍纵即逝 颅内,-1
许愿 呼唤 四个 速速 神龙,-1
所谓 不是 时间 质量 平均 均匀,1
乐于 那根 换管 整流管 最大 变化 同学 后面 起来 影响 知道 声音,0
比较 请问 差距,-1
耳机 没有 来说 明显 两个 性价比 价格 差异 肯定 相差太多,-1
低频 推好,1
均衡 三频 放得够 这毒 楼主 知道,1
过目不忘 杂食 第一个 音染 女声 弦乐 双十 下个 买个 好听 真的,-1
试试,1
名号 之作 辛勤 配得 诚意 分享 旗舰 谢谢 看来,0
更大些 潜力 封闭式 听不出,0
声音 不错 用过 天籁 仿推,-1
处理 相较 顶个 方式 芯片 传统,1
蓝水,0
线材 不是 无法 速度 比较 问题 出现 电源 设备 关系 特别 底噪 降低 严重 有人 方案 接入 交换机 导致 改善 路由器 网播 差一点 开关电源 避免 稳定性 网线 无线 网桥 宁静 玄学 大幅 廉价 有线 污染 变差 接收 传入 变大 规避,-1
不错 里面 比较 使用 当然 非常 牌子 不大 选择 流行 摇滚 算是 天龙 音质 差距 场景 个人感觉 电影 范畴 能量 体积 宝华 索尼 品牌 飞利浦 家用 主打 多媒体 理念 适应 雅马哈 哈曼 銘威 发罗维,-1
群里友 有意 楼主 谢谢,0
可能 耳罩 调音 确实 还好 拆开 观察 上家 卡扣 扣紧 说装 忘装,-1
不错 实际 下手 有意 欧博 办法 犹豫 没敢,1
不是 推好 当时 宣传,1
民间 高手,1
收据 盖章 质保卡 裸机 前不久 说明书 换购 包装 免费 一根 联系 一张 寄过去 客服 差不多 平衡 情况 后来 全新 以前 二手 问题 耳机,-1
不会 支持 使用 这种 超过 传输 干扰 输出 特殊 标准 强大 基于 方法 最高 损失 网络 电缆 提供 长度 分辨率 阻抗匹配 在线 造成 带有 同轴电缆 硬件平台 存储 平台 传输服务,-1
相比,1
支持,1
呵呵 支持 玩玩,-1
楼主 噪声 干扰 共模,-1
耳放口 直接 功能 耳机,1
膜电位 通病,0
听下 买来 清楚 没用,-1
块钱 静电,0
未知,0
应该 解码 音源 三个 耳放 不行 原线 平衡 不好 换掉 电路 二个 不给力,-1
解答 了解 大佬 谢谢,0
说白了 古典 只能 听歌 用来 监听 系统 不是 搭配 耳机,1
楼主 恭喜 干扰 免除 之忧,-1
声音 失真 很多 好听 自然 耳放 音量 一点 干净 晚上 安静 下降 聆听 会开,-1
试听 没有,0
做到 解码器 地方 音量 一点 最牛 玩意 在于 上能 地球 调小 真不多,1
国产,-1
不对味 老铁家 严格来说 古典 编制 调音 不错,1
年版 比国行 日行 老版 淘宝 几百 是不是 调音 区别 知道 便宜,0
恶劣 叫停 群众 树立 责任 恶化 进一步 感染 外耳道 受损 缺氧 局部 耳道 很伤 密闭式 过分 绒毛 上皮 耳蜗 神经 毁坏 呼吸 形象 造成 健康 不合理 组织 教育 入耳式 通道 贡献 污染 卫生 厂商 后果 误导 长期 带来 毁掉 宣传 生产 疯狂 导致 天价 内部 旗舰 入耳 细胞 有时候 巨大 追求 容易 一点 耳塞 音质 对此 尤其 严重 听力 高频 解析 不够 不能 其实 需要 东西 很多 一定 所谓 耳朵 出声 耳机 知道,-1
明显 真的 区别,0
预测 环节 效应 导致 改变 每个 混沌 系统 无法 声音,0
一试 立竿见影 换运放 运放 分离 值得,1
最低 回去 同轴 等级 数播 电脑 差异 部分 耐听 使用 解码 数字,-1
解释 大佬,1
声音 高端 耳机 要求 电源线 一般来说 问题 系统 建议 预算 看看 声场 设备 需要 个人 感受 厂家 其实 敏感 国标 大陆 最后 更换 选择 换成 相对 均衡 追求 准备 通透 型号 个人感觉 全面 至少 差不多 表现 确定 体验 改变 方向 条线 带来 收益 销售 投资 静神 凝聚 书房 成品 一档 实价 取舍 分配,-1
值得 一个月 为啥 卖掉 斟酌,-1
能出 希望,0
语出惊人,0
耳朵 分辨 里面 东西 看看 不行 对比 塞子 中介 正品 打假 有厂 真是假 发给,-1
卖完 喝彩 貌似 早就,1
失真 问题 已经 版本 以前 太小 低阻 音量 所有 功率 不少 输出 驱动 最新 管子 钻石版 驱动力 削顶 钻石 改用 输出功率,-1
狗兄,0
已尽 三月,0
转盘 用来 性价比 硬件 主要 操作 一类 台机 无脑 接机 一大帮 斯德哥尔摩 整天 拼命 起哄,-1
耳朵 线材 元素 设备 下去 仪器 解析 乐感 听感 素质 确实 是不是 难受 只会 串联 好比 才能 一段 不耐 轻松 信息 和谐 太高 毫无 惊艳 变强 挖掘 越多越 珍珠 越多要 做成 一串 项链 难度 大人 耐受力 使人 空有,-1
热噪声 端接 塞子,0
不是 一条 完全 购买 凭证 假线 真线,-1
声音 觉得 耳机 一定 两个 压力 平板 差异 同样 巨大 平面 来自 奥帝,-1
问题 二手 之前 个人 喜好 后面 铁家 木碗 天龙 习惯 太多 入过 味精 改听,1
支持 国产 牌子 美国 以为 莱尔 一看,1
两条线 一起,0
比较,1
声音 产品 耳放 原创 不好 用过 超值 没用过,-1
好听 没有,1
耳机 有点 解码 小不点 顶级 年代 年头 没出,1
支持,1
向来 不上 代理 国内 稳定 其实 东西,-1
声音 不错 舒服 干净 比榭兰图 戴久 耳挂,-1
耳机 喜欢 好像 歌德 强项,1
年产 楼主,0
未知,0
为主,0
别人 音乐 喜欢,1
不知 表示 很多 发烧 人声 特别 拜亚 专辑 用心 制作 器乐 动力 原版 编曲 配乐 高到,1
主要 我用 看看,0
声音 耳机 耳朵 时间 看看 关系 人声 乐器 索尼 频响 曲线 差远了 走形 难以忍受 配戴,-1
失去 最大 优势 上台 性价比 好听 提升,1
真爱 支持 一下,1
推好 感情 缺乏 激情 毫不 沾边 冷漠,1
晶体 镀金 楼上 听过 天使 算了 别人,1
差距 持有 三宝,-1
帖子 比较 更好 好像 似乎 有人 清楚 功放 同时对比 耳放去 久记,1
自残 看行 没人 毕竟,1
绝对 最好 平板 万元 不好 称霸,-1
哈哈哈哈 保证 楼主,1
啥时候,0
很棒 关注 看上去 一下,0
烂掉 可修 天魁 费用 技术 单元 某宝 起来 左右,0
相反 相位,0
自行 好像 打脸,1
黑盒 老版 清楚,0
刘备 天白 底盘 毒王 额金 杂事 金瓶梅 热门 驱动 加上 平面 容易 合适 厉害 平板 都行 人声 国产 试听 建议 不错,1
推荐 播放器 在家 出差 接用 老虎 多月 鱼电处 推一机 两用,-1
差不多 声卡 弄个,-1
总会 留下 一张 所有 起来 耳机,0
数据 输出 品质,1
期待 几个 对比 播放器 板凳,1
真的 的确 保持 暖厚 费劲 神论 低失,-1
搭配 人声 乐器 质量 喜欢 推荐 不同 单纯 录音 赵雷,1
奶罩,-1
时间 现在 差不多 不少 退烧 买来买去 可喜可贺,-1
应该 关键 好不好 牌子 后面 算是 代工 没什么 德国 不敢 音响 电容 现代 飞利浦 最起码 原版 动手 诚意 老头 工厂 大规模 记不清 焊工 原产,-1
左右 产品 预算 需要 耳放 流行 容易 功放 推得 这么久 那入 最合适 个样 坏卖,1
人声,0
输出 放大,0
安定 机器 舒服 原线 平衡 下来 更优,-1
声音 耳机 不是 比较 完全 感觉 值得 入手 用过 几年 调音台 美奇,-1
索尼 淘宝网 电池,1
出钱 额外 免去 没买 划算 平衡 后悔 一条 比较,0
感觉 保养 样子 真不错,1
文笔 不想 祝贺 说话,-1
逼使 进步,0
历史感 比较,0
原来,0
妖艳,0
断线 不会 希望,0
收货 试听 耳朵 知道,0
已经 上线 不会 绝对 流行 足够 中端 德奥,-1
吓跑 单出 想收 不久 入烧 当年 西装 没有,0
验证 真实性 好事 真的 需要,1
金光灿灿 效果图 开不起 好歹 太丑 脑放 单元 感觉 之前 里面,1
推是 最好,1
便携 应该,0
要求 线材 手机 比较 上线 音质 极致 拔掉 只不过 折腾 蓝牙 优先 别太高 无线 便捷 原厂 模块,-1
很大 差距 厚度 振膜,-1
不错 有点 感觉 人声 正常 素质 交响 整体 方面 偏下 闷闷,1
一年 啥子,-1
边界 空旷 头版 喜欢 个人,1
失真 可能 声场 其实 高频 低频 封闭 外壳 加上 更加 共振 小于 预测 说来说去 拉亮 抬升 见分晓,-1
咸菜 赚钱,-1
入手 准备,0
声音 便宜 觉得 耳机 不到 感觉 最近 这种 二代 解析 特别 素质 水平 调音 风格 只能 单元 相对 部分 同意 结像 巨大 平衡 差不多 凑合 规模 程度 大致 实际上 到哪去 品牌 不算 更高 中庸 看法 圈钱 略有不同 能大,-1
不是 问题 很多 其实 现在 音频 有人 麻烦 传输 优势 等于 声卡 设置 最大 广泛 方法 独立 出错 晶振 火线 兼容性 雷电 误码率 受众面 抨击,-1
上京 京线 更优 舒展 原线 好像 价格 耐听 不错 声音,1
知道 不错 系统 方便 推开 熟悉 后面 适合 调音 整个 运放 方向 换换 有数 打造 心中 捣鼓 保姆,1
最近 效果 价格 差距 入手 下手 台机 床头 回家 大不大 机用 看狗东 三四千,-1
失真 平面 曲线 宙斯 看金 比坛 热议,-1
帖子 看不懂 呵呵 厉害,-1
进去 大于 差异 实际 电处 未必 白天 生理,-1
用点力 冬天 危险 不能,0
说得对,0
三眼 两眼 电磁炉 插头,0
不错 觉得 耳机 应该 不到 不是 手机 问题 没有 东西 二手 五万 解码 绝对 现在 值得 水平 喜欢 耳放 算是 价格 音质 一点 超过 至少 真正 不换 苹果 今天 不下 坛子 难道 愿意 八折 出掉 吹牛 花钱 洋垃圾 钢琴 进行曲 勉强 省钱 好歹 大坑 爱好 爱丽丝 没人 昨天 卖不出去 无非 出个 三万 屏幕 出不去 两三年 没准 穷富 我富 在座 差买 最底层 衣服 来块 三折 扛不住 土耳其,-1
磨机,0
去年 歌德 感觉,0
一体 这次 好奇 一代 二代 没有 区别,1
声音 耳机 已经 其实 全新 新版 状态 差不多 老掉牙,-1
只想用 备件 插线 寄回 到时候 无线 坚定 台机 蓝牙 连接 不想 播放器 电池 寿命 几年 稍微 上限 用个 前端 普通 电脑 追求 有个 所有 听歌 适合 不能 没有 不会 方便 版本 问题 比较 可能 手机 不是 耳机 不错 知道,-1
比较 系统 麻烦 一体机 数播 宿舍,-1
方便 太大,-1
没看 美元,0
声音 耳机 一下 表示 比较 没有 大概 感觉 必要 更好 对比 森海 歌德 后来 很多年 发现 方向 架子 下来 擅长 以往 小小的 年纪 渐长,-1
经典,0
发烧友 帖子 语言 特色 激情 产生 瑕不掩瑜 矫情,1
伸手 提问 功课 过于 方法 下次 答案 基本 反思 是否 东西 没有 已经 帖子 知道,0
考虑一下 出头,0
来说 简单 不行 限制 强大 调成,1
看看 原装 听说 试试 男人家 根线,-1
一下 很多 没有 声场 感觉 人声 高频 低频 交响 流行 对比 合适 感情 好些 拿来 比好 互补 线条 现场 结项 感好 下得,1
推用 合拍 谷津 好声 便宜,1
活动,1
大家伙 非常适合 老老实实 够用 流行 基本 要求,0
合适 氛围 烘托 摇滚 流行 低频 人声 完全,1
就入 前不久 足够 流行 分别,0
方式 更新 可真强,1
回头率 良心 定价 不高 算是 只能 确实 产品,1
心理压力 商品房 音乐 耳机,0
声音 声场 低频 档次 特色 全面 差不多 方面 延伸,-1
设备 感觉 二代 一代 楼主 玩过 能比 欧好,1
一万多块 资格 老不死 全特 蓬松 动听 渲染 老一辈 无比 浮云 哪来 国砖 听日系 卖出 欧美 几款 随身 变得 过来 一万 索尼 暖厚 尤其 价格 喜欢 调音 正常 听感 人声 那种 进口 机器 细节 接受 声场 难以 可能 里面 不到 发烧友 声音,1
变种 换个 耳放 平板 感觉 耳机,0
福斯特 坏些 生物 多种 创新 振膜 容易 天龙,1
注重 低频 考虑,0
到底 牌子 英国 假洋鬼子 剑桥 正宗,-1
垃圾 平衡 单端 机子,-1
声音 不错 不用 显示 已经 建议 没有 时钟 升级 解码 前级 现在 感觉 不能 能力 有限 本来 转盘 对不起 界面 只能 不行 价格 好像 厉害 大佬 超级 相比 追求 电脑 普通 方案 貌似 输出 网播 最终 简直 力所能及 锁定 件套 省心 外加 网口 维瓦尔第 奈何 维米尔 令寻,1
心得 分享 一下,0
陶封 之处 更上一层楼 透明度 飞利浦 改进 厚度 解析 声音,0
八成 同轴 接口 实力 楼主 大概,0
点点 原线 低频 人声 声场,1
现在 芯片 不好 型号 运放 何止,-1
一战 对比 选择 不能 现在 之前 知道,0
首发 随身 唯一 现在,0
更高 性价比,0
老三样 退烧 深刻 印象 多年,-1
纯耳放用 驱动 接口 单端 相比 请问,0
味磨,0
标记 一下,0
耳机 没有 需要 解码 本身 调音 腔体 单元 针对 封闭式 硬件 音质 放大 接口 输出 电路 转换 内置 数字信号 模拟信号 先是 采集 转换成 两重 极差 不开 全靠,-1
耳机 耳朵 应该 可能 不会 没有 感觉 二代 低频 地方 大奥 音箱 香格里拉 好点 包括 惊艳 多些,1
耳机 时间 平均 买买 噪音 半小时 下来 干什么 隔绝 真不知道 扣掉 坐车,-1
耳机 一件 东西 设备 反正 正常 顶多 对比 一大堆 精确 描述 总结 看着 赞成 写文 哪有 五百 字够 稀稀拉拉 正常人 唱片 当枪文 看待,-1
太富 公司,0
小白 听听 确实 一只,0
这是 垃圾 耳放 放在,-1
声音 干净,1
流畅 总线 占用率 串行总线 跟不上 读写 硬盘 机械 卡顿声 硬解 导致 是不是 个人 觉得 数据,0
可取之处 干嘛 输出 平衡 唯一 两个 现在 考虑 不是,1
全换 秋月 运放托 电子 曾经 朋友 木耳 折腾 不少 分离 后来 一段时间 感觉 实在 设备 可能 区别 觉得,-1
值块,1
不是 好像 线质量,1
二手 很多 便宜,0
不错 耳机 要求 比较 估计 没有 试听 符合 意义 非常 听音 听感 基本 音源 耳放 相对 参考 一副 联系 搞不定 优秀 参考价值 频谱,1
克莱 贝七 一定,0
声音 知道 不错 比较 提升 感觉 本来 两个 素质 新版 差距 依旧 灵敏度 棉被 现代 老版 大幅 多大 基音 前辈,-1
一定 达到 系统 档次 结论 仔细 玩儿 纯属 瞎折腾,-1
声音 希望 喜欢 平板 木碗 动圈 不同 定制 早点 选个,1
干涩 配合 干净 刺耳 动圈 腔体 声音,1
上天 不得 之辈 洛伦茨 吹喇叭 管子 看着 配上 女声 评价 换成 胆机,0
像是 音源 听感 问题,0
个头 好大,1
全都,0
言表 无以 眼神 表达 足以 观点 已经,0
大乌好 纽约 展上 澎湃 不够 没有,1
地线 断开 头上 透明胶 上墙 全部 清楚 情况 试试 接地 检查 家里 这种,0
二手 很大 考虑 感觉 买个 监听 随便 价格 开放式 差距 几百 一手 即可 舒尔 强烈建议 一两千 成名,-1
景丰配 隐士,1
气势磅礴 扎实 声底 耳放 胆机 推好 没有 应该,1
听得出 楼主 不能 呵呵 电源线 区别,-1
很多 垃圾 比好 这俩,-1
声音 高端 机器 真的 这种 非常 特别 合适 展会 这款 流媒体 北京,1
无损 很多 关系 本来 曲目 类型 普通 区分,1
已有 原来 不会 耳朵 高低 不用,0
没有 二代 全新 差距 想象 划算,-1
艺雅 今天 看到 帖子 知道,0
小尾巴 我用,0
佩戴 喜欢 外观 大乌 好文 帮顶 体验 止步,1
无论怎样 设置 输出 只能,0
区别 有没有 比较 国产 原装 耳罩 推荐 替代,1
声音 耳机 所谓 建议 以上 拜亚 低频 喜欢 质感 摇滚 中频 追求 无论是 主要 金属 极端 弹性 直白 有过 狂人 残死 两万 已出 空虚 通杀,-1
声音 细节 我用 解析 高频 不足 飘逸 透明度 金波 做出 琥珀,-1
声音 没有 这种 推好 非常 推开 韵味 难听 太大 精致 同样 价位 容易 平衡 电流 推推 莱尔 曾经 小提琴 中高阻 柔美,-1
价格 一台 试试 咸鱼 准备 半年 上市 太贵 蹲守,-1
声音 知道 不错 搭配 出来 版本 很多 系统 没有 动态 数字 有点 以前 绝对 现在 感觉 不能 听音 乐器 模式 味道 高频 一种 特别 韵味 基本 界面 更好 更是 编制 太大 中频 面前 故事 好几千 后来 每个 很少 以后 不同 不少 模拟 立体感 女声 说实话 差别 漂亮 更加 空灵 大大 下用 正版 好多 飘逸 开启 不小 脑放 专机 两种 很漂亮 优化 几种 不住 音符 染太 离谱 灵动 发干 高人 加强 这下 梁静茹 演唱会 一多 乱大 数出 占优势 沧桑感 用大 跳舞 展现 诉说,-1
上佳 古典 目前 耳机,0
耳机 不是 型号 前端,1
声音 一下 呵呵 机器 当然 变压器 的确 新版 打开 不好 想象 电处 一枚 感想 开关 踏实 一向 牛箭 牛大看 盖怒 留白 放置,-1
垂涎,0
强大 黑标 用户 帮顶,1
真牛人,1
围观,1
指正 偏颇 别吵 判断 主观 评论 感仅 个人观点 统一 代表 前端 环境 交流 不同 风格 听音 喜好 设备 欢迎 回复 一定 存在,1
觉得 应该 拜亚 素质 旗舰 往往 缺乏 无所谓 贵气 鲜活 趣味 差一点,-1
新版,0
优化 选项 后来 问题,0
试机 元收 口里 电池 电脑 正常 更换 二手,0
不错 支持 介绍,1
反正 不在意 正常人 傻子 文盲 图一乐,-1
声音 声场 低频 档次 特色 全面 差不多 方面 延伸,-1
要说 肯定 类型 古典,0
卧草,0
问题 东西 质量 从不 退货 包邮 顺丰 确认 发货 买家 售出,-1
应该 解码 音源 三个 耳放 不行 原线 平衡 不好 换掉 电路 二个 不给力,-1
应该 离得 直接 影响 解码器 耳放 关注 内部 电脑 电磁干扰 不止 传输 线路 还会 单单,-1
两个 耳机,0
眼馋 看着,0
留下,0
家庭影院 一体 功放 凑合 买个 就行了,0
喜欢,1
没黑 外国货 少国 自然,0
放毒 恐龙,1
不妨 上台 肯定 原创 试试 音质 马兰士 耳放 最好,1
声音 不错 耳机 问题 完全 当然 人声 气质 味道 适合 性价比 喜欢 只能 质感 精致 偏向 并未 一点 大师 表现 普遍 塑料 尝试 最小 超值 室内乐 轻巧 小女生,1
没试 赞同 完全 电源,1
声音 级别 出来 问题 来说 请教 素质 差距 有个,-1
输出 输入,0
文字,0
觉得 应该 低频 金属 电子,-1
最爱 曾经 平头 塞子 现在,0
价位 明显 其实,0
说明书 充电,0
弟弟 钢琴,0
商铺 卖家 淘宝 看到 效果 知道,0
不是 音乐 随便 必要 听听 专业 干嘛 赚钱 枪文 养家,-1
不开 有过 调教 加上 个人感觉 差距 明显 这种 进去,-1
声音 失真 很多 进去 差异 只会 芯片 每个 奇怪 并联 个体 叠加,-1
声音 耳机 出来 线材 估计 没有 烧友 解码 影响 敏感 听音 听感 的确 效果 难听 物理 经历 发现 焊接 材料 干净 换线 经验 大量 二个 避震 一大帮 形状 因人而异 阶段 屏弊 实践性 通常 层度 立杆 见影 人不信,-1
纵深感 夹头 走向 我入 晓得 真实 差些 漏音 参考 极致 一点 楼主 差异 喜欢 素质 听感 意义 感觉 声场 耳机 不错 声音,-1
容易 顶部 划伤,1
喜欢 路过 头戴,1
不怎么 好看,1
耳机 浪费 铁三角 不好 旗舰 高阻 够呛 阻里 调一调,-1
善用 搜索 很多 功能 帖子 论坛,0
参数 数据 好看 很多 音乐 发烧 其实 还好 不好 旗舰 声卡 指标 主板 省钱 华硕 学会 板载,-1
开心 换掉 必须 两根 黄蓝 细线,1
下结论 持续 两天 热机 解码器 建议,0
张清芳 孟庭苇 邓丽君,0
最大 惊喜 录音 差不多 同意 楼主 耳放 音源 影响 解码 东西 玩玩 应该 耳机,-1
讲真 下楼 门槛 找到 描述 流行 目前,0
电脑音乐 无源箱 合并 功放 光纤 一点 音源 界面 解码 需要 简单 不要 时钟,0
风度 空调,0
反正 目前 感觉 用来 这放 平衡 再贵 没用过,-1
东西 顶多 必要 水平 一点 高下 这强 那强,-1
好像 需求 满足 矩声,1
知道 需要 推好 管子 大盾 风根 得用 洛伦兹,1
软件 音质 闲鱼 千万别 莱尔 巨坑 抢手,-1
未知,0
支持 机器 效果 不配 格式,-1
问题 质量 确实 算是 商家 未必 就算 偏音 就行 理由 退货 愿意 天无 难搞 消协,-1
疲劳 噪音 失真,-1
不好 二手 接盘 讲武,-1
猪脚 爱上 和尚 日剧 那快 帅气 也许 感觉 看看,0
声音 最好 不耐 功放 温暖 太冷,-1
何在,0
佩戴 注意 十分 模式 听感 调音 确实 结构 均衡 推荐 舒适 实际 物理 设计 安装 仅仅 改变 相似 男人家 做工 柔软 方法 采用 玩法 趋向 实木 壳体 缅甸 斑马 耳垫 薄厚 调换 后文 近圆型 前厚后,1
声音 耳机 没法 已经 看看 实在 有点 感觉 多年 低音 投入 听感 音源 难受 耳放 价格 尤其 楼主 平衡 真力 电位器 一致 开发 温暖 一类 那款 配合 增益 贝斯 心脏 频都 清澈 剩渣 卖个 假大空 太薄 听要 放线,-1
可大 短板,0
正常 素质 台机,-1
现在 解码器 楼上 才能 这货 退骚,-1
版力 二者 大声 普通,0
觉得 不是 没有 监听 味道 特别 保留 同样 还原 音染 柔美 纯粹 一丝 过多 而生,-1
要求 之前 现在 音源 耳放 相对 单端 不高 一年 当初 收到 明智 越来越 早期 幸好 推就够 沉睡 有余,1
美女,0
更难 详见 阻动圈 科普 控制 耳机,0
真的 随便 折腾 耐造 造不烂,-1
中高敏 低阻,0
滤音 换线 去掉,0
更足 音乐味 不小 烧油 兴趣 丰富 试试 效果 真的 细节 解码 提升,0
写不出 嘴笨 五铢 测评 手持 听感 好听,1
介绍 方案 考虑 感谢 一下,0
耳放往 近来 德系,0
顶起 细心,1
声音 不是 感觉 不大 质量 还好 差异 清晰 白天 晚上 明亮 用电 闹市区,-1
十分钟 马上 今天 入手,0
一百个 滚动 推天 月销 店月销 统计 几天 更新 往前 似乎 口径 可能 官方,0
意外 大乌 第一,0
完全 好听 感觉 旗舰 大厂 新旗舰 没能,1
解惑 答疑 无限 等待 明天 上线,0
可能 已经 音乐 其实 听力 细胞 音乐家 很差 录音师 作曲家 歌唱家,-1
多得是 掰断 塑料 头梁,0
帮顶,1
线材 感受 原装 耳罩 全部 差不多 前端 投资 闲钱,-1
好听 西装 汉服,1
好看 专业,1
舒坦 枪文 认同 发给 相差 不厚 检测 售后 打电话 回来 网上 保修期 遇到 一听 齿音 闲置 咸鱼 厚度 中频 对比 单元 低音 很大 起来 没有 问题 可能 出来 耳机 声音,-1
好处 阻动圈 小像 一插 年代 好歹 新世纪 一起 干净 线上 玩意 顺滑 平衡 声底 听听 非常 动态 问题 比较 出来 不错 声音,1
未知,1
枯燥 回弹 讨耳 变得 高文 强于 微暖 柔和 感情 中频 刺激 古典 大乌 编制 调音 低频 非常 感觉 声音,1
回答 没人 正面 全是 半天 画眉 推荐 楼主 问题,0
听力 考验 猜灯 眼睛 特别 换来换去 拿到 听得出来 更换 一种 熟悉 长时间 满天飞 大都 本身 高频 模式 感觉 区别,0
声音 耳朵 提升 关键 便携 耳塞 设计 供电 差别 电池 玩具 一大 桌面 碾压,-1
大洋 背后 板子 电容,0
深會 試過 搭過 確定 滿意 貨中 不錯 響性 淡音 稍顯 雖然 聲音拉開 有點 沉高頻 頻不夠 推起 沒有 黑磚 一趟 一小 墨菊 中毒 更加 等到 手持 印象 平均 味道,1
摸鱼 上班 最好,1
声音 事情 二手 个人 起来 高频 拜亚 低频 喜欢 传统 没见 不好 实际 频段 温暖 曲线 坛子 高分 还成 频率 带点 听点 一比 说好听 糊糊 雪崩 提起 更何况,-1
底座 多大 推力,0
出大招 指望 森海 似乎 拜亚 现在 有点,0
改用 最新版,0
下集 期待,0
非常 带劲 赞要,1
比较 讨论 差异 楼主 可否 坛子 品牌 谈谈 木声 涉及,-1
听贝五 三代 感觉 正在 不错,1
电源线 没有 解码 考虑 耳放 搞不好 省钱 有线 省心 助推器,-1
独立 声道 双运放 耳放 两个,0
力道 停下来 般的 画眉 流行 低频 感觉,0
东西 特别 当心 广告 集中 轰炸,-1
不错 已经 感觉 有意思,1
失真 其实 推力 耳放,-1
一下 差不多 设计,-1
听感,0
帮顶 厉害,1
一路 问题,0
来辩 画风 最强 出街 不服 耳机,1
声音 越毒,1
大奥,-1
立即 到手 大门 新世界 视频 恭喜 打开 对比 区别,1
退烧 满意 准备 呵呵 希望,-1
参数 音频 试试 差不多 运放 挑个,-1
觉得 区别 测试 比较 支持 看看 个人 正常 证明 兴趣 实验 信号 处理 是因为 转成 我选 纯粹 采样率 能压 压到 口音 质有,1
时间 几个 需要 下去 反正 现在 小时 第一 暂时 平衡 折腾 原厂 安静,-1
好看,1
用久 惨不忍睹 头梁 耳罩,0
更好,1
耳机 没有 好坏 对比 音质 加入 判断,1
俞丽娜 对照 乐曲 维瓦尔第 四季 百度 梁祝 听听 解析 很快 入门,0
人声 用来 歌德 表现 不在意 排除 专门 最合适 先帮 太近 那小乌,1
国产 最好 原装 粗糙 拆卸 开模,-1
相当 森海 保值,1
用别 折腾,-1
估计 性价比 确实 喜欢 上来 超级 变化 改变 换线 方向 热度 版主 这毒文 一出,1
漏音 严重,0
觉得 耳机 有没有 没有 试听 音乐 发烧 好听 好不好 基本 必要 喜欢 地方 听到 不好 退烧 反复 没救 先量 量体温 缓解 痛苦 会加 日后 发作,-1
声音 不错 耳朵 不是 有点 好听 刺激 舒服,1
交响 这是 难道 七楼 语无伦次 常常 后果,-1
水平 张学友 专辑 录制 真不差,-1
发现 以上 解码,0
级别 真的 楼主 退烧 毛病 致敬 骄傲,-1
平调 真假 增益 高增益 输入 一点 降低 感觉 不会 觉得 声音,-1
真是 奇功 放口 小家伙 全能王,1
调音 喜欢 三个 口碑,1
歌德 感觉,0
相当 森海 估计 保值,1
表示 有点 喜欢 舒服,1
未知,0
支持,1
正常 素质 台机,-1
大菠萝,0
套件 相机,0
不燥 燥换 从来 细腻 倾向 柔和 原线 感觉 我用 解码 有点 系统 已经 问题 不是 耳机 觉得 声音,0
背景 感人,1
东西 老化 森海 海绵 皮实 完好,1
帖子 顶一下,1
声音 比较 很多 直接 影响 以前 真的 最好 原装 耳罩 效果 森海 后来 原来 发现 一次 比旧,1
啥子 一年,-1
有福 广州 恭喜 牌子 烧友,1
声音 版本 很多 电源 不要 真的 原装 清楚 换个 古河 大小 中间 保险丝 代与代 用带,1
定位 不太 声场 感觉 人声 乐器 适合 不少 顺滑 顺便 我换 宝马 饭盒,-1
假货 生产 一看 包邮解 君愁 罗马尼亚,-1
耳机 感觉 戴上 强烈 氛围 箱子 每个 音符 经不起 琢磨 推敲 有性,1
哥哥 买个,0
分享 感谢,0
传染 行路 公园 石子 小心 地面,0
懒人 折腾 不爱 推党,-1
估计 一年 买回来 头大星,-1
噪声 放大 只会 光纤 相位,0
小说 有声 惨不忍睹 越好 嗓子 不好 大部分 人声 好听 起来 不是 器材 耳机,-1
流畅性 透明 最大 体验 增加 似乎 声音,0
压缩器 用不着,0
声音 官方 耳机 器材 出来 测试 手机 比较 问题 很多 没有 补充 声场 设备 实在 完全 以前 国产 真的 当然 感觉 震惊 类似 非常 解析 本身 素质 效果 低频 平板 对比 中频 便携 垃圾 原配 耳塞 居然 开阔 试试 平衡 用过 原来 发现 有模有样 无关 听不出来 出不来 随身 台机 不怎么 接上 产生 玩法 听会 毛病 凝聚 加州 三种 极度 吉他 行用 两圈 推下 沉重 记忆 游戏机 旅馆 鼓音 变薄 凹陷 大大增加,-1
出来 很多 二手 选择 电脑 差不多 谷津,-1
身段 余地 柔软 一点 解决 事情,0
级别 就别 浪费 数字 转盘 评价 几万 来看 发挥 功放 咸菜 潜力 舍得 玩法 忠告 投资 精力,-1
支持,1
未知,0
刚到 昨天 入手 三个 非常 真的 不错,1
顶思叔,1
本色 美之声 博良 价位 国产,0
一毛钱 换线 解析 关系,0
改过来 英文单词,0
字体,0
个人电脑 享声牌 台式,0
测试 没有 其实 听听 打算 暂时 机会 差不多 看吧,-1
别改 报废 蓝牙 偏音 建议,0
铁三角,0
感谢 好文,1
鸿沟 距离 产生 大小 物理 看不到 单元 腔体,0
不会,0
冷门 记得 就要 关注 耳机,0
开后 播放器 干净 感觉 很多 声音,1
寥寥无几 内味 对手 同价位 不高 合适 素质 已经 觉得,1
做好 起来 特别 平衡 不少 单端,-1
香水味 绿坛 身上,0
无线 换个 下去 升级 方便,0
后面 期待,0
究竟 严肃 每个 森海 拜亚 谢谢 东西 耳机 知道 声音,0
见长 无非 金丝雀 推系 当时 确实 推力 不是 觉得,0
声音 问题 好坏 质量 劲浪,1
好看 觉得 个人,1
声音 参数 存在 不错 高端 不是 可能 问题 很多 没有 动态 解码 细节 关键 其实 感觉 非常 不够 模式 解析 味道 高频 特别 两个 听歌 性价比 韵味 算法 低频 自然 价格 中频 一点 大部分 用户 电阻 芯片 内部 不太好 缺乏 全面 实际 设计 天价 国内 一点点 导致 升频 看着 王者 潜力 电路 流畅 很难 并联 差一点 缺少 滤波 歌曲 转成 最高 不小 回事 下来 分立 挖掘 一众 变差 比要 到头来 高性价比 分立式 精度 噪大要 缘故 难通 几片 产商 搞升频 分路 做纯,-1
拉完 调低 干冷,0
耳机 这种 人声 必要 典型 是非 终极 德奥,-1
年入 怀念 今天 年前 中端 老烧 旗舰 真是 这种 来说 入门 应该 耳机 觉得,0
加根 银乌 耳机线 二手,0
耳机 烧友 基本上 退烧 必经之路 上限,-1
耳机 二手 解码 适合 更好 耳放 不行 整个 匹配 看着 专门 中性 下手 歌曲 德行 音乐种类 钱来,1
动作 分享 楼主 听感 很快 期待,0
爱敢 林子祥,0
摘下来 不想,0
老板 好帅,1
做饭 明星 我玩过 放松 下班 王道 现场 回家 理念 休闲 多媒体 目标 不算 蓝牙 还原 舒适 音箱 追求 舒服 垃圾 氛围 喜欢 直连 听歌 解析 听音 感受 个人 设备 声场 很多 手机 不是 定位 一定 高端,-1
出来 一级 比较 正常 修好 能用 零售 修过 维修 回厂 备件 品低,1
未知,0
支持 好文,1
便宜 不错 耳机 佩戴 希望 出现 不要 来说 之前 起来 到底 低频 跳水 通透 舒适 主要 暴力 未来 飞利浦 停产 敢于 分项 看好 叫板 各取所需 心疼,-1
折腾 摸摸头,-1
失真 呵呵 功率 目测 抛开 神论,-1
买不起 太贵 一档 展机,-1
希望 问题 关注 回答,1
以前 确实 退回,-1
彩线 配个 不差 人声 那种 好听 完全,-1
赏金 那万 领取 家电论坛 耳力 挑不出 万里 若真 何不 几天 银彩 晶彩 楼主,0
挺菜 那俩 可看 不大行 香榭丽舍 不上 天鹰座 谷津 配合 享声 同价位 不想 伺候 折腾 不好 平衡 试试 耳放 界面 一代 推力 以上 最好 考虑 解码 升级 二手 几个 搭配 不用,-1
素质 明显 那种,0
比较 看起来 评价 客观 参考价值 极具,1
码流会 高码 方便性 取决于 到位 降级 上限 方面 差不多 播放 只能 音源 基本 使用 支持,-1
日子 未來,0
资源 好文,1
一下 支持 用户 飞秒,1
原价 喜欢,-1
青春 重获 补张,0
音量 没有,0
搭车,0
吸引 方向 认为,0
数播 预算,0
有点 最近 驱动 湖人 销量 重装 装个,1
声音 耳机 耳朵 不是 可能 问题 不太 喜好 关系 怀疑 听音 适合 腔体 听到 有人 不好 压根 威士顿 最早 很小 模具 全家 所有人 导管 超细,-1
耳机 素质 不好 一部分 意味 念头 通达 审美疲劳 面对 沉思,-1
接触 关键,0
声音 觉得 耳机 耳朵 动态 声场 提升 明显 解析 素质 平均 水准 平衡 往往 单端 变化 放下 感到 不仅仅,1
音质 好多,-1
建议 单晶 冷冻 量子 清明 烧点 超导 黑洞,1
试用,0
恭喜,1
就长 变形 时间,0
换块 辣鸡 同为 香榭丽舍 机线 原线 建议,-1
失真 不错 耳机 不是 估计 其实 非常 高频 降低 低频 出彩 相信 塑料 很强 磁铁 帮助 双面 磁力 不强,-1
差个,-1
沉得 辣椒酱 未免太 疙瘩 形容 出差 阻尼 调节 玩意 夸张,-1
音乐 需要 真的 低频 喜欢 刺激 烘托 舒服 属实 激情 亲和力,1
分享 谢谢,0
耳机 喜欢 三个 经典 手头 留着,1
耳机 很多 适合 喜欢 森海,-1
觉得 建议 试听 不好 满意 别提,-1
手刻 螺旋 编号,1
非正常 至今 死核 现代 核类 老派 民族 黑麒 场面 这类 之罪 黑死汝爱 黑死 哥特 找到 国内 天龙 合适 交响 适合 本来 类似 需要 音乐 可能 耳机,1
胆机 没有 浪费,0
浸漆 味道 变压器,0
加钟 水平,0
胡莎莎 发布会 这口 御用 歌手 就算 听听 知道,1
未知,0
更好 耳放 单独,1
山灵 宽松 柔和 整体 风格 耐听 那种 类似 感觉 解码 比较,1
风格各异 必不可少 最高 就够 指标 一体机 芯片 楼主 打算 耳放 当然 解码 不要 建议,0
耳机 应该 级别 一下 可能 时间 很多 几个 不会 基本上 声场 不了 现在 二代 随便 一只 三个 满意 稍微 优势 手里 控制力 会出 大声 出掉 黑色 搞好 犹豫 首选 欧姆 二奶 全出 觉着 胜出 差不离 万号 除掉 只留 留个 选线,-1
掂量 油费 星期 保价 来回 哈哈哈哈 块钱 淘宝,1
知道 很多 东西 试听 一代 好文 可惜 以为 当年 吹出来,1
何苦 流行,0
测试 没有 其实 听听 打算 暂时 机会 差不多 看吧,-1
十年 中有 决战 之战 王者 旗舰 推荐 类型 评价 现在 当然 音乐 很多 耳机,0
排用 效果 明显,0
可能 呵呵 没有 我用 感觉 明显 难受 舒服 后来 身上 突出 改进 得到 按摩 设计师 疗效,-1
输入 支持 手机,1
会员 省钱 立刻,-1
出来 无损 论坛 显示 搜索 其实 最好 本身 值得 购买 一点 不少 输入 下载 资源 信息 免费 注册 必应 谷歌,1
解码,0
未知,0
最低 咸菜 绿檀 尤其 必要 性价比 以上 考虑 系统 里面 电源线 存在,-1
完成 记得 内置 升频 关系 功能,0
声音 毕竟 解码 真的 数播 体验 可取 要用 很差 瑞尔 绝不,-1
水线 推荐 好听 烧友,1
以前 感觉 最近 牌子 追求 新品 粉丝,1
楼主,0
平淡 同级 好点 饱满 纤细 中频 刺激 素质 不会 应该 知道 声音,1
凑合 电脑 音箱 目前 系统 耳机,0
分频 从未 奇怪的是 毒龙 出过 方法 好像,1
歌德 退烧,-1
知道 觉得 比较 设备 请问 不够 了解 楼主 录音 专业 采样 歌曲 判断 廉价 混音 师调,-1
居多 适配 高阻 手里 玩家 友好 耳放,1
银乌 没有,0
降級 多半,0
不错 建议 试听 国产 人声 都行 平板 厉害 合适 容易 平面 加上 驱动 热门 金瓶梅 杂事 额金 毒王 底盘 天白 刘备,1
海绵 过滤 前面 变化 没什么 单元,0
可能,0
直接 办公室 代好,1
这会 直到 半夜 昨晚 好些 垃圾,-1
枪手 不行 水平,0
东西,1
准备 楼主 一台 解码 玩玩,0
转盘 差别 机型 挺大 据说 两三千,-1
负面 反向 滤波 很大 影响 电源 问题 不是,0
未知,0
开心 重要 心情 一毛 老头 老太 打麻将 几毛,1
进灰 信不过 买家 卖家 稍微 问问 大家 正常 机器,0
帮顶 用户 矩声,1
价格 看到 不好 老烧 脑放 想要,-1
开门 肆虐 病毒 商店 不让 适合 家里 目前 音乐,1
数万元 不输给 太老怕 数播 光头 状态 万元 经典 一台 不行 随便 不要,0
留个心眼 买闲鱼,0
一定 耳罩 不好 程度 頭帶 定期 更換 損耗 衰聲 怎麼,-1
宣布 不远 退烧 看到 原道 帖子 知道,-1
天下第一 木碗,0
调小 变化 音量 失真,-1
直通 滤波 排插 不好 买个,-1
方便 价位 重要 差别 播音 不大觉 相对来说 操控 用数播,-1
声音 觉得 没法 一定 搭配 可能 比较 很多 不太 东西 需要 感觉 推力 解析 味道 两个 更好 耳放 不行 手上 没什么 好点 还行 没试 推比 笔记本 金丝雀 对劲 白开水 台式机 也许 放比 跟上 本子 日产 小耳放,-1
建议 设备 升级 解码 听音 条件 一步 重要 舒适 操作 环境 急于 多谢 决定 现有 搭建 像样 不必,-1
之音 天籁 弦乐 真的,0
买不起 太贵 一档 展机,-1
坐姿 保持良好 重要 非常 建议,1
解码 差评 芯片 拆机 运放 功放 电路 电容,-1
失效 链接 分享 麻烦 已经 一下,-1
请教 大佬 原线 恭喜 变化 顺便 玩具 头版 农夫,1
耳机 应该 定位 帖子 已经 出现 铁三角 放到 现在 推好 两个 适合 素质 调音 三个 流行 咸鱼 塞子 一大堆 一点点 假货 不算 老版 停产 能比 我玩过 般的 凉透,-1
感收 特有 不快 娱乐 局促 肥厚 放不开 一般般 夹头 爱好者 失望 不少 不爽 系列 很少 古典 流行 低频 不能 现在 有点 声场 声音,1
之前 不好 前端,-1
变态 铁三角 声音,0
不急,-1
可喜可贺 买来买去 退烧 不少 差不多 现在 时间,-1
东西 不了 几百 不信 活动 行情 低于 行卖 贵些 平均价,-1
未知,1
耳机 听力 箱子 玩具 得不偿失 损伤 到头来,1
过瘾 本身 编制 古典 杂食 调教 影视 好后 原声,1
声音 已经 之前 有点 解码 考虑 感觉 眼睛 两个 耳放 听过 价格 充电 双十 两件套 千元 喜出望外 系列 闭着 咨询 行家 诱骗 方案 差不多 等到 试试看 小贵 酱油 贵过 先放 一放 下次,-1
斩杀 老黄,0
组织 自发 很久很久 活动 遇到 烧友 没有 支持,1
耳机 有点 细节 非常 特别 音源 喜欢 不行 容易 系列 表现 不少 出好声 好些 折腾 跟不上 薄刺 比系,-1
不是 里面 时钟 反正 纠结 必要 原理 合并 独立 机没,-1
接上去 宽容 对耳放 直视 不忍 低到 大功率 乌托邦 技术 性能 程度 方面 至少 动圈 均衡 三频 流行 耳放 平板 确实 调音 水平 基本 胆机 性价比 现在 其实 高价 不至于 完全 直接 动态 很多 问题 比较 里面 不是 耳机 失真,-1
升频 怪怪的 有点 软件 觉得 声音,0
一服 薄不耐 不比差 寡淡 听久 听会 欣赏 唯一 中频 素质 用来 适合 高频 推好 声场 音乐 耳机 觉得 声音,-1
好看,1
上机 照片 欣赏 一下,0
一万多 风险 概率 不行 不要,0
前排 支持,1
多放 有用 频段 不同 即可 三频 其实 音乐 没有 一定,0
无数遍 本书 每一 感觉,0
大手笔 观点 同意 耳放 可能 耳机,0
电子产品 学校,0
发言 实诚 楼下 完毕 鉴定 羡慕 楼主 有钱,1
不行 强大,1
连市 啥意思,0
比较 流行 不错 人声,1
声音 搭配 老板 确实 喜欢 醇音,1
风潮 形成 艾伦 中间 接触 才能 平面 机会 现在 产品 便宜,0
耳机 不是 实在 买个 编制 交响 流行 装作 明明 品味 喜欢,-1
失真 解码 噪声,-1
选择 的确 素质 韵味 俱佳 人穷志短 可耻,1
完全 必要,-1
个人 细节 解析 性价比 素质 更好 耳放 一台 方面 超高 认为 不比差,-1
换壳 银乌 这是,0
觉得 耳朵 其实 感觉 敏感 乐器 模式 单元 偏向 容易 试试看 引起 录音 差别 一边 偏音 特性 错觉 稍稍 试一下 分布 声源 距离 单声道 另一侧 往下压 一压,-1
复活 我天 必定,0
无损 简单 以前 确实 只能 好像 所有 音质 几百 播放 麻烦 用过 好点 安装 一款 播放器 转成 虎豹 最简 基友 点大,-1
不是 学习 三个 厉害 大耳 不同 技术 采用 据说 一下子,1
失真 现在 三代 看到 瀑布 测量 好奇,-1
像是 听感 机器,0
一波儿 每年,0
买不起 喜欢,1
一下 回复 麻烦 英文,-1
单端 平衡 好像 官放 推力 数据,1
高端 耳机 低端 现在 确实 好像 当时 巨大 带来 好处 白菜 人类 奥地利 科技进步,-1
呵呵 不好 终究 无须 执著,-1
更足 本质 确实 高频 提升,0
用心 帖子,1
看多 恐怖片 恐怖 优点 最近 感觉,0
修改 格式 保存 乱码 好多 播放 楼主 不能 直接 谢谢 问题 存在,1
一票,0
紧实 大学毕业 多交 为重 将来 女人 学业 女朋友 之后 老婆 听歌 两个 时间,1
耳机 直接 一次 摔坏 心痛,1
觉得 之间 时间 版本 升级 第一 差异 最新版,-1
一下 时间 版本 现在 更好 可惜 大神 更新 优化,1
未知,1
感流 其实,0
声音 区别 看看 提升 很大 最近 确实 音频 看到 国外 音质 有个 清晰 很火 交换机 一款 品牌 紧凑,1
中频 路过 小白 完好 凹陷 那列,1
二代 好像 极致 不好 不去 女朋友 全年 前十名 年级 倒数 一个排,-1
声音 几乎 提升 之前 感觉 效果 喜欢 差不多 凑合 说实话 具体 听个 阿波罗 咋样,-1
调音 算了 国产,0
万三 东西,0
建议 明显 差距 复刻,-1
比轻 同级 齿音 前端 容易 基本 高频 考虑 没有 很多,0
声音 手机 问题 支持 音乐 机器 似乎 不好 播放 楼上 蓝牙 串流 死活,-1
本想配 店里 黑豹 差别 一套 明显 现在 很大 提升 试听 耳机 分别,-1
觉得 恭喜 差不多 省钱,-1
以前 感觉 最近 牌子 追求 新品 粉丝,1
大概 考虑 本来 厉害 大佬 重量 多久 用过 种草 感到 讲讲 不适 吹得,1
转运 美行 人民币 美金 对手 加上 以下 拿下 价位 暂时 目前 看看 估计 出来,0
爱丽丝 做工 好些 推荐 歌德 大佬 可惜 不能 接受 实在 看看 问题 可能 觉得,1
设备 错误 多数 录音 导致 认为,-1
发烧友 比较 音源 老烧 真正 折腾 普遍 老外 黑胶 数位,-1
折腾 够用 矩声,-1
不是 声场 好听 素质 低频 调音 质感 个人感觉 规模 各有 强称 上吊 二者 感型,1
求个 脑放 欧亚 牌子 便宜,0
大乌,0
全国 三种 自信 国内 设计 市面上 近年 见到 制造,0
不错 二手 相对 收个 双修,1
耳机 一下 电源 折腾 有用 耳机线 比换,-1
银线 换个 人声 最好 提升,1
需要 封闭式 大佬 羡慕 办公室,1
一如既往 没有,1
物件 小东西 算不上 黄色 模拟 解析 不错,1
值得 线基,1
刚需 降噪 一只,0
耳机 器材 事情 不要 正常 素质 高敏 难听 低阻 相对 不好 市面上 高阻 省钱 缺陷 造成,-1
蘑菇 张出 耳朵,0
知道 觉得 有没有 应该 搭配 二手 个人 好听 其实 家里 解析 乐感 素质 合适 相对 万元 一手 德国 精工 人出 赛乐士 两万左右,-1
便携 更大 折腾 玩大耳 何必 机上 收货,-1
磨砂 搞定 不是,0
牌子,0
建议 最后 模拟 搞好 传送 烧线,1
太好了 学习,1
中毒 古典,1
羚羊,0
残料 蔷薇 仔细听 得话 盖住 几根 差一点 立体 纵向 线基 男声 女声 稍微 方面 清楚 一点 听到 低频 高频 解析 感觉 好听 提升 声场 搭配 声音,-1
上头 长时间 耳朵 没法,1
布鲁克纳 小协高 贝小协勃 并不比 对路 马勒 贝九 晚期 作品 勉强 推都 使劲 早期 规模 真正 差不多 塞子 大部分 交响曲 风格 感觉 其实 起来 比较 器材 要求,-1
不要 直接 以上 牌子 打开 以下 扩流 搞不好 踏踏实实 欧洲 分立 东芝 假洋鬼子 澳洲 美洲 铁壳 普普通通 磨片 一百 百元,-1
问题 退货 前前后后,-1
能录 完美 一段 东西,1
真假 听不出来 玩过 森海 耳朵 声音,-1
比较 素质 相对 太差,-1
频响 编号 两个 完全,0
级别 二代 流行 好像 差不多 搞个 银乌 听小编 不美哉,-1
不会 支持 打算 楼主 水军 认为 发听感,1
一窝蜂 便宜货 毛病 才能 发烧友,1
不了 不至于 原线,-1
能力 动手,1
官方 电源线 一定 有点 敏感 明显 模式 电脑 那头 调整 开关电源 石机 好好 玩意儿 弄弄,1
文字,0
量足 延展 店里 单晶 密度 原线 中频 低频 可闻 换成 高频 下潜 提升 直接 升级 不要 建议 便宜,0
大嫂 小强 并称 小甜甜 下来 当年 传统 价格 现在,1
看见 国内 好像,1
阴阳怪气 独醒 众人皆醉 开心 必要 特别 帖子,-1
呵呵 不好 终究 无须 执著,-1
有点 驱动力 介绍 打退堂鼓,-1
支持,1
二手 收到 最合适,1
声音 耳朵 所谓 出来 一下 不是 时间 很多 设备 需要 不能 非常 理论 原道 调音 自然 这么回事 大奥 实践 告诉 不好 电脑 物理 以为 导致 科学 相信 小白 数码 检验 玄学 搬出来 演绎 恶毒 混淆 上拉,-1
网桥 不太大 连好 易用性 更新 太快 数播 以后 值得 就行了 升级 区别,1
换下去 回血 专心 音乐 建议,1
不错 雄起,1
器材 里面 提升 真正 前提 难得 源文件,1
未知,-1
耳机 比较 大家,1
应该 声场 素质 不行 水准 几百 分离 商家 至少 音乐性 出货 无法忍受 几十块 音可若瓦,1
爱马 坛子 来看,0
互相 自带 买个 直接,0
绝对 当然 感觉 素质 流行 楼主 不好 中文 想着 感动,-1
找个 合适 试听,1
非常 同感 主有 支持 下楼,1
比较 不会 几率 行货 正价 有假,-1
国产,-1
不错 颜色,1
耳机 应该 比较 好像 不好 不算 发布 市场行情,-1
里面 手机 方便 音乐 注意 以上 非常 以内 秒杀 界面 确实 对比 万元 全部 不好 电加 线电用 播放 个数 控制 赏心悦目 不太多,-1
耳放 不好,-1
没多久 当年 老化 意义 耳机,0
换线 楼主,0
后缩 特供 闷感 当年 改善 平衡 极致 相对 中频 其实 来说 没有 问题 比较,0
不错 比较 实在 素质 调音 价位 超越 中正,1
未知,0
许美静 齿音 试试,0
往后 极端 金属 传统 适合 感觉 可能,0
无疑,0
细线 黄蓝 两根 必须 换掉 开心,1
合适 大奥 没见 人物 过大奥,1
想不到 水货 当年 行货 现在,0
喜欢,1
铁三角 性价比 喜欢 不谈 越前,1
纯胆 电路 胆结石 不是 应该,0
遗憾 几百块 必要 下去,-1
收鼠莓 多余 歌诗德 搞个 周边 耳放 用来 二代 升级 二手,0
就够 目的 极致 追求 需求 正常 性价比 消费者 不是 耳机,1
投精音 黑豹,0
觉得,0
觉得 一定 可能 版本 烧友 提升 过后 不好 尝试 用回 保底 放着,-1
足够,0
来说 好听 听得出来 高级 舒服 不好 老烧 大气 厅堂 词儿 雍容 松弛 富贵 松香 听耐,-1
老半天 直播 总结 一句 喜欢 调音 上次 介于 素质 其实 问题 之间 看来,-1
不错 严重 翻车 据说 太上皇,1
关系 现在 最好 厉害 芯片 设计 干扰 更大 家用 天线 无线 有线 频谱 太窄 同频,-1
帮顶,1
相当于 放大,0
再配 适合 本身 耳机 声音,0
七天 理由 退货 听听看,-1
花买个 应该,0
冤枉 得多花 事后 发漏 七八次 十次 在伟 良家 邮费 零件,0
现在 解码器 楼上 才能 这货 退骚,-1
单元 增加 震动 越小越 分割 镀层 钢性,1
明天 准备 解码 加个 玩玩 应该,0
烧友 早就 磁带 不买 普通 正常人 瞎折腾 先进,-1
测试 问题 版本 没有 之前 绝对 现在 非常 高频 低频 翻车 新机 知乎 害人 美亚 硬鬼 回应,1
觉得 比较 不会 非常 不够 高频 风格 流行 主要 差不多 机子 指标 和弦音 清淡,-1
希望,0
任性 走得 按理说 潜力 单元 喜欢 调音 很大 比较 总是 自我,-1
不换线 哥们 没法 根本 声音,0
耳机 明白 一堆 折腾 奇怪 新人 卖线 问东问西,-1
耳机 买个 味道 编制 流行 古典 耳塞 楼主 前端 一体机 还行 块钱 认真 没说 差太远,-1
声音 耳机 厂家 调音 风格 耳塞 大耳 吊打 头戴 一千 头戴式 不惯 同价 厚薄 亮暗,1
不错 需要 平衡,1
不错 电源线 级别 比较 其实 的确 价格 烧包 达斯 全套,1
失真 接受 需要 其实 用来 听过 摇滚 赞同 楼主 歌德 肯定 想法 男声 音染 认为 甜甜的 说法 或者说 最难 满满的 厅堂,-1
不错 觉得 非常 选择,1
反正 目前 感觉 用来 这放 平衡 再贵 没用过,-1
支持 使用 网播,1
听过 垃圾 白金 战斗机,-1
支持 需要 个人 当然 解析 高频 胆机 喜欢 中频 管子 口味 优秀 极限 润泽 选胆 选石,1
头顶 不疼 腮帮子,-1
流行 人声,0
德国 神器,0
不好 天龙,-1
声音 耳机 没法 已经 看看 实在 有点 感觉 多年 低音 投入 听感 音源 难受 耳放 价格 尤其 楼主 平衡 真力 电位器 一致 开发 温暖 一类 那款 配合 增益 贝斯 心脏 频都 清澈 剩渣 卖个 假大空 太薄 听要 放线,-1
天天 有人,-1
声音 里面 影响 还好 塌陷 反射 外面,1
变化 立体感 贵气 华丽 有形 有力 深沉 依然 不肥 齿音 圆润 饱满 终于 保持 只不过 横向 中频 刺激 低频 效果 高频 明显 人声 声场 出来,1
不少 不好,-1
里面 整合 功能 提醒 回复 帖子 论坛 希望 测试 正在,0
好奇 一点 麻烦 电路设计 轻松 原厂 优秀 原封不动 抄来,-1
一代 折腾 惊喜 有线 有小耳放,-1
不错 耳机 听感 简单 非常 易懂,1
试听 看看 他家 李工 天津 仿吧,-1
水平 张学友 专辑 录制 真不差,-1
声音 觉得 区别 比较 软件 没有 使用 我用 明显 味道 对比 测量 模拟 回路,1
耳放 帮顶 用户 不服 强力 首批 专治,1
支持,1
器材 学习 值得 楼主 折腾 克制 难得 念旧情,-1
未知,0
永远都是 大耳结 点和面 小于 现场 最大 立体感 接近 塞子 结像 大耳 差距 区别,-1
越低 性能 电池 温度 液晶屏 半导体器件,1
回家 一下,1
品控 细腻 材质 好像 不错,1
天天 有人,-1
声音 觉得 做到 手机 问题 很多 不会 看看 音乐 来说 不了 完全 个人 推力 高频 长时间 素质 调音 追求 不好 电影 一体机 推个 不想 平时 听个 不算 能够 华为 过于 也许 休闲 聆听 几首歌 几小时 很耐,-1
发烧 真的 意思 玩意 差点 声卡 万能 外置 如果说,-1
喜欢 师兄,-1
连接处 梁太 索尼 男人家 头梁 这头 这次 不好 木碗 喜欢 非常 一下 耳机,-1
往来 利益 歌诗德 楼主 是不是,0
新出 他家 楼主 听过 平板,0
产品 几个 元素 直接 真的 特别 保留 外观 上来 垃圾 用户 设计 体验 材料 材质 讲究 剩下 限量版 独立 好好 限量 年代 或多或少 服务 致敬 量产 弄点 挖坑,-1
迹象 犊子 联系方式 老兄 大神,0
光电 转换 试过 光纤 反正 不是 区别,0
学习,0
声必飞 一组 不错,1
觉得 耳机 可能 大部分 展听 广州 不输 比不上 三四年 色彩感,1
效果显著 下功夫 避震 有用 特别 机器,1
帮顶,1
哈哈哈哈 小尾巴 恐怕 恐龙,1
几个 呵呵 真的 地方 貌似,-1
梶浦由记 配乐 这张 真的 不错,1
声音 二手 真的 最近 最后 可惜 尤其 肯定 刚买 惊喜 要出 血亏,1
电源 其实 原装 充电 降噪 苹果 不算,-1
声音 转盘 心动,1
摆放 靠墙 音孔 问题 不是,0
音源 耳放 对比 态度 用户 旗舰 差不多 匹配 上市 过程 老一代 漫长,-1
真不错 活动,1
没有 好听 适合 必要 流行 平衡,-1
不会 动态 胆结石 太差 缺胆味,-1
身体状况 感同身受 情绪 尽可能 判断 排除 一段时间 感觉 影响 一件 器材,0
这才 真正 玩家,0
内容 同意 部分,0
投入 几万 退烧 几十万 看着 变成,-1
已过 自贴 三天 评测 终于 大佬 现在,0
手机 方便 支持 使用 不能 音量 不好 控制 遥控 红心 遗憾 遥控器 按键 进快,-1
解决不了 阻太难 街用 高阻 刺耳 为啥 不出 大耳 耳放 胆机 高频 不用,0
抄来 原封不动 优秀 原厂 轻松 电路设计 麻烦 一点 好奇,-1
内置 声卡 界面 其实 解码 比较 一定,1
推广 正经 大佬 听感 前排 支持 不错,1
前压 雄壮 吃得住 及振膜 额定功率 台放以 大出 同机 距离感 凸起 直径 大功率 输出功率 尝试 不得而知 频段 灵敏度 阻抗 单端 综合 状态 异常 平衡 情况 功率 均衡 整体 中频 单元 特别 考虑 目前 出现 很多 可能 不是 参数,0
多此一举,0
正经 好评 味道,1
定位 解码 素质 耳放 价格 一台 部分 便携 差异 大耳 相当于 超过 市场 差不多 推低 驱动 控制力 理想 曾经 阻大耳,-1
音源 问题,0
支换 耳罩,0
问题 已经 声场 有点 高频 两个 拜亚 低频 手头 纵向 最大 二是 假大空 一是 有代 许久 较差 总体而言 太假,-1
一看 莱尔 以为 美国 牌子 国产 支持,1
不错 工推起,1
简单 解码 感觉 后面 耳放 好点 数播 折腾 换个,-1
看来 大耳 封闭 退烧 办公室,-1
首推 剩下 极致 三代 似乎,1
同求 对比,0
一下 支持,1
外观 很漂亮 大爱,1
会暗 单晶 三频 高频 味道 感觉 提升,0
相悖 事实 停产 深海 意见 代表 其实 接受 已经 无法 发烧友 耳朵,0
这线 楼主,0
造型 先别 床头 金丝雀 体积 满意 讨论 好不好 我用 起码 手机,-1
底子 未必 以前 声音,0
耳机 很多 确实 频响 频宽,-1
耳朵 一定 软文 绿联 差别 声染 超重,-1
要开 平衡设计 高增益 这耳放 平衡 平板 不用,0
本地播放 串流 自有 协议 值钱 仅仅 推荐 播放 音质 地方 值得 明显 不是,1
素质 有点 搭配,0
比较 不会 几率 行货 正价 有假,-1
不是 很多 界面 比强 三宝,1
直流 电容 电位器 输出 必须 串联 音量 高级 胆机 极性 最好 发烧 没有,1
做工,0
声音 比较 起码 没有 解析 正常 压缩 三频 不好 发现 密度 暴力 推出 入个 暴殄天物,-1
绿坛 大奥 理论,0
胸小 下半身 颜值,1
好重 满意 箱子 音质,1
应该 铁三角 最好 一只 程度 悦耳 不相上下,1
没用 清楚 买来 听下,-1
渲染 个性 鲜明 飞傲 压制 不太好 个人感觉 塞子 西装 更好 本身 味道 家里 感觉 比较,-1
声音 耳机 已经 其实 全新 新版 状态 差不多 老掉牙,-1
资金 脱离苦海 到位 很感兴趣 耳放,0
问题 没用 二手 需要 买个 上面 音源 耳放 试试看 无关 女声 不信 解决不了 机而 不毒,-1
看来 喜欢 赫本 赫敏,-1
整根 两码事 双子座 平衡 非常 建议 便宜,0
媒体播放器 自带 支持,1
重了 不算,0
视感 上街 跳弹 裙底 偷偷 妹子 有种,0
互黑,1
搞搞,0
精度 还好,1
耳机 可能 建议 二手 完全 个人 真的 考虑 地方 全新 了解 一点 情况 把握 干嘛 可靠 发生 本质,-1
高容量 电解电容 比容 容量 越差 通常 代价 越高 漏电 损耗 是因为 技术 电容 材料 体积 性能 规律 情况 有个,-1
真是 好東 西罕見 差評,-1
有钱 支持 一套 楼主 配置 退烧,-1
器材 不会 音频 森海 恭喜 录音 专业 就算 明智 口碑 失望 领域 之选,1
改善 有用 主要 当时 相当 高频 明显 提升,0
声音 其实 味道 放大 原线 全部 平衡,-1
呵呵 兴趣 等待 下集,-1
可能 旗舰 折腾 不怎么 硕美科,-1
误解 一代,0
封闭式 喜欢 真的,-1
天后 纠纷 防止 过期 正版 音乐,0
觉着 不太可能 编制,1
巴适 数播 非常 支持,-1
待机 回老家 春节 好好 忘记 没事 一体机 现在,1
档次 差距 一点 前端 稍微 轻松 给力 拉开,-1
漂亮 难看,-1
比高 知道,0
耳机 毕竟 非常 人声 更好 喜欢 一点 好些 过气,1
问题 过瘾 人声 素质 调音 唯一 三频 均衡 感情 结像 我选 在线 三支,1
绿色 右下角 点亮 以后 有个,0
阿尔法 毕业 芬尼 最后,0
脑放 确定 不是,0
深度 头疼 采样率,-1
太阳神 这货 不知,1
几根 地址 私信 楼主 购买 一下,0
明确 电源线 级别 产品 需要 投入 效果 买不起 一笔 帮顶 用家 文章 手里 音响 原因 太贵 最终 一篇 一根 发表 两款 后者 净化 高保真 杂志 大鼠 留在,-1
耳机 器材 里面 不差 楼主 吃惊 反应 感到,-1
区别 不会 没有 细节 乐器 肯定 清晰度 差别 人头 信息 一把 主体 几把,-1
倒卖,0
漆面 乱花,0
不错 高价 万元 晶彩 大厂 名门 出名,1
剧毒 中毒 尝试 令人 楼主 不要,1
实不相瞒 弯路 几个,0
范登豪 强项 信号线,1
耳机 认为 漂亮,1
好货 得到 机会 试听 希望,1
随意 认为 差别 个人 不太,-1
歌德 退烧 之选,-1
比较 升级 需要 其实 那种 听感 均衡 前端 才能 得到 温和 一脉相承 桀骜不驯,1
赫敏 赫本 喜欢 看来,-1
提米 不错,1
声音 耳机 做到 一定 非常 经典 音箱 物理 接近 体验 过来 决定 特性 不见得 办法 几块 联想 结项 眉心 要贵 百八十块,-1
没有,0
電影用 留著 差口氣 因為 最後出 有過 這兩 原因 耳機 真是 古典 流行 比起 效果,-1
问题 退货 前前后后,-1
不错 正在 相当,1
未知,1
税好 全家 智商 男人,1
区别 不会 没有 细节 乐器 肯定 清晰度 差别 人头 信息 一把 主体 几把,-1
耳机 支持 想起 歌德 木头 新品 代理 大大 介绍,1
试试 听过,0
模拟输出 出掉 至少 一台 耳放 更好 解码器 不能 比较,1
不错 声音,1
不想 折腾,-1
性格 监听 非常 感觉,0
分钟 撑开 多大 电吹风 猛吹,1
港台 威士顿 随身 索尼 一致 兴趣 退烧 塞子 楼主 流行 喜欢 有钱,-1
感谢,0
粘纸 纸盒子 外包装 包住 内侧 收藏 编号 楼主 上面 耳罩,0
时间 没用 详细 有用 写下,-1
耳机 喜欢 真心 好多年 投了,1
成员 高压 介绍 重要 楼主 几个 高端,0
直输 耳放比 不谈 一边 貌似 解码 有点 手机 耳机,0
扔掉 垃圾 好听 耳机,-1
不错 还要 低频 跳水 便携 试过 貌似 看着 国行 冷门 很强 店里 单薄 阻要 完败,1
多差 感叹 一上 铁粉 刚收 说出 中正 才能 评价 调音 低频 铁三角 不错,-1
觉得,0
有无 电池 供电 电流 电源 没有 问题,0
厉害,1
差距 持有 三宝,-1
不用 二手 解码 喜欢 接近 分立元件 雅俊 黑盒子,1
理直气壮 正版 人会,0
耳机 比较 考虑 现在 最近 一点 附近 多久 不敢 三年 好处 质保 三千 偏重,1
觉得 价位 不好 玩家 大多 没人刚,-1
希望 基本 改善 做工 油管 評測 聲音強,-1
台机 素质 正常,-1
声音 要求 出来 还要 问题 没有 提升 完全 感觉 推开 一套 电脑 不高 这套 作用 推大乌 系统对 起到,1
区别 耳朵 水电 火电 类似 听感 确实 道理 楼主 说明 退烧 听不出来 大多 木耳 体会 较大 温差 这比,-1
耳机 耳朵 出来 不是 分辨 手机 设备 感觉 随便 对比 描述 单纯 台式 太差,-1
要来,0
有文 先回 终于,0
双木 好多 放弃 底噪 不能 接受,1
论坛 放毒 退烧 不上 神仙 各路,-1
上线 起来 终于 正式,1
不错 支持,1
音染少 输出 电脑 确实 数字 没有,-1
二手 随便 喜欢 试试,-1
出翔 不是,0
觉得 无损 几个 有点 关键 十几块 某宝 基本 听到 楼主 不好 方案 一个月 楼上 会员 百度 能干 昂贵 网络 在线 梯子 感人 某鱼 在线听 路子走 另类 三四十 无话可说 架个 传输速度 品质音乐 走到 哪不香 钱架个 信息时代 生存 技能,-1
其实 现在 不好 价格便宜,-1
泽丰 贝九 黑神 黑色 更好 感觉 不错,1
找人 左转 闲鱼,0
出来 不是 还要 放在 东西 好听 多年 基本 道理 打开 等于 做人 第一位 一事 当前 恶意 物质化 长衫 孔乙己 什都烂 求助 宣告 白玩 宣扬,1
喜欢 流行 不止 欧美 美帝 一家,-1
声音 耳机 耳朵 时间 看看 关系 人声 乐器 索尼 频响 曲线 差远了 走形 难以忍受 配戴,-1
宁波 七彩虹 目前,0
不了 质量 音质 不好 几天 屁用,-1
没用 百万 之前 解码器 耳放 几十万 推过 暂定,-1
耳机 发烧友 器材 需要 很大 高价 听说 中国 压力 垃圾 主要 认为 厂商 太贱,-1
之前 看到 容易 有人 总结 泛滥 女粉 母性 男粉 变孝性 大发,1
音色 官放 归宿 官放才 好文 支持 知道 看来,1
一口 男人 天龙,0
声音 非常 牌子 难听 活着 他家 干冷,-1
一凡兄 好久不见 支持 一下,1
声音 耳机 很爽 低音 横向 高音 以下 设置 越来越 滤波 增益 双修 用口 偏薄亮 口气,-1
建议 好听 试试 不贵,1
对标 不能,0
应该 离得 直接 影响 解码器 耳放 关注 内部 电脑 电磁干扰 不止 传输 线路 还会 单单,-1
下楼 支持,1
机三管 推挽 点灯 直流 并联 剩下 电路 电压 交流 放大 不是 应该,1
终结者 挺不错 很大 提升 直接 预算 建议,1
老塞 平头 闲鱼 几万 反正 看看,1
不用 没法 传输 信息 协议 操控 最强 数据库 庞大 专有,1
难事 跳到 不是,0
重复 推荐 以上 几个,0
根本 不是 问题 已经 没有 最近 帮顶 一点 夸张 主要 视频 头梁 网络 在意 塌陷 好几年 罩子 可言 断线 号斯产 高频率 两三年 鼓包,1
揭到 揭老底 动手 分钟 大佬 不用 觉得,0
玩法 价格比 真是 现在 解码 看不懂 线材,1
不了,0
系列 极致 值得 支持 一下,1
回复 标题,-1
楼主 噪声 干扰 共模,-1
毕业 高手,0
线材 之前 其实 界面 有人 电处 搞好 大件,1
牌子 没见 好多年 怀念 聊过,1
有点 声卡 哪款 专机 下楼 电源模块 装好 主买 想个,1
前置 一起 输入 平衡 效果 没有 支持 做到,1
两机 接出 蓝光 接收 近距离 竟然 针脚 找到 信号 肯定 厂家 机器 解码 定义 资料,0
破线 那根 换掉 楼主,0
两样 任选 三样 彻底 两种 调整 材质 机线 不同 腔体 耳罩 以上 细节 出来 区别 声音,0
哈曼,0
顶楼 福利,1
失真 解码 噪声,-1
散货 网验 上官 买国行 信得过 顶置 声称 真假 可能性 那类 商家 外国 原装 很大 起码 建议 耳机,-1
美丽 极致 价格 现在,0
应该 手机 估计 需要 我用 推力 肯定 不好 系列 上台 未必 随身,-1
知道 听听 就算 歌手 御用 这口 发布会 胡莎莎,1
不到 不会 当然 差不多 搞定 滤波 模块 接好 头尾,-1
挺不错 视频 不当,1
点不带 难搞 偏科 更好 觉得,1
检测 刺耳 齿音 一下 耳机,0
解析,0
邻居 享受 动态,0
基本 水平 一句 凌厉 合格 刚猛 归为 之列,1
低成本 指望 太高 玩具 不能,0
耳机 低频 平板 质量,1
手机 喜欢 音量 地铁 最大 住院治疗 骨折 公交 外放 枪花,1
好用 滤波 隔离,1
确实 胆机 折腾,-1
文赞 真质,1
那小乌 太近 先帮 最合适 专门 排除 不在意 表现 歌德 用来 人声,1
不错 耳机 设备 提升 之前 放到 明显 确实 便携 用户 每次 一体机 一路 过来,1
难忘 首版 声音,0
爵士 胆机 味道 觉得,0
声音 不错 不是 提升 乐感 依次 素质 中频 三频 系列 能量 三者 透明度 民用 强调 衔接 充沛 流动性,1
楼要 翻车,0
年轻 主听 女声 必须 流行 低频 高频 看起来 没有 不是,-1
菜鸡互,-1
买不起 金嗓子 太贵 梦想,-1
感受 帮顶 强势 真实 难得,1
听大 互补 金属 编制 觉得 不错,1
很多 笔记本,1
声音 低音 非常 解析 歌德 主要 路线 特点 突出 配上 淘宝 真有 冷静 傻子,-1
无孔 我鸡儿 低频 耳罩,0
组件 改动 内部 新版 喜欢 界面 基本,1
套个 网吧 避震 很多 声音,1
油腻 找带 这得 才能 音源 拜亚 好听 起来 建议 耳机,1
帝都 试听 很多,1
理智 少见 烧油 老烧 大部分 上来 下去,0
耳机 质量 低频 平板,1
个人 细节 解析 性价比 素质 更好 耳放 一台 方面 超高 认为 不比差,-1
上条 解决问题 试试 一条 电源线,0
背景 音质 感人,1
前端 音源,0
尝试,1
看来 调音 新版 卖掉 切掉,-1
一下 支持 沙发,1
潘多拉,-1
仔细 才能 必要 需要 提升 升级 应该,-1
耳机 现在 大法 倒退 简直 外观设计 稀饭,-1
声音 耳机 耳朵 定位 声场 直接 很大 绝对 感觉 下潜 性价比 低频 确实 开放式 便携 差距 平庸 力度 准确 前端 发现 差点 索尼 位置 器乐 退货 煲机 这货 随身 不深 信仰 持续 小时候 大鼓 半封闭 不失为 旗舰级 多煲,-1
声音 时间 国产 感觉 耳罩 一点 换上 非官方 尖锐,1
显然 大乌 符合,0
文脉 某公知 所说,0
走线 连纯 业余,-1
支持 帖子 前排,1
声音 问题 解决 感受 使用 不好 依然 体验 属于 毫无疑问 售后 结合 能用 各有千秋 保障 类产品,-1
状态栏 加上 手里 试试看 主要 好奇 印象 对比 只能 对线 现在 几个 耳机 不错,1
声音 耳机 最好 传统 机加 耳放加,1
此贴 老人 一次 最大 三五天 至少 了解 功能,0
难过 马飞,-1
试用 不靠 标准 不好 试试 之前 东西 耳朵 便宜,-1
耳机 喜欢 恭喜 找到,1
广西 仔帮顶,1
耳机 感觉 素质 调音 肯定 不好 好些 偏科 日系,-1
放行 小功 桌面 推荐 不行 平板 那种 有没有 便宜 左右,0
芬尼 铜彩,0
失火 知道,0
可有 哥们 规律 机会,0
萌度 耳鸣 又称 不够 耳朵,0
心满意足 九段 大佬 已经 里面,0
射频 有位 同轴线 合格 昨天 工业 大佬 价格 制造 线材 不用 声音,0
新年快乐,0
第一 价格 上来 音质 差不多 这款 声卡 专业 旁边 颜值 阿波罗 四大 阿婆 能排,-1
产品 出来 定位 东西 有点 这种 只能 不同 实力 解释 标准 必然 勉强 竞争 资金 艺术 企业 起跑点 同质 弱势 喝风 永不 翻身 差异化 多样化,-1
声音 参数 不错 觉得 帖子 里面 问题 建议 动态 不要 提升 个人 其实 能力 买个 多年 进口 人声 牌子 转盘 意大利 雅乐 声韵 素质 质量 不行 一笔 有空 容易 旗舰 全面 美国 换掉 机子 用料 电容 延伸 英国 早期 品牌 几天 缩水 翻翻 细腻 动手 欧洲 下降 尽量 同型号 拆出来 亏了 容量 翩美 科普兰 二线 金雕 高讯 花大钱 测下 找原,-1
耳机 不是 可能 比较 数字 个人 不能 意义 推好 依次 只能 合适 差距 大师 用过 表现 标准 剩下 银乌 勉强 严格 先锋 糊狗 耳放算 大耳里 从小到大 及格线,-1
完全 性价比 代表,1
忍受 风扇 散热 噪声 不能 很大,0
试了试 不错,1
落后 一点 素质,0
耳放才 仿铭 出头 分体 一台 好听 好看,-1
支持 听感 真实 参考价值,1
耳机 可能 建议 二手 完全 个人 真的 考虑 地方 全新 了解 一点 情况 把握 干嘛 可靠 发生 本质,-1
换回来 一个月 平衡 咸鱼 原线 楼主,0
公牛 不行 相位 问题 声音,1
打瞌睡 我会 打游戏 电影 来看 流行,0
知道 耳机 出声 耳朵 所谓 一定 很多 东西 需要 其实 不能 不够 解析 高频 听力 严重 尤其 对此 音质 耳塞 一点 容易 追求 巨大 有时候 细胞 入耳 旗舰 内部 天价 导致 疯狂 生产 宣传 毁掉 带来 长期 误导 后果 厂商 卫生 污染 贡献 通道 入耳式 教育 组织 不合理 健康 造成 形象 呼吸 毁坏 神经 耳蜗 上皮 绒毛 过分 密闭式 很伤 耳道 局部 缺氧 受损 外耳道 感染 进一步 恶化 责任 树立 群众 叫停 恶劣,-1
希局 规整 电路,0
排队 广州 听个 可惜,1
绝对 最好 平板 万元 不好 称霸,-1
古董 一对 真的,0
驱动 差异,-1
补充 楼主 不好 惊雷 听算 排个,-1
事情 不是 问题 已经 解决 干扰 主机 专机,-1
不是 乐感 适合 地方 好像 芯片 柔顺 主要 不足 在于 同价位 据说 柔美 解析度 蜻蜓 轻音乐,1
后换线 显著 手头 灵敏度 对比 腔体 耳罩 感觉 很大 完全 出来 区别,1
线下 人流 南京路 生意 来看,1
插电 大过 绝大多数 大菠萝 同价位 一体机 市面上 便携 好奇 推力 参数,1
翻倍 到位 提高 方面 价格 基本 解码,0
替换 万年 功率管 想换 一点 平板 推力 不够,0
手机 呵呵 当年 比好 没玩过,-1
耳朵 试听 不能 楼主 芯片 运费 收货 买好,1
退烧 心态,-1
动力 森海塞尔 飞利浦 德国 大师 拜亚,0
不是 必要 交换机 网播,-1
脑子 展会 试听,0
秒杀 显然 二字 假点,-1
顶多,1
情人 交响,0
沒什麼 不一樣 電平 聲音 專輯裡 專輯 多聲 雙聲 軌母 完之後先 軌錄 時候 錄音 簡單 音頻 首歌 問題 相同 一個 做成 奇怪 文件 一樣 不同 正常 版本 不是 一下,0
停产 直接,0
发热 电压 内阻 低空 负载 差值,-1
达斯 适合 系统,0
苍白 说不上 娇媚 甜美 过于 严肃 正经 属于 圆润 生硬 习惯 人声 那种 这种 感觉 起来 有点 没有,1
干嘛 直接 手机,0
安卓 支持,1
不用 预算 直接 考虑 万元 折腾 攒够,-1
不错 个人 喜欢 开放式 型号 下级,1
耳机 二手 现在 基本 两年 折腾 当年 硬通货 卖出去 心情,-1
变色 可逆 发黑 金乌 完蛋 回去 折腾 慢慢 时间 没法 不用,-1
没遇 机箱 报废 遇见 漏电 糟糕 台式 爆音 卡顿 接近 电脑 底噪 事情,0
不错 真力,1
布八听 用配 坚持 需要,0
高端 一定 定位 不是 手机 很多 声场 设备 个人 感受 听音 解析 听歌 直连 喜欢 氛围 垃圾 舒服 追求 音箱 舒适 还原 蓝牙 不算 目标 多媒体 休闲 理念 回家 现场 王道 下班 放松 我玩过 明星 做饭,-1
很多 感觉 最近 只能 可惜 比好 两种 格式,1
隐士 景丰配,1
次要 核心 相对来说 线电 增益 连接 切换 平衡 耳放 不差 自带 功能,-1
老森海 产物 妥协 路子 总结 不同 相对 古典 流行 风格 意义 完全 不是,0
朦朦胧胧 关系不大 前端 特别 人声 耳机,0
主对 顶楼 专业 金属 推荐 组合 系统 比较 有没有 耳机,1
介绍 官网 德国 厉害 机器 没有,1
功能 没用 抖动 频率 防抖 挺高,-1
高端 一定 不是 可能 出现 东西 之前 完全 有点 起来 真的 很大 考虑 当然 现在 最好 两个 算是 部分 肯定 情况 有时候 型号 三星 优势 噪音 机械 硬盘 文件 寿命 坏掉 中间 信息 长期 分钟 消耗品 保存 内容 同步 颗粒 一下子 无噪音 隐患 丢失 及时发现 缺掉 备份 纯当 用回,-1
占楼 编辑,0
不了 质量 音质 不好 几天 屁用,-1
不开 看重 或者说 想要 脑放 架子 路由器 单纯 表现 楼主 特别 便宜 声音,0
罩子 摘下来 改造 方向,0
适应 只能 风格 听音 耳朵 耳机,0
太重 现在 不错 便宜,1
我用 不好,-1
专配 铝带 推动 耳放 效果 直接 还要 耳机,1
没有 设备 真的 自然 体验 专业 包括 这方面 现场 回放 例外,-1
露珠 小号 发帖,0
未知,0
机会 厉害 听过,1
无人性,0
学习 好腻害,1
未知,0
电源线 线材 很多 系统 没有 顶一下 之前 一条 解码 很大 明显 更换 更好 降低 低频 耳放 中频 有空 平衡 控制 信号线 柔顺 顺滑 程度 百老汇 差别 全是 几天 接上 有时 不住 全套 没想 手拿旧 冲击力 侵掠 略毒 杜兰 上显,-1
两个,0
可能,0
大图 无码 高清 看看,0
设计阶段 透气 音孔 障板 用处 口味 材料 设计 肯定 说白了 单元 素质 本身 比较 耳机,1
第二天 星期六 精神饱满 越烦 不适 烦躁 休息 放松 星期 心情 早上 一天 好好 晚上 身体 情况 肯定 舒服 喜欢 适合 最好 起来 音乐 找些 建议 很多,-1
王牌 拥有 值得,1
当数播 求实 存储 本地 文件 请教 一下,0
高仿 非常,-1
最优性 区域 斜率 读过 送走 垃圾桶 凌乱 肥厚 极度 倍率 粗暴 挖掘 提供 公司 完美 最佳 电子管 极低 发刺 包邮 增益 输出功率 之后 晶体管 曲线 大小 线性 最大 相反 电路 输出 特征 这款 模拟 设计 表现 实际 高音 情况 芯片 放大 音量 耳放 只能 自然 低频 基本 适合 推力 能力 其实 直接 简单 动态 很多 理解 可能 不是 不到 应该 做到 知道 失真,-1
二手,0
声音 一层 没有 影响 插头 上面 质量 严重 过度 不好 处理 镀金 表面 彻底 薄薄的 涂层 这层 金掉 褪色 玩完 闪亮 接触性,-1
传奇 经历,0
人声 流行 不爽 比差 不少,-1
知道 区别 不到 器材 出来 分辨 无损 感觉 高频 确实 音色 普通,1
震撼力 亮丽 感而 浑厚 过厚 比要 清新 清瘦 细腻 掩盖 气势 带来 通透 换来 部分 似乎 中频 高频 乐器 不够 人声 感觉 比较 声音,-1
声音 好听 原线 功率 功放,1
卖年 玩意 准备,0
音乐 就行了 正常 重要 煲机,1
不要 好听 开玩笑 女神,1
区别 不用 系统 直接 这种 基本 情况 蓝水 屏蔽 好用 各项 达标 几根 标线,1
最新版 差异 第一 升级 版本 时间 之间 觉得,-1
猪肉 块儿 上放 外壳,0
电源线 好听 界面 耳放 发现 折腾 电位器 突然 内线 同轴线 线墙 差换,-1
不错,1
品牌 专业 答案 芯片 听过 喜欢 韵味 解析 个人 东西 呵呵 比较 不错,-1
简洁 曝光 有力,0
视听 北京 这是,0
火线,0
科谱 多多 文章 明白 学习 好看,1
特色 没什么 音染,-1
微波炉 一会 声音,0
好看 来说 以前 其实 有个 不难 不堪 大牌 非烧 驴唇不对马嘴,-1
老大 不知 级别,0
一体化 书架 拿来 功放 前端 对付 合适 价格 解码 应该,1
放线 听要 太薄 假大空 卖个 剩渣 清澈 频都 心脏 贝斯 增益 配合 那款 一类 温暖 开发 一致 电位器 真力 平衡 楼主 尤其 价格 耳放 难受 音源 听感 投入 低音 多年 感觉 有点 实在 看看 已经 没法 耳机 声音,-1
只想 远比 听个 电脑 合适 听听,1
多试试 算了吧,0
耳放 标题,0
弦乐 真的假,-1
带来 最大 必须 变化 升级 耳机 声音,0
功能齐全 齐活 音箱 机器 入门,1
这套 楼主 更好 请问 系统,1
舒服 楼主 功力 排版 很显 怒赞,1
七天 理由 退货 听听看,-1
输出 平板 胆机 变压器 一定,0
交换机 到处,0
声好 露馅 其他人 这三 还行 单独 习惯 对比 人声,1
当不起 十万八千里 货颜值 当回事 万块 那万 这货 宣传 做工 索尼 相信 复刻 土豪 玩家 旗舰 价位 档次 正常 完全 原价 烧友,-1
不会 没有 好听 意义 胆机 折腾,-1
小伙子 炒鸡,0
售卖 没过 服务 高档 配件 买不到 提供 持续 过保 这是 换个 实在 应该 耳机,0
结论 马烂,-1
耳朵 问题 提升 听音 解析 受不了 不少 清晰度 提高 声压 能够 同感,1
图挂,0
大幅 降价 库存,0
作何 感想 前面 老大 不知,0
感个 声厚些 台机 差不多 没错 均衡 便宜,-1
不错 问题 我用 感觉 参考 制作 墨黑 文青 比较慢,1
很多 声场 原装 耳罩 感会 相比 密度 能量 太差 换大 稍弱,-1
第一辆 宾利 年轻人,0
出来 问题 估计 出现 之前 机器 真的 明显 界面 地方 情况 一体机 大家 一言难尽 驱动 改进 更新 一次 谷津 板子 烧掉 外加 口出,-1
不错 分享 等待,1
已经 需要 路线 朋友 退步 大多数 问小白,-1
取悦 和峰 多次 谐波 偶次 决定 妥协 优点 之后 消失 搞定 刺耳 对比 更好 选择 本身 最后 信心 好听 实在 来说 懒得 很多 问题 表示 耳朵 耳机 失真,-1
破解版 花钱 效果,0
南瓜 一起 肯定 楼主 好看,1
直径 外皮 导体 其实 左右,0
大亲 女儿 一步到位 说不定 直接 可能 不是,0
失真 耳机 耳朵 表示 问题 很多 懒得 来说 实在 好听 信心 最后 本身 选择 更好 对比 刺耳 搞定 消失 之后 优点 妥协 决定 偶次 谐波 多次 和峰 取悦,-1
感谢 正好 初烧 搞懂,1
天无 退货 理由 全新 当然 直接,-1
箱子,0
国砖 很小 描述 平衡 耳放 适合 推力,0
算不上 低敏 不难 还好,1
一试 套装 值得 不错,1
一定 不是 以前 程度 機器 感覺 其實 還是 一口 問題 甚麼 有個 這台 換管會 增進 氣換配 四根 給換 過管 變化決 換管 如換機 這種 管後晶 不起作用,1
不菲 刺猬 价值 应该,1
高阻 不够,0
恭喜 产品,1
知道 起来 线路 别有用心,1
估计 推好 手头 十年 从未,1
看起来 不错,1
假货 假话,-1
二代 好像 极致 不好 不去 女朋友 全年 前十名 年级 倒数 一个排,-1
耳机 有点 真的 一只 喜欢 三代 真心 情怀 很难 失望 品牌,1
平衡 原装,0
声音 觉得 毕竟 不太 没有 有点 个人 很大 感觉 适合 大乌 整体 平衡 单端 差别 作用 增益 石机 推大乌 调节 起到 调低 会糊 三挡 实质性 调高,-1
回音 泛间 难怪 像是 原因 录音室 原来 低频 感觉 声音,0
为啥 一体机 买个,0
知道 不能 打过 自用 推换,1
打点 买俩 焊锡 热熔胶 点点 头子 顶多 纠结 比较 一下,1
成本 全是 太贵,-1
两张 结合 方法 具体 对比 感觉 音乐 没有,1
不错 应该 几乎 放到 胆机 确实 耳放 牛耳 顶级 推原,1
反馈 线堡 吵用 微微 乐机宝 醇厚 毛躁 晓得 买回来 反而 单晶 背景 习惯 一段时间 大部分 减少 相对 增加 氛围 低频 更好 解析 有点 升级 不是 一下 耳朵 觉得 知道 声音,1
特点 歌德 耳机,0
听听看 退货 理由 七天,-1
要论 静电 偏科 动圈 平板 低频,0
分享 谢谢,0
不用 小时 两个 关机 每天 休息 开关机 每周,1
参考 平衡 原线 耳罩 一代 二代 符合 建议 要求,0
偏冷 偏暖 喜欢,1
有名 动力 森海塞尔 品牌 大厂 歌德 天龙 拜亚 考虑 铁三角,0
不错,1
麻烦 玩起来,-1
王道 双修 建议,0
男人家 特点 产品,0
声音 知道 不错 比较 提升 感觉 本来 两个 素质 新版 差距 依旧 灵敏度 棉被 现代 老版 大幅 多大 基音 前辈,-1
声音 不错 不能 那种 只能 文件夹 一股脑 罗列 陈来,1
这种 相对 电线 单股 多股,1
耳机 手机 这种 最好 非常 人声 效果 难受 玩意 外放 电子 讲道理 合成,1
声音 失真 真的 腔体 相对 设计 频段 改进 带来 声学 完善 老款 听惯 一般化 更失,-1
电脑主机 优化 相当于 东西,0
差不多 下来,-1
声音 音乐 好听 其实 响起 好像 在乎 交流 细微 尝试 多人 城市 在意 乱七八糟 嘈杂 汽车 科技 演唱会 嗓音 抗干扰 明星 磁环 发达 时常,-1
复刻版 为实 所有,0
企业 第一家 天朝 认证 是否,0
稽八玩 滑稽 歌德 没有,0
特价 原创 好像 现在 考虑,1
声音 知道 设备 升级 厂家 最后 调音 喜欢 居然 至少 年前 还算 中规中矩 听来听去 骗钱 怪声 规规矩矩 新花样 变着法 子来,-1
威望 不够 精神 支持,1
器材 版本 的确 更好 标注 笔者 年份,1
买个 好点 电处,1
未知,0
達人 静电,0
声音 高端 定位 真的 考虑 牌子 转盘 不行 机子 英国,-1
增大 木耳 提高 单端 平衡 音量 感觉,0
大香大奥 回答 楼上 简单 知道,0
区别 显示 没有 机器 安装 网上 木耳 格式 听出 屏幕 说明书 按高 登官 装好,1
博良 落地 不输 太难 全频 同价位 万元 进口 推好 国产 看看 还要,1
保险 森海 西装 试听,0
直接 干扰 显示器 主机,-1
按键 磨损 工作 钰龙 面板 操作 控制 减少 所有 东西 方便 不用 耳机,0
心态 退烧,-1
折腾 程度 前端 电脑,-1
之分 单元 没有 耳机,0
推大乌,0
合适 烧友 比较,1
便宜 知道 之前 现在 貌似 一千多 一根 单线 线差,-1
线圣 记得 转接头 好像 这种,1
原汁原味 价不在 采样率 解码板 百元 开心 价格 只能 特别 非常 支持 不到 声音,1
沙发,1
重量 大奥 二代 补充 应该 耳机,0
磁极 感振膜 特性 改变 灵敏度 不同 支持,1
木头 重要 外观 当然 声音,0
明智之举 实乃 大奥 马兰士 二代 搭配,0
怎么着 谦虚 不能,0
不是 做个 相似 复刻 造型 仿品,-1
器材 建议 这耳放 初烧 劝退 没买,-1
暴发户 世界 老外 国内 国外 评价 相对 不得不 正常 知识 不会 比较 不是 层次 数据,-1
没有 使用 价值 丝毫 艺术 梵高 油画 工业品,1
耳朵 感觉 差不多 感上 稍微 讨好 点耐 听度,-1
连线 下头梁 完美 原版 简直 台机 蓝牙 塑料 改进 说实话 有个 基本 不会 没法 毕竟 声音,0
极点 成本 压缩 看站 上次 拆解 真的 期待,0
工程师 在意 头梁 只不过 调音 不大 消费者 很大 影响 不会 线材 觉得,0
缺钱 往贵 音源,0
流传 承虚微 民乐 千日 古典 流行 人声,0
没通 紫坛 一看 差点 当时 进去,-1
没有 基本上 不能 必要 折腾 换墙,-1
棒棒 下来 听听,1
声场 感觉 特别 似乎 差距 是因为 器乐 结象 大大 乌则 绝对值 没多大,-1
界面,1
略显 仅用 高衰 要说 加持 把握 不难 倾向 套装 缺点 不足 女声 高音 芯片 胆结石 听听 流行 人声 动态 时间 可能,-1
滋阴 一刀 群友 扁平 明天 齿音 有个 听听 低频 高频,0
平衡 全部 原线 放大 味道 其实 声音,-1
我耳放 检查一下 周边 楼主 音量 底噪 到底 没有 建议,0
以为 味道 声音,0
感觉 最近 本来 帮顶 经历 折腾 再收 收才行,-1
条线,0
称为 影音 道理 不能 当然 一定 耳机,0
推高阻 友好 不太 耳机,1
乌克兰 有人 换成 不会,0
非常 带劲 赞要,1
不错 录音 古琴 陈雷激,1
生存 角度 进步 市场 的确 来说 可能,0
穷人 一体机 装备 满足 安心 拥有 一台 非常 音乐 已经 要求,0
未知,0
帖子 看不懂 呵呵 厉害,-1
大佬,0
根本 区别 问题 很多 方便 数字 最好 听不出 纠结 理论 音量 肯定 说明 实际 调到 耳放调,1
耳机 东西 解码 机器 买个 十分 喜欢 耳放 一台 不解 原来 一点点 玩大耳 非要 掉换 省略 同级 无非 耳放差 耳放好 适应 飞不出 花来,-1
路由器,0
区别 一定 买个 效果 舒服 电脑 差不多 有质,-1
老兄 专业 看上去 楼主 谢谢 学习,0
觉得 调音 天龙 试试 机子 喜不喜欢,-1
声音 知道 已经 现在 调音 纵深 满意 差点 宙斯 代比,-1
没人用 没人 严肃 是因为 歌德 标题,0
好看 觉得 好用 梁海 棉比,1
不想,0
没得 音响 价格 感觉 前级 加个 应该 耳机,1
判断 苹果 模式 解码 支持 出来 一定,1
楼上 两位 帮顶 谢谢,1
财源滚滚,1
出来 线材 定义 反正 太低 神器 成本 价格 美国 国内 纯银 单晶 水太深 相信 大厂 正品 万隆 好玩 老老实实 店里 宋泉 骗子 那线 证据 神棍 我怕 造假 好赚,-1
学习,0
摄影 贴切 形容 做菜,-1
软蛋 马氏 一枚 柔和 调音 韵味,0
焊上去 勇气 下来 干脆 一张 复刻 焊接 手段 楼主 全新 需要,0
觉得 耳机 系统 好听 明显 特别 更好 差距 以为 几千 为啥 一般般 不开 一万多 暴打 搞懂 火并,-1
走线 连纯 业余,-1
劝退 价位 流行 佩戴 耳机,-1
声音 明显 单元 外观 平庸 做工 太贵 这货 飞利浦 大家伙 精细 双动 时髦 分量 欧版,-1
不错 不是 声场 当然 类似 非常 人声 选择 喜欢 宽松 密度 音染 口味 开放 包裹 室内乐 浓厚 感强 高密度 机而,-1
妥贴 两个 一代,0
看来 金属 比强,1
别致 文风,0
啥样子 真诚 脑补 情感,0
偏弱 兴趣 分体 看到 部分 组合 对比 是不是 有点 希望 之间 知道,0
机器 一年 一万多 保值,1
远离,0
温润 流行乐 主观 更加 顺滑 主要 分离 摇滚 流行 听感 特别 高频 人声 我用 很大 之前 提升 声场 耳机 不错,1
看看 解码 价位 芯片 差不多 一体机 评测 新出 后者,-1
蓬元帅 抵档 走向 专用 不算 问题,0
强大 网线 脑放好,1
上台,0
大小,-1
极致 顶一下,1
看一遍 变量 说明书 仔细 顺便 太多 建议,0
声音 不错 耳机 声场 感觉 意义 听感 素质 喜欢 差异 楼主 一点 极致 参考 漏音 差些 真实 晓得 我入 走向 夹头 纵深感,-1
耳机 搭配 线材 呵呵 慢慢 耳放 前端 一万 先买 我会,-1
历程 好毒 升级,1
先出 不久 刚出 估计 不是,0
真的 其实 现在 看到 当时 后悔 后来 有人 太素 闲鱼 差点 想想 智商 限量 初音 就入 招摇,-1
科技 兴趣 有点,0
音乐 目前 家里 适合 不让 商店 病毒 肆虐 开门,1
耳朵 听力 两个 正常 严重 试试 差别 放个 单声道,-1
惊吓 收到,0
不大行 耳放 界面 解码 数字 不错,1
感觉 不好 更新 尺寸 红芯 小点,-1
出来 安定 其实 乐感 低频 价位 对手 靠大牛,1
渠道 楼主 购买 不能 谢谢 一下,0
声音 知道 关键 档次 重量,1
顶起,1
补充 比较 一下,0
帮顶 好像 最近 真的 很多 帖子 耳机,1
迷惑 限量版 系列 现在 以前 定位,0
未知,0
通透 肯定 歌德 人声,0
上加 数播,0
焊台 电烙铁,0
后文 调换 薄厚 进圆型 耳垫 蛋白 过敏 斑马 缅甸 壳体 天赋 词源 如尼文为 硬纸 概括 以此 名字 实木 趋向 英语 玩法 外包装 包装 木盒 重点 采用 造型 介绍 主题 一对 柔软 做工 相似 改变 仅仅 翻译 这款 设计 物理 实际 舒适 推荐 均衡 小不点 外观 结构 风格 确实 调音 听感 模式 十分 类似 注意 当然 不是 一下 耳机 官方,1
分辨 核电 火电 水电 分辩 还要 不是 耳朵,0
玩个 去掉 巨大 音源 影响,0
功能 难看 造型 单一,-1
一大块 贴合 撑开 眼镜 摘掉 海绵 提示 漏音 导致 密度 方面 歌德 低频 耳罩 这种 需要 无法 一下 佩戴,0
法拉利 单手 感觉 影响 不会,0
纵横 难退 不着边际 做出 优秀 没听到过 之后 样子 纵向 包括 功放 规模 发现 表现 来看 音箱 整体 横向 精致 听过 非常 高价 目前 声场 几个 里面 非常容易 搭配 耳机,-1
不再 从此 良好 自我感觉 阴差阳错 找耳放 到处 刚入 两年 入手 关注 后来 安心 耳放 听歌 现在,-1
知道 推力 单位 牛顿,1
问题 感觉 不好,-1
钨线 铜线 实验 有用 有人 肯定 太大 上次 线材 区别 声音,0
男人家 小贵 价格 喜欢 调音 有点 耳机 不错,1
行呐 好多 感觉,1
找到 恭喜 喜欢 耳机,1
接错 末端 尖端 空在 卡侬 可能性 前端 说明 部分 相位 定义 比较 觉得,0
耳机 搭配 很多 音乐 本身 很多年 关注 不同 没什么 不少 前端 折腾 一支 玩法 乐趣 纯粹 尝鲜 对错,-1
腔体 单元 差距 不同 主要 反射,-1
问题 东西 这种 麻烦 专业 看着 冷门 没人 帮得,-1
耳机 真的 没假,-1
有用 改变 不好 风格 好听 所谓 耳朵 存在,-1
皮革 深海 好多 塑料 用料 木头 就行了 来说 起码 耳机 声音,1
失真 不错 耳机 不是 估计 其实 非常 高频 降低 低频 出彩 相信 塑料 很强 磁铁 帮助 双面 磁力 不强,-1
看起来 倒角 太大 胖胖的,-1
坛子 推荐,0
好人 大大的 楼主,1
家里 闲置 稍微 人间 折腾 宿舍 下学期,-1
几排 一排 偶尔 乐队 推推 纵向 平衡 那种 感觉 真的 感受 不是 不错,1
拍图 第一眼 以为 看到 之前,0
非常 实话,1
免费 百度,0
终极版 零售价 支持 谢谢 大家,1
好听 感觉 听过,1
金属 极致 歌德 合适 交响 两个 考虑 耳机,1
耳机 一般来说 出来 人声 低频 流行 不行 古典 万元 意思 高中 想象 差点 器乐 瞬态 兼顾 更贵,-1
哈哈哈 打翻 老陈醋,1
差得远 旷世 效果,-1
引线 单元,0
品质 手感 耳放有 莱曼 真不错 做工 请教 这种 声音,1
声音 比较 感觉 人声 不够 乐器 高频 中频 似乎 部分 换来 通透 带来 气势 掩盖 细腻 清瘦 清新 比要 过厚 浑厚 感而 亮丽 震撼力,-1
炼成 自大 论坛,0
觉得 做到 可能 不会 没有 喇叭 个人感觉 外壳 变化 曲线 显著 修改 也许 改动 磁铁 音圈 不改,1
受苦 空姐 气压 过程 降落 飞机 变化 伤害 起飞 很大 不要 可能 耳朵 要求 耳机,0
首推,0
胆耳放 出过 金鸽 记得 一款 继续 不够 现在 好听 以前 知道,1
解码 不能 好像 硬解 构架,1
不闷 六万 电磁炉 包括 驱动 前端 目前 没有 官方,0
佳奈美 范登美 挑不出 精灵 略远 延展 毛病 据说 刮耳 前面 镀银 密度 背景 用过 均衡 横向 低频 两个 高频 人声 现在 声场 动态 不错 声音,1
取而代之 求问 瞬态 优化 最小 模式 相位 没有,0
头型 系列 试试 拜亚 佩戴,1
上太吵 坐飞机 飞机 入耳 耳塞,0
不是 好听 感觉 味道 质感 很浓,1
紧凑 品牌 一款 交换机 很火 清晰 有个 音质 国外 看到 音频 确实 最近 很大 提升 看看 区别 声音,1
骚图 相机,1
发问 胆艺轩 再绿坛 脱胎换骨 无济于事 配不上 整机 家电论坛 原机 玩法 扎实 太弱 大多 晶体管 高手 具体 管子 电容 电路 换运放 用料 单纯 足够 个人感觉 大于 效果 更好 胆机 本来 明显 能力 机器 不要 建议 估计 器材,1
支持 解码,1
改版 单纯 黑标 总结 调音 不是 定位 之间 不错,1
卖家 小心 淘宝 看到 原装 最近 使用,0
差点 走神 睡着,-1
碟片 很少 文章 辛苦 楼主 耳放 听感 解码 器材 耳机 高端,0
产物 年代 情怀 特殊 继续 型号 特别 上面,0
报价 进口 最近,1
靠森海 下降 最强 透明度 肉肉 舒服 好文 档次 目前 有点 支持 觉得 声音,1
口转 不高 听听 正常 随便 要求 出声 耳机,0
未知,1
里面 估计 换成 准备 块钱 开玩笑 银线 好几百 自制,1
看来,1
声音 东西 容易 恶声 伺候 地板 天花板 要出 好好,1
太密 楼主 一下,0
浮云 打败 听久 自然 第一 耳朵,0
断电 习惯,0
八百 七百 后缀 不带 普通 真的,0
亦乐 动铁 定睛 我会 日期 发帖 动圈 推荐 喜欢 随便 味道 耳机,1
直接,0
不会 第一次 绝对 听到 不好 发刺 只会闷,-1
隔音 向来 比森海强,1
一体机 便携 最好 里面 应该,1
没好 头顶 几元 山寨 难道 转接头 镀金 淘宝 一大堆 确实,1
幅值 查询 所说 贵价 雄猛 雄浑 中音 高低音 欧是 澎湃 不算 差一点 之后 甲类 副耳机 电流 功放 输出 灵敏度 阻抗 电压 前端 高音 功率 清晰 楼主 比起 解析 感觉 我用 不至于 需要 设备 动态 比较 一下 耳机 参数,-1
本土 奥地利 超高 推荐 配置 调音 性价比 制造 解码 放在 左右,0
问题 东西 这种 麻烦 专业 看着 冷门 没人 帮得,-1
耳机 比较 本身 素质 单元 说白了 肯定 设计 材料 口味 用处 障板 音孔 透气 设计阶段,1
耳机 看看 推好 适合 平板 真是 楼主 比差 到货 马上 到时候 帝亚兹 适不,-1
期待 强贴 下文,1
耳机 本来 歌德 意外 智商,-1
喜欢 不错 现在 人声 芯片,1
电源线 之前 就行了 必要 周边 保险丝 完善 舒特 机丝 力特,-1
开声 静电 价格 素质 对不起 本身 买个 下去 左右,0
华为 老总 赛耳之声 技术 个人感觉 大佬 两个 出来,0
空调 就行了,0
区别,0
豪气 极致 耳机,0
适应 重点 之后,0
确实 好听,1
朋友,0
管子,0
一下 两个 档次 对比 差别 体会,-1
细节 其实 现在 质量 调音 严重 音质 芯片 缺失 天天 那么回事 没得说 硬生生,-1
线材 二手 直接 有点 感觉 不能 小时 承认 确实 是不是 上来 一句 当时 原线 路上 担心 意外 闲鱼 全是 运费 一次 收货 联系 顺丰 一看 确认 两天 倒卖 敢不敢 真假 交易 买家 标价 讲价 改线 心想 顺丰到 还给 贩子 大方 出一想 发顺丰 仅过 一查 物流 点错,-1
头像 楼上,0
推得 还行 觉得,0
效果,1
就算 肯定 极致 歌德 开放式 效果 目前 设备 东西 手机 不错,1
一套 录线 好长 公斤,1
音神 这线 看着,0
太傅,0
电源 为啥 换牛,1
一头 比贵 刚刚 素质 不了,0
搭配 不是 好声 随便 木碗 平衡 日系 最佳 德奥 之流 不易,1
大家 谢谢,0
好好,1
城堡 飞向 放鸽子 鸽子 未来,0
耳朵 线材 不敢 凡是 坛子 哈哈哈 比赛 听出,1
魅力 网上 依旧,0
一定 解码 耳放 一台 音质 万元 不少,1
和稀泥 目测,0
声音 毕竟 解码 真的 数播 体验 可取 要用 很差 瑞尔 绝不,-1
组合 同样 帮顶 坐等 更新 台机 配搭,1
路子 改善 放大器 解析 不是 应该 觉得,0
耳机 比较 估计 喜欢 大乌 歌德 一类 热情 高能 放松 迟缓 较暗,1
耳机 有点 低音 更好 音源 省钱 莱曼 厚润后,-1
大件 搞好 这套 折腾 周边 稳定 合适 现在,-1
声音 耳朵 所谓 出来 一下 不是 时间 很多 设备 需要 不能 非常 理论 原道 调音 自然 这么回事 大奥 实践 告诉 不好 电脑 物理 以为 导致 科学 相信 小白 数码 检验 玄学 搬出来 演绎 恶毒 混淆 上拉,-1
先报 人士 中老年,0
好看 好听 一台 分体 出头 仿铭 耳放才,-1
几次 明盘 去年 基本,0
不错 耳机 音源 素质,1
不错 耳机 设备 提升 之前 放到 明显 确实 便携 用户 每次 一体机 一路 过来,1
问题 解决 最好 不好 无所谓 瞎说,-1
不错 宙斯,1
东西 好听 发布 推挺,1
傲立,0
界面 好看,-1
会儿 多长 睡着 取决于 儿子 时间,0
平时 听歌 左右,0
声音 觉得 耳机 区别 一下 可能 不会 关系 感觉 听不出 调音 喜欢 太大 古典 前端 几十万 录音 大神 大多 流行乐 微调 先去,-1
寂音静 静乐 寂音,0
已经 时间 方便 安定 加个 感受 类似 慢慢 界面 确实 音质 时代 折腾 资源 一体 串流 乐趣 内容 才子 保障 到来 核桥 浩瀚 回要,-1
五有 折扣 一点 以前 原价,0
天价 单个,0
觉得 耳机 味道 拜亚 更好 成本 喜欢 算是 同样 森海 价位 均衡 大师 准备 通透 德国 退烧 前端 大气 两千元 高于 同价位 同档次 越来越 品牌 理由 曾经 振膜 四平八稳 清新 我会 揭示 难得 乱说 森海饭 力好 三大 正比,-1
论坛 帖子 估计 前排 进来 大佬 帮顶 大部分 不敢 导致 啥意思 标准 等待 不火 参与 不好意思 亮家伙 观赏 珍品,-1
应该 可能 不至于 推好 听感 耳放 楼主 来看 不同 线条 感极强 倒退,-1
枕头 更绝 摆在 听边 睡觉 一对 音箱 舒服 两个,1
失真 解码 噪声,-1
应该 解码 音源 三个 耳放 不行 原线 平衡 不好 换掉 电路 二个 不给力,-1
知乎 频响 更新 分析 部分 近期,0
发火 今年 大人 明年 指标,0
阔以,0
正常人 方式 听歌 选择,1
器材 电源 唯一 参考 处理 记得 缺憾,1
知道 帖子 原道 看到 退烧 不远 宣布,-1
这强 铁皮 低频 手机 出来,1
推靠 功放 平衡 耳放 需要,0
收讫 管理费,0
双木 不错,1
转换器 供电 充电 就要 解码 需要,0
铜试 官升线 单晶 双子座 大气 顺滑 习惯 喜欢 不大 那种 感觉 有点,1
重要,0
有点 真的 耐听 闷闷,1
不会 洋品牌,-1
前级 纯前级 比耳放加,1
有意思 感觉 已经 不错,1
同号 不在乎 知音 淡淡的 带劲 听边 阵子 竟然 听个 外放 还行 老婆 大耳 一句 氛围 低频 高频 乐器 其实 简单 音乐 手机 不是 发烧友 根本,0
软文 帮顶 看起来 不错,1
有太多 绕过去 必不可少 乐在其中 乐呼 不已 高兴 厂子 这二货 听得出 玩线 好线 乐趣 万隆 高芬 回来 耳机线 专业 才能 参考 真正 风格 更好 明显 这种 其实 东西 一定 区别,1
感情 听歌 现在 器材 有没有,0
耳机 别人 音乐 细节 真的 最后 听力 音量 开放式 一句 条件 不好 箱子 我试 大声 最起码 底线 身边 说话 听见 有损 小声,-1
声音 二手 直接 有点 喜欢 一套 官价 上套,-1
觉得 推好 基本 平衡 一体机,1
一定 就行了 地方 程度 機線 甚麼 升級 入門 不會 差別 之後再 談線 不遲,-1
困惑 选了 哪款 最后,0
要求 器材 不要 关键 现在 低音 效果 不差 自然 成熟 提高 越来越 电音 流行音乐 重低音 运用 肆无忌惮 回放 表演,-1
笔记本 习惯,0
不错 胆机 效果 音箱 这台,1
线电 评测 垃圾 好像 几个,-1
耳朵 不到 很多 设备 细节 以前 低端 其实 这种 消费者 听到 一点 肯定 实际 以为 体验 差别 更加 之后 倾向 进步 说不定 方法 效率 挑选 听久 换回 判断 系统升级 创造 原本 高速 吻合 准确度 契机 一码,-1
不错 外观 机子 隐士,1
左右 好看 区别 应该 产品 一定 入门 有点 关键 好听 其实 考虑 当然 感觉 低音 听音 明显 本身 适合 地方 外观 流行 需求 实际效果 箱子 吊打 能量 不足 找个 过得去 显得 气势 近距离 书架箱 惠威 半斤八两 房间 聆听 漫步者 考虑一下 动漫 另一回事 分量 桌面上 有平 真不大 声擎 顶端 电视剧 小口径,1
新歌 听烂 系统升级 之后 之前,0
觉得 要求 达到 很多 没有 解码 目前 高频 低频 喜欢 中频 新版 楼主 一点 麻烦 满意 折腾 泛音 最终 哪款 明亮 决定 近半年 收留,-1
应该 铁三角 最好 一只 程度 悦耳 不相上下,1
所谓 消息 型号 好友 总有 骗子 全都 总能 炒家 回应 无差别 炒炒 撒网 网到 广加 群发,-1
声音 觉得 不用 需要 有点 意义 人声 高频 本来 胆机 素质 低频 地方 语言 一点 丰富 重要 不高 女声 特点 空灵 偶次 谐波 难以形容 留恋 不猛 用处,1
耳放 输出 控制力,1
公司 具有 角度 收藏 普通 比起 确实 基本 老板 发烧 精神 烧友 器材,0
玩玩 几个 不要 解码 起来 小时 以后 退烧 大家 稍微 想要,-1
少看 手机,1
不能 人声 森海 重拾 昨晚 阿桑 范晓萱 感动 稀里哗啦 岁月 美好记忆,1
不错 升级 看着 线软,1
帮顶 软文 不错 看起来,1
跳线 声道 调整 只能,0
工业 线材 区别,0
范围 定位 希望 无法 可能 问题 几乎 系统 支持 解决 电源 设备 简单 之前 接受 完全 需要 使用 影响 关键 当然 这种 变压器 模式 不可 降低 拥有 所有 测量 放大器 并未 减少 同样 相比 容易 放大 噪声 高度 巨大 意思 电阻 功率 芯片 情况 保持 内部 还会 不同 一部分 稳定 输入 设计 电压 多数 变化 出色 必须 输出 噪音 导致 电流 输出电阻 实际上 电路 这是 设置 很难 处理 分开 线性 外部 更加 调整 原因 是因为 最小 晶体管 之后 工作 开关电源 最终 集成 滤波 滤波器 完成 目标 并非 基于 方法 进行 大量 散热 具有 能够 结合 仔细 电缆 频率 负载 调节 想要 优化 提供 混合 控制器 响应 阻止 瞬态 来自 下降 衰减 引入 解决方案 尽可能 做出 回到 电感 仍然 区域 快速 路径 走线 远离 这会 低电压 最快 相同 之上 意味着 可调 开关 称为 进一步 带有 维持 带宽 周围 二极管 稳压器 降压 转换器 组件 广大 音频设备 直流电源 内当 耗散 散热器 不致 过热 低噪声 任务 布局 开关电路 地层 这为 开关电流 电容器 浪涌 通路 纹波 电感器 非线性 入口 经由 最低水平 其后 抑制 兆赫兹 相移 快关 误差 振荡 保持稳定 低压 这使 附加 差分 远距离 感应 两级,-1
行想用 专门 升频 使用 二手 知道,0
更优 下来 平衡 原线 舒服 机器 安定,-1
厂家 大神 哈哈哈 抽空 赐教,1
必要 感觉 没有,0
歌剧 钢琴,1
一方 一致 相似 那头 传递 这头 信号 目的 咸菜 电流 完成度 表现 听感 真的 无损 应该 区别 明确,-1
有没有 系统 有钱 没用 设备 百万 升级 反正 韭菜 一套 继续 等到 无所谓 赶紧 老骚 太差 觉悟 发言权,-1
陶醉 心上 盲鼠 声声 钢琴 之声 正在,0
电源线 已经 空间 所有 全部 平衡 电脑 至少 差不多 开发 管子 包括 百分之 那根 切记 换舒特,-1
问题 解决 最好 不好 无所谓 瞎说,-1
闲鱼 操作,0
公主 动漫 恩凌波 多些 正经 那种,0
一体机 耳机,0
固件 播放 厉害 升级,1
发烧 真的 意思 玩意 差点 声卡 万能 外置 如果说,-1
大乌托 难搞 出了名 高阻 一体机 楼主 低阻 两个 反正 建议,0
直接 完全 必要,-1
发货 白开水 替补 才能 参考 感兴趣 好像 耳放 现在 系统,1
韭菜 新版 香榭丽舍 机了,-1
不甘 心有 一餐饭 买款 单纯 肯定 不差 后面 买个 还要 玩玩,-1
有家 定制 网上 一条,0
取决 内置 性能 设计 界面 解码器,0
不少 个人感觉 流行 更好 素质 听感 耐听 声场 比较 手机,-1
叨叨 执着 不停 挂念 真理性 理性 网上 音质 更换 本来 起来 别人 不会 不是 器材,0
便宜 起来 那种 还好 管子,1
干嘛 推得 不是,0
参数 数据 好看 很多 音乐 发烧 其实 还好 不好 旗舰 声卡 指标 主板 省钱 华硕 学会 板载,-1
压环取,0
失真 耳机 表示 真的 低音 人声 明显 听得 舒服 程度 从来不 加强 拉近 变味 兴趣不大,-1
满意 一体机 好几个 供参考,1
耳机 差别 最大,-1
不要 更好 加上,1
超弦来 引力波,1
莫大 版有 不同,0
根本 没法 手机 可能 时间 难以 很多 没有 设备 不要 百万 直接 细节 怀疑 非常 明显 本身 适合 难受 听得 音箱 很火 以为 不少 好点 稍微 不敢 录音 年前 处理 歌手 气息 修复 蓝牙 外放 后期 几千块 不怎么样 一批 差到 夜深人静 成品 演唱会 天猫 精灵 太烂 新晋 稀烂 调音师 团队 后期制作 唱功 平稳 村上,-1
莱尔,0
一定 拜亚 森海 清楚 代理 到手 不靠 日系 机身 灰尘 出厂 塑封 手印 拆封 货品,-1
不错 耳机 详细 非常 确实 解释 留言 知乎 孟获,1
试水 大坑 换管 几天 先买 一对 管子 就要 到家 期待,0
转接 脑放 是因为 单端 不同,0
已知 推得动 播放器,0
呵呵 理论 界面 光纤 同意 凤凰 观点 高度 实际效果,-1
看来 觉得 做到 不是 可能 时间 很多 没有 元素 感受 好听 听歌 不得不 流行 刺激 文化 过后 市场 足够 日本 不耐 导致 完整 显得 反而 老歌 歌曲 迎合 好多 切歌 表达 编曲 嘈杂 不怎么样 华语 快餐 流行乐 旋律 年轻人 新歌 听觉 强调 主次 起伏 一味 三十秒 开头 就让 如今 日语 顺耳,-1
只玩过 长期 不想 男人家 降到 不在意 真是 现在 起来 可能 觉得 不错,1
高登 记得 后级 没错 一台 选择 其实 前级 直接 不错,-1
国内,0
腮帮子 头顶 调整 头梁 没什么 高度 合适 是不是 感觉 真的 有点 应该 耳机,1
熊猫 元老 随身 十几年,1
指责 搞笑 别人,-1
其实 入门 差不多,-1
一两年 沉淀 刚出 初烧 千万别 台式 前面 主要 至少 芯片 便携 针对 机器 建议 系统 功能,0
比凯音 咋样 这套 价位 西装 对比 知道 便宜,0
支持 机器 效果 不配 格式,-1
五颜六色 再换 根同 试试 听得出来 不能 厂家,0
坐等 前排,0
铁家 耳放 知道,0
声音 几乎 提升 之前 感觉 效果 喜欢 差不多 凑合 说实话 具体 听个 阿波罗 咋样,-1
佩戴 实在 人声 喜欢 流行 歌德 方式 多人 压耳式 看好 闭眼,-1
耳机 二手 现在 后面 打算 差距 整个 天鹰座 两千左右 和代,-1
看样子 莱曼 电路,0
当然 绝对 能响,0
参数 很多 解码 其实 不差 可惜,-1
特性阻抗 同轴线 适配,0
推还行 已出 对比 无法 不错,1
耳机 二手 设备 目前 关键 其实 非常 性价比 三个 开放式 封闭式 听到 价位 玩过 极致 场景 旗舰 始终 最初 稍微 仅仅 张扬 专业 包括 评测 出掉 目标 一圈 重复 振膜 出街 出差 运用 难选 服役 群友 三千 大多数 直到 多多 用途 没蹭 心仪 多月 生物 大耳后 调试 用用 本坛 可折叠 携带 站得住脚,-1
本身 不行 等于 文件 码率 品质,1
出来 很多 二手 选择 电脑 差不多 谷津,-1
吹嘘 长距离 会弱些 卖点 距离 热门 稳定性 介绍 一大 信号 稳定 商家 传输 说明 设备 资料 很多 一定,0
完美 用来 是否,0
写得 用心 帮顶 听得 不错,1
友有 自顶,1
著名 封面 电子 朋克 专辑 楼主 组合 想起,0
看得出来 头版,0
标题 其实 耳放 小不点 看到 好奇 大耳 商家 终于 一款 惊喜 生产 年前 坛子 测评 本次 进行 第一位 研发 我家 究竟 三圈 巡回 所示 将要 大耳是 一进 认证 栏目 首款 内心 充满 预约 三月初 到达 耳放之家 带给 跟随 后文来 探索,1
尝试 民谣 建议,0
沙发 先顶,1
堡垒 太空,0
我配 挑不出 加耳放 毛病 电磁炉 前面 定制 前端 满意 配置 耳放 非常 敏感 解码 不会,-1
不错 感觉 帮顶 用户 照片 进坑,1
广告 快别 直接,1
旗舰版 第一眼 以为 原来 看到 耳放 标题,0
真切 加入 楼主 对比 感受 铁三角 不错 期待,1
机都用 路过,0
不是 无损 总是 理解 几乎 系统 实在 完全 个人 起来 现在 感觉 十分 压缩 不同 表现 发现 出色 迷你 被贬 音乐格式,1
现在 乐器 特别 胆机 喜欢 有人 歌剧 戏曲 京剧 念念不忘,1
感觉 放毒 整天 迟早,1
做好 方便 空间 解码 其实 一体机 电路 早期 一起 合并 跟耳放 差分 体机 更省,-1
高登 一千多 新版 二手,0
觉得 好听 折腾 换线 插座 保险丝 一会,-1
根本 不错 耳机 不到 比较 详细 感受 起来 其实 最好 低音 下潜 非常 过瘾 不够 上面 质量 平板 难受 舒服 结像 类型 震动 动圈 缺乏 描绘 不同 整个 变化 大小 静电 过程 弹性 不深 区分 量感 精准 分清 形态 鼓棒 粗细 敲鼓时 鼓皮 描绘出来 模糊 最差 硬邦邦,-1
恭喜 喜提 狗兄,1
出小乌 耳放 音源 解码 升级,0
耳机 难看 确实 严重 颜值 拉低 翠绿,-1
左右 区别 比较 感觉 不够 乐器 不大 高频 基本 低频 更是 整体 三频 一点 大气 略微 背景 特点 认为 塑料 显得 频响 结实 走向 造成 峰谷 小气 排布 有序 杂乱 一丝丝 逊于,1
可能 问题 不会 解码 其实 本身 垃圾 楼主 改善 最大 原因 谷津 调都,-1
抄袭 超越,0
便宜 太大 不好 电压 划算 未必 运费 太重 二是 保修 一是 逃三是 再就是,-1
不润 三天 办法 使劲 高增益 一周 改善 不少 没什么 好像 高频 不够 低音 声音,-1
不了 质量 音质 不好 几天 屁用,-1
对得起 红芯 价位 绝对,0
海鲜 试听 不是,0
新机 配色 劲浪 换壳 母猪 产品线 太广 逻辑性 严重不足 产品价格 腰斩,-1
直接 耳罩 惊喜 拿掉 戴有,1
耳机 潜力 电磁炉 差得远,-1
互相 三件套 华硕 仔细 板子 做工 电容 好评 想起 外观 真的,1
低潮期 全球 处于 高阻 实际上 编号 几万 古典音乐 多年 出来 耳机,0
好奇 声感,1
两套 不错,1
声音 搭配 声场 提升 好听 感觉 解析 高频 低频 听到 一点 清楚 方面 稍微 女声 男声 线基 纵向 立体 差一点 几根 盖住 得话 仔细听 蔷薇 残料,-1
耳机 好听 感觉 比大 古风,1
谈谈 声音,0
问题 机器 请教 解码器 算法 差异 不同 升频 标准 定论,-1
未知,0
终极版 零售价 支持 谢谢 大家,1
莫不是 程序 照抄 编程 可编程 核心 参考价值 逻辑 同款 毛钱 软文 运放 芯片 一点 关系 解码 没有 别人,1
其实 有点 入门,0
命题 这是,0
浓郁 厚重 调调 推出 电磁炉 就算 推个 万元 只能 喜欢 确实 更好 以上 有点 没有,1
觉得 可能 问题 看看 实在 接受 不能 可惜 大佬 歌德 推荐 好些 做工 爱丽丝,1
楼主 继续 烧烧 感悟,1
牛顿 单位 推力 知道,1
电路 鉴定 顺带 大神,0
认真,0
线身 一点 对比 是不是 是否 谢谢 比较,0
迷信 插座 不用,0
耳机 耳朵 不到 不是 问题 烧友 扩大 设备 不要 完全 个人 解码 起来 目前 这种 最好 人声 不够 高频 解码器 听感 素质 确实 耳放 氛围 尤其 曲目 部分 分析 欣赏 必须 伺候 思考 认为 回来 方向 具体 收货 是因为 评测 结合 日系 过于 无限 极高 人云亦云 浮夸 本质 内敛 讨厌 国产机 暴露 莎拉 布莱曼 清秀 社会 所有人 推它 硬伤 失控 排斥 如山灵 数毛 骗吃骗喝 拉进 后会 端中 红莓 夜愿 直指,-1
莱曼 类似,0
换购 更好 一代 支持,1
大象无形 大象 看不见 动力学 节目 汽车 想起 空气,0
旗舰 没法 耳机 根本,0
倒退 感极强 线条 不同 来看 楼主 耳放 听感 推好 不至于 可能 应该,-1
传真 卖掉 楼主 换成 解码器 考虑 有没有,-1
往系系 继续,0
金耳朵 佩服,0
比是 录音 结像 歌德 平板 人声 当然 可能,0
不好 相比 帮顶 性价比 耳机,-1
惊讶 做出 放不开 妥协 封闭式 第一 确实 这种 有点 声场 耳朵 耳机 不错,1
声音 低音 非常 解析 歌德 主要 路线 特点 突出 配上 淘宝 真有 冷静 傻子,-1
森海塞尔 单端 平衡 韵味,1
帖子,1
耳机 系统 提升 好听 非常 解析 流行 古典 古典音乐 同意 发现 是因为 流行音乐 鄙视 高清 却是 大幅 忽然,1
经常 音乐 声场 很大 感觉 人声 监听 空间感 流畅 一流 晚上 说不上 不像 包厢 临场感 十足 惊醒 脑后 不远处 奏响 淡淡的 雅致 一本正经,1
十分 厉害 静电,1
芯片 真的,1
真是假,-1
好听,1
支持 一下,1
出来 耳机,0
和代 两千左右 天鹰座 整个 差距 打算 后面 现在 二手 耳机,-1
耳鸣 偶尔 几年,0
宽松 大气 本质,1
杂食 互补 古典 流行 两个,0
最近 好像 很火 样子,1
没人刚 大多 玩家 不好 价位 觉得,-1
订单 记录 在意 信息 没什么 相当于 购买 比较 可能,0
帖子 系统 出现 升级 之前 当时 试试 一步 就要 评测 一篇 没想到 设计师 退休 看紫坛,-1
十来个 小时,0
更惨 用暖声 病态 三分 更添 美娜 下川 小萝莉 美雪 桥本 年龄 上盘 超群 挑错 肉感 过于 发抖 偏中 典型 童丽 台机 随身 有气无力 歌手 属于 录音 王菲 吊打 纤细 低频 用来 适合 解析 监听 推力 人声 这种 感觉 建议 估计 左右,1
受教,0
失真 问题 已经 版本 以前 太小 低阻 音量 所有 功率 不少 输出 驱动 最新 管子 钻石版 驱动力 削顶 钻石 改用 输出功率,-1
听来听去 出奇 平平淡淡 一天 退骚 竟然 发现 系列 欣赏 满足 有点 应该,-1
没有 影响 意义 值得 效果 价位 一点 一体机 机线 分体 差一点 配个 配好 推倒重来,-1
应该 档次 比差 图片,-1
因人而异 打听 参数,0
重金属 新世纪 爵士 古典 摇滚 喜欢,1
耳机 有点 乐器 明显 高频 特别 听感 编制 流行 中频 意思 确定 女声 今天 擅长 奶罩 仔细听 太凸 薄一到 太紧,-1
先上,0
声场 人声 更好,1
声音 关键 当然 好不好 长时间 适合 听感 追求 脖子 动圈 粗糙 做工 太重 聆听 这俩,-1
一眼 大家 照片 接口 拍个 报下 一体机 至少 型号 楼主 明白 后面 解码 建议,0
拿大顶 垫放 中间 机器,1
耳朵 一定 软文 绿联 差别 声染 超重,-1
看想 贵点 参考 试试 风格 喜好 个人 便宜,1
必须 厂家 试听 顶一下 支持,1
有点 确实 貌似 短板 蛋疼,-1
平衡 内部 单端 输入,-1
换管 原来,0
安定 机器 不够 以内 只能 万元 背景 频段 突兀 差强人意 感差,-1
楼主 恭喜 点赞,1
何不 女声,0
贴子 学习,1
需要 好不好 满足 暂且不说,-1
越毒 声音,1
一众 造型 大家 推荐 便携 喜欢 类似 其实 铁三角 不要 手机 耳机,1
节奏 集齐 木碗,0
性价比 享声,1
电源线 学习 信号线 折腾 避震 保险丝 柴大 挖掘潜力,-1
硬邦邦 最差 模糊 描绘出来 鼓皮 敲鼓时 粗细 鼓棒 形态 分清 精准 量感 区分 不深 弹性 过程 静电 大小 变化 整个 不同 描绘 缺乏 动圈 震动 类型 结像 舒服 难受 平板 质量 上面 不够 过瘾 非常 下潜 低音 最好 其实 起来 感受 详细 比较 不到 耳机 不错 根本,-1
楼主,0
繁琐 就索 六万,0
颈椎 重量 真是 大乌 难受 长时间 十分 真的 无法 佩戴,0
无数 阅机 楼主,0
存在 发烧友 应该 论坛 厉害 一群 蝙蝠,1
声音 觉得 不是 分辨 一半 来说 有点 个人 很大 其实 不能 一种 确实 结构 差异 肯定 工艺 差不多 玩表 几千 几十万 走时 精准度 表芯 镶嵌 外壳 体现 智慧 天价 线有 价值 方面 多数 不值 有钱人 不在意 跟表,-1
区别 解码器 部分 电脑 设计 干扰 瞎折腾 受到 差会,-1
银乌用 包大乌 时赠 反衬 封印 延保 本体 一双 十二 原厂 像是 小乌 取向 双十 相当于 咸鱼 大乌 性价比 用来 暖糊 耳罩 现在 很大 提升 耳机,0
润泽 波峰 音源 明显 人声 问题 可能 觉得,0
够格 跪下 大神 千元 推荐 搭配,0
变重 齿音,0
保底 增益 功率 以内 以上,0
小耳 歌德 不会,1
好好看 机架,1
再煲 喜欢 好听 没用 不会 耳朵 耳机,-1
不大 差距 廉价 解决方案,-1
误触 小孩 防止 开关 安全 一点 后面 家里 有点 放在 方便 有效 觉得,-1
舒服 觉得,1
没底 同样,0
少帅 歌德,-1
手机 之前 好听 当时 后来 足够 手里 听响 谢兰图 推直,1
学习 建议 一下,0
解码 好听 耳放 垃圾 他家 据说,-1
存在 已经 直接 需要 解码 推好 功放 绑定 有源音箱 耳放来 有功,1
主要 好听,1
最近 提升,0
耳朵 放在 东西 设备 之前 段时间 不行 淘汰 每次 规律 发现 更新 失望 非要 回去 总会 没出 健身房,1
线材 基本上 必要 智商 天花板,-1
首选 推荐 价格 现在 绝对 需要 入门,0
声音 搭配 不是 机器 一种 效果 喜欢 不好 体验 换个 位置 就行 蓝牙 台机 玩好 重点 好玩 上班 很差 电线,-1
一下 支持 用心,1
退休 手摇 太阳能 大爷 声买个 公园 广播 收音机 充电 就行了 个人 支持,-1
一定 感觉 慢慢 垃圾 等到 程度 初烧 进入 烧到,-1
发帖 风格,0
可能 不会 解决 感觉 低频 只能 整体 不好 不少 方面 程度 频段 能量 导致 改善 缺点 当年 带来 改造 产生 振膜 回弹力 偏弱 娘胎 设计师 负面影响,-1
问题 质感 音色 稍差,-1
古典 不错,1
退烧,-1
熊孩 家有,0
毛线 静电 纠结,0
作业 试听,1
辛苦 楼主,0
声调 度先 声道 调整 大小 安装 插件 平衡 试试 音量 正常 是否 试听 区别 耳机 左右 声音,0
原厂 几十块 不贵,0
耳机 级别 器材 买个 理论 风格 对比 差异 类型 几千 歌曲 期间 驾驭 之下 花大,-1
厂盘 熟人 中关村 呜呜 三菱 当年 玩不起 质量 看起来 现在 看看 没有 不错,-1
绑定,1
阻放 不换 只能 选择 设备,1
摄影 贴切 形容 做菜,-1
购买 渠道,1
期待 出来 一下 估计 不会 值得 音特美 这么久 招牌,1
爆棚 树莓 投入 性价比 折腾 派线 无底,-1
拥有 值得,1
瓷碗 下面 避震 耳放,0
之前 手上 好久 年底,1
不是 简单 难听 原因 构造,-1
样子 支持 一下 不错,1
换代 厂商 好多 台机 换个 电路 外壳 每次 芯片 耳塞 好奇 是不是 直接 升级 不用,1
买不起 太贵 一档 展机,-1
随意 讲究 套子 擦换 酒精 不用,0
这榜 笑话 来说,0
字穷 原因 两个 升级,0
一定 很多 东西 看起来 国外 垃圾 国货 照样 代工 贴牌 很火 男人,-1
大乌出 形容 上去 恶声,0
百度搜,-1
注册 赶紧,0
声音 层次 可能 加个 空间 感觉 非常 素质 不好 分离 闲鱼 多收 扎实 毫不 香肠 拖泥带水 幸亏 白捡,-1
不少 便宜,0
声音 耳机 很爽 低音 横向 高音 以下 设置 越来越 滤波 增益 双修 用口 偏薄亮 口气,-1
耳机 现在 大法 倒退 简直 外观设计 稀饭,-1
觉得 耳机 有没有 没有 试听 音乐 发烧 好听 好不好 基本 必要 喜欢 地方 听到 不好 退烧 反复 没救 先量 量体温 缓解 痛苦 会加 日后 发作,-1
假大空 手机 一下 知道,-1
后缀 每次 型号 推荐 不要,0
吹牛 打架 不屑于 机器 估计,1
太贱 厂商 认为 主要 垃圾 压力 中国 听说 高价 很大 需要 器材 发烧友 耳机,-1
数据,0
太行,0
有点 那种 喜欢 风格 流行 摇滚 电音 竟然 温吞水 扭曲,1
楼主 有钱,0
便宜 有没有 试听 只能 试试 大碗 线电 无奈,-1
官方 上线 系统 直接 感觉 必要 界面 对比 升频 纯净 网桥 风扇 机箱 改无 电装 口接,-1
大手,0
直接 现在 感觉 低音 后面 正常 音量 刚刚 音效 最大 振膜 重低音 前期 较厚 不破 轰一 酷狗用,-1
机箱 尽量 硬盘 折腾 直接 放在 里面,-1
二哥 差于 差个 延伸 高于 就算 不少 大哥 差距 低频 高频 下潜 量化 不会 一下 所谓 耳朵 耳机 觉得 不错,-1
多试试 想要 非得 不必 得到 调整 整个 系统 声音,0
大烏 加多點 二手,0
参数 音频 试试 差不多 运放 挑个,-1
支持 张靓颖 代言,1
电磁炉 电饭锅 我试 显示器 拿来 噪音 背景 试试 高频 没有 建议 电源线,-1
控制 手机,0
东西 一点 频响 好多 水贴 能看懂,1
要分 出来,0
其实 原装 端线,1
编制 流行 氛围 缺少,1
最后 原线 太重 红色 几股,1
塞子 十几块 问题,0
何必 浪费,0
差一点,-1
录音,1
西装,0
变大奥 焊到 开接 从空 小区 电线 拆开 一根 接线 变成 输入 是不是 变压器 机器 直接 电源 系统 估计 出来,0
振膜 纳米 是不是 那种,0
通吃,0
耳机 好像 两只 内部结构,1
有点 真的 耐听 闷闷,1
我勒个,1
视野 黄金组合 新晋 两双手 视线 淡出 促销 惊雷 标配 现场 加拿大 没人 十五年 御用 莱曼 曾经 低价 国产品牌 品牌 过来 一倍 太多 几年 玩意 两年 和弦 系列 展会 讨论 价格 自然 慢慢 现在 解码 出现 已经 一定 产品 不错 左右,1
耳机 要求 音乐 好听 绝对 考虑 这种 的确 素质 基本 第一 编制 交响 音色 追求 安心 满足 欣赏 不足 差点 驱动 控制力 中小 今后 因素,-1
办公室 退烧 封闭 大耳 看来,-1
大乌 听听 不行 摇滚 流行 听过 编制 确实 反正,1
失真 测试 试听 起来 自然 弦乐 脑放 一看 关闭 全都 群一,-1
恭喜,1
器材 非常 更换 两个 用来 垫子 安装 位置 撑起来 一起 书架箱 架子 脚架 好用 大件 门窗 气囊 微调 放满 四层 脚垫,1
评测 楼主 长时间 使用 期待,0
未知,0
掉落 掏对 耳套 戴上,0
很多 垃圾 比好 这俩,-1
日系卡 过块 回头 带来 惊喜 发现 对比 风格 区别,1
日常 用户 习惯 已经,0
升级 人声 打算 无语,-1
再战 难说 十年,0
一下 支持 森海 用户,1
非常 解析 大气 特点,1
未知,0
高档 金波 这点 烧油 图片 旷世 网上 普通 实物 机器,0
重量 产品 应该,0
本身 不太好 一张 图片 锐化 相机 镜头 看样子,1
满意 退货,-1
可能 旗舰 折腾 不怎么 硕美科,-1
脖子 先问 继续 克和克要 研究 不要,0
各有所长 配置 只能 不了,0
吸入式 别买,0
呵呵 理论 界面 光纤 同意 凤凰 观点 高度 实际效果,-1
觉得,1
非常 编制 古典 合适 大气 中正 沉稳 从容,1
楼房 很差 别用 房子 隔音 音箱 现在,-1
搭配,1
真相 无图,0
没钱入 梧州 耳机,0
办法 笔记本 同轴,0
头痛 玩意 关键,0
每年 哈曼 曲线 恐怕 同一 两个 不是,0
厉害 以价论 活该 挣钱 倒闭,1
留名 潜力,0
觉得 一定 出来 建议 设备 不要 个人 听音 后面 素质 调音 马兰士 差距 芯片 想法 稍微 未必 大厂 取向 日系 选了 别看 一码 大街 口耳 白花 随性,-1
耳机 一下 不了 确实 价格 厉害 所有 楼主 实力 刚刚 不敢 定价 淘宝 万零,1
只能靠 大香 次奥 愿意 动圈 耳房 下单 万元 试试 只能 平板 看看 试听,1
补足 跳开 我记 丢掉 各有胜负 一块 一副 泛音 优势 弦乐 没错 大乌 平板 低频 必要 人声 这种 建议 耳机,-1
力宝声 里海 太老 赛乐士 不二 吸入式 之选 别碰 乐圣 最新 万元 选择 接受 几个,1
供给 过大 通常 电流 功率 不够 设备 电源 东西 不会 问题,0
从大耳君 瓦楞纸 不同 看上去 左右,0
应该 比较 直接 起来 推力 耳放 对比 便携 用户 平衡 气动 转接线 网上 播放器 专门 推得 不难 大点 第一批 用于 卡农 几十元 转四芯 转线 头才 接单,1
何不,-1
不累 真正 器材 应该,1
退烧,-1
能带 脑放 录音 不好 可惜 原道 进去,-1
便宜 好声 谷津 合拍 推用,1
美金 应该,0
会有 好奇 底噪 不会 声音,1
声音 觉得 耳机 一定 很多 一开 有点 机器 真的 当然 推好 非常 乐器 模式 耐听 味道 特别 素质 不差 调音 意思 情况 发现 高文 圆润 差点 一副 全能 要开 扁平 难得 不糊 下能 聊到 只开,-1
操作性 翻天覆地 优势 数播 变化 管理 高级 能力 不是 声音,1
耳放会 随身 惊喜 加个,1
折腾 不想,-1
知道 论坛 加个 提升 不大 耳放 有个 说法 真是假 说直,-1
深度 好文,1
死机 造成 寿命 硬盘 问题,0
守门员 巨头 看齐 向上 成为 中端 向下 入门,0
做到 解码器 地方 音量 一点 最牛 玩意 在于 上能 地球 调小 真不多,1
建设性 顶楼 分享 诚恳 非常 意义 感谢 学习 帖子,1
韭菜 新版 香榭丽舍 机了,-1
二手 折腾 收个,-1
一体机 不少 肯定 花费 耳放 厂家 解码 很多 做好,1
很多 时钟 自带 差距 线路 主要 技术 一类 外接,-1
第一 价格 上来 音质 差不多 这款 声卡 专业 旁边 颜值 阿波罗 四大 阿婆 能排,-1
复刻 保证 不是,0
何不,-1
不错 比较 呵呵 东西 个人 解析 韵味 喜欢 听过 芯片 答案 专业 品牌,-1
扯蛋 差得 稳相噪 原子钟 咎由自取 退出 之耻 羚羊 深圳 普遍 国内 市场 万元 垃圾 音频 基本 用来 时钟,-1
耳机 现在 推力 难为 别用 国砖 差得 大块头 老远,-1
耳机 帮顶 爱好者 重庆,1
爆棚 树莓 投入 性价比 折腾 派线 无底,-1
根本 知道 应该 总是 不好 状态 过来 理想 抉择 出点 该出 哪一只,-1
置换 支持 希望,1
感型 二者 上吊 强称 各有 规模 个人感觉 质感 调音 低频 素质 好听 声场 不是,1
对线 敏感,0
透明胶 其实 起来,0
效果 比起 流行 古典 真是 耳機 原因 這兩 有過 最後出 因為 差口氣 留著 電影用,-1
非常 解析 大气 特点,1
良莠不齐 成品 达斯 建议 已经 不错,1
无线电波 一向如此 流量 缺陷 办法 稳定性 几十年 网络 蓝牙 技术 苹果 肯定 买个 没有 数据,1
请不起 穷到 水文 功劳 莱尔 评测 几篇 背景 水军 感觉 解码 完全 已经 不到 应该,1
线材 二手 直接 有点 感觉 不能 小时 承认 确实 是不是 上来 一句 当时 原线 路上 担心 意外 闲鱼 全是 运费 一次 收货 联系 顺丰 一看 确认 两天 倒卖 敢不敢 真假 交易 买家 标价 讲价 改线 心想 顺丰到 还给 贩子 大方 出一想 发顺丰 仅过 一查 物流 点错,-1
新烧 永远 老烧 路上,0
价钱 多一点 夹头 下来 几年 差不多 当时 可惜 喜欢 有点,-1
合用 物品 多个 最低 具体 假货 链接 价格 需要 进去,-1
可能 玩玩 支持 呵呵,-1
支持 听感 楼主 沙发,1
心态 退烧,-1
问题 感觉 听音 为啥 观有,-1
低频 高频,0
很赞 外观,1
操作,1
帮顶 歌德,1
希望 支持 置换,1
圆型 十字型 音场,0
觉得 区别 应该 出来 不是 无法 比较 很多 系统 音乐 直接 起来 好听 其实 性价比 听到 大奥 楼主 大部分 安心 重要 欣赏 描述 真正 闲鱼 下载 最大 小白 回去 木耳 一一对应 知足 财务 自由 寻求 全套 调配 收完,1
现在 人声 不错 喜欢 芯片,1
好不好 耳放 平衡 單端 問題,-1
立体声 平面 电影 重要 完全 声场 概念 不是 毕竟 耳机,0
参数 音频 试试 差不多 运放 挑个,-1
声音 觉得 耳机 浪费 不行 不好 底子 薄刺 乏味,-1
收不到 收个,0
解码,1
耳机 值得 耳放 平衡 上限 千买 投个,1
电话线 直线 欧是,0
买不到 机太火 二手,0
左右 存在 发烧友 器材 很多 没有 音乐 设备 来说 简单 个人 非常 乐器 一种 喜欢 有人 播放 以为 单纯 收藏 周边 录音 折腾 分享 碟子 说法 之后 摄影 镜头 享受 朋友 乐趣 种类 本末倒置 十五年 作品 妨碍 机身 一般般 头版 稀有 全然不顾 重金 回报率 一写 改编,-1
最多 咸菜 感上 价格 投入 提升,-1
低买 调节 独立 确定 几率 极大 音量 自带 解码器 前级 数字 预算 东西,0
一定 很多 东西 看起来 国外 垃圾 国货 照样 代工 贴牌 很火 男人,-1
从来不 真正 老烧 这种 测试,0
不错,1
边上 屹立 依旧 换头 成色 一点 有限 耳罩 已经,1
牛气 拜服,1
心理因素 使用者 偏音 一边 有时候 过度 使用 耳朵,0
负担 推纯 墨菊 上耳放 不想 准备 便携 三代 增加,0
老老实实 老虎 卡别,1
二手 块钱 谷津,1
司机,0
主要,1
韭菜 永远 忽悠 捂着 钱袋,-1
占楼,0
一档 毫无 前面 以为 耳放 音源 比较 耳机 觉得,1
官方,0
闲鱼 全新 是否 知道 左右,0
不错 一下 支持 韵味 调音 听过,1
应该 最好 以内 必要 不难 收不到,-1
声音 平板 动圈 有意思 顶级 静电 没意思 玩大乌,-1
垃圾 老烧 新人 大手笔,-1
很多 机器 麻烦 遥控 钰龙 高登 不配,-1
觉得 味道 必要 不同 听个 无非,-1
看到 听说,0
全糊 意思,0
咸鱼 粗糙 假货 淘宝 小心 一张 爆音 印刷 做工,-1
不错 二代 平衡 香榭丽舍,1
精选 索尼 古典,0
好看 木头,1
孜孜不倦 单衣 大师 耳机,0
一下 响度 补偿 好了吧,1
耳机 很多 烧友 素质 耳放 官放 香格里拉 静电 品牌 很差 单买,-1
里面 高频 低频 好像 中频 情况 塞子 耳膜 发现 混合 外面 头颅 脱节 好几块 圈铁,-1
未知,1
应该,0
一张 推荐 最好 觉得,1
无损 简单 以前 确实 只能 好像 所有 音质 几百 播放 麻烦 用过 好点 安装 一款 播放器 转成 虎豹 最简 基友 点大,-1
小胆放 星期 感玩 傻瓜 欧给 甜味 听点 听久 不带 推出 笔记本 听个 朋克 张学友 随便 感觉 细节 不错,1
通吃 称得上 双修 全面 感觉 音乐,0
元年 怀念 算是 发烧 有点,0
实际 不好 不能 个人 没有 觉得,-1
套颜值 银色 黑色 这套 觉得,1
神经科学 进到 领域 进军 狗头,0
对比 全新 值得 不知,1
声版 换人 商量 行不行 满意 古典 老板,0
不换 卡换 这块 改变 那位 快到 运放 电影 无所谓 主要 音色 上面 真的 音乐 已经 老大,0
塑料,0
不闷 拖沓 平衡 比较,0
空调 干扰 开关电源 耐力 空开 冰箱 不拉 专线 太烦人,-1
大小,-1
坚不可摧 涤荡 长河 听懂 读懂 下来 称之为 历史 之后 容易 古典 流行 保留 东西,1
加以 一图 作用 调整 就算 原理 螺丝 实践 明白 最后 入门,0
用数播 操控 相对来说 不大觉 播音 差别 重要 价位 方便,-1
国内,0
烧掉 回去,0
木盆 音展 良心 极度 二房 昨天 先后 书架箱 找到 深刻 满意 始终 不好 印象 真是 试听 没有 搭配 耳机 声音,-1
喜欢 推好 反正,-1
佩戴 要求 耳朵 没有 东西 需要 注意 交响 一点 型号 中间 这点 杂食 加成 当成 不住 一档,1
声音 耳机 问题 经常 不会 戴上 耳罩 明显 平板 听到 说明 以后 普通 会有 偏音 稳定性 振膜 试一下 摔过 娇贵 用手掌 覆盖住 轻轻 拍打 扑哧 两下 恢复正常,-1
问题 没有 厂家 不能 极其 适合 算法 基本 必要 质量 确实 音频 讨论 硬件 肯定 内部 传输 环境 完整性 包括 完整 网播 高品质 协议 局域网 缓存 出错 多次 尽量 不负责任 取决于 解决不了 恶劣 首歌 机制 在线听 握手 校验 数据包 拆分 广域网 非常复杂,-1
不错 试听 细节 难听 力度 活动 说句实话 惊艳 一波草 割起来,-1
古典 换成 不错,1
平淡 啰嗦 不买 一句 正常 现在 已经 不是,1
无语,-1
人声 流行 不爽 比差 不少,-1
文笔 不想 祝贺 说话,-1
耳机 一定 关键 喜欢 风格 价位 很难说,1
毒文毒 群友 帮顶,1
声音 觉得 比较 没有 请问 质量 前端 不值 失望 感一耳,1
好看 高端 应该 这种 大腿 芭蕾 舞种,1
这台 说实话 用过 比较 声音,0
应该 手机 估计 需要 我用 推力 肯定 不好 系列 上台 未必 随身,-1
特别 低频 干净 弹性 偏少,1
根本 存在 耳朵 里面 没有 机器 小时 纠结 必要 更好 听过 差异 同样 不好 同一 煲机 后期 头版 记忆 周边设备 脑海 听真,-1
其实 觉得 差不多,-1
不是 听感 平衡 单端 经验 最终 口比 太多太多 更是如此,1
应该 有点 满足 欣赏 系列 发现 竟然 退骚 一天 平平淡淡 出奇 听来听去,-1
二手,0
声音 耳机 做到 一定 非常 经典 音箱 物理 接近 体验 过来 决定 特性 不见得 办法 几块 联想 结项 眉心 要贵 百八十块,-1
好文 感谢,1
玩玩 不是 东西 二手 不要 那种 他家 安心 不好 市场 问问 为啥 重视 国内 枪手 关注度 不高 心态,-1
喜欢 明白 试试 说明 塑料 两天 磁铁 磁力 不强,-1
声音 手机 问题 支持 音乐 机器 似乎 不好 播放 楼上 蓝牙 串流 死活,-1
解码 问题 可能 耳朵,0
大乌是 成交价 老版 竞争力 新版,0
不错 入门 系统 建议 起来 选择 更好 只能 音箱 有源 音乐味 无源 选无源,1
周边 问题 可能 搭配,0
胆机 好像 合适 原创 隔壁 版主,1
回复 感谢 动态 目前 是否 考虑 必要 打算 一点 纤细 两条 折腾 优点 保险丝 换耳放 外换,-1
分项 放送 感压 推听 反而 尝试 顺滑 大家 随身听 无所谓 吐槽 分离 刺激 流行 解析 真的 关键 以前 需要 来说 不错,1
两根 耐心 保险丝 两天 好好 买回来 热机 正常 觉得 不错 官方,1
大力支持 新兴 优秀 出头 退货 理由 牌子 厂家 国产 试听 耳朵,-1
支持 一代 更好 换购,1
接带 虾米 接到 偶尔 电脑 界面 听歌 解码器 到底 数字 提升 加个 直接 方便 一下 区别,1
先锋 互相 聚会 把玩 推大耳 影音 巡回 群里 几位 阵子 严肃 播放器 这款 试试 森海 便携 摇滚 调音 拜亚 适合 人声 非常 那种 以上 这种 不是 应该 声音,1
没有 选择 正常 必要,-1
没法 应该 有点 反正 起来 算了 人声 平板 横向 价位 类型 宽松 好点 优势 纵向 歌曲 越级 乏味 手腕 蛮大,1
最好 选择 价位,1
算好 盒子 不差 本来 来说,-1
类似 相当 调音 容易 不好 镀银 高低音 混编 脱节 铜银,-1
水星 录制 发烧 很多,0
牛年 新年快乐 大家 设备,1
耳机 不是 没有 动态 声场 直接 完全 解码 不能 正常 确实 耳放 氛围 信息量 不少 一体机 发现 恐怖 线接 母转 屁股 卡侬 并不比 根三芯 四芯卡 堆上来,-1
如痴如醉 推出 记得 兄弟 现在 声音,1
发现 单独 差距 对比 编制 好听,-1
中性点 偏暖 口味 相对 自然 声音,0
洋鞋 比块 那块 慕洋 块钱 非要 竟然 心态 不值 不好 严重 质量 国产,-1
未知,0
声音 耳机 出来 线材 估计 没有 烧友 解码 影响 敏感 听音 听感 的确 效果 难听 物理 经历 发现 焊接 材料 干净 换线 经验 大量 二个 避震 一大帮 形状 因人而异 阶段 屏弊 实践性 通常 层度 立杆 见影 人不信,-1
以前 确实 退回,-1
味十足 鸡婆 调音,1
高端 玩玩 搭配 比较 上海 一套 品牌 店里 长宁 世贸 海帆 机系统 很赞,1
铁三角 其实 喜欢 激光 这套,1
过气 好些 一点 喜欢 更好 人声 非常 毕竟 耳机,1
器材 里面 提升 真正 前提 难得 源文件,1
耳机 音箱 真力 上限 好几个 笑话,1
声音 左右 应该 不到 不是 比较 建议 最近 那种 状态 差不多 几年 木头 改进版 距今 要收 新型,-1
石家庄 杀死 好评,1
甩个 好放 架子 链接,1
老老实实 老虎 卡别,1
马烂 结论,-1
厉害 动圈 捧场,1
不比差 认为 超高 方面 一台 耳放 更好 素质 性价比 解析 细节 个人,-1
根本 知道 支持 斑竹 标题 不明 懒得 进去 起码 别人 呵呵,-1
理解 真的 商家 国内 美的 一言难尽,-1
没用 原装 平衡 耳机线 几次 改啥 线管 几氧铜,-1
声音 真是 了解 用过 一言难尽,-1
声音 便宜 刚好 买个 前段时间 夸张 音箱 箱子 差别 提高 一对 一大 简直 脚架 艺特 对劲 多媒体 锐牌 无聊 放上去 毫不,-1
最好 拜亚 难听 不好 动力,-1
常态 旧厌 版喜 黑成 升级版 低估 阉割 确实,0
以下 差不多 推荐 好像 价格 一代 推力,-1
玄学 认真 名称,0
没人 愿意 代购 买来 淘宝 代理 国内 感兴趣 试试 居然 看不到 现在 其实,0
当年 上万 一套,0
理性 清晰 观点 楼主,1
提问 圈里 很火 感觉 现在,0
不错 里面 比较 使用 当然 非常 牌子 不大 选择 流行 摇滚 算是 天龙 音质 差距 场景 个人感觉 电影 范畴 能量 体积 宝华 索尼 品牌 飞利浦 家用 主打 多媒体 理念 适应 雅马哈 哈曼 銘威 发罗维,-1
下级 四方 大杀 下方 天下无敌 阉去 阉来 甜味 偏小 产品线 细腻 积累 随随便便 享声 技术 押金 申请 旗舰店 完成度 实际 旗舰 丰富 每个 推荐 高度 堪忧 本身 上面 某宝 机器 感受 声场 原价 试听 没有 几个 产品 觉得 不错 声音,1
便宜 没法 还要 里面 呵呵 直接 使用 机器 其实 这种 功率 情况 电流 换个 保证 换上 动作 短路 保险丝 会烧 高压 五金店 毛买个 铁芯 原边 触发 一截细 铜丝,-1
双弄 办公室 这套 听听 不错,1
二手 不要 最好 一手 一体机 太快 最终 更新换代 太亏,1
当成 下限 上限 大家 一句 铁三角 很多 耳机,0
根本 存在 耳朵 里面 没有 机器 小时 纠结 必要 更好 听过 差异 同样 不好 同一 煲机 后期 头版 记忆 周边设备 脑海 听真,-1
推好,1
不错 一下 试听 看起来 机会 以后,1
另一只 便会 某种 人脑 排斥 适应 最早 有过 长期 频响 遇到 情况 难听 喜欢 一只 两个 模式 这种 其实 很多 耳机 觉得 声音,-1
机器 很大 底噪 退掉,-1
声音 不错,1
觉得 耳机 应该 没有 声场 面前 结像 追求 音箱 分析 说法 可怜 精准 捏成 小得 粉末,1
烧友 早就 磁带 不买 普通 正常人 瞎折腾 先进,-1
价格低 配电箱 不起眼 核心 几样 专线 空开 利润 有意无意 处理 前面 在于 再生 只不过 价格 隔离 后面 空间 电源 东西 不是 电源线 区别,1
防潮箱 最好 不要 放在 耳机,1
全真 主要 考虑,0
贴错 进不去 代码 更新 链接,0
啥意思,0
观望,0
必要 原线 长外,-1
已经 系统 解码 放到 现在 推好 真正 草医 高文 折腾 湖人 沐声 三年 两套 惊雷 好几年 北极星 到头 玉龙 多套 活活 再到 改玩大,-1
用不香 合适 平板,1
煲线 稍重 初始 毛糙 罗上 线用 原厂 开脑 原因 有质 阿米 连续 改变 闲鱼 变化 齿音 圆润 开机 参考 平衡 后来 一段时间 确实 解析 很大 真的 一条 提升 声场 比较 可能 不是 根本 声音,1
看看 一条 到底 强烈建议 何方神圣,1
到时候 对比 试听 一下,0
振膜 样子 差不多 推好 觉得 声音,-1
耳朵 不会 相信 骗人,-1
声音 耳朵 第一次 真的 感觉 那种 听到 叫做 差别 接触 头皮发麻 心灵 一颤,-1
论坛 帖子 估计 前排 进来 大佬 帮顶 大部分 不敢 导致 啥意思 标准 等待 不火 参与 不好意思 亮家伙 观赏 珍品,-1
未知,1
实话实说 二十 刘汉盛 音响 错误 看看 学习 很多 理解 一下,0
声音 第一 心里 入耳 日本 才能 咸菜 不信 日系 阅历 普及型 没关系,-1
不是 简单 难听 原因 构造,-1
听光 只能靠 看不出来 信号线 意思 大佬 部分,0
有点儿 放心 没假 耳机,-1
用乐图 声源 墨菊 放弃 没太大 发现 相比 小时 直接 试听 区别 耳机,0
好看 呵呵 升级 看着 宙斯,-1
我用 不好,-1
底噪 隔离 考虑 使用 需要 问题,0
至今 替代 韵味 不到,0
声音 比较 前端 均衡点 过好,1
流线圈 看不出来 外表 贵价 滤波 并联 电容 有人 串联 外观 拆解 效果 高频 是否 完全 没有 可能 里面 电源线 知道,1
雨里 风里 闲鱼,0
适应性 更好 考虑 觉得,1
感受 人声 水平 只能 便携 大耳 突出 能够 稍差 一档 比闷糊 胜在易,-1
算了吧 同价位 专业 声卡 搞个 解码 加个 别人,0
新年好,1
补充 楼主 不好 惊雷 听算 排个,-1
可能 明显 素质 至少 差不多,-1
加强 播音 刻意 代表 还会 中频 效果 不能 就行了 音乐,1
建议 预算 起来 特别 不好 环境 退烧 电处 认真 全套 贵得,-1
规格 器材 不是 几个 之前 发烧 厂家 机线 一律 原因 知名 品牌 好歹 大件 含混不清 要怪 虚情假意 注水 线材厂 面向 专业人士,-1
满载 离罗版 数码味 玻璃 距离 音乐味 固有 除去 优势 相当 素质 声场,0
区别 耳朵 听不出 必要 办法 太木,-1
尝试 一步 国产 产品,0
先入为主 听耐 人云亦云 抛开 因素 不少 不好 类型 马兰士 对比 听音 听说 最好 是否 机器 问题,-1
现在 解码器 楼上 才能 这货 退骚,-1
没有 不够 澎湃 展上 纽约 大乌好,1
耳机 完全 反正 推力 推荐 控制力 好几个 怪声,1
暖暖的 怀念 帮顶 听感 一下,1
现当代 美国 古典,0
失真 味道 耳放 主要 稳定 驱动 持续 负责 后端,-1
声音 耳机 一下 表示 比较 没有 大概 感觉 必要 更好 对比 森海 歌德 后来 很多年 发现 方向 架子 下来 擅长 以往 小小的 年纪 渐长,-1
症来 好多 楼上 推荐 困难 选择,1
原线 真的,0
正品 号称 闲鱼 原装 请问 一下,1
没法 音源 不好 出好声 处理 原因 这条 小众 注定,-1
现在 听歌 耳放 安心 后来 关注 入手 两年 刚入 到处 找耳放 阴差阳错 自我感觉 良好 从此 不再,-1
精品 强劲 相近 架构 依然 原理 实力 价位 解码 不是 应该,1
线换 这套 推荐 舒服 特别 起来 个人,1
机没 独立 合并 原理 必要 纠结 反正 时钟 里面 不是,-1
观众席 位置 唱片 录音 不是,0
有钱 满意 退烧 烧烧 假装,-1
纯数播 出个 矩声 转盘,1
物美价廉 高登 蓝水 漂亮 总线 选择 考虑 插排 比较,1
声音 耳朵 提升 关键 便携 耳塞 设计 供电 差别 电池 玩具 一大 桌面 碾压,-1
推低 耳机,0
不知 人声 流行 手持 网易 值不值得 小乌想,1
最近 打算 折腾 太狠,-1
厉害,1
高斯 复古 足够,0
停骚 为止 不烧,1
比闷 味精 现场 音乐会 也许 扎实 飘逸 认为 华丽 接近 通透 高音 尤其 交响 确实 更好 非常 那种 低音 个人 没有 不到 耳机 声音,1
不了 条件 数播 折腾,-1
大奥,-1
逼格 古典,0
箱子 条件,0
交了 买时 五千块 一万多 智商 太贵 几年 性价比 太低,-1
偏要 某某 讲个 笑话 替代品 找到 喜欢 耳机,1
红酸枝 拍成 黑酸枝 不准 色彩,0
不在意 正常 问题 功能 声音,0
豆豆 一脸 美女 干净 喜欢 感觉,-1
声音 耳机 耳朵 不是 可能 问题 不太 喜好 关系 怀疑 听音 适合 腔体 听到 有人 不好 压根 威士顿 最早 很小 模具 全家 所有人 导管 超细,-1
声音 耳机 毕竟 感不 可能 起来 好不好 高频 质量 低频 自然 中频 开放式 封闭式 相当于 还原 密度 限制 全频 现场 取决于 感人 音染少 和量 捉襟见肘 单元尺寸,-1
声音 不错 耳机 声场 感觉 意义 听感 素质 喜欢 差异 楼主 一点 极致 参考 漏音 差些 真实 晓得 我入 走向 夹头 纵深感,-1
比较 插排 考虑 选择 总线 漂亮 蓝水 高登 物美价廉,1
色彩感 三四年 比不上 不输 广州 展听 大部分 可能 耳机 觉得,1
哪要 现货 三宝 一大堆 界面 我用 不错,1
声音 功能 比较 个人 前级 非常 听感 喜欢 舒服 歌德 配合 中正 醇厚 金乌 推算 绵密,1
项目 可达 科科 杂食 图片 漂亮 退烧 极致 选择 比较 要求 不错,-1
手上 正好 我覺 兩條,-1
投年 第一个 应该,0
那强 这强 高下 一点 水平 必要 顶多 东西,-1
调成 强大 限制 不行 简单 来说,1
很难 推动 价格 必要,-1
东西 坏淫,-1
现在 音箱 隔音 房子 别用 很差 楼房,-1
没空 胆放有 坐等 兴趣 便携 可惜 听感 试听,0
厉害,1
应该 评价 好点 看着 销量 就行,1
不要 耳罩 楼主 差不多 老换 换次 裂口,-1
够用 谷津 勉强,1
抉择 双修 确实,1
音可若瓦 几十块 无法忍受 出货 音乐性 至少 商家 分离 几百 水准 不行 素质 声场 应该,1
不错 应该 莱曼,1
序曲 大小 后级 功放 能否 遥控 音量 数字 显示,0
声音 应该 定位 声场 来说 起来 感觉 喜欢 大乌 横向 相对 开阔 推荐 整个 优势 更大 显得 几次 展听 太薄 广州 单薄 例外 仅限于 高密度,1
大洋 乐檬 联想 省钱 电池 买个 二手 手机,0
声音 不错 动态 声场 现在 人声 高频 两个 低频 横向 均衡 用过 背景 密度 镀银 前面 刮耳 据说 毛病 延展 略远 精灵 挑不出 范登美 佳奈美,1
换个 感受 应该,0
月末 影子 一点 没有 期待,0
主音 下楼 耳房 请问,0
不错 可能 水准 不好 看上去 缺乏 头梁 做工 内侧 英文 模具 商标 塑胶模具 塑料件 注塑,-1
声音 出来 东西 看看 音乐 国产 耳放 价格 水准 道理 以后 欣赏 一年 程度 认为 总有 几十年 原厂 莱曼 过些 没到 全民 仿造 不降反升,-1
部分 对比 解码,0
耳机 耳朵 出来 不是 分辨 手机 设备 感觉 随便 对比 描述 单纯 台式 太差,-1
无所谓 中不中,1
选择 正常 必要,-1
观看 前排,0
知道 不是 系统 其实 这种 极其 非常 解析 严重 中频 大家 方向 品牌 随身 一副 台式 价格比 我会 棒子 补足 喷音染 几翻 正确性 流行性 上半年,-1
存在 电源线 里面 系统 考虑 以上 性价比 必要 尤其 绿檀 咸菜 最低,-1
口碑,0
厉害,1
声音 耳机 毕竟 感不 可能 起来 好不好 高频 质量 低频 自然 中频 开放式 封闭式 相当于 还原 密度 限制 全频 现场 取决于 感人 音染少 和量 捉襟见肘 单元尺寸,-1
格式 不配 效果 机器 支持,-1
夹头 压头 有没有 佩戴 耳机,0
相关 没有 数据,0
看上去 挺假,-1
古典,0
到头来 损伤 得不偿失 玩具 箱子 听力 耳机,1
耳朵 证明 证据 不作数,-1
招黑 口气 一款 喜欢 最好 这种 真的 不要 产品,1
没用 清楚 买来 听下,-1
简单 使用 音质 唯一 传输 不比差 安卓上,-1
大白 考虑,0
昨刚 咋样 差不多 下单 重量 音质 应该 佩戴,-1
不带 锁定 极高 大厂 同轴 信号 必须 容忍度 试试 素质 隔离 比较 要求 声音,1
好好,1
不难 推才 其实,0
耳机 搭配 线材 提升 高频 前端 齿音 周边 量感,-1
哥翻 不烧 诚实 两千 身体,0
家市 降到 干扰 严重 难听 手机,-1
线材 问题 早就 大乌 算是 新版 年入 乌算 想到 线圈 转移 好消息,1
认可 重要 楼主 非常 来说 别人,0
换到 网易 推到 错觉 流媒体 这类 上台,0
发型 下水道 颅腔 梁传 限度 头顶 头部 紧贴 两侧 最优 干头 莫西 头发 优化 共振 效应 反而 最大 头梁 实际上 导致 整个 光头 表现 普通 有人 减少 耳罩 最好 没有 达到 声音,1
声音 耳机 不用 问题 更好 自带 低频 价格 不好 控制 平面 用功 折腾 适配器 线加 面积 铝带 小声 艾伦 挺香 耳放换,-1
耳机 没有 看看 实际 张图 吹牛,1
看不懂 英文版,1
机线,0
试试,0
精选 索尼 古典音乐 质量 音源 觉得,1
敏感度 明天 换线 部分 很大 电源 时间 估计 玩玩,0
擦边球 注册 勾子 耐克 尔克 鸿星 安踏 李宁 仔细 刻意 当年 实际上 发现 国货 其实,-1
电源 需要 必要 以为 数播 差点 功放 水塘 开盖 全貌 两堆 明晃晃 买错 光主,-1
更好 音质 传输 苹果 安卓是,1
拿下,0
竟然 退烧 知道,-1
新衣 皇帝 哗众取宠 其实,0
一买 一年,0
毕竟 问题 减少 内部 电磁干扰 传输 一体机 出好声 供电 信号 外部 损失 吸收 做得好 集成度,-1
帮顶 身体 重要 深夜 早日 交到 早日康复 挚友,1
元器件 这店 差不多 买买,-1
失真 解码 高频 大乌 放大 效应 中低端 魔音 起到 入脑,-1
恢复 肾亏 耳鸣 身体状况 三年 前有 状态 身体 后来 长时间 段时间 关系,1
不少 的确 正常 最近,0
应该 离得 直接 影响 解码器 耳放 关注 内部 电脑 电磁干扰 不止 传输 线路 还会 单单,-1
这是 封闭式,0
感兴趣 价位 非常 试听,0
耳朵 当然 不好 不少 总会 没煲 听多煲,-1
机架 机同款 同款,0
听日系 一般般 只能 耳机,0
耳机 很多 适合 喜欢 森海,-1
失真 左右 根本 出来 已经 直接 明显 低频 真是 容易 音箱 科学 上天 频响 好多 典型 忽悠 标注 响度 失真度 乱说 搞懂 同志 高出 测到 只测 一例,-1
搭配 实力,1
往返 不包 邮费 下来 几百块 退货 几次 那种 最好 试听,-1
占楼 顶帖,1
理解,0
听风 完美 记得 现在 声音,0
可能 希望 好点,1
最大 音量,0
于魁智 放个 试试,0
过滤器 加音 闲钱 网线 玩法 交换机 普通 以后 价位 一套 转盘 隔离 这种 有点 提升 电源 级别,0
东莞 咋样 歌德,0
指能 指大 停产 后者 真实 之王 极致 声场 已经 做到 耳机 觉得 范围,0
金属 摇滚 二代,0
网易,0
悄悄 计算机专业 话题 这是 刺激 支持 比较 一下,1
不错 机器 人声 最起码,1
知道 基本上 确实 国货 能否 手里 做工 日系 顶头 最差 正名 之耻 格叽格,-1
觉得 有效 方便 放在 有点 家里 后面 一点 安全 开关 防止 小孩 误触,-1
缩水 银彩 古典,0
这人 鼓捣 出过 华为 消失 感觉 东西,1
耳机 现在 低频 大家 静电 科技 发达,1
成功 相当,0
伤身 怡情 烧伤 品质 生活 一部分 发烧 不是,1
论坛 评价 以为 差点 一阵 目的 看着 顿时 妹纸 走错 金瓶梅 心底 凉意,-1
开心 便宜货,1
接晶振 会受 输出 界面 很大 影响 树莓 很多 估计 产品,1
巴掌 金丝雀,0
来回 寄回 工作失误 抱歉 您好 承担 带来 处理 运费 体验 不好 楼主 非常 一下 耳机,-1
胜出 推大 手头 基本 当然 解码 直接 耳机 不错,1
左右 不到 原装 改变 频响 曲线 山寨 原厂 一毛 版会,-1
很多 恭喜 机子 大厂 不坑,1
太能 爱产 手持 帮顶,1
声音 觉得 看看 其实 素质 天龙 舒服 价位 均衡 余韵,1
声音 不错 用过 天籁 仿推,-1
声音 时间 国产 感觉 耳罩 一点 换上 非官方 尖锐,1
耳机 耳朵 出来 没有 那种 听感 一点 分享 顺便 同感 人买 辣鸡 参考性,-1
四五千 回味 回坑 一看 闲鱼 心态 爆炸 一台 最近 一下,0
这片,1
比森海强 向来 隔音,1
实心 海绵 歌德 人声 觉得,0
大佬 羡慕,1
深度 好文,1
声音 显示 支持 没有,1
昨天 安润 方程式 湖人 差距 试听 级别 耳机,-1
肯定,0
亲身 偏慢 激情 金是 黑白 能加 只换线 白金 体验 硬件 速度,0
知道 毕竟 应该 手机 可能 理解 关系 这种 最好 是不是 电平 音质 不同 分析 比差 为啥 变化 输出 导致 差别 猜想 闪电 内置 大小 机型 细微 天差地别 没试 真实情况 搞不好 难说 借来 登陆 账号,-1
我想 没说 找个 前端 清楚 便携 应该,0
回归 重新 找点 好多年 折腾,-1
性价比 享声,1
支持 谢谢 大家,1
怕冷 冬天,0
初步 价格 有没有 范围,0
低敏 比高 恶声 动圈 一点 对付 拜亚 推力 不会 几个,1
进军 水皮 祖传 金星 之后 喇叭线 终于 信号线 价位 选择,0
不错 有点 素质 调音 稍微 不够看,1
欣赏 音乐 分辨 不是,0
开关机 电脑前面 客厅 数播 主要 当然 需要 方便,0
倾向 现在,0
半斤八两 阿旺 阿兴 几个,0
表态 网工 纯理论 拘泥于 合理性 归纳 回顾 发散 把关 这回 紫檀 实测 研发 方法 公开 结论 经验 猜测 找到 正确 加上 交换机 真正 内部 只不过 或许 一台 暂时 一遍 明白 更好 听感 仪器 其实 目前 之前 没有 不会 里面 回复 帖子 不是 知道 数据,1
打水漂 买雅堡 有点,0
有点 声音 提升 难看 肯定 样子,-1
摩托 铁娘子 回到 死亡 激流 一票 勉强 喜欢,1
未知,0
二手 喜欢 就算 亏得 冷门货,-1
被忽略了 满脑子 旅店 听首 最深 女声独唱 记忆 吉他 加州 种类 电磁炉 试过 适应性 摇滚 适合 人声 真的,-1
有点 以前 厂家 难看 耳放 不同 百老汇 运费 人工 记得 台湾 来回 维修 上家 只收 不收 相是,-1
带耳放 天龙 组合 好像 这种 看看,1
琐碎 流式 理念 这次 瀑布,0
从头 唱歌 全程 四分钟 通俗 星星 从贝 第四 贝九 从小 无聊 输出 永远 心态 听到 古典 基本 这种 不了 爆棚 不会 已经,0
器材 还好 咸鱼 从来不 换下来 磨改,1
失真 耳机 耳朵 所谓 级别 不是 测试 比较 软件 很多 不会 音乐 提升 需要 使用 机器 国产 现在 不能 敏感 类似 高频 两个 适合 解码器 低频 高级 开心 硬件 楼主 实践 不好 证明 加工 差不多 德国 镀银 频段 功放 播放器 制作 记得 高素质 台式 重点 过于 不必 行业 均衡器 凸起 雅马哈 代替 软硬件 一味 人类 十几 技巧 物美价廉 紧张 零点 测试数据 研判 高峰 低谷 零一 削去 长期实践 做进 依靠 未完待续 案例 效能 重大,-1
是否 听力 楼主 受损 耳鸣,-1
声音 可能 问题 是否 好听 底噪 风格 严重 价格 描述 那台 确定 方面 精彩 会有 每台 值多 染色 高文 毒文 接近,1
加钱,0
奇奇怪怪 偏激 斟酌 好好 下来 货色 调整 总线 一路 不换 就要 重要 所有 后面 感觉 关系 电源 系统 器材,1
没有 玩意,-1
严肃 觉得,0
中档 音符 石机 顶级 流畅 特点 体验 立体感 只能 胆机 明显 乐器 空间 空气 声场 感是 比较 之间,1
解析 乐感 好像 统一,1
好看 耳机 太贵,-1
脑瘫 强行 认为 天下第一 头上 确实 喜好 东西 别人,1
奇味 一股,0
凌厉 放出 响应 中正 震撼 推荐 相比之下 低频 更好 非常 感觉 刚好 补充 比较 声音,1
高端 耳机 低端 现在 确实 好像 当时 巨大 带来 好处 白菜 人类 奥地利 科技进步,-1
技巧 姿势 有用 使用,0
插板 先接个 宿舍 试试 一定,1
标准版,0
已经 系统 解码 放到 现在 推好 真正 草医 高文 折腾 湖人 沐声 三年 两套 惊雷 好几年 北极星 到头 玉龙 多套 活活 再到 改玩大,-1
玩不起 降级 消费,-1
消失 个体 概率 官网 耳罩 声场,0
有料 好文,1
不知 这货 太阳神,1
声音 不错 区别 电源线 系统 预算 其实 算了 高频 最后 高级 大部分 相比 没错 几百元 状态 机线 才能 泛音 拧紧 打湿 毛巾 凝聚 层次感 听久 换回 盯紧 台系 买准,1
缺胆味 太差 胆结石 动态 不会,-1
文学 真棒,0
不错 铁三角 低频 调音 评价 才能 中正 说出 刚收 铁粉 一上 感叹 多差,-1
比较满意 这才 微调 想要 换线 必要 本身,0
觉得 应该 性价比 不差 电位器 认为 加价 这点 更高 买得起,-1
区别 解码器 部分 电脑 设计 干扰 瞎折腾 受到 差会,-1
真不错,1
区别 很大 听不出 耳放 平衡 单端 就算,-1
有没有 转盘 数播 还行 同问 顶帖 犹豫 必要性,1
不错 耳机 没有 试听 有点 听感 确实 对比 差距 价位 手里 惊喜 中规中矩 失望 没发,-1
鉴定 好像 现在 支持,1
网线 派用 牌子 树莓,0
专用 老婆,0
淘宝 感兴趣 有没有,0
帮顶,1
赔钱 百块 满意 不贵 咸鱼 试试 耳放 性价比 推开 非常 完全 觉得,0
声音 真是 了解 用过 一言难尽,-1
耳机 要求 音乐 好听 绝对 考虑 这种 的确 素质 基本 第一 编制 交响 音色 追求 安心 满足 欣赏 不足 差点 驱动 控制力 中小 今后 因素,-1
多种类型 爽机 舒适性 好得多 声是 不在话下 兼容 音质 低频 更好 监听 音乐 没有 问题 不是 佩戴,1
享声 好像 平板 用来 适合 耳机,1
适用 复杂 普通 消费者,1
楼上 谢谢,0
上来 高音质 等于 码率 转成 模糊 录像带 影片 图像,-1
好听 不用,1
前级 貌似 还行 强项 没用过,-1
不够看 稍微 调音 素质 有点 不错,1
耳机 比较 声场 使用 非常 一种 听感 效果 音量 组合 同样 打开 功率 音箱 控制 每个 差不多 立体感 正好 输出 功放 电流 适配器 一组 声道 直观 两套 只用 小于 通道 刻度 遥控器 之强,-1
换墙 折腾 必要 不能 基本上 没有,-1
旷世 苹果 系列 非常 真的 东西,0
往回 规整 大声 是从 喜欢 慢慢 现在 声场,1
比前 几年 二手 很多,0
精灵 有意 一对 信号线,0
推荐 价位 小不点,0
真的 好文,1
双面胶 固定 头梁 耳机,0
解码 挺不错 出台 老何,1
耳机 耳朵 搭配 很多 系统 直接 提升 需要 个人 好听 不够 解析 高频 本身 低频 调音 风格 通透 差不多 前端 齿音 缺点 人用 棉被 重心 偏上 来接 毛刺 阴间 言论 由此而来 相反 要压 偏下 推才 提高 亮度 偏暗 鲜活 偏素,-1
东西 楼主 出差,-1
过原 小乌 投一票 耳罩,0
假货 假话,-1
没有 玩意,-1
不用 小时 两个 关机 每天 休息 开关机 每周,1
力士 以下 万元 国货 不行 起步,0
颈椎病 多年 治好,1
大小,-1
声音 关键 当然 好不好 长时间 适合 听感 追求 脖子 动圈 粗糙 做工 太重 聆听 这俩,-1
听久 有点累 差点 表现 意思 味道 人声 感觉 比较,-1
其实 国货 发现 实际上 当年 刻意 仔细 李宁 安踏 鸿星 尔克 耐克 勾子 注册 擦边球,-1
好奇 楼主 告诉 最终 一声,1
回复 标题,-1
区别 里面 问题 基本上 前级 以前 机器 好听 非常 理论 音源 情况 推动 八爪 功放 折腾 专业 后级 到位 反而 大力 奇迹 合拍 民用 用用 世通 未为不可,-1
不错 应该 搭配 不知 有点 起来 真的 感觉 人声 确实 更是 弦乐 墨菊 钢琴 尴尬 管乐 惨淡 寻思,1
休息 干什么 想要 长时间 耳朵,0
阻尼 反而 惊喜 原线 耳罩 已经 不错,1
最好 拜亚 不好 动力 难听,-1
增大 量感 亮度 提高 低频 高频,0
鼓捣 奇怪 换线 搞定 关键 很多 器材 没法 觉得,0
顶上来 版主 以为 贴子,1
哪句 题眼 猜猜 这段话 大家 楼主,0
失真 噪声 主要 阻抗 频响 后者 变差 大前 变小,-1
不用 小时 两个 关机 每天 休息 开关机 每周,1
天边 恨不得 金色 大厅 一次 不想 永远 音箱,0
失真 平面 曲线 宙斯 看金 比坛 热议,-1
欧姆 啥意思 音质 到底 影响,0
形容词 口中 输出功率 推力 关系 没有 几乎 发烧友,0
语音 弹得 上个世纪 真人 演奏 雅马哈 钢琴 说话 早期 差别 日本 好比 难听 机器 出来,-1
打得 宝碟 解码,0
耳机 开放式 好奇 限制 法律,1
一架,0
兼顾 大乌 感觉 预算 比较,0
声音 不错 现在 非常 动圈 退烧 典型,-1
低音炮 多大,0
试听,1
扁平 未必 音染 歌德 价格 喜欢 听感 关系 个人 高低,-1
不错 一代 选择 谷津 高登,1
太大 方便,-1
找个 摩擦 生电 电才 酒店,1
搞不好 欧洲 移民,-1
声音 耳机 很爽 低音 横向 高音 以下 设置 越来越 滤波 增益 双修 用口 偏薄亮 口气,-1
不错 应该 试听 有点 可惜 平面 兴趣 铝带 介绍 看金 无缘,1
博士 感比 两头 最大 舒服 中频 氛围 单元 低频 效果 味道 人声 声场 问题 做到,1
破万 不敢 耳放 解码,0
耳放口 台机 超过 万元 水平 随便 真的 达到,0
零头 运动 小众 商品 大众 整个 市场,0
这篇 文章 价格 性价比 现在 不错,1
耳机 潜力 电磁炉 差得远,-1
燃烧 钱包,0
总司令 过耳放 没听 本质 甲类 功放,0
肯定 意义 直接 二手,0
声音 知道 不错 比较 提升 感觉 本来 两个 素质 新版 差距 依旧 灵敏度 棉被 现代 老版 大幅 多大 基音 前辈,-1
耳收 能耳收 不能 参数,0
电源线 他家 中端,1
應該 從金屬 勾個 銅線 窗框,1
是因为 吊打 关系 目前 空间 可能,1
比较 支持 需要 似乎 硬件 美妙,1
感觉 很差,-1
产个 优选 据说 单元 总是 毕竟 觉得 知道,0
电源线 好听 界面 耳放 发现 折腾 电位器 突然 内线 同轴线 线墙 差换,-1
正常,0
区别 问题 有效 系统 没有 解决 明显 本身 听不出 效果 有人 没什么 视频 噪音 玩意儿 发过 退掉,-1
到底,1
网吧 够买 一对 耳机,0
加后,0
穷字 虚伪 自称 真正 不是 知道,0
枪手 楼主 价格 测试,0
支持 不错,1
没法 比较 胆机 算是 内部,1
负责人 愿意 对比 流行 其实,0
设备,0
蓝宝石 反正 觉得,0
丢件 病毒 安全 不必 担心 以为 考虑 完全,1
恰好 莱曼 老虎,1
未知,1
来准 说好 不好 没错 档次 一定,-1
脸糊 人声,0
真牛 国人,1
润化 颤音 喉咙 歌手,0
火药味 闻到,0
邪道 公主 奥丁 银彩 推荐 试一试 价位,0
二手 别人,0
耳放接 矩声 展会 看到 后面,0
不错 佩戴 一定 方便 升级 有点 感觉 非常 效果 开放式 封闭 原线 意思 隔音 麻烦 半天 差点 折腾 一流 里算,-1
会留 扔掉 听个 以后 肯定 更好 可能,-1
感偏 松弛 换线 能量 原线 容易 不够,0
检测 差别 一段 不同 传输 仪器 其实 看看 知道 数据,-1
不是 必要 交换机 网播,-1
广州 现在,0
不到 大乌 好像,1
顶多,1
优秀 港台 爵士 唱片 录音 主要 不太好 不好 流行歌曲 古典 质量 人声 问题,-1
不用 搭配 几个 二手 升级 解码 考虑 最好 以上 推力 一代 界面 耳放 试试 平衡 不好 折腾 伺候 不想 同价位 享声 配合 谷津 天鹰座 不上 香榭丽舍 不大行 可看 那俩 挺菜,-1
看来 浪费 没有 有点 这种 秒杀 是不是 一点 放大 平衡 单端 电路 两套 卡农 只用 双是 双推 接法 推牛 四套,1
一顶 知名 烧友,1
占优 毫无疑问 码率 光纤 音质 音源 选择 两个 以上 支持 区别,1
明确 电源线 级别 产品 需要 投入 效果 买不起 一笔 帮顶 用家 文章 手里 音响 原因 太贵 最终 一篇 一根 发表 两款 后者 净化 高保真 杂志 大鼠 留在,-1
早日康复 北京 身体健康 楼主 烧友 支持,1
要动 升个级 耳放先 不先 现在 解码 不至于 电源 预算 器材,0
代表 性价比 完全,1
中肯 评价 比较,0
打败 拖到 他会 辩论 再用 试图 智商 经验 永远 丰富 水平 不要,0
以前 差点,-1
没关系 普及型 阅历 日系 不信 咸菜 才能 日本 入耳 心里 第一 声音,-1
希望 起来 承认 耳放 重量 大小 环牛 缩水 拆开 看过 看重 我斤 重些 土鳖,1
有底 较大 天生 采用 甲类 设计 放大 底噪 这种 机器 可能,0
支持 试听 凡是 真金不怕火炼,1
声音 官方 没有 解码 推力 调音 肯定 至少 文件 太子 一致性,1
适合 退烧 总结 饱满 到位 阶段性 花哨,-1
唠叨 二房 回家 广州 过年 不好 有空 支持 很多 一下 玩玩 耳机,-1
欧亚 成色 原装 电源线 不错,1
电源线 不是 解析 包围 听过 蓝色 一起 那条 假洋,-1
知道 价位 差不多,-1
真的,0
不用 小时 两个 关机 每天 休息 开关机 每周,1
玩坏 楼主 已经,0
海熊 大号 需要 耳机,0
开心,1
没有 几个 不会 东西 差评 对付 换来 楼主 淘宝 卖家 几十元,-1
直接 家里 纠结 时代 咸鱼 电影 索尼 电音 超值 一两千 有矿,1
多收 好家伙 倒个,1
不知 东西,1
觉得 耳机 不是 好听 相当 调音 自然 大耳 板块 主玩大耳,1
来到 好奇 价格 直接 不会,1
自信 老老实实 前端,0
无损 张学友 差不多 有损 玩意儿,-1
模糊 模式,-1
对外 芯片 是不是 界面 敏感 这种 数字 设备,0
切掉 卖掉 新版 调音 看来,-1
如图 方波,0
个人 就行了 推荐 退烧 再换,-1
感觉 最近 本来 帮顶 经历 折腾 再收 收才行,-1
喜欢 似乎 楼主 发现,1
单看 孰弱 孰强 比强 颜值 感兴趣 比较 知道,1
各有所长 一起 条件,0
心疼 各取所需 叫板 看好 分项 敢于 停产 飞利浦 未来 暴力 主要 舒适 通透 跳水 低频 到底 起来 之前 来说 不要 出现 希望 佩戴 耳机 不错 便宜,-1
看上去 挺假,-1
甜口 蜜汁 喜欢,1
规整 高阻 说法 容易 玩过 道理 确实 更好 目前 来说 声场 一定 耳机 声音,1
高歌 盒式磁带 无论如何 温暖 录音 刺耳 总结 金属 环境 普通 不好 敏感 可能 要求,-1
第二支 千块 一战 价格 二手 不到,0
静电 平板 没有,0
不错,1
听音 值得 风格 档次 肯定 不同 同一 折腾 就算 换线 换管 玩法 乐趣 总司令 心路历程,-1
哪位 眼神 兄台 型号 看看,1
不错 没有 耳放 可惜 功放 之后 谷津 纯耳放,1
可能 来说 目前 机器 值钱,1
现在 这种 接地 插座 集成 滤波器 好多,1
样子 很火 好像 最近,1
平衡,0
画眉 相比,0
年轻 坛子 老烧 箱子 便携 很多 比较,0
评分 留下 两个,0
好了吗 高档 数模转换 流口水 搞个 大部分 耳放 机器 解码 直接 应该,1
以后 意义,0
擅长 确实 不是,0
入得 哪家 半死不活 私信 能否 手持 楼主,0
一千 接头 老化 不会,0
还算值 太贵 价格 全新 类似 二手 左右,-1
可能 比较 上面 拿到 确实 刺激 暖厚 索尼 有意 变成 官配 放松 轰头,-1
三宝 持有 差距,-1
买不起 太贵 一档 展机,-1
耳机 不是 功率 退烧 买套,-1
比较 声场 感觉 解析 两个 素质 推荐 长处 各有 比好 交响乐 高速度,1
不错 现在 选择 上来 便携 大耳 功率,1
心中 优秀 换线 恭喜 值得 烧友 很多 耳机,1
挺大 方式 好些 参考 表现 特色 相对 木碗 确实 低频 耳罩 声场 几个 很多 区别,1
二嫂 便宜,1
笨重 台机 口水 的确 不用,0
发展趋势 网播,0
房子,0
必要 直接,-1
工作人员 大幅提高 展时 东方宾馆 电影院 带到 水晶 画质 高档 广告 量子 大幅 我刚 广州 淘宝网 音响 音效 改变 变化 立体感 电影 拳拳 结像 还好 上次 现在 不是 出来 不到 觉得,1
声音 知道 不错 实际,1
黄金时代 走俏 铜环 顶楼 据说 用心 国内 日本 追求 楼主 了解 应该 有没有 知道,1
左右 不到 原装 改变 频响 曲线 山寨 原厂 一毛 版会,-1
现在 耳机 便宜,0
喜欢 耳机,1
执念 多么 这是 才能 东西 出来,0
觉得 耳朵 音乐 声场 低端 解析 比起 平板 编制 音色 差距 不太多 主要 顺滑 男人家 不小 加成 柔美 巴洛克 细听,-1
没有 影响 意义 值得 效果 价位 一点 一体机 机线 分体 差一点 配个 配好 推倒重来,-1
会员 省钱 立刻,-1
意思 平衡 单端 差点,-1
断联 反向 供电 解码器 能力 解码 直接 经常 手机,0
标记 分享 慢慢 感谢 学习 一下,0
神器,0
极致,0
不断 带来 惊喜 潜力,1
套装 体积 重要 控制 水平 很多 达到 毕竟 不错,1
超鼠 试试 耳放,0
动手 能力,1
鸡肋 不低 代价 折腾 出好声,-1
不好 中频,-1
手工 阻值 规范 严格 屏蔽 匹配 线有 数字 建议,1
人权 评论 用户 真的 耳机,0
心路历程 总司令 乐趣 玩法 换管 换线 就算 折腾 同一 不同 肯定 档次 风格 值得 听音,-1
说起 设备 空气 声场 扩大 定义 元素 音乐 细化 概念 难以捉摸 感是 安定 应该 觉得,0
二代 好像 极致 不好 不去 女朋友 全年 前十名 年级 倒数 一个排,-1
心理学 音乐,0
不错 觉得 解码 目前 好听 感觉 一代 喜欢 耳放 平衡 耳放用 端口 连接 用单,1
声音 一下 没有 买过 有点 这种 拜亚 正常 基本 难听 电阻 内部 发现 没事 接头 百度 接触 库存 腐蚀 锈蚀,-1
声音 应该 一定 一下 可能 很多 不明 插排 机器 关系 最好 国标 以上 正常 基本 后来 情况 以为 电压 引起 折腾 突然 旷世 尝试 原因 滤波 几天 共振 劣化 新买 跟上 接插 公牛 开盖 牛叫 听不见 各人 细线 仅供参考 换线线 越细 越小 有盖 无盖,-1
看寸屏 头等舱 看寸 电器店 忍受 电视 分钟 飞机 只能 小时,0
觉得 耳朵 玩玩 入门 没有 声场 提升 真的 好听 现在 感觉 最近 解析 素质 确实 流行 价格 推不开 价位 声底 没错 至少 完成度 平头 最大 简直 最高 直白 遗憾 南方 玛利亚 披头士 玛莎 很蒙 交吧 守门人 弱水 老贼 流通 得意之作 徒有 纵玩 收来 线拉下 蒙蒙 回南天,1
同意 楼主 听感,0
满意 手持 非常 表示,0
数据 线材 测试 估计 以上 音频 材质 弄个 标示 不符 打假 九成,-1
呵呵 不好 终究 无须 执著,-1
觉得 可能 敏感 高频 低频 楼主 不耐 听惯 高耸 薄亮,-1
选上 多谢 设置 搞定 发现 音频 一下,0
便宜 有没有 试听 只能 试试 大碗 线电 无奈,-1
只能 支持,1
乌托邦 上耳放 应该,0
认证 规范 加油 意思 有点 事情,1
时间 几个 需要 下去 反正 现在 小时 第一 暂时 平衡 折腾 原厂 安静,-1
声力 宙斯,0
正常 素质 台机,-1
觉得 来说 真的 意义 不好 一体机 意见,-1
那根 贵在 线上 平衡 更好 可能,1
煲机 楼主 差距,-1
比较 升级 直接 加个,1
国货 帮顶,1
呵呵 不好 终究 无须 执著,-1
确实 耳机,1
声音 有点 反正 现在 好像 旗舰 稍微 专业 性格 方向 大多 妥协 我选 会变 后者 听久 原则 随和 圆融 做作 假正经,-1
非常 高仿,-1
一步到位 楼主,0
广好 适应 性价比 现在 爆棚,1
原理 学习 建议,0
失真 测试 试听 起来 自然 弦乐 脑放 一看 关闭 全都 群一,-1
顺眼 不错,1
觉得 不知 不是 版本 支持 只能 明白 是不是 似乎 后来 有人 普通 输出 驱动 一阵 今天 限制 一把 最高 着实 瞬间 哥们 激动 额前 得知 回事儿,1
年底 大家 有钱,0
设备 很大 差别 台式,-1
区别 感觉 配置 差不多 同轴 三宝,-1
回复 标题,-1
耳机 出来 一下 问题 不会 出现 其实 当然 类似 拜亚 质量 价格 音质 很少 算下来 原来 至少 主要 人会 差不多 想象 差别 成正比 多买个 差太远 方向不同 大改,-1
糊轰头 扁平 推听 还行 女声 结像 价格 不行 低频 现在 已经 声音,-1
直接 必要,-1
升级版 听听 不错,1
失真 到底 进行,-1
塑料布 问题 应该,1
尖锐 非官方 换上 一点 耳罩 感觉 国产 时间 声音,1
平衡感 优秀 细腻 流行音乐 程度 体验 表现 音箱 追求 三频 整体 相对 对比 听听 喜欢 随便 解析 音场 那种 当然 真的 系统 已经 不到 层次 耳机 觉得 不错 声音,1
方便 有钱 折腾 静电 愿意,-1
声音 便宜 知道 存在 应该 产品 比较 很多 没有 符合 本身 基本 质量 部分 均衡 一部分 工艺 实力 价值 用料 基本常识 一万 统一 硬指标 偏科 原因 品牌 一分货 这部分 擅长 必定 附加 分钱 比较复杂 衡量标准 千干过 好料 某一方面,1
配合 非常 提升 版本 比较,0
味挺足 视听 安逸 模拟,0
搭配 不是 好声 随便 木碗 平衡 日系 最佳 德奥 之流 不易,1
八条 蛋蛋 屁叉 甩开 年代 过气 随身 差钱 定制 遍地 土豪 一堆 参考 旗舰 有人 随便 买个 二手 耳机 声音,-1
之间 动态 非常 验证 发现 采样 突然 不难 数码味 创造 变换 方波 这时候,1
觉得 耳机 级别 没有 声场 完全 刚好 推好 三个 档次 听过 大于 耳塞 当时 那会 后来 肯定 来看 老烧 最初 南京 变化 结论 一圈 没差 之分 大学 入大耳坑 瞬态 专业术语 上中下 分段,-1
便宜 不是 接受 那种 素质 调音 大家 差点 还行 缺点 出厂,-1
于加 幅度 列表 带来 相对 提升 系统 器材,0
医发过 看草 这套 好像,1
直白 过于 恐怕 设计 天龙 腔体 调音 简单,0
根本无法 戛然而止 幅度 循序渐进 多大 看出 在意 频响 毛钱 能量 频段 极端 必要 两个 到底 好不好 关系 完全 数字 没有 不是 知道 范围 参数,-1
外观 喜欢 个人,1
声音 比较 感觉 人声 不够 乐器 高频 中频 似乎 部分 换来 通透 带来 气势 掩盖 细腻 清瘦 清新 比要 过厚 浑厚 感而 亮丽 震撼力,-1
便宜 不错 耳机 佩戴 希望 出现 不要 来说 之前 起来 到底 低频 跳水 通透 舒适 主要 暴力 未来 飞利浦 停产 敢于 分项 看好 叫板 各取所需 心疼,-1
这钟 楼主 牌子,0
真的 人声 适合 摇滚 适应性 试过 电磁炉 种类 加州 吉他 记忆 女声独唱 最深 听首 旅店 满脑子 被忽略了,-1
变换 降价 太大 风格,0
参考 必要 现在 有没有,0
电感 屏极 不用,0
比不上 好多 旗舰 氛围 音乐 耳机,1
实再 连值 甚者 看不出 曲线 更加 更好 没有 里面 一下,1
端头 插单 多用途 芯是 中间 两个 应该,0
振膜 容易 是不是 那种 比较,0
认为 全面 推荐 个人,0
不是 做好 不要 数字 线有 阻抗 路子 标准 堆料 屏蔽 买条 碰线 基都 严格,1
衰样 配原线 混乱 嘶吼 竭力 主唱 快速 鼓点 吉他 常有 重金属 密集 达标 大量 不堪 场面 整个 场景 极致 安定 系统 耳机 失真,-1
不是 听感 平衡 单端 经验 最终 口比 太多太多 更是如此,1
毕竟 声场 完全 素质 编制 通透 属于 差些 搞好 为准 持平 以大,-1
耳朵 当然 不好 不少 总会 没煲 听多煲,-1
建议 设备 升级 解码 听音 条件 一步 重要 舒适 操作 环境 急于 多谢 决定 现有 搭建 像样 不必,-1
其实 退烧 不信 快能 刚刚开始,-1
必要 价格 推动 很难,-1
声音 不知 估计 高频 拜亚 低频 难听 整个 加上 频响 祖传 凸起来 凹下去,-1
直白 过于 楼主 请教 铁三角 不会 声音,0
示敬 顶贴 用心良苦 楼主,1
暴露 第项 投了 绝对 不会 回复,0
声音 一条 非常 监听 拜亚 氛围 接近 个体差异 相近 直线 电话线 更淡 感稍 些许,-1
不减 但艳味 妖味 不见 比好 终结者 感觉 不错,1
很多 不会 没有 解码 我用 明显 音源 质量 耳放 手上 一台 差距 相比 电脑 还原 数播 输出 轻微 索尼 电磁炉 三万 低噪,-1
耳机 目前 穷人 轻量级 烦恼,-1
安桥 一体机 原来 不好 耳放 感觉 解码 提升 耳机 看来,-1
为啥 不能,0
失真 平面 曲线 宙斯 看金 比坛 热议,-1
价值,1
不是 可能 问题 没有 解决 下去 不能 老化 芯片 不好 短路 创新 识别 按钮 出错 触点 开关 停止 硬盘机 串键 一曲 线控,-1
意思 平衡 单端 差点,-1
退烧 烧好 烧死,-1
发现 地方 试听 东西 没有,0
声音 不错 耳机 搭配 不是 没有 解码 起来 机器 厂家 确实 耳放 组合 愉悦 有个 他家 相比 歌德 后悔 通透 型号 以为 有意思 玩意 电池 限量版 纯净 广州 看清 展上 真棒 听来听去 我私 挑放 上述,1
进去 大于 差异 实际 电处 未必 白天 生理,-1
不错 看看 推力 电脑 声卡 穷邦,1
拿出 完收 空载 收起 完后 先开 重新 关闭 下次 每次 保持 习惯 放大器 长时间 不要 建议 耳机,1
查询 正经 方式 这种 感觉 不会 产品,0
不错 觉得 区别 不是 已经 几乎 没用 使用 很大 其实 离开 耳罩 大法 基本 合适 七八年 用料 概率 找到 十年 寿命 很难 皮筋 大小 天天 弹性 下来 缩水 后者 就断 太软 弹簧 两三年 野蛮 太过 看似 有劲 出厂日期 没松 保管,-1
第一首 破音 好多 感觉,1
发言权 觉悟 太差 老骚 赶紧 无所谓 等到 继续 一套 韭菜 反正 升级 百万 设备 没用 有钱 系统 有没有,-1
花钱买 做广告 广告 一点 关系 东西 没有 别人,0
休息 戴久 一会 长时间 本来 建议 耳机,0
选它 疑问 产生 这耳放 售价 展会 实际 后来 价位 看到 听过 之前 直接 二手 不会 论坛,0
搭配 低音 周边 静电 搞好,1
真的 喜欢 封闭式,-1
觉得 比较 没有 界面 确实 机强,1
毛线 纠结 预算,0
不错,1
我用 不错,1
同轴 友好 不用,1
小橘,0
平级 对比 没有 耳机,0
不好 还行 一个顶,-1
不了 不至于 原线,-1
区别 电源线 呵呵 不能 楼主 听得出,-1
隔离 牛不香 难看,-1
楼主 高级,1
瞎折腾 网桥 真想 播放器 提高 数播 音质 音乐,-1
设备 这套 安心 即可 恭喜 退烧 笔记本,-1
人声 喜欢 流行 没错 暖声,1
方案 时钟,0
走弯路 不想 能力 最贵 范围,0
以前 确实 退回,-1
平衡 舒服 耳放,1
下面 外星人 绿坛 每个 熟悉 这种 帖子 存在,0
声音 耳机 区别 反正 极其 相当 垃圾 听不出来 笔记本 天花板 到头,-1
转四芯 线要 卡农 原厂 转接 上台 平衡 柔和 刺激 耳罩 直接 没用,-1
明白 西装 心里 原因 不用说,1
喜人 价格,0
乱麻 理清 万用表 一把 佩服 居然 没有,0
耳机 比较 本身 素质 单元 说白了 肯定 设计 材料 口味 用处 障板 音孔 透气 设计阶段,1
换管,0
原味 仔细听 倍频 多次 格式 主板 粗糙 电影 来看 喜欢 音源 听歌 设备 比较,-1
最毒 其实 线材,1
重量 人戴克 舒适 人克 受不了,1
竹子 喜欢,1
楼主 顶顶 用心 真实 细写 比枪 文毒文,1
二奶 确切 尽快 次次 忙乱 没个 没得 过去 打电话 几天 开工 主要 心里 没有 理解 时间 比较,0
发回 没响 保护 小心 回来 美国,0
声音 耳机 器材 不知 帖子 可能 没有 声场 铁三角 完全 机器 其实 现在 感觉 这种 非常 明显 听感 自然 不行 横向 组合 水准 讨论 远远 大于 平衡 力度 很少 关注 综合 没什么 金属 退烧 端的 单端 推低 驱动 正确 分享 当年 认为 纵向 更加 坛子 差一点 低估 绝配 特性 传播 也许 拉长 阻塞 毕业 推欧 规整 推是 仍然 结项 远古 极好 子有 噪且 发糊 钢丝 马马虎虎 蛋鸡 小圈子 急功近利 压扁 凸显,-1
声音 明显 单元 外观 平庸 做工 太贵 这货 飞利浦 大家伙 精细 双动 时髦 分量 欧版,-1
产品 一件 不会 后面 喜欢 买不起 品位 习惯 只会 保持 继续 男人 没钱 找到 包括 是因为 差一点 女朋友 花钱 女人 多半 多多 穿衣服 原本 化妆 打扮 衣服 用手 戒掉 移情别恋 发现自己 变丑 阻止不了,-1
不错 觉得 区别 不是 已经 几乎 没用 使用 很大 其实 离开 耳罩 大法 基本 合适 七八年 用料 概率 找到 十年 寿命 很难 皮筋 大小 天天 弹性 下来 缩水 后者 就断 太软 弹簧 两三年 野蛮 太过 看似 有劲 出厂日期 没松 保管,-1
竞争 下来 余地 平面 原来 试试 价位 对比 一定 耳机,1
楼上,0
价值 总结 烧友 详细 入门,1
设备 安心 恭喜 退烧 这套,-1
不错 一下 喜欢 第一 听过 印象 差不多 反应 先看 发帖 日期 年前 续航,-1
系统对 滤波 笔记本 当初 电脑 是从 音质 确实 其实 很大 影响 电源 系统,0
落地 真不错 变成 书架 才能 老实 效果 很多 达到 声音,1
必要 拥有 木盒 初版 入版,-1
落后 选泰 瑞尔 中间 操作 两个 现在 看来,1
表现 声场,0
小区 判定 各听 夜里 用电 白天 质量 基本 一下,0
发烧 折腾 抽烟 戒烟,-1
比较 隔音 折腾 一根 好代 线省,-1
以前 差点,-1
更少 高阻 推力 不能 手机,0
损失 滤波 作用 正面 排插 肯定 副作用 只能 效果 有限 很大 声场 动态 声音,0
心情舒畅 健康 快乐 烧友,0
器材 一件 发烧 非常 路上 重要 刘听风,1
没法 一定 补充 关键 真的 当然 非常 低频 质感 音色 森海 带劲 咚咚,-1
万用表 两根 手上 知道,0
歌德,-1
合适 二代,1
有模有样 推动 恶声 推不出 流行 适合 已经,0
窑洞 楼主,0
往上 一档 蹲个 二手,0
地雷 断线 早批 询个 维修 礼品 优惠 国行 经历 价格 考虑 不要 二手 比较,0
商业行为 利于 物以稀为贵 共通性 作祟 忙碌 多样性 技术水平 厨师 餐饮 怀旧 炒作 怀念 朋友 心理 世界 因素 口味 原材料 排除 硬件 听到 提到 选择 味道 上面 现在 当然 以前 来说 经常 很多 里面 耳机,0
基本 讨论 文章 确定 毒文 问问 舒尔 奥利 几篇,-1
看来 觉得 做到 不是 可能 时间 很多 没有 元素 感受 好听 听歌 不得不 流行 刺激 文化 过后 市场 足够 日本 不耐 导致 完整 显得 反而 老歌 歌曲 迎合 好多 切歌 表达 编曲 嘈杂 不怎么样 华语 快餐 流行乐 旋律 年轻人 新歌 听觉 强调 主次 起伏 一味 三十秒 开头 就让 如今 日语 顺耳,-1
惊雷 功放,0
声音 知道 不错 版本 很多 建议 方便 别人 解码 机器 好听 考虑 后面 相当 全新 普通 满意 闲鱼 代理 到手 处理 唱片 英国 蓝牙 上个月 晚上 块钱 卖家 没用过 成溪 上入 总部 货该 老骚 黑胶 我入 晶振般 李工 之宝 灯光 很漂亮 师旷 红心,-1
不拨 下来 讲究 换个 基本 耳机,0
古典 不行 流行 调音,0
失真 音量 变化 调小,-1
换线 缺乏 原线 纵深 人声 问题 不错,1
声音 已经 之前 有点 解码 考虑 感觉 眼睛 两个 耳放 听过 价格 充电 双十 两件套 千元 喜出望外 系列 闭着 咨询 行家 诱骗 方案 差不多 等到 试试看 小贵 酱油 贵过 先放 一放 下次,-1
不错 高端 产品 可能 没有 解码 目前 感觉 选择 评价 价位 格雷 很少 旗舰 后续 这款 世纪 这是 太多 更加 水产品 还会出,1
保有量 讨论,0
漂亮 机器,1
解析度 横纵 前段 够用 不少 声场,0
声音 不错 不用 显示 已经 建议 没有 时钟 升级 解码 前级 现在 感觉 不能 能力 有限 本来 转盘 对不起 界面 只能 不行 价格 好像 厉害 大佬 超级 相比 追求 电脑 普通 方案 貌似 输出 网播 最终 简直 力所能及 锁定 件套 省心 外加 网口 维瓦尔第 奈何 维米尔 令寻,1
帮顶 支持 国货,1
听大 平时 编制,0
巨佬 可能,0
级别 器材 退烧 心态 没关系 从来,-1
入门 其实 差不多,-1
觉得 已经 声场 解析 试试 复杂,1
耳机 比较 放在 路子 天差地别 一起 這兩個,-1
玩玩 产品 入门级 浪费 就别 不到 级别 应该 起步 发烧友 所谓 一般来说 耳朵,0
独立 潜力 伺候 万元 耳放 长时间 很大 有点 没有 不是 浪费,0
箱子 蓝牙 听个 出差,-1
买红 两个 现在,1
新品 厉害,1
太低 性价比 几年 太贵 智商 一万多 五千块 买时 交了,-1
更新,0
大发 变孝性 男粉 母性 女粉 泛滥 总结 有人 容易 看到 之前,1
东西 二手 所有 折腾 前面,-1
声场 来说 大法 拜亚 确实 好像 印象 森海 大耳 价位 震撼 就要 差不多 电影 下载 记得 飞利浦 影音 临场感 十足 坐在 电脑前 同等 那么回事 蓝光 气氛 当之无愧 最爽 加勒比海 盗刚 一场 海盗船 配乐 大浪 紧张,-1
批发 回来 晶彩,0
系统 恭喜 完成,1
耳机 直接 关系 好不好 质量 平板 数量 磁铁 双面 单面 强力 用弱 隐形 非对称,-1
水口 眼神 一根 配比 阻抗 接口 主要 不好,-1
很多 推力 平衡 上去,1
声音 耳机 细节 感觉 人声 更好 对比 突出 更强 立体性 来些 刻画 轻重缓急,-1
不错 耳机 毕竟 手机 版本 方便 来说 接受 个人 使用 目前 第一次 感觉 高频 听感 低频 合适 中频 封闭式 重量 三频 均衡 总体 极致 隔音 实际 代表 干扰 差点 活动 降噪 做工 连接 蓝牙 颜值 下来 主动 模块 挑剔 出街 儿子 送给 不妥 两千多 延展 薄点 哪些地方 请勿 见怪 自说 直连出 尚可 价拿 方便性 掉频 商务 略缺 耐用度,-1
真面目 终于 见到,0
电气 内置 供电 内部 自带 界面 解码器 隔离 请问 知道,0
东西,1
时间 这种 最好 不好 成色 淘宝 下手 砍价,-1
多倍 全套 新旗舰 是从 大耳 提到 性价比 投入 本来 大概 提升 升级 级别,0
屁股 撑死 推出 水平 不到 应该,0
基本上 金星 富佬来 没差 会不耐,-1
说得好,1
悲凉 撒要 结局 一首 悲剧 不算 游戏 搞不懂 其实,1
更好 推欧,1
非常感谢 找到 很久没 想求 链接 材质 楼主,0
说不过去 标价 无源 外面 耳放配 最大 偏音 换个 电位器 拆机 看到 音量 好像 真的 前级 有点 加个,1
耳机 不到 可能 我用 感觉 不够 明显 效果 差异 森海 普通 发挥 游戏 技术 多人 作用 虚拟 多声道 声辩 显著 单机 联机,-1
预期 湖人 价格 可惜 有点,0
麻烦 可否 版主,-1
颤音 男低音 点到为止 低频 人声 不到,0
强人 最高 性价比,1
失真 现在 三代 看到 瀑布 测量 好奇,-1
棉官 头梁 耳罩 不要,0
已经 乐器 质感 看到 好奇 好几个 一般般,-1
二手 老胡,1
未知,1
一代 折腾 惊喜 有线 有小耳放,-1
寄过来 台湾 包邮,0
细致 声响 首歌 相同 发出 能够 细微 做工 相似 试试看 不同 均衡 重量 听到 平板 底噪 大法 音乐 建议 不到 耳机,0
新机 力士 石机 顶级 好像 几个,1
年头,0
爱好者 厉害 确实 很多 里面,1
最贵 最好 素质 肯定,1
多人 楼上,0
耳机 很多 烧友 素质 耳放 官放 香格里拉 静电 品牌 很差 单买,-1
低于 就算 档次 感觉 产品,0
电子 金属 低频 应该 觉得,-1
歇菜 几套 祖传 推推 旷世 灵敏度 一体机 普通 大师 部分 低阻 耳放 性价比 特别 好听 解码 比较 耳机 不错,-1
很小 优化 专机 这根 有用 输出 干扰 普通 光纤 听过 本身 很大 提升 已经 可能,-1
假货 生产 一看 包邮解 君愁 罗马尼亚,-1
声音 建议 直接 更好 大佬 需求 有人 头子 更大 功放 隔壁 说法 接线柱 接触 面积 拧紧 之后 更稳 裸线 连接 反映,1
控制电路 坏屏 尽早 没过 无解 陆续 过保 电路 出手 容易 特别 数字 出现 很多 时间 已经 问题,0
不错 有没有 没有 东西 其实 必要 文章 说明 正好 销量,-1
耳机 一定 解码器 更好 耳放 平衡 推荐 条线 真假 这环,-1
强太多 大点 太多 功放 状态 震撼 耳房 功率 推力 推好 基本上 声音,1
打折 国外 经常,0
年头 分享 很少 听过 建议 帖子 论坛 一下 出来 毕竟 耳机,0
改回去 平衡,0
存在 明白 厉害 下来 苟活,1
成本 全是 太贵,-1
加油 继续 用过 调音 感觉 需要,0
顶一下,1
器材 使用 最好 才能,1
声音 电源 树莓 不好 普通 线性 派用,-1
听感 人声,0
交税 人要,0
声音 好听 素质 确实 普通 比差 铜环 半档,-1
纸包 不错,1
不错 照片 机子 评测 很漂亮 拍得 糟糕,1
家专 想着 推成 折腾 推低 特点 一体机 集成声卡 千元 电脑 往往 旗舰 耳放 喜欢 效果 适合 现在 其实 解码 不要,-1
不去 申请 试听 有钱 一下,0
爽摸 奈何 普及 挣钱 馒头 努力 做工 日本 精致 价格 只能 确实 起来 东西 没有,1
楼上,0
电源 其实 原装 充电 降噪 苹果 不算,-1
击败 专职 同价位 认为 声卡 一体机 素质,0
其实 现在 不好 价格便宜,-1
几个 感觉 能力 推好 平板 是不是 流行 有个 前端 变态,1
接挺 床头 回来 换个 平衡 舒服 流行 听感 味道 人声 现在 真的 不错,1
砍价 很久 淘宝 上市 一手 下去 估计,0
耳放 听说 完全 声场 没有,0
能排 阿婆 四大 阿波罗 颜值 旁边 专业 声卡 这款 差不多 音质 上来 价格 第一,-1
几首歌 前面 问题,0
不像 头戴 索尼 木有 木纹 颜色 木碗 区别 觉得,0
声音 耳朵 可能 已经 没有 设备 直接 解码 其实 自带 不差 确实 音质 当时 原线 情况 不同 差不多 表现 没什么 试过 一体机 好点 单晶 铜线 差别 笔记本 曾经 下线 线下 法线 御龙 推足 推饱 下换条 纯度,-1
实则 炫酷 看似 用不惯 人类 鸡肋 本地 长期 用会 更加 突然 改变 操作 用过 习惯 界面 非常 实在 烧友 知道,0
大家,0
声音 一定 线材 有点 发烧 高价 最好 原装 进口 质量 一套 普通 香港 音响 淘宝 古河 接插件 英国 镀金 电源插头 人民币 优质 每套 糊结 几十元,1
卧槽,0
耳机 还要 希望 已经 整理 感谢 有点 多年 厉害 收获 重要 发现 奥产 未来 愿意 手中 决定 这支 一天 梅花 房间 一人 逝世 交给 妻子 某一人,1
声音 知道 看看 消费者 比起 差距 森海 肯定 往往 重要 细微 这点 售后 白牙 品质,-1
解码 马兰士 看来,1
适合,0
支持 精神 不够 威望,1
差别 金耳朵 正规 合格 住宅 一双 夜深人静 心潮 平定 听出,-1
水印 金瓶梅 看到 第一次,0
耳机 胆放 不好,-1
试一下 日系 双修 相似 极为 弦乐 声底 一点 中频 拜亚 适合 味道 人声 意义 起来 看看 建议,1
强迫症 条线 受不了 听说,1
回复 当时 记得,1
男儿 当自强 林子祥,1
方便 三代 体积,1
问题 退货 前前后后,-1
买个 好点 电处,1
真实 经验 有用 楼主 非常,0
耳机 时间 平均 买买 噪音 半小时 下来 干什么 隔绝 真不知道 扣掉 坐车,-1
舍弃 意味 大多数 绝大多数 主力 提供 这条 据说 开启 加入 适配器 功放 阻抗 那台 动圈 以后 箱子 组合 合适 算是 平板 选择 一种 有点 老叶 搭配 耳机,1
差不多 其实,-1
声音 系统 感觉 那种 非常 耐听 味道 高频 素质 编制 箱子 柔顺 比差 高文 有点像 这套 属于 完美 驾驭 乌小 温婉,-1
最近 唯一 不好 系列 貌似 口碑 样子 有所 吸入式 片子 新一代 改观,-1
游戏吧 围观 买台 电脑 一下,0
需要 其实 高频 低频 地方 耳放 部分 楼主 阻抗 控制力 适配器 不满 毛病 多个 香炉 失控,1
不错 感觉 听过 他家 换线 太阳神 声价,1
两色款 没白 黑色 新派 黑白 电处,0
花块 我会 朋友 身边 推荐 安心 一套 听歌 需要 估计 耳机,1
喜感 莫名 看见 脚钉 插座 提高 音响 音质 线材,0
特别 干净 偏少 觉得 低频 弹性,1
耳机 现在 一只 好像 铁家 越来越少 女毒 价了,1
避潮 保护 记得 平时 箱子 非常 耳机 不错,1
耳机 做好 好声 解码 感觉 这种 最好 那种 基本 低阻 一点 用户 设计 一体机 阻耳放 体积 买来 完美 再配 推中 易出,1
知道 很多 东西 试听 一代 好文 可惜 以为 当年 吹出来,1
我会 推大乌 加点 关键,0
上市 一段时间 不是,0
真的 性价比 无敌,1
有钱 发烧 下次 退烧,-1
声音 总是 电源 最好 非常 玩得 算是 扎实 稳固,1
问题 已经 声场 有点 高频 两个 拜亚 低频 手头 纵向 最大 二是 假大空 一是 有代 许久 较差 总体而言 太假,-1
失真 解码 噪声,-1
不错 前级 我试,1
好不好 前段,-1
喜欢 模拟 黑胶 个机,1
不错 升级 看着 线软,1
慎入 低频 两个 有点 要求,0
鲜活,-1
谷津 推出 力度 声音,0
耳机 耳朵 不会 没用 好听 喜欢 再煲,-1
买到 欧在 全新,0
神算 洗脑 好点,1
金嗓子 系列 芯片 好像 调音 效果 水平 随便 看看,1
兰图 一档 自行 类比 原来 塞子 明显 提升 升级 比较 声音,0
音乐文件 用于 局域网 管理 家庭 不能 请问,0
问题 退货 前前后后,-1
升级 垃圾 必须 线才行,-1
出不去 降价 一体机 试试 合适 价格,1
省心 一两千 何必 价位 价格 全新 纠结 直接,0
主玩大耳 板块 大耳 自然 调音 相当 好听 不是 耳机 觉得,1
纠结 不要 可能,0
声音 价位 偏好,1
现在 设备,0
有点像,0
错乱 神志 围观,0
不错 不用 功能 里面 看看 电源 升级 前级 我用 非常 某宝 很多年 推荐 海淘 差不多 装备 绿坛 录线 大小 随身 接上 再次 新年 弄条,-1
等到 跳水 不错 左右,1
占楼 编辑,0
值块,1
知道 基本上 确实 国货 能否 手里 做工 日系 顶头 最差 正名 之耻 格叽格,-1
介绍 有人 系统,0
不是 假洋鬼子,-1
国产 质量 严重 不好 不值 心态 竟然 非要 块钱 慕洋 那块 比块 洋鞋,-1
觉得 烧友 大概 感觉 必要 听过 组合 旗舰 专门 多次 好过,-1
耳机 眼睛 适合 流行 国外 不好 说明 编号 国内 认为 销量 典型 偏食 看出 老百姓 雪亮,-1
全频 静电 箱子 试试,0
干净 擦擦 帮帮 脚底,1
跑不了 元件 电路 差别 不同 肯定 压缩 动态,-1
耳放 小不点 推低 国都 阻好,1
咸菜 当成 大件,-1
订购 好好 古河 差别 铜线 单晶 快到 对比 听感 一下,-1
便宜 耳朵 东西 之前 试试 不好 标准 不靠 试用,-1
换购 品牌 换个 风格 意义 感觉 现在,0
价位 肯定 折腾 无止境,-1
级低 胆前 不刺 氛围 低频 高频,0
价位 不好 同价位,-1
耳机 不服 出街 最强 画风 来辩,1
左右 二手 平衡 足够 一体机 弄个 卖掉 两千元,-1
底座 输出 买个 数字,0
更何况 一般般 不足以 这套 惊喜 单端 原来 平衡 合适 古典 流行 自然 确实 素质 适合 机器 设备 有没有,1
东西 真的 保修 剩年,1
不到 国内 貌似 代理 弄出来 骗钱 货官,-1
系统 目前 满意 折腾 咸菜 观念 恰恰,-1
呵呵 喜欢 一点 有过,-1
喜欢 歌德 毒文 留名 火钳,1
有四芯 代理 银彩 楼主 考虑,0
羡慕,1
塑封 没有,0
比较 没有 听说 两个 楼主 试试 四只 按过,1
好看 个人 算是 普通 口味 反而 配色 香槟色 太淡 太亚光,1
楼主 恭喜 干扰 免除 之忧,-1
专用机 细数 专长 不计其数 单以 远不如 说不定 品牌 倾向 说法 男声 女声 铁三角 毕竟 耳机 不错 存在,1
价格,0
莱曼 应该 不错,1
平衡 问题 里面 区别,0
二手 很大 考虑 感觉 买个 监听 随便 价格 开放式 差距 几百 一手 即可 舒尔 强烈建议 一两千 成名,-1
耳朵 玩玩 经常 当然 随便 差距 不在意 脑放 产物 附议 无可厚非,-1
不错 确实 推荐 开博尔,1
忠于 前端 耳机 声音,0
不说 外观 声音,0
赛尔 欧姆 下降 解释 为啥 旗舰 森海,0
牢骚 亏了 一出 一进 意思 上来 一下,1
神曲 突然 不香 看到 之前,0
深度 头疼 采样率,-1
真的 好听 买个 下个 双十 弦乐 女声 音染 第一个 杂食 过目不忘,-1
装备 意思 一定,0
够呛 这俩 非得 阻放 估计,0
高登,0
楼主,0
耳机 一般来说 出来 人声 低频 流行 不行 古典 万元 意思 高中 想象 差点 器乐 瞬态 兼顾 更贵,-1
大摇大摆 二手 放在,0
外边 物品 选再 好多 链接 这种 看看 进去 显示 便宜,1
安安 阿难 难道 不解 问题 不是 应该,0
比较 请问 差距,-1
好看 其实 好多年 叠叠,1
改进,0
常用,0
那可选 推有 耳房,0
定位 解码 素质 耳放 价格 一台 部分 便携 差异 大耳 相当于 超过 市场 差不多 推低 驱动 控制力 理想 曾经 阻大耳,-1
摄影 贴切 形容 做菜,-1
声音 知道 觉得 耳机 好听 低频 描述 索尼 有无 轰炸 累死 类似之处,-1
顶住 浮云 神马 降噪 环境 主要 噪声 音质 听听 效果 估计,1
耳朵 东西 二手 感觉 耳罩 本来 纠结 基本 确实 帮顶 只会 歌德 就算 到位 使劲 不必 办法 撑开 代替 核心 一换 荷尔蒙 声儿,-1
减慢 跌速 以内,0
楼主 解码,0
效果 旷世 差得远,-1
画质 电视机 绝大多数 滤波 明显 提升 比较 不错,1
引进 时间,0
声音 不错 佩戴 舒服,1
来说 简单 不行 限制 强大 调成,1
不至于 感觉 播放 性能 输出 折腾 分享 大神 文件 限制 下来 劣化 计算机 意味着 无可,-1
选择 听歌 方式 正常人,1
降噪 地铁 明显,0
有假 正价 行货 几率 不会 比较,-1
东西 好看,-1
完事 体验 实体店 一套 感觉 直接 里面 搭配,0
帅气,0
好听 明显 聚会 离歌 正气,1
寻找 玩法 看看 正在 有没有,0
未知,-1
图个 专业 必然 省钱 无非 代价 民用 麻烦事,-1
下岗 装箱 综合性 接比 非常明显 之后 正好 几年 一年 方面 舒服 两个 感觉 提升 直接 不是 佩戴 左右,1
电源线 好听 界面 耳放 发现 折腾 电位器 突然 内线 同轴线 线墙 差换,-1
圣何塞 森海塞尔 正确 翻译 原来 应该,0
好文 歌德 真正 爱好者,1
一点点 吵杂 低中 上万 压根 土豪 实体店 环境 展会 推荐 万元 只能 投入 最后 影响 不要 设备 试听 没有 不是 器材 耳机,0
痛苦 颈椎病,0
太香 必选 尴尬 基于 理由 推得 在于 情况 价格 没有,0
播放器 需求 调音 那种 以前,0
省省 感受一下 带来 样子 频响 显得 真正 森海 腔体 高频 解决 建议 问题 里面 根本 官方,0
耳机 器材 其实 算是 均衡 容易 不同 染色 差别 中正 走向 三款 三圈 重染 单薄,-1
觉得 玩意 科技 引领 地球,1
目前 好奇 森海 财务状况,1
最好 楼主 需主,1
不怎么 三代 高频 解决 知道,0
耳机 设备 高频 效果 低频 喜欢 改变 带来 减点 立竿见影 可控,1
无法 目测 玩家 多数 认真 抵抗 此文,1
品控 山寨 做工 外壳 耳放,1
某期 飞行员 声波 自播客 今年 据说 出来,0
挺肉 要百 凉快 天鹅绒 真皮 座椅 超跑 人造皮 罩子 下来 后期 缺点 材质 了解 原配 一套 意大利 更换 那种 很大 很多 估计 官方,-1
耳机 一下 比较 非常 明显 美的 差别 冷声 平时 凌厉 舞曲 音特 铁味 坚硬 电音会 爽快,-1
老陈醋 打翻 哈哈哈,1
耳机 不要 这种 听力 实践 噪音 相信 外部 真理 入耳式 损害 罪魁祸首 隔绝 屁话,-1
很大 差距 厚度 振膜,-1
摄影 贴切 形容 做菜,-1
正相反 高登 风格 建议,0
不耐 古典 人声,-1
起到 作用 互补 楼主 耳放 是不是 一定,0
两对 几下 剃须刀 滤网 刷子 曾经 搞好 碰到 塞子 情况 这种,1
马云买 懂行 贵点 麻烦 特别 起来 不会 问题 不是,-1
只能 说明 管子,-1
不错 感觉 棋子,1
接数播 偏亮 刮耳 包括 改善 录音 程度 齿音 低频 高频 很大 解码,1
得不偿失 完整性 试过 高度 耳放 最好 解码 声场,1
未知,1
知道 楼主 这毒 放得够 三频 均衡,1
来源 是否是 吸收 清瘦 以外 我刚 变化 主要 颜色 单元 确实 低频 耳罩 一代 二代 很大 很多 不知 应该 区别 声音,0
个把月 谈谈,0
前端 箱子 升级,0
性价比 旗舰 我选 最高,1
知道 觉得 比较 设备 请问 不够 了解 楼主 录音 专业 采样 歌曲 判断 廉价 混音 师调,-1
过得去 到位 原件 堆料 配对 阻容 线路 明白 的确 低端 没有 可能 不用 声音,1
便宜 觉得 起来 金乌,1
数据 觉得 测试 可能 很多 没用 简单 完全 厂家 很大 当然 意义 用来 自然 清楚 环境 指标 统一 频响 偏差 想想 理由 吹牛 脑子 不标 平坦 过半 标了,-1
很多 没有 下载 好多,1
高过 得分 旗舰机 钰龙 之前 入门 测试,0
有钱,0
不错 之前 模式 电流 这台,1
电源线 学习 信号线 折腾 避震 保险丝 柴大 挖掘潜力,-1
不能 好坏 确实 心里 改变 配件 笔账 各人 热心,1
宙斯 木壳 歌德,0
安安 就要 有个 目前 解码 可能,0
遠離 珍惜 生命,0
来回 没事 折腾 退烧 硬件 正常 升级 音乐 总是,-1
支持 试听 凡是 真金不怕火炼,1
搞不定 改进版 推出 发现 旗舰 后来 喜欢 两个 最好 厂家 简单 很多 一定 所谓 耳机 声音,1
音乐会 翻版 音乐厅 没人 唱片,0
虚地 解说 下移 经销商 失去 透明度 曾经 头戴 并联 设置 透彻 有力 画眉 歌德 整体 插上 低阻 听过 耳放 是不是 高敏 低频 降低 适合 本来 高频 四种 模式 感觉 反正 直接 没有 不太 一下 搭配 耳机 参数 声音,1
非常 价格 差不多 音染 一款 潘多拉 记得,-1
旁路 用于 斑波 选择 直接 建议 系统 比较,1
声音 不错 耳机 佩戴 有点 耳罩 水平 想法 评论 前一阵子 耳垂,1
再次 话题 顶起,1
只能,0
耳机 目前 穷人 轻量级 烦恼,-1
海拔 耳镜 玩意儿 助听器 宽松 地方 听感 空气 没有 功能 线材 应该,0
耳机 万元 一体机 分体 勉强 除掉 哪够,1
内衬 织布 刚出 用到 变成 保修 两边 寄过去 半年 金属 麻烦 出手 单元 的确 一只 之前 直接 耳朵 知道 声音,-1
耳机 不到 问题 最近 人声 乐器 味道 氛围 总体 结像 来看 实际 表现 染色 一年 录音 导致 方式 这是 认为 气息 器乐 半个 呈现 擅长 营造 错觉 发觉 纹理,1
不会 干扰 偏音 造成,-1
现在 低频 编制 耳放 古典 烘托 氛围 原线 很少 谷津 挺足,1
耳朵 线材 元素 设备 下去 仪器 解析 乐感 听感 素质 确实 是不是 难受 只会 串联 好比 才能 一段 不耐 轻松 信息 和谐 太高 毫无 惊艳 变强 挖掘 越多越 珍珠 越多要 做成 一串 项链 难度 大人 耐受力 使人 空有,-1
流行 适合,0
声音 不错 耳机 声场 感觉 意义 听感 素质 喜欢 差异 楼主 一点 极致 参考 漏音 差些 真实 晓得 我入 走向 夹头 纵深感,-1
老师 大作 恭喜,1
电容 电路 功放 运放 拆机 芯片 差评 解码,-1
音乐 非常 调理 分析 想必 欣赏 玩家,1
国产品牌 大部分 水平 细节 使用 大概 产品,0
方便 不要 发烧 真的 这种 身体 展会 去一趟 外省 费劲 太难,-1
用单 连接 端口 耳放用 平衡 耳放 喜欢 一代 感觉 好听 目前 解码 觉得 不错,1
纯放 上台 便携 部分 耳放 买个 解码 不了,0
比较 已经 版本 感谢 非常 明显 打算 手上 差不多 满意 经历 程度 折腾 差别 得出 结论 细腻 细心 真实可信 变化趋势 若干次,-1
买带 尽量 滤波 不要,0
不错 应该 用白丝,1
区别 解码 信息量 退烧 听不出来,-1
随便,0
测试数据 不算 冷声 显示,1
涨价,0
只谈 声音,0
耳机 说明 宽松 不耐 堆钱,-1
建议 升级 我用 请教 界面 差异 干脆 模块,-1
汽车音响 有过 牌子 以前 不错,1
知道 耳朵 问题 没有 完全 感觉 正常 调音 展会 前端 恶心 官配 上用,1
觉得 可能 意义 相对 总体 每个 参考 在于 频响 最准 一大群 认知 偏差 大得多 个体差异 人头 补偿曲线 很准 公差 最小,-1
四合院 经济基础 单反 胶片 数码单反 不值钱 北京 这套 土豪 主要 有人 设备,1
知道 喜欢 大家 以价论 法拉利,-1
變好 感覺,1
麻烦 遇到,-1
合适 风格,1
视听 行云 太阳神 走向 味儿 塞子 推荐 调音 类似 觉得,1
全开 输入 电平 好像 解码器 太低 可能,1
蜘蛛侠 楼小艾楼 骑士 湖中 感谢,0
不错 搭配 建议 二手 大概 买个 效果 合适 管子 两千多,-1
上半年 流行性 正确性 几翻 喷音染 补足 棒子 我会 价格比 台式 一副 随身 品牌 方向 大家 中频 严重 解析 非常 极其 这种 其实 系统 不是 知道,-1
直接 胆机 喜欢 退烧,-1
声音 觉得 耳机 一定 两个 压力 平板 差异 同样 巨大 平面 来自 奥帝,-1
杂音 充满 做出 闹哄哄 劲浪 银乌 谐波 纯净 副耳机 混浊 特点 一点 效果 正常 特别 非常 喇叭 感觉 接受 系统 总是 没法 耳机 失真 声音,-1
粉末 小得 捏成 精准 可怜 说法 分析 音箱 追求 结像 面前 声场 没有 应该 耳机 觉得,1
说香 五六千 国外,0
木碗 楼主 恭喜 以为 公布 喜提 皮碗,1
预算 继续 折腾 工作 努力 赚钱 乱花,-1
飞利浦 感兴趣 跳水 耳机,0
声音 不错 出来 版本 以前 国产 好听 其实 现在 低频 印象 三频 差不多 不少 一体机 稍微 改善 大多 入个 人云亦云 干什么 均匀 水润 烧们 旧版本,-1
心态 退烧,-1
首歌曲 歌曲 同一 不同 感受,0
不会 设备 接地 好事 地线 噪音 导致 共同 没地线 相连,-1
避免 控台 百米 音分 就近 要播 笔记本 舞台 信号 干扰 接入 音频 意义 应该,-1
声音 耳机 很多 空间 使用 听音 相对 获得 容易 音箱 满意 方面 调整 门槛 劝退 摆位,-1
很会,0
半圈 大白 不小 单端 平衡 歌德 档次 当然 声场,0
不是 阻抗 频率 参考值,1
系统 设备 性价比 价格 大耳 相当于 音箱 塞子 价值 十倍 大耳是 最具 同等,1
梯形 等腰 踏实 这台 楼主 用家 整体 相当 基本 感觉 解码 声音,0
带调 耳放要 点钟 人换 叫好 对讲机 几块钱 通吃 原厂 毫无 上个 偏音 电容 体积 控制力 电位器 还行 百老汇 依旧 差不多 平衡 一点 音量 好像 耳放 喜欢 压力 牌子 人声 那种 前级 解决 进去 建议 比较 不错 根本 左右,-1
一下 那种 可毒 没命,1
可怜,0
区别 耳朵 水电 火电 类似 听感 确实 道理 楼主 说明 退烧 听不出来 大多 木耳 体会 较大 温差 这比,-1
软糊 过欧 以下 明显 问题,0
一定 档次 没错 不好 说好 来准,-1
完全 没看,1
未知,1
烧友 牌子 恭喜 广州 有福,1
已经 买个 必要 不好 妹子 旅游,-1
用俩 黑胶 玩意 上面 懒得,0
看样子 太阳神,0
陷阱 特意 回去 低频 一下,0
发电厂 坐等,0
延保 服务 修过 一次 他家 耳放 二手,0
集成度 做得好 吸收 损失 外部 信号 供电 出好声 一体机 传输 电磁干扰 内部 减少 问题 毕竟,-1
干吗 吃掉 神奇 一大 中间 泛音 电流 功放 音箱 高频 已经 还要 电源线,0
不错 耳机 手机 比较 起来 不能 人声 对比 横向 高度 纵向 优点 简直 二房 重奏 声扬 略大,-1
顶帖 占楼,1
口碑 尝试 不去 古典 不错 周年,1
声音 觉得 不是 分辨 一半 来说 有点 个人 很大 其实 不能 一种 确实 结构 差异 肯定 工艺 差不多 玩表 几千 几十万 走时 精准度 表芯 镶嵌 外壳 体现 智慧 天价 线有 价值 方面 多数 不值 有钱人 不在意 跟表,-1
声音 出来 问题 研究 必要 风格 芯片 金嗓子 技术 最终 别管,-1
现在 音箱 隔音 房子 别用 很差 楼房,-1
皮筋 容易,0
耳朵 不错,1
意见 大家 有点 看来,0
很多 建议 找些 音乐 起来 最好 适合 喜欢 舒服 肯定 情况 身体 晚上 好好 一天 早上 心情 星期 放松 休息 烦躁 不适 越烦 精神饱满 星期六 第二天,-1
基本 讨论 文章 确定 毒文 问问 舒尔 奥利 几篇,-1
改名,0
发个 尺寸 大小 相对 厉害 对比 到底,1
大疆点,1
流媒体 足够 国外 发烧友,0
愈久铭香 品茶 听犹同 走来 留下 几天 一路 起来,0
差不多 同价位 无出,-1
次之 降噪 主要 关注 准备 出手 音质 功能,0
平铭 凸铭 早期 顺滑 通透 没有,0
区别 解码器 部分 电脑 设计 干扰 瞎折腾 受到 差会,-1
一句 不想 七天 理由 退货 听听看,-1
耳机 没用 经典 游戏 然鹅再 坏掉 夏普 沦为 显示器 插口,-1
左右 根本 不错 比较 建议 进去 解决 前级 那种 人声 牌子 压力 喜欢 耳放 好像 音量 一点 平衡 差不多 依旧 百老汇 还行 电位器 控制力 体积 电容 偏音 上个 毫无 原厂 通吃 几块钱 对讲机 叫好 人换 点钟 耳放要 带调,-1
我用 恭喜 哈哈哈 入坑,1
算了 退烧 机子 索尼 太贵,-1
声音 不错 方便 没有 感觉 原来 一对 蓝牙,-1
器材 搭配 音乐 喜欢 享受 算得 双重,1
可能 建议 没用 不要 音源 重要,-1
系统 搭配 知道,0
做好 很多 解码 厂家 耳放 花费 肯定 不少 一体机,1
尽然 恭喜,1
效果 比起 流行 古典 真是 耳機 原因 這兩 有過 最後出 因為 差口氣 留著 電影用,-1
推玄 电流 低阻 耳放 需要 铁三角 搭配 耳机,0
分立元件 超值 套装 耳放 的确,1
没有 不要 推好 千万 搞定 两回事 朋友 惊雷 推响 轻言,1
效果 比起 流行 古典 真是 耳機 原因 這兩 有過 最後出 因為 差口氣 留著 電影用,-1
折腾 精神可嘉,-1
应该 数字 关系 结构 搞不懂 材质 屏蔽 难道,1
磁力 磁铁 几百块 数量 成本 其实 比较 可能 应该,-1
学习,0
丑爆 注重 外形 机会 淘汰 慢慢 国产,0
除外 解码,0
看些 黑色 更好,1
漏音 耳罩 可能,0
不入流 蓝牙 降噪 舒服 音质 开放式 的确 东西 耳机,1
双三芯 真正 平衡 不是 耳机,0
确实 来讲 游戏 主机 超强,1
预算 准备 退烧 前端 投资,-1
失真 参数 不是 反正 实际 玩意 兴趣 造假,-1
差距 正常人 频响 木耳,-1
很圆 圆形 不算 位置 考虑 其实 影响 佩戴 声音,0
读取 歌曲 电脑 不能,0
烧友 原价 完全 正常 档次 价位 旗舰 玩家 土豪 复刻 相信 索尼 做工 宣传 这货 那万 万块 当回事 货颜值 十万八千里 当不起,-1
螺丝刀 换墙 一把 不能 简单,0
范围 器材 完全 目前 最后 研究 性价比 价格 印象 白金 单晶 材质 网上 古河 经验 调整 太贵 评测 几天 世界 万隆 单线 看上 备选 一翻,-1
折腾 嘿嘿,-1
严谨 大胆 老一代 浓郁 艺术 气息 大奥 调音,0
电源线 好听 界面 耳放 发现 折腾 电位器 突然 内线 同轴线 线墙 差换,-1
怨念 量产 做成 为啥,0
支持,1
鸽子 限量 白色 耳罩 不到,0
贴纸 黑色 一下,0
放心,1
不要 好听 开玩笑 女神,1
不想 折腾,-1
型号 很少 有人 森海 讨论,1
甩锅 修好 免费 过去 没要 过保 售后 联系 谷津 世纪 国内 格雷 当时 绝大部分 这种 其实 厂家 以前 有点 二手 少数 问题 应该 毕竟 知道,1
嗡嗡响 受不了 难受,-1
推推 播放器 不好,-1
区别 解码 信息量 退烧 听不出来,-1
模拟输出 二次 放大 没有 不是 耳机,0
可能 问题 需要 其实 低频 超级 唯一 试试 单端 百老汇 控制力 奶罩,-1
帮顶 感谢,1
能够 码率 超过 音质 组合 随便 目前 来说 比较 知道,1
最高 高频 解析 最好 里面 不是,1
推挺 耳放口 马兰士 机器,1
推发炸 太高 增益 未必 功放 设计 功率 问题 一定,0
达到 现在 感觉 耳罩 最后 研究 效果 一步 真正 接近 一年 找到 原厂 正路,-1
耳机,0
强家 穿透力 很糊 压制 处理 能量 极端 齿音 保持 厉害 大乌 地方 高频 不够 感觉 耳机,1
一记 曝光,0
比较 素质 相对 太差,-1
可能 不会 两个 平衡 线路 不同 单端 干扰 口转 炸倒,-1
界面,1
玩玩 考虑 胆机 漂亮 过年,1
不是 味道 胆机 追求 就要,1
一定 系统 设备 提升 本身 转盘 用来 不好 主要 声卡 台鸡 实体 并非,-1
假货 生产 一看 包邮解 君愁 罗马尼亚,-1
谢谢 完全 大家 重装 内置 一次 硬盘分区 删除,1
感觉 佩戴 不错,1
带音染 明显,-1
声音 觉得 耳机 浪费 不行 不好 底子 薄刺 乏味,-1
差结 还够用 平平 找个 粗糙 歌德 封闭 需求 纵深 流行 素质 听感 随便 好听 声场 没有,-1
帮顶 路过 两次,1
比较 升级 需要 其实 那种 听感 均衡 前端 才能 得到 温和 一脉相承 桀骜不驯,1
不是 简单 难听 原因 构造,-1
甲类 单端 平衡 肯定 胆机 不是,0
不要 好听 耳罩 越久越 再烂,1
弦乐 真的假,-1
投要 大约 才能,0
义和团 喷子 懂线 实实在在 强文 路上 烧友 已经,1
材料,0
说明 退烧 发帖 没真,-1
为啥,0
跳过 看见 万元 直接,0
柔柔的 重金属 胆机 适合 不太 估计,0
好大 差别 歌德 两个 耳罩 耳机,-1
声音 觉得 应该 比较 难以 很多 没有 音乐 完全 感受 感觉 非常 解析 听感 调音 尤其 经典 差距 赞同 巨大 来讲 接近 优势 刚刚 替代 售价 真实 感到 调教 后者 注定 好几年 仿佛 恰到好处 拿捏 融入 置身 时空 老练,-1
省心 看样子 国内,0
解码 考虑 难看 平板 耳放 足够,-1
最后 原线 太重 红色 几股,1
没有 目前 感觉 胆机 对比 价格 一点 不好 下来 凌厉 温润,-1
少话 观察 认真 品牌 麦克风 讲究 型号 应用 楼主 音频 论坛 搭配 耳机,0
音讯 抗干扰 输入 前端 有源 还原 音箱 平衡 耳放 监听,-1
难免 这是 降级 干冷 楼主 设备,0
歇歇 介意 高性价比 全线产品 看见 我试 毒文 平面 机会 旗舰 他家 试试 只能 性价比 真的 有点 东西 不会,1
失真 有点 意思 变化 曲线,-1
耳房 问题 可能 耳机,0
无源 音箱 系统,-1
既能 张嘴 认可 销量 证明,0
不错 古典,1
我瞎发 经销商 二手货 总司令 没要 退货 定制 收到 运费 到手 满意 差不多 老哥 垃圾 好像 耳放 直接 觉得,-1
耐用 机芯 飞利浦 考虑 二手,0
出新 精音 国内 产品 看来,0
之间 层次 发烧友 论坛 时间 很多 其实 理论 正常 实践 情况 或许 往往 状态 退烧 大家 价值 兴趣 怪异 经验 认识 沟通 烧油 朋友 发觉 评判 背后 阶段 见解 衡量 造成 固执己见 画风 掺和 假期 发此 有感而发 博闻多识 推己及人 增广 异闻 短浅 孤陋 擦枪 走火 引发出 闹剧 折射 所处 只以 标尺 更有甚者 贵贱 基准 鸡同鸭讲 处在 出世 话语,-1
吴彦祖 人事,1
跨度 有点 一下,0
估计 质量 劝退 居多,-1
折腾 退烧 恭喜 不用,-1
配机 毛糙 我试 原线 换成 明显 提升 声音,0
入会 降价 新旗舰,0
办法 推力 推好 需要,1
应该 官方,0
生命 享受 折腾 在于 更好,-1
喜欢 闲鱼 转手,-1
为主 风格 音乐 根本,0
觉得 耳机 味道 拜亚 更好 成本 喜欢 算是 同样 森海 价位 均衡 大师 准备 通透 德国 退烧 前端 大气 两千元 高于 同价位 同档次 越来越 品牌 理由 曾经 振膜 四平八稳 清新 我会 揭示 难得 乱说 森海饭 力好 三大 正比,-1
音乐 高频 听到 噪音 反而 比人能 灾难,-1
好软,1
用心 低端 耳机,1
作坊 敢于 尝试 属于 试试看 楼主 级别,-1
二一 三七 热衷于 国人 最强 本末倒置 播放器 必须 代表 发现 是从 平衡 似乎 素质 最好 现在 其实 真的 起来 声音,1
百老汇 帮顶 用家,1
直至 长大 痛苦 快乐 过程 找到 经历 慢慢 这种,0
赶紧 更新 耳放,0
耳机 难看 确实 严重 颜值 拉低 翠绿,-1
威士顿 变成 音特美,1
低阻 关键 耳机,0
声音 其实 味道 放大 原线 全部 平衡,-1
一下 支持 新手 来说 参考,1
彻底 看来,1
声音 建议 不会 没有 解码 我用 买个 适合 以内 素质 差不多 楼上 划算 够用 流畅 短板 不堪 感到 双休 唱机 多休,-1
东西 好听 发布 推挺,1
之间 区别 不是 无法 可能 问题 没有 设备 这种 明显 两个 听不出 隔离 音频 地线 平衡 主要 表现 端的 单端 干扰 匹配 输出 属于 更加 插座 频率 固定 音频接口 冷热 香蕉 共地 弱电 环节 市电上 零线 相互 静噪 消除 引入 烦人 天气 潮湿,-1
耳机 空间 明显 折腾 争议 优缺点,-1
舍不得 只用 超高 性价比 现在 一条,0
声音 不错 耳机 问题 那种 确实 平板 价格 属于 没问 大开,1
以前 现在 感觉 不能 地方 头发 头顶 短发 压掉,1
多点 还行 一代 二代 现在 问题 应该 觉得,0
出来 机器 难听 好比 日本 差别 早期 说话 钢琴 雅马哈 演奏 真人 上个世纪 弹得 语音,-1
耳机 上台 实力 发挥 才能,1
区别 之前 厂家 音源 代理 问过,1
从耳放 前面 齿音 发现 入手 容易 刺激 东西 解决,0
结项 二次元 录音 重要 氛围 流行 素质 解析 声场 没有 觉得,0
确实 拓品 品牌 侮辱,-1
必要 电脑 干扰 体积 多一些 有数 多余 比数 播够,-1
不少台 台山 先捡 亲测 凑合 好听,1
大耳收 记得 好像 左右,1
确定 流行 真的,1
飞秒 微机 前端 果断 界面 听歌,0
老乡 湖北 支持,1
来教 戳穿 谎言 准备 大佬 听音 很快,1
转盘,0
可能 明显 风格 高级,1
主义 花掉 行不行,0
耳机 好听 人声,1
更好 确实 大师 德国 楼上 揭示,1
便宜 太大 不好 电压 划算 未必 运费 太重 二是 保修 一是 逃三是 再就是,-1
凹下去 凸起来 祖传 频响 加上 整个 难听 低频 拜亚 高频 估计 不知 声音,-1
高潮迭起 日子 老兄 羡慕 总是,1
上来 以后 烧鸡 开机 几分钟 胆管 猴急,-1
双木,1
换马甲 说金 宣传 方式 平面 是不是 到底,0
好听 古典 足够 平时 台机 看片 巴索 听用,1
应该 直接 解码 机器 耳放 大部分 搞个 流口水 数模转换 高档 好了吗,1
未知,-1
只能,0
未知,0
气势 为啥 铁三角,0
声音 音乐 使用 现在 喜欢 第一 森海 安心 通透 入手 欣赏 差不多 大气 折腾 找到 至今 双修 传说 只大耳 轻盈 堂皇,-1
选无源 无源 音乐味 有源 音箱 只能 更好 选择 起来 建议 系统 入门 不错,1
确定 东西 耳机,0
声音 数据 不是 方便 不至于 界面 音质 差不多 楼上 驱动 处理 劣化 侧重点,-1
转接 匹配 阻抗,0
贪小便宜 带保 尽量 全新 级别,0
屁话 隔绝 罪魁祸首 损害 入耳式 真理 外部 相信 噪音 实践 听力 这种 不要 耳机,-1
便宜 有钱 玩意,1
知道 觉得 线材 问题 没有 电源 能力 大部分 容易 情况 不同 至少 参考 电处 折腾 降噪 正经 没用过 频率 标注 抓瞎,-1
好看 以前 后来 想法 有过 送人 打消 六百多,-1
电源线 插头 国标,1
性价比 现在 二手 里面 不错,1
十个 好图 一张 毒文,1
问题 耳机,0
截止 本月底 本次 活动,0
过有 过分 相同 修饰 办法 改进 一点点 控制 对比 特别 高频 感觉 现在 试听 解决 问题 声音,0
小时 左右,0
古怪 好耳放 香榭丽舍 最强 同价位 画眉 耳放 调音 听说 解码 问题 应该,1
东西,1
支持,1
接收器 接收 蓝牙 信号 即可 耳塞 手机,0
重新 插拔 偏音 试试 音量 正常 一下,0
不错 器材 楼主 品位 音响 架子,1
意大利 品牌 耳放仿,-1
线材 建议 起来 感觉 人声 高频 自带 对比 尤其 手上 分析 宽松 发现 银彩 背景 密度 音染 有种 慵懒,-1
羡慕,1
安卓是 苹果 传输 音质 更好,1
高登 搞个 蓝宝石 基本,0
好看,1
这一 二次元 桌子,0
新潮 老古董 设计 喜欢 这种,1
功放,0
八千 黑龙 浮动 双修 音箱 新版 效果 考虑 真的 解码 大概 二手 耳机 不错 左右,1
放心 没有 问题,0
不明 二手 个人 质量 推荐 卖家 谨慎 责任 鱼上 时常 货源 参差不齐 不负 大耳君,-1
德国 极致 流行 考虑 直接 手机 耳机,0
关键 值得 肯定 折腾 这点,-1
耳机 说明 宽松 不耐 堆钱,-1
一档 品控 说实话 不敢 平板 选择 感觉 很多 一定 声音,0
不是 建议 来说 当然 适合 理论 减少 楼主 追求 出手 玩家 参考 折腾 经验 新鲜感 差钱 适用 结合 风险 大幅 进进出出 贬值 吃螃蟹 巨额 友人 决策,-1
电缆 要根 国家电网 直接,0
梅花 奥产非 出个,0
重启 插口 换个 试试,0
讯号线 平级 同价位 耳机线 变化 强于 考虑 升级 线材,1
竟然 平衡 后面 上面,1
请教 大佬 原线 恭喜 变化 顺便 玩具 头版 农夫,1
柏谱 冷门 测评 网上 非常 不到 耳机,0
强横 国产 高端,1
出好声 折腾 代价 不低 鸡肋,-1
文件夹 跳出 逻辑 是因为 设置 算法 本身 问题,1
方便 不要 发烧 真的 这种 身体 展会 去一趟 外省 费劲 太难,-1
系统 感谢 音乐 大概 有意思 分享 推送 苹果 网易 流程 讨教,1
复杂 必须 低频 声场 觉得,1
声音 便宜 出来 比较 不太 不会 解码 感觉 不能 这种 投入 转盘 更好 大于 一体机 合理 几千 折腾 过得去 网播 集成 外接 投比 会花,-1
低于 一般般 歌德 二手 耳机,0
应该 搭配 一下 论坛 帖子 比较 很多 搜索 几个 最近 推力 对比 好像 评价 印象 一体机 画眉 普遍 评论 稍差 大半年,-1
资瓷 先顶,1
不错 非常 人声 印象 高素质 害怕,1
表示 看不懂 谢谢 英文字母,1
毕竟 声场 完全 素质 编制 通透 属于 差些 搞好 为准 持平 以大,-1
坐等,0
特点 有意思 喜欢,1
报到 人士 中老年 古典 现在 之前,0
声音 不错 耳机 声场 感觉 意义 听感 素质 喜欢 差异 楼主 一点 极致 参考 漏音 差些 真实 晓得 我入 走向 夹头 纵深感,-1
便携 相当 不错,1
成名 一两千 强烈建议 舒尔 即可 一手 几百 差距 开放式 价格 随便 监听 买个 感觉 考虑 很大 二手,-1
应该 一下 速度 很多 不太 动态 有点 国产 感觉 那种 耳罩 解析 两个 不差 低频 对比 封闭式 相对 舒服 一点 分离 差不多 优势 略微 貌似 木耳 夹头 海绵 日产 要轻 掏出,-1
换线 听说,0
恭喜 烧友,1
定律 背锅 听响 万元 不行 设备 耳机,0
声音 觉得 耳塞 朋友 品味 安利 过声,1
种草 成功,1
耳机 产品 希望 可能 比较 已经 高价 不能 以上 牌子 一只 基本 下个 消费 森海 封闭 类型 塞子 旗舰 市场 专业 一千多 主流 抓紧 太贵 舞台 不怎么 认真 纽曼 四千多 受欢迎 学业 荒废 重拾 旧日 风光 挂羊头卖狗肉 返听 五千 人群 算计 录音棚 耗材 几百块 烧包,-1
单一 造型 难看 功能,-1
习惯 保养 容易 相比 说得过去 总体 国货 平庸 品位 审美 诚恳 特色 一段时间 玩过 帮顶 差距 相对 态度 真是 高级 见到 耳罩 感觉 现在 其实 使用 呵呵 不会 器材 声音,-1
失真 接受 需要 其实 用来 听过 摇滚 赞同 楼主 歌德 肯定 想法 男声 音染 认为 甜甜的 说法 或者说 最难 满满的 厅堂,-1
机箱 放下 画眉,0
耳机 耳朵 好不好 音源 放大器 多久 决定,-1
耳机 帖子 现在 低阻 市面上 好多年 去年 摩擦 高阻 库存 不用说,1
工业品 油画 梵高 艺术 丝毫 价值 使用 没有,1
不错 器材 近期 非常 确实 听过 工作 评测 两台 出个 闲下来,1
耳机 应该 级别 一下 可能 时间 很多 几个 不会 基本上 声场 不了 现在 二代 随便 一只 三个 满意 稍微 优势 手里 控制力 会出 大声 出掉 黑色 搞好 犹豫 首选 欧姆 二奶 全出 觉着 胜出 差不离 万号 除掉 只留 留个 选线,-1
懒人 折腾 不爱 推党,-1
声音 不错 舒服 干净 比榭兰图 戴久 耳挂,-1
搭边 跟糊 凝聚 低频 不是,0
声音 佩戴 试听 最好 调音 三代 高能 预警,1
噪音 分钟 粉红,-1
排上 斑波 本人 变化 器材,0
舍不得 凑合着 推大乌 换掉 不好 路过 耳放 现在 目前,-1
区别 出来 几个 需要 反正 现在 感觉 以上 耳放 暂时 厉害 音量 打开 电脑 试过 没试 笔记本 加耳放,1
泪流满面 老外 张图 正常 戴上 不是 耳机,0
和量 完胜 奥帝兹粉 判断 特性 决定 评论 经验 略微 体验 动圈 拥有 单元 平板 低频 下潜 感受 有点 需要 版本 一定 耳朵 区别 耳机,-1
未知,0
未知,0
之间 发烧友 论坛 解决 厂家 用户 程度 最大 和谐 脑放 产生 痛点 命运 本贴 目的旨在 化解 恩怨 产品质量 激活 共建 构建 共同体,1
比较 国外 盗版 容易 低调 严听 偷偷 高调 盯上,1
问题 东西 质量 从不 退货 包邮 顺丰 确认 发货 买家 售出,-1
新年好,1
财源滚滚,1
好听 低频 低级 受欢迎 可不 家常菜 下里巴人,-1
静谧 小品 独奏 清楚 封闭式 音量 尤其 感觉 比较,0
不错 觉得 耳机 就行了 那种 不好 煲机 真得 录制 歌剧 整点 白噪 粉噪 整坏,-1
觉得 定位 不是 很多 解析 结像 清晰 清楚 塞子 立体 带来 拉近 不语 拉大 表象 比大耳好,-1
专有 庞大 数据库 最强 操控 协议 信息 传输 没法 不用,1
东西 坏淫,-1
声音 不知 估计 高频 拜亚 低频 难听 整个 加上 频响 祖传 凸起来 凹下去,-1
樱花 太重 口味 有点 建议,0
漂亮,1
不是 非常 素质 调音 总体 差一点 全方位 很值,-1
线材 感受 原装 耳罩 全部 差不多 前端 投资 闲钱,-1
听过 垃圾 白金 战斗机,-1
耳塞 不错,1
毕竟 不同 开放 强点 用途 很菜,-1
根本 可能 版本 没有 更好 验证 提到 对比 所有 一句 音频 音质 以后 更新 说法 办法 优化 核心 来回 特地 依据,1
加个 惊喜 随身 耳放会,1
牛年 越来越 大家,1
厉害,1
基本常识 关后,0
读取 装在 第一个 文件 略微 一点点 方案 估计 比较 觉得 存在 声音,1
庆华说 看何 过用 大约 损失 单端 平衡 价格 结构 机器 之前,0
咸菜 赚钱,-1
眼球 想着 现在 存在,0
区别 不用 出来 考虑 不能 听得出来 听不出 几百 试一试 几千 专业 高芬 一根 大牌 不急,-1
东西 不能 山寨 邓丽君,1
随意 第一,0
平衡 古典音乐 电平 流行,0
不错 不是 声场 当然 类似 非常 人声 选择 喜欢 宽松 密度 音染 口味 开放 包裹 室内乐 浓厚 感强 高密度 机而,-1
音乐 实在 好听 当然 胆机 准确 还原 视听,1
想象力 贫穷 限制,0
不错 阶段 离不开,1
更强 澎湃 动力 认为 换个 镀银 平衡 好像 感觉 提升 很多 应该 之间,1
感有 差别 蓝水 水蓝,-1
挺不错 视频 不当,1
两脚 感应电 电源插头 自带 没有 应该,0
看看 解码 价位 芯片 差不多 一体机 评测 新出 后者,-1
直流电 阻抗 应该,0
仅供参考 上周 下推 一家 流行 交响 好听 不错,1
路过 帮顶,1
声音 应该 一定 一下 可能 很多 不明 插排 机器 关系 最好 国标 以上 正常 基本 后来 情况 以为 电压 引起 折腾 突然 旷世 尝试 原因 滤波 几天 共振 劣化 新买 跟上 接插 公牛 开盖 牛叫 听不见 各人 细线 仅供参考 换线线 越细 越小 有盖 无盖,-1
声音 耳机 器材 不知 帖子 可能 没有 声场 铁三角 完全 机器 其实 现在 感觉 这种 非常 明显 听感 自然 不行 横向 组合 水准 讨论 远远 大于 平衡 力度 很少 关注 综合 没什么 金属 退烧 端的 单端 推低 驱动 正确 分享 当年 认为 纵向 更加 坛子 差一点 低估 绝配 特性 传播 也许 拉长 阻塞 毕业 推欧 规整 推是 仍然 结项 远古 极好 子有 噪且 发糊 钢丝 马马虎虎 蛋鸡 小圈子 急功近利 压扁 凸显,-1
优字 嫉妒 羡慕 去掉 标题,1
上服 灵车 天天 有人,0
版本 请问 以前 国行 变成 字体 四方 顶部 一行,1
线别 笔记本 电池 供电 试试,0
侵略性 大碗 好些 歌德 解析 很大 声场 声音,1
过键 秒钟 广告页面 空白 几秒钟 启动 画面 本身 显示 测试,0
睡着 老婆 舒服 很快,1
配个 毛病 重点 小乌 耳罩,0
真金不怕火炼 凡是 试听 支持,1
新款 羡慕 帮顶 耳罩,1
动画片 各块 带劲 儿子 两台 电脑 特别 现在 分别 不错,1
已经 时间 方便 安定 加个 感受 类似 慢慢 界面 确实 音质 时代 折腾 资源 一体 串流 乐趣 内容 才子 保障 到来 核桥 浩瀚 回要,-1
推好 不好 不太好 听欧,-1
声音 不错 方便 非常 一体机,1
难免会 成是 相关 适配 转换 电路 输出 灵敏度 阻抗 线路 情况 类型 大部分 推不开 好像 出现 理解 耳机,1
只用 耳放,0
速度 力量感 差强 柔顺,-1
同意,0
便宜 不是 接受 那种 素质 调音 大家 差点 还行 缺点 出厂,-1
反正 目前 感觉 用来 这放 平衡 再贵 没用过,-1
不好 之前,-1
应该 搭配 一下 论坛 帖子 比较 很多 搜索 几个 最近 推力 对比 好像 评价 印象 一体机 画眉 普遍 评论 稍差 大半年,-1
用心 楼主,1
力士 耳放 听感 感觉 我用 解码,1
不住 出不来 低频 听感 高频 可能,0
耳机 预算 二手 实在 当然 更好 耳房 得换 麻烦 推荐 超过 能少点,-1
已经 系统 解码 放到 现在 推好 真正 草医 高文 折腾 湖人 沐声 三年 两套 惊雷 好几年 北极星 到头 玉龙 多套 活活 再到 改玩大,-1
权利 愤怒 唠叨 到代 两句 腰斩 更加 定制 认为 兴趣 定价 不值 至少 商家 入手 没见 用户 路过 看到 价格 一代 感觉 现在 当然 厂家 直接 升级 来说 耳机 知道 声音,1
声音 耳机 建议 买个 喇叭 纠结 老板 单元 新版 差异 很多年 说不定 使用寿命 寿终正寝,-1
见分晓 抬升 拉亮 说来说去 预测 小于 共振 更加 加上 外壳 封闭 低频 高频 其实 声场 可能 失真,-1
觉得 耳机 有没有 没有 试听 音乐 发烧 好听 好不好 基本 必要 喜欢 地方 听到 不好 退烧 反复 没救 先量 量体温 缓解 痛苦 会加 日后 发作,-1
声音 比较 目前 考虑 二代 拜亚 素质 喜欢 古典 低阻 三代 评价 差异 极致 中性 推算,-1
两个 不行 容易 不好 输出 通电 烧掉,-1
上锡 剥皮 改法 重新 焊锡 新线 做线 正规 过于 一起 未必 找到 剪掉 差不多 垃圾 基本 原装 影响 不会 可能,-1
定义 直接 不了 见到 推动 宣传 之外 骗子 国家 量子 科技 卖东西 黑个 通信 虚假,-1
耳机 搭配 线材 提升 高频 前端 齿音 周边 量感,-1
产品 几个 元素 直接 真的 特别 保留 外观 上来 垃圾 用户 设计 体验 材料 材质 讲究 剩下 限量版 独立 好好 限量 年代 或多或少 服务 致敬 量产 弄点 挖坑,-1
简单 解码 感觉 后面 耳放 好点 数播 折腾 换个,-1
觉得 层次 几个 提升 高频 试试 不好 力度 不贵 清晰度 之声 贵族 曙光 台阶,-1
麻烦 遇到,-1
配文青线,0
耳机 应该 定位 可能 一半 没用 预算 发烧 适合 直连 楼主 电脑 游戏 蓝牙 奥帝兹 最求 钱够,-1
耳朵 试听 国产 厂家 牌子 理由 退货 出头 优秀 新兴 大力支持,-1
楼主 国产 点赞 屏蔽,1
研读 愉悦感 封存 华士 不开声 八年 高外 活生感 如同 读用 影碟机 突发奇想 到来 感触 感同身受 上周 小朋友 如痴如醉 新一代 原本 蓝光 激动 口接 音响系统 不停 小型 温润 更上一层楼 接耳放 高清 解析度 两天 享受 一无是处 赶紧 几天 带来 反而 同轴 索尼 好久 打包 传递 运放 输出 几年 一体机 那台 试过 以为 描述 缺乏 芯片 楼主 耳塞 差距 音频 整体 纵深 耳放 水平 听感 转盘 两个 明显 对应 音场 感觉 真的 低端 解码 数字 直接 音乐 没有 论坛 事情 出来,-1
固件 不让 难道 最新 下载,0
真快 楼主,0
没用 感觉 想起 原来 解释 缩水 饮料,-1
好不好 前段,-1
区别 一定 买个 效果 舒服 电脑 差不多 有质,-1
不错 解码 解析 高频 尤其 部分 延伸,1
保险丝 避震 老哥 试试,0
搬家 想想 后悔 上次 现在 有点 直接,0
此文 抵抗 认真 多数 玩家 目测 无法,1
证明 需要 时间,0
现今 仿制 直到 遇见 甜美 朋友 不失 原版 大气 发挥 实力 满意 丰富 全部 中频 一套 价格 基本 人声 喇叭 不能 感觉 现在 细节 完全 系统 不是 搭配 不错 知道,-1
不错 觉得 手机 问题 二手 有点 个人 一只 确实 流行 尤其 刚入 木纹 做工 顶头 观看 看运气,1
免息 价格 不错,1
佩戴 喜欢 压头,-1
耳机 一定 对比 价位 试试 原来 平面 余地 下来 竞争,1
围观 学习 一下,0
磁极 台机 上个 认为 好点 试一试 音色 音源 没有 不错,1
山寨 国内 加工 耳塞 单元 进口 国产 可能 出来,0
声音 耳机 毕竟 搭配 二手 考虑 感觉 听说 两个 条件 平衡 玩意 说实话 方向 收个 小尾巴 有底 和暖 咯薄亮 厚风 魅族 高一,-1
肯定 很差 舒适性,-1
资产 公司 管理,0
音乐,0
耳挂 当个 前些天 锦艺 随身 蓝牙 好多年 收到 行货 手里 接口 本来 一条,1
有点 难看,-1
佩戴 那种 舒服 重量 更大 更重 劝退 反倒,-1
不错,1
很多 原装 安卓线,1
飞傲 推过 变化 塞子 明显 那种 没有,0
无比 万年 换管 口水 试试 楼主,0
前排 第一次,0
贵不贵 踏实 负责 口碑 重视 安心 一点 质量 选择 消费者 厂家 起来 问题 一定 应该 觉得,0
一言难尽 美的 国内 商家 真的 理解,-1
混出来 入脑 贴着 干声 直录 距离感 魔音 后期 方向 话筒 所谓,0
不好 无脑 推上,-1
听到 一只,0
乌用 顶级 手里 不好 试试 三代 耳放 音源 人声 很大 提升 升级 一下 耳机,-1
定位 明显 高级 更加,1
盒装 买不到 后期 担心 这种 现在 高价 不用,0
和谐 颜色,0
直接 考虑 值得 自我感觉 一年 实际上 更新 太贵 当成 终身 纯粹 管理软件 值不值得,-1
别沉,0
玩法 折腾 真是 耳机,-1
中划 歌单 比例 挑选 因素 控制力 等于 前端 不好 类型 便携 交响 解析 推力 解码 不了 不要 一定 做到 耳机,-1
坑太深 调味 冤枉钱 发现 不少 容易 真的 便宜,1
宽松 大气 本质,1
不到 不会 当然 差不多 搞定 滤波 模块 接好 头尾,-1
一目了然 生动 形象 概括 高度 楼主,1
咬牙 一两年 低迷 穷学生 无缘 冲一波 彻底 行情 后能 看着 楼主 本来 帖子 出来 耳机 觉得,-1
不错 机器 音源 播放 准备 刻录,1
围观,0
说法 木头 木碗,0
建议 直接 秒杀 一套 所有 环境 退烧 真正 降噪 宿舍,-1
报废 拆开 关键 耳机,0
不少 闲鱼 说实话 好几个 卖出去 看见,-1
生命不息 玩具 折腾 不止 恭喜,-1
建议 直接 秒杀 一套 所有 环境 退烧 真正 降噪 宿舍,-1
收藏品 算了吧 不是,0
一定 档次 没错 不好 说好 来准,-1
版本 不想 深太黑,-1
失真 可能 比较 建议 没有 前级 使用 明显 解码器 耳放 连接 就行,-1
不错 一下 解码 推力 低频 耳放 质感 档次 真是 万元 超过 很少 分离 旗舰 一两个 加点 旷世 同档次 推出 层次感 加强 必买,-1
产品 功能 没有 难听 隔壁 专业 能出 合格 嗡嗡声,-1
高阻 会大 高增益 理论 不用 耳机 失真,-1
觉得 已经 声场 解析 试试 复杂,1
不会 类似 针脚 取代 协议 越来越少 始终认为 板间 非板间 串口 并口,1
确实 耳机,1
转接头,0
舍得 磕怕 四五天 一周 天天 一次 三五天 千元 旗舰 现在 以前 懒得 出来 好看,1
不错 觉得 编制 金属 互补 听大,1
费力 加进去 档会 厂商 反映 性能 讨好 很少 万元 这种 大概 没法 失真,-1
现成 懒人 适合 这种 不是 人能,0
洗洗 脑补 健康 我会 为啥,0
接超 发虚 爱丽丝 充分 线性 驱动 饱满 上台 手持 楼主 木碗 明显 感觉 提升 手机 级别 应该 声音,0
钱存 起来,0
价位,0
大吉 新年快乐,1
声音 耳朵 比较 不能 好坏 敏感 人耳 新版 容易 情况 变化 改变 差别 细微 老版 适应 变差 定论 先入为主 捕捉 感性 抗拒,-1
勉强 塞子 一段时间 效果 不是 没法,1
早垮 没点 达斯 试试 东西,0
震一震会 眼镜 拿到 仪器 不会 里面,1
来个 太贵 好价 晶彩 现在,-1
声音 有没有 不是 已经 参照 提升 考虑 不好 通透 规律 表现 随身听 灵敏度 潜力 就算 技术 变成 不满 下降 代价 换购 改良 逃脱 磁体 通透性,-1
应该 之前 文章 来看 没用过 看过 枪文 略胜一筹,-1
叠叠 好多年,1
太难 费劲 外省 去一趟 展会 身体 这种 真的 发烧 不要 方便,-1
支持 算是 京东 年初 事业,1
爱丽丝 像是 通透 歌德 低频 人声 觉得,0
侮辱 品牌 拓品 确实,-1
不闷糊 恰到好处 锐利 亮度 刚刚 齿音 控制 还好 高频,1
出光 万号 全部 一代 最好 最近 之前,1
声音 耳朵 可能 已经 没有 设备 直接 解码 其实 自带 不差 确实 音质 当时 原线 情况 不同 差不多 表现 没什么 试过 一体机 好点 单晶 铜线 差别 笔记本 曾经 下线 线下 法线 御龙 推足 推饱 下换条 纯度,-1
顶一下,1
文字 一点,1
隔音 向来 比森海强,1
帖子 看不懂 呵呵 厉害,-1
不是 没用 一家,-1
声音 耳机 所谓 建议 以上 拜亚 低频 喜欢 质感 摇滚 中频 追求 无论是 主要 金属 极端 弹性 直白 有过 狂人 残死 两万 已出 空虚 通杀,-1
不错 没有 感觉 古典,1
效果 比起 流行 古典 真是 耳機 原因 這兩 有過 最後出 因為 差口氣 留著 電影用,-1
套路 比拼 蓝牙 好像 解码器 以上 起来,1
低频 记得 不多 轰炸机,-1
扭线 双股 以往 连接处 接触不良 避免 导致 设计 歌德 容易 外观 单元 难看 不会,-1
君愁 包邮解,0
未知,0
屏保 休眠 原因 设置 方面 电源,0
松动 按钮 高阻 没试 到位 做工 耳放 非常,0
华为 路由器,0
还贵 整个 市场 现在 可能 耳机,0
耳机 更为 买个 耳罩 他家 实际 粗糙 换个 反而 耐用 娇贵,-1
太多 能量 不耐 刺耳 以下 容易 大部分 刺激 先天 高频 味道 估计 看来 声音,-1
图片 好毒,1
揭示 录音 一段 前端 足够 情况 耳放 音源 适合 人声 真的,1
今年 看到,0
口气 偏薄亮 用口 双修 增益 滤波 越来越 设置 以下 高音 横向 低音 很爽 耳机 声音,-1
试听,1
失真 有点 意思 变化 曲线,-1
楼主 可闻 底噪 请问,0
可能 几个 不要 打脸 推好 见到 只能 耳放 不好 市面上 露面 说欧 欧能 算能,-1
新版,0
声音 不错 方便 没有 感觉 原来 一对 蓝牙,-1
占楼,0
左右 明显 值得 低频 差距 相差 大惊小怪 原始数据,-1
大钱 一笔 好几千 超级 大耳 那会 巨款 中学 上学 耳放 觉得,1
选择 听歌 方式 正常人,1
看来 现在 两个 操作 中间 瑞尔 选泰 落后,1
当年,0
耳朵 分辨 里面 东西 看看 不行 对比 塞子 中介 正品 打假 有厂 真是假 发给,-1
老烧 退烧 机子 拿来 小白 入烧 狙初,-1
觉得 区别 可能 设备 实在 感觉 一段时间 后来 分离 不少 折腾 木耳 朋友 曾经 电子 运放托 秋月 全换,-1
器材 最好 打包 发货,1
仔细听 情节 再切 有股 甜味 淡淡的 头版 好友 不想 回来 森海 手上 尤其 确实 特别 长时间 一代 人声 现在 反正 有点 东西 系统 佩戴 觉得,1
问题 人声 用来 听点 小篇制,1
只买个 梦幻 钻石 晶彩 系列 有个 目前 建议,0
颜值 限量版 太高,1
现在 听歌 耳放 安心 后来 关注 入手 两年 刚入 到处 找耳放 阴差阳错 自我感觉 良好 从此 不再,-1
声场 真的 腔体 不行 封闭式 垃圾 结像 勉强 振膜 金乌 挣回点 惨兮兮,-1
声音 知道 设备 升级 厂家 最后 调音 喜欢 居然 至少 年前 还算 中规中矩 听来听去 骗钱 怪声 规规矩矩 新花样 变着法 子来,-1
起点,0
模拟输出 重复 商家 音源 解码器 解码 谢谢 不会 回复,0
趕頭 雙爪 動作 已經 一個,0
到手,0
没有 一波 垃圾 一点 平衡 差别 理由 乌托邦 劲浪 涨价 厂子 进取心 加条,-1
未知,1
何庆华 期待,0
厉害,1
进来 看看,0
野牛 平头 试试,1
阿明 哥真牛,1
圈铁 革命 结合 恶声 万元 他家 试试 氛围 完全 之前 铁三角 不会 耳机 知道,1
铁三角 低端 最近 低频 调音 全新 新版 开放式 封闭式 咸鱼 推荐 宽松 齿音 索尼 库存 无线 有线 强得 多纯 别买成,1
干嘛 别人,0
便宜 国产 很大 我用 音质 差别 不信,-1
基础 实惠 后悔 好听 不会,1
觉得 耳朵 音乐 声场 低端 解析 比起 平板 编制 音色 差距 不太多 主要 顺滑 男人家 不小 加成 柔美 巴洛克 细听,-1
价位 只能 素质 对应 感觉,0
功能 自带 不差 耳放 平衡 切换 连接 增益 线电 相对来说 核心 次要,-1
撒点 战略 国外 慢慢 现在 应该,0
轻量化 妥协 技术 材质 官网 重量 质量 选择 资料 声音,0
耳机 不是 实在 差距 原线 线有 纯银 铜线 太渣,-1
太木 听举 力士 感觉 耳朵 区别,0
具体 低配 配比 强高 苹果 有用 硬件 听得出来 一代,1
文件 分享,0
区别 感觉 配置 差不多 同轴 三宝,-1
